event_id,station_id,Mw,Rrup_km,depth_used_km,Ts_s,source_type,x_conditioned_km,y_conditioned_km,texture_hdf5,texture_usable_3c,mass_checks_pass
1985-09-19,CDAO,8.1,310.0,3.54,3.62,INTERPLATE,-4.773923161236589,-3.452639911025188,texture_library::/records/1985-09-19__CDAO__6360f64760,True,True
1985-09-19,CU,8.0,300.0,8.15,0.5,INTERPLATE,-3.026095079642862,-1.8074289816621616,texture_library::/records/1985-09-19__CU__908f2e2ec2,True,True
1985-09-19,SCT,8.1,306.0,3.54,2.0,INTERPLATE,-11.199874642581618,-2.247066864820264,texture_library::/records/1985-09-19__SCT__20bc2f1d44,True,True
1985-09-19,SXVI,8.1,302.0,3.54,0.53,INTERPLATE,-6.634449481187644,-2.8824813368909066,texture_library::/records/1985-09-19__SXVI__23c8260d66,True,True
1985-09-19,TCYA,8.1,302.0,3.54,0.5,INTERPLATE,-5.2077931555998775,-0.3933502679433401,texture_library::/records/1985-09-19__TCYA__8ed5023f1d,True,True
1985-09-21,CDAO,7.6,328.0,5.29,3.7,INTERPLATE,-4.773923161236589,-3.452639911025188,texture_library::/records/1985-09-21__CDAO__af89906fdf,True,True
1985-09-21,TCYA,7.6,321.0,5.29,0.5,INTERPLATE,-5.2077931555998775,-0.3933502679433401,texture_library::/records/1985-09-21__TCYA__e0dcedddaa,True,True
1989-04-25,AL01,6.9,302.0,16.26,2.09,INTERPLATE,-11.156026832138114,2.277244921776636,texture_library::/records/1989-04-25__AL01__c299d57242,True,True
1989-04-25,AP68,6.9,296.0,16.26,3.37,INTERPLATE,-6.48994833833018,-3.1426686516660745,texture_library::/records/1989-04-25__AP68__64ec55ee64,True,True
1989-04-25,AU11,6.9,298.0,16.26,4.64,INTERPLATE,-4.942720163422353,-2.216871261233944,texture_library::/records/1989-04-25__AU11__0256a78def,True,True
1989-04-25,AU46,6.9,296.0,16.26,0.86,INTERPLATE,-11.6989549245909,-2.8976009917300627,texture_library::/records/1989-04-25__AU46__ccc7d5028a,True,True
1989-04-25,BA49,6.9,299.0,16.26,3.1,INTERPLATE,-11.144455130345154,-0.4774397679326444,texture_library::/records/1989-04-25__BA49__f82155ae06,True,True
1989-04-25,BL45,6.9,301.0,16.26,2.69,INTERPLATE,-11.437438133946015,1.1097493681196569,texture_library::/records/1989-04-25__BL45__202033c8e7,True,True
1989-04-25,BO39,6.9,306.0,16.26,2.71,INTERPLATE,-6.310372707056011,4.730908133615803,texture_library::/records/1989-04-25__BO39__8242ce09c9,True,True
1989-04-25,CA59,6.9,301.0,16.26,3.16,INTERPLATE,-7.599722755237303,1.09413172385167,texture_library::/records/1989-04-25__CA59__72c801a274,True,True
1989-04-25,CDAO,6.9,295.0,16.26,3.37,INTERPLATE,-4.773923161236589,-3.452639911025188,texture_library::/records/1989-04-25__CDAO__20e5d2ed08,True,True
1989-04-25,CE23,6.9,306.0,16.26,4.94,INTERPLATE,-2.539406475663445,4.238898939306335,texture_library::/records/1989-04-25__CE23__1867e972ad,True,True
1989-04-25,CE32,6.9,298.0,16.26,4.36,INTERPLATE,-1.6327928005164691,-2.459562475685759,texture_library::/records/1989-04-25__CE32__de2b19fffe,True,True
1989-04-25,CH84,6.9,291.0,16.26,1.41,INTERPLATE,-7.669258544160606,-7.504894374702158,texture_library::/records/1989-04-25__CH84__e84713e30b,True,True
1989-04-25,CI05,6.9,300.0,16.26,2.09,INTERPLATE,-12.303858143386044,0.4461727890889203,texture_library::/records/1989-04-25__CI05__9e6dcfb30c,True,True
1989-04-25,CJ03,6.9,299.0,16.26,2.11,INTERPLATE,-11.904110130763494,-0.4592020548362713,texture_library::/records/1989-04-25__CJ03__d5dc761706,True,True
1989-04-25,CO47,6.9,295.0,16.26,0.54,INTERPLATE,-7.241988053388553,-2.440439916583077,texture_library::/records/1989-04-25__CO47__a1a24f7253,True,True
1989-04-25,CO56,6.9,300.0,16.26,2.39,INTERPLATE,-12.105675723846463,0.7658252962689792,texture_library::/records/1989-04-25__CO56__a142b2dd3c,True,True
1989-04-25,CP28,6.9,303.0,16.26,0.5,INTERPLATE,-1.3233287542997667,0.6825766347070873,texture_library::/records/1989-04-25__CP28__fc9c0adc9d,True,True
1989-04-25,DM12,6.9,302.0,16.26,3.97,INTERPLATE,-4.320086169971887,1.2092563126591631,texture_library::/records/1989-04-25__DM12__97758f649c,True,True
1989-04-25,DR16,6.9,309.0,16.26,0.58,INTERPLATE,-10.25950806684527,6.284400376655689,texture_library::/records/1989-04-25__DR16__8bb51d6a9f,True,True
1989-04-25,DX37,6.9,291.0,16.26,1.08,INTERPLATE,-7.297037496662612,-5.766511267606151,texture_library::/records/1989-04-25__DX37__51726a9349,True,True
1989-04-25,EO30,6.9,297.0,16.26,0.56,INTERPLATE,-8.029003990064243,-1.5079716474886389,texture_library::/records/1989-04-25__EO30__4ed5b4941d,True,True
1989-04-25,ES57,6.9,298.0,16.26,0.9,INTERPLATE,-11.88819859350711,-1.0938346145351523,texture_library::/records/1989-04-25__ES57__53dac9e2bc,True,True
1989-04-25,GA62,6.9,302.0,16.26,2.11,INTERPLATE,-10.518056646800485,2.5618526126045533,texture_library::/records/1989-04-25__GA62__85914450d7,True,True
1989-04-25,GR27,6.9,306.0,16.26,0.77,INTERPLATE,-13.081555759766507,5.718929426635629,texture_library::/records/1989-04-25__GR27__8d016c8f96,True,True
1989-04-25,HA41,6.9,301.0,16.26,4.73,INTERPLATE,-3.612155505999437,0.2919190843224407,texture_library::/records/1989-04-25__HA41__a9a20da4bc,True,True
1989-04-25,HJ72,6.9,301.0,16.26,2.75,INTERPLATE,-9.270842463601245,1.066837836219367,texture_library::/records/1989-04-25__HJ72__be91105047,True,True
1989-04-25,IB22,6.9,292.0,16.26,1.44,INTERPLATE,-8.120337755396482,-6.196155164196903,texture_library::/records/1989-04-25__IB22__924ae936db,True,True
1989-04-25,JA43,6.9,299.0,16.26,3.23,INTERPLATE,-8.989972475521332,-0.992057377595244,texture_library::/records/1989-04-25__JA43__0bba0740d8,True,True
1989-04-25,JC54,6.9,289.0,16.26,1.12,INTERPLATE,-7.667584125915052,-8.817121123973203,texture_library::/records/1989-04-25__JC54__620abe8b18,True,True
1989-04-25,LI33,6.9,290.0,16.26,2.6,INTERPLATE,5.290780852650168,-8.520587419315513,texture_library::/records/1989-04-25__LI33__72df0b9a45,True,True
1989-04-25,LI58,6.9,301.0,16.26,2.28,INTERPLATE,-12.034031311580833,1.1861165288501083,texture_library::/records/1989-04-25__LI58__73c4b98800,True,True
1989-04-25,LV17,6.9,309.0,16.26,2.01,INTERPLATE,-7.406190282112827,6.522901189721059,texture_library::/records/1989-04-25__LV17__ad257558f7,True,True
1989-04-25,MI15,6.9,285.0,16.26,1.42,INTERPLATE,-6.65072568330044,-10.12302596216156,texture_library::/records/1989-04-25__MI15__08deb6d716,True,True
1989-04-25,MY19,6.9,293.0,16.26,2.77,INTERPLATE,-0.656939082311478,-5.279426916641438,texture_library::/records/1989-04-25__MY19__b4c5e51a74,True,True
1989-04-25,NZ20,6.9,300.0,16.26,4.74,INTERPLATE,2.954662778624839,-1.0588036317243277,texture_library::/records/1989-04-25__NZ20__a5b4e5d785,True,True
1989-04-25,NZ31,6.9,301.0,16.26,5.26,INTERPLATE,0.8442841630076854,0.2398467891916391,texture_library::/records/1989-04-25__NZ31__d1515ece42,True,True
1989-04-25,PA34,6.9,277.0,16.26,0.5,INTERPLATE,-0.0687622271217211,-1.0244392356750762,texture_library::/records/1989-04-25__PA34__fba2df130d,True,True
1989-04-25,PD42,6.9,299.0,16.26,4.41,INTERPLATE,-6.060233462927013,-0.8268638163806582,texture_library::/records/1989-04-25__PD42__dc66929992,True,True
1989-04-25,PE10,6.9,297.0,16.26,2.34,INTERPLATE,-9.756741447823346,-2.5731805672738832,texture_library::/records/1989-04-25__PE10__96b11e2aa0,True,True
1989-04-25,RM48,6.9,302.0,16.26,2.96,INTERPLATE,-8.905299035844624,2.1453935003901523,texture_library::/records/1989-04-25__RM48__cc92188346,True,True
1989-04-25,SCT,6.9,297.0,16.26,2.09,INTERPLATE,-11.199874658713313,-2.2470668680568178,texture_library::/records/1989-04-25__SCT__5245996d1e,True,True
1989-04-25,SI53,6.9,295.0,16.26,1.44,INTERPLATE,-11.1157985295943,-4.059922642824254,texture_library::/records/1989-04-25__SI53__d0b7a8abfe,True,True
1989-04-25,SP51,6.9,295.0,16.26,2.22,INTERPLATE,-7.229936835223699,-4.350154435415506,texture_library::/records/1989-04-25__SP51__329f3a65d1,True,True
1989-04-25,TCYA,6.9,298.0,16.26,0.5,INTERPLATE,-5.2077931555998775,-0.3933502679433401,texture_library::/records/1989-04-25__TCYA__221856d68a,True,True
1989-04-25,TH35,6.9,286.0,16.26,5.79,INTERPLATE,3.0170663931486006,-12.669528139148472,texture_library::/records/1989-04-25__TH35__2874c088cd,True,True
1989-04-25,TL08,6.9,304.0,16.26,2.26,INTERPLATE,-9.780386590855658,3.65945303154607,texture_library::/records/1989-04-25__TL08__2d36d6b245,True,True
1989-04-25,TL55,6.9,302.0,16.26,2.07,INTERPLATE,-10.903959848173995,2.266475559193993,texture_library::/records/1989-04-25__TL55__c24d3e9487,True,True
1989-04-25,TP13,6.9,286.0,16.26,0.5,INTERPLATE,-1.892240519572618,-1.781782359044362,texture_library::/records/1989-04-25__TP13__07cf45b8a4,True,True
1989-04-25,UC44,6.9,302.0,16.26,1.37,INTERPLATE,-12.47538750109843,1.9585504472736288,texture_library::/records/1989-04-25__UC44__73f73680be,True,True
1989-04-25,VG09,6.9,304.0,16.26,2.71,INTERPLATE,-8.35563567465523,3.908313852270018,texture_library::/records/1989-04-25__VG09__3ac4e16a4f,True,True
1989-04-25,VM29,6.9,296.0,16.26,3.0,INTERPLATE,-8.677059120743532,-3.3693052267554378,texture_library::/records/1989-04-25__VM29__ecd5449a0e,True,True
1989-04-25,XP06,6.9,300.0,16.26,2.88,INTERPLATE,-9.984000917057369,0.571256125914591,texture_library::/records/1989-04-25__XP06__3213620d32,True,True
1990-05-31,AL01,6.1,312.0,15.11,2.0,INTERPLATE,-11.156026816069575,2.277244918496616,texture_library::/records/1990-05-31__AL01__fc10be6b1f,True,True
1990-05-31,AU11,6.1,312.0,15.11,4.36,INTERPLATE,-4.942720163422353,-2.216871261233944,texture_library::/records/1990-05-31__AU11__b360b32d76,True,True
1990-05-31,BA49,6.1,310.0,15.11,2.85,INTERPLATE,-11.14445513034489,-0.4774397679326331,texture_library::/records/1990-05-31__BA49__f71c7ef539,True,True
1990-05-31,BL45,6.1,311.0,15.11,2.94,INTERPLATE,-11.437438133948314,1.1097493681198798,texture_library::/records/1990-05-31__BL45__4385fe961b,True,True
1990-05-31,BO39,6.1,317.0,15.11,2.88,INTERPLATE,-6.3103727070569136,4.73090813361648,texture_library::/records/1990-05-31__BO39__76cc5b606b,True,True
1990-05-31,CA59,6.1,313.0,15.11,3.1,INTERPLATE,-7.599722755237298,1.0941317238516697,texture_library::/records/1990-05-31__CA59__dc98316550,True,True
1990-05-31,CDAO,6.1,309.0,15.11,3.13,INTERPLATE,-4.773923161236587,-3.452639911025185,texture_library::/records/1990-05-31__CDAO__03b23442eb,True,True
1990-05-31,CE32,6.1,313.0,15.11,4.36,INTERPLATE,-1.6327928005164691,-2.459562475685759,texture_library::/records/1990-05-31__CE32__0368901077,True,True
1990-05-31,CH84,6.1,304.0,15.11,1.39,INTERPLATE,-7.669245941236643,-7.504882041878509,texture_library::/records/1990-05-31__CH84__5631b6a425,True,True
1990-05-31,CI05,6.1,309.0,15.11,2.0,INTERPLATE,-12.30385812566423,0.446172788446277,texture_library::/records/1990-05-31__CI05__b127738e6a,True,True
1990-05-31,CJ03,6.1,309.0,15.11,1.85,INTERPLATE,-11.904109955124474,-0.4592020480609812,texture_library::/records/1990-05-31__CJ03__ad03486502,True,True
1990-05-31,DR16,6.1,316.0,15.11,0.58,INTERPLATE,-10.25950806684527,6.284400376655689,texture_library::/records/1990-05-31__DR16__6f259dc332,True,True
1990-05-31,DX37,6.1,303.0,15.11,1.05,INTERPLATE,-7.295466666447767,-5.765269913133525,texture_library::/records/1990-05-31__DX37__61536d2144,True,True
1990-05-31,ES57,6.1,307.0,15.11,0.83,INTERPLATE,-11.800712858965271,-1.0857850413414338,texture_library::/records/1990-05-31__ES57__580448eb77,True,True
1990-05-31,GA62,6.1,313.0,15.11,2.05,INTERPLATE,-10.51805664067122,2.561852611111666,texture_library::/records/1990-05-31__GA62__db0c3ca179,True,True
1990-05-31,HA41,6.1,315.0,15.11,4.69,INTERPLATE,-3.612155505999437,0.2919190843224407,texture_library::/records/1990-05-31__HA41__e0db49f288,True,True
1990-05-31,IB22,6.1,305.0,15.11,1.44,INTERPLATE,-8.120337755396482,-6.196155164196903,texture_library::/records/1990-05-31__IB22__61bec7b272,True,True
1990-05-31,JA43,6.1,311.0,15.11,3.07,INTERPLATE,-8.989972475521322,-0.9920573775952428,texture_library::/records/1990-05-31__JA43__715892dbcd,True,True
1990-05-31,JC54,6.1,302.0,15.11,1.15,INTERPLATE,-7.66823352037655,-8.81786787673525,texture_library::/records/1990-05-31__JC54__c30e436808,True,True
1990-05-31,LI33,6.1,319.0,15.11,2.88,INTERPLATE,5.290780852653739,-8.520587419321263,texture_library::/records/1990-05-31__LI33__f22626b173,True,True
1990-05-31,MI15,6.1,300.0,15.11,1.35,INTERPLATE,-6.650677391195422,-10.1229524570651,texture_library::/records/1990-05-31__MI15__34bc72d75f,True,True
1990-05-31,SI53,6.1,307.0,15.11,1.39,INTERPLATE,-11.115760557321586,-4.059908773871035,texture_library::/records/1990-05-31__SI53__e520456b95,True,True
1990-05-31,SP51,6.1,308.0,15.11,2.22,INTERPLATE,-7.229936835223699,-4.350154435415506,texture_library::/records/1990-05-31__SP51__0c166eea94,True,True
1990-05-31,TL08,6.1,314.0,15.11,2.2,INTERPLATE,-9.78038659008433,3.659453031257468,texture_library::/records/1990-05-31__TL08__5f4651f290,True,True
1990-05-31,TL55,6.1,312.0,15.11,1.92,INTERPLATE,-10.903959791707637,2.2664755474570075,texture_library::/records/1990-05-31__TL55__30ddf03739,True,True
1990-05-31,VG09,6.1,315.0,15.11,2.55,INTERPLATE,-8.35563567464531,3.9083138522653775,texture_library::/records/1990-05-31__VG09__1dd57b733a,True,True
1990-05-31,VM29,6.1,308.0,15.11,2.88,INTERPLATE,-8.677059120743419,-3.369305226755394,texture_library::/records/1990-05-31__VM29__a03cfe09a9,True,True
1990-05-31,XO36,6.1,300.0,15.11,3.51,INTERPLATE,-5.427249742393739,-12.063297886068256,texture_library::/records/1990-05-31__XO36__f801c779c3,True,True
1993-05-15,AO24,5.9,324.0,35.38,1.07,INTERPLATE,-10.443937745135369,-5.181891116925765,texture_library::/records/1993-05-15__AO24__8c2e05db9f,True,True
1993-05-15,CDAO,5.9,325.0,35.38,3.33,INTERPLATE,-4.773923161236589,-3.452639911025188,texture_library::/records/1993-05-15__CDAO__706b1d6052,True,True
1993-05-15,CE32,5.9,326.0,35.38,4.23,INTERPLATE,-1.6327928005164691,-2.459562475685759,texture_library::/records/1993-05-15__CE32__b3eb8a85a4,True,True
1993-05-15,CH84,5.9,321.0,35.38,1.37,INTERPLATE,-7.669229486856276,-7.504865940141171,texture_library::/records/1993-05-15__CH84__eaabb068ca,True,True
1993-05-15,CJ03,5.9,330.0,35.38,1.94,INTERPLATE,-11.90411008181751,-0.4592020529481758,texture_library::/records/1993-05-15__CJ03__68c852d7fb,True,True
1993-05-15,DM12,5.9,332.0,35.38,3.73,INTERPLATE,-4.320086169971887,1.2092563126591631,texture_library::/records/1993-05-15__DM12__9a36746fb2,True,True
1993-05-15,ES57,5.9,330.0,35.38,0.81,INTERPLATE,-11.757134891991294,-1.0817754272411748,texture_library::/records/1993-05-15__ES57__1251e886a8,True,True
1993-05-15,GR27,5.9,338.0,35.38,0.77,INTERPLATE,-13.081555759766507,5.718929426635629,texture_library::/records/1993-05-15__GR27__00c224ab7f,True,True
1993-05-15,HA41,5.9,330.0,35.38,4.59,INTERPLATE,-3.612155505999437,0.2919190843224407,texture_library::/records/1993-05-15__HA41__8f6c6a9465,True,True
1993-05-15,JC54,5.9,319.0,35.38,1.16,INTERPLATE,-7.668398356269701,-8.81805742510037,texture_library::/records/1993-05-15__JC54__1ac1bc103a,True,True
1993-05-15,MI15,5.9,316.0,35.38,1.27,INTERPLATE,-6.650525722442926,-10.122721603051229,texture_library::/records/1993-05-15__MI15__70005ad67a,True,True
1993-05-15,MY19,5.9,322.0,35.38,2.71,INTERPLATE,-0.6569390823114205,-5.279426916640976,texture_library::/records/1993-05-15__MY19__d4d826442e,True,True
1993-05-15,NZ31,5.9,329.0,35.38,5.26,INTERPLATE,0.8442841630076854,0.2398467891916391,texture_library::/records/1993-05-15__NZ31__64e710984d,True,True
1993-05-15,SI53,5.9,326.0,35.38,1.4,INTERPLATE,-11.115770298602914,-4.059912331766451,texture_library::/records/1993-05-15__SI53__85a91df454,True,True
1993-05-15,TL55,5.9,337.0,35.38,2.0,INTERPLATE,-10.90395983453724,2.266475556359484,texture_library::/records/1993-05-15__TL55__e24df4954c,True,True
1993-05-15,TP13,5.9,322.0,35.38,0.5,INTERPLATE,-1.892240519572618,-1.781782359044362,texture_library::/records/1993-05-15__TP13__9e7fc45d39,True,True
1994-05-23,AL01,6.2,226.0,44.44,1.98,INSLAB,-11.156026809042402,2.2772449170621805,texture_library::/records/1994-05-23__AL01__369e6c85f0,True,True
1994-05-23,AU11,6.2,227.0,44.44,4.32,INSLAB,-4.942720163422353,-2.216871261233944,texture_library::/records/1994-05-23__AU11__f55129be11,True,True
1994-05-23,AU46,6.2,221.0,44.44,0.86,INSLAB,-11.6989549245909,-2.8976009917300627,texture_library::/records/1994-05-23__AU46__03a6f1b078,True,True
1994-05-23,BA49,6.2,224.0,44.44,2.62,INSLAB,-11.144455130339262,-0.477439767932392,texture_library::/records/1994-05-23__BA49__881fb240e0,True,True
1994-05-23,BL45,6.2,225.0,44.44,2.52,INSLAB,-11.43743813392542,1.1097493681176585,texture_library::/records/1994-05-23__BL45__30172c5f86,True,True
1994-05-23,BO39,6.2,231.0,44.44,2.6,INSLAB,-6.310372707052654,4.730908133613286,texture_library::/records/1994-05-23__BO39__02fff5315f,True,True
1994-05-23,CA59,6.2,227.0,44.44,2.97,INSLAB,-7.599722755237268,1.094131723851665,texture_library::/records/1994-05-23__CA59__6d72319ea7,True,True
1994-05-23,CDAO,6.2,225.0,44.44,3.03,INSLAB,-4.773923161236579,-3.45263991102518,texture_library::/records/1994-05-23__CDAO__151b236cf8,True,True
1994-05-23,CI05,6.2,224.0,44.44,2.0,INSLAB,-12.30385812566423,0.446172788446277,texture_library::/records/1994-05-23__CI05__50911a0cb6,True,True
1994-05-23,CO56,6.2,224.0,44.44,2.29,INSLAB,-12.10567572346192,0.7658252962446525,texture_library::/records/1994-05-23__CO56__28897365a9,True,True
1994-05-23,CU,6.2,209.0,43.89,0.5,INSLAB,-3.026095079642862,-1.8074289816621616,texture_library::/records/1994-05-23__CU__01df13d22f,True,True
1994-05-23,DM12,6.2,229.0,44.44,3.55,INSLAB,-4.320086169971887,1.2092563126591631,texture_library::/records/1994-05-23__DM12__7d451462e7,True,True
1994-05-23,DR16,6.2,229.0,44.44,0.58,INSLAB,-10.25950806684527,6.284400376655689,texture_library::/records/1994-05-23__DR16__8f37f4d165,True,True
1994-05-23,ES57,6.2,221.0,44.44,0.86,INSLAB,-11.848087459030811,-1.090143984119337,texture_library::/records/1994-05-23__ES57__5763895b0f,True,True
1994-05-23,GR27,6.2,227.0,44.44,0.76,INSLAB,-13.032117759208322,5.697316367655612,texture_library::/records/1994-05-23__GR27__fad7b17f5b,True,True
1994-05-23,HA41,6.2,230.0,44.44,4.64,INSLAB,-3.612155505999437,0.2919190843224407,texture_library::/records/1994-05-23__HA41__b5256699fa,True,True
1994-05-23,HJ72,6.2,227.0,44.44,2.55,INSLAB,-9.270842463589624,1.0668378362180295,texture_library::/records/1994-05-23__HJ72__50bb052d2e,True,True
1994-05-23,JC54,6.2,218.0,44.44,1.13,INSLAB,-7.667829993122186,-8.81740385200202,texture_library::/records/1994-05-23__JC54__e1c76036b4,True,True
1994-05-23,LV17,6.2,232.0,44.44,1.98,INSLAB,-7.406190275542157,6.522901183934031,texture_library::/records/1994-05-23__LV17__eedc3d2e36,True,True
1994-05-23,MI15,6.2,216.0,44.44,1.42,INSLAB,-6.65072568330044,-10.12302596216156,texture_library::/records/1994-05-23__MI15__2a6fb44f0b,True,True
1994-05-23,MY19,6.2,227.0,44.44,2.68,INSLAB,-0.6569390823113689,-5.279426916640561,texture_library::/records/1994-05-23__MY19__1a79045c1d,True,True
1994-05-23,NZ31,6.2,233.0,44.44,5.15,INSLAB,0.8442841630076854,0.2398467891916391,texture_library::/records/1994-05-23__NZ31__394a7c3f9b,True,True
1994-05-23,PA34,6.2,216.0,44.44,0.5,INSLAB,-0.0687622271217211,-1.0244392356750762,texture_library::/records/1994-05-23__PA34__b44e0c6fcb,True,True
1994-05-23,SI53,6.2,221.0,44.44,1.42,INSLAB,-11.115786285072849,-4.05991817064803,texture_library::/records/1994-05-23__SI53__2d78ed4a48,True,True
1994-05-23,SP51,6.2,223.0,44.44,2.09,INSLAB,-7.229936831528374,-4.35015443319208,texture_library::/records/1994-05-23__SP51__7888d7efc4,True,True
1994-05-23,TCYA,6.2,220.0,44.44,0.5,INSLAB,-5.2077931555998775,-0.3933502679433401,texture_library::/records/1994-05-23__TCYA__5ca5bcc90b,True,True
1994-05-23,TL08,6.2,228.0,44.44,1.98,INSLAB,-9.7803865651655,3.6594530219337775,texture_library::/records/1994-05-23__TL08__19fb66b799,True,True
1994-05-23,TL55,6.2,226.0,44.44,1.98,INSLAB,-10.903959827668846,2.2664755549318327,texture_library::/records/1994-05-23__TL55__4cc00935bd,True,True
1994-05-23,TP13,6.2,213.0,44.44,0.5,INSLAB,-1.892240519572618,-1.781782359044362,texture_library::/records/1994-05-23__TP13__4f378b1f05,True,True
1994-05-23,VG09,6.2,229.0,44.44,2.42,INSLAB,-8.355635674592877,3.9083138522408527,texture_library::/records/1994-05-23__VG09__2f35f0c4bf,True,True
1994-05-23,VM29,6.2,223.0,44.44,2.65,INSLAB,-8.67705912074048,-3.3693052267542525,texture_library::/records/1994-05-23__VM29__fe42fb97b8,True,True
1994-05-23,XO36,6.2,217.0,44.44,3.43,INSLAB,-5.427249742393739,-12.063297886068256,texture_library::/records/1994-05-23__XO36__8b90e410e9,True,True
1994-12-10,AO24,6.4,297.0,45.78,1.04,INSLAB,-10.441369050797334,-5.180616626910871,texture_library::/records/1994-12-10__AO24__15ee0a4265,True,True
1994-12-10,AU11,6.4,305.0,45.78,4.23,INSLAB,-4.942720163422353,-2.216871261233944,texture_library::/records/1994-12-10__AU11__77b2f598b8,True,True
1994-12-10,AU46,6.4,297.0,45.78,0.83,INSLAB,-11.652176631245776,-2.886014928696059,texture_library::/records/1994-12-10__AU46__a21b41825b,True,True
1994-12-10,BA49,6.4,301.0,45.78,2.76,INSLAB,-11.14445513034425,-0.4774397679326057,texture_library::/records/1994-12-10__BA49__dddc3dffcc,True,True
1994-12-10,BL45,6.4,301.0,45.78,2.37,INSLAB,-11.437438133778604,1.1097493681034132,texture_library::/records/1994-12-10__BL45__5456eadeb2,True,True
1994-12-10,BO39,6.4,307.0,45.78,2.85,INSLAB,-6.310372707056862,4.730908133616441,texture_library::/records/1994-12-10__BO39__8c5f5f21f2,True,True
1994-12-10,CA59,6.4,304.0,45.78,3.0,INSLAB,-7.59972275523728,1.0941317238516668,texture_library::/records/1994-12-10__CA59__33d148cee7,True,True
1994-12-10,CDAO,6.4,303.0,45.78,3.0,INSLAB,-4.773923161236573,-3.452639911025176,texture_library::/records/1994-12-10__CDAO__d727ecf1df,True,True
1994-12-10,CE23,6.4,311.0,45.78,4.74,INSLAB,-2.539406475663445,4.238898939306335,texture_library::/records/1994-12-10__CE23__cabd051dc1,True,True
1994-12-10,CJ03,6.4,300.0,45.78,1.85,INSLAB,-11.904109955124474,-0.4592020480609812,texture_library::/records/1994-12-10__CJ03__864ce0e26e,True,True
1994-12-10,CJ04,6.4,300.0,45.78,1.85,INSLAB,-11.904109955124474,-0.4592020480609812,texture_library::/records/1994-12-10__CJ04__746135956f,True,True
1994-12-10,CO47,6.4,296.0,45.78,0.56,INSLAB,-7.928133123072267,-2.6716603776330383,texture_library::/records/1994-12-10__CO47__30277f292b,True,True
1994-12-10,CU,6.4,300.0,42.81,0.5,INSLAB,-3.026095079642862,-1.8074289816621616,texture_library::/records/1994-12-10__CU__345f8ae58c,True,True
1994-12-10,DR16,6.4,303.0,45.78,0.58,INSLAB,-10.25950806684527,6.284400376655689,texture_library::/records/1994-12-10__DR16__987cafd825,True,True
1994-12-10,ES57,6.4,297.0,45.78,0.82,INSLAB,-11.780334193991571,-1.0839099978711453,texture_library::/records/1994-12-10__ES57__d23301cb8d,True,True
1994-12-10,GA62,6.4,303.0,45.78,2.16,INSLAB,-10.51805664923402,2.5618526131972827,texture_library::/records/1994-12-10__GA62__ac6a5bfd03,True,True
1994-12-10,GR27,6.4,301.0,45.78,0.77,INSLAB,-13.081555759766507,5.718929426635629,texture_library::/records/1994-12-10__GR27__e67839ab63,True,True
1994-12-10,HA41,6.4,307.0,45.78,4.56,INSLAB,-3.612155505999437,0.2919190843224407,texture_library::/records/1994-12-10__HA41__744a4299ce,True,True
1994-12-10,HJ72,6.4,303.0,45.78,2.74,INSLAB,-9.270842463601118,1.0668378362193522,texture_library::/records/1994-12-10__HJ72__25108fd294,True,True
1994-12-10,JA43,6.4,302.0,45.78,2.97,INSLAB,-8.98997247552129,-0.9920573775952394,texture_library::/records/1994-12-10__JA43__3d60bd9c8f,True,True
1994-12-10,JC54,6.4,297.0,45.78,1.16,INSLAB,-7.668398356269701,-8.81805742510037,texture_library::/records/1994-12-10__JC54__5107f5b7bb,True,True
1994-12-10,LI33,6.4,309.0,45.78,2.62,INSLAB,5.290780852651025,-8.520587419316891,texture_library::/records/1994-12-10__LI33__c3dd048ecb,True,True
1994-12-10,LV17,6.4,307.0,45.78,1.93,INSLAB,-7.406190256653391,6.522901167298008,texture_library::/records/1994-12-10__LV17__02eaaaef1a,True,True
1994-12-10,MI15,6.4,295.0,45.78,1.37,INSLAB,-6.6506960209275725,-10.122980813258277,texture_library::/records/1994-12-10__MI15__f63934da39,True,True
1994-12-10,MY19,6.4,306.0,45.78,2.82,INSLAB,-0.656939082311501,-5.279426916641623,texture_library::/records/1994-12-10__MY19__d058f2e8e2,True,True
1994-12-10,NZ31,6.4,312.0,45.78,5.1,INSLAB,0.8442841630076854,0.2398467891916391,texture_library::/records/1994-12-10__NZ31__975362b67a,True,True
1994-12-10,PA34,6.4,298.0,45.78,0.5,INSLAB,-0.0687622271217211,-1.0244392356750762,texture_library::/records/1994-12-10__PA34__29ca691e81,True,True
1994-12-10,SP51,6.4,300.0,45.78,2.16,INSLAB,-7.229936834251752,-4.350154434830699,texture_library::/records/1994-12-10__SP51__8348c312e9,True,True
1994-12-10,TCYA,6.4,296.0,45.78,0.5,INSLAB,-5.2077931555998775,-0.3933502679433401,texture_library::/records/1994-12-10__TCYA__b2d0b7eabf,True,True
1994-12-10,TL08,6.4,304.0,45.78,2.18,INSLAB,-9.780386589656269,3.659453031097303,texture_library::/records/1994-12-10__TL08__e45f9f61a7,True,True
1994-12-10,TL55,6.4,302.0,45.78,1.9,INSLAB,-10.903959771750294,2.2664755433087134,texture_library::/records/1994-12-10__TL55__bae7461709,True,True
1994-12-10,TP13,6.4,292.0,45.78,0.5,INSLAB,-1.892240519572618,-1.781782359044362,texture_library::/records/1994-12-10__TP13__ed29af4673,True,True
1994-12-10,VG09,6.4,305.0,45.78,2.39,INSLAB,-8.355635674561556,3.908313852226202,texture_library::/records/1994-12-10__VG09__0587d00bb8,True,True
1994-12-10,XO36,6.4,297.0,45.78,3.47,INSLAB,-5.427249742393739,-12.063297886068256,texture_library::/records/1994-12-10__XO36__62eb3f6c22,True,True
1994-12-10,XP06,6.4,302.0,45.78,2.76,INSLAB,-9.984000917056711,0.5712561259145535,texture_library::/records/1994-12-10__XP06__267bc6df59,True,True
1995-09-14,AE02,7.3,330.0,15.75,4.99,INTERPLATE,-2.0085331487853244,1.2753805141322578,texture_library::/records/1995-09-14__AE02__6eabeea064,True,True
1995-09-14,AL01,7.3,331.0,15.75,1.94,INTERPLATE,-11.156026787889138,2.2772449127442305,texture_library::/records/1995-09-14__AL01__0b9956069f,True,True
1995-09-14,AO24,7.3,323.0,15.75,1.04,INTERPLATE,-10.441369050797334,-5.180616626910871,texture_library::/records/1995-09-14__AO24__67cb6a9a03,True,True
1995-09-14,AP68,7.3,325.0,15.75,3.26,INTERPLATE,-6.48994833833018,-3.1426686516660745,texture_library::/records/1995-09-14__AP68__d907faab5d,True,True
1995-09-14,AU11,7.3,326.0,15.75,4.45,INTERPLATE,-4.942720163422353,-2.216871261233944,texture_library::/records/1995-09-14__AU11__ae15bce06d,True,True
1995-09-14,AU46,7.3,326.0,15.75,0.82,INTERPLATE,-11.632054473659156,-2.8810310661070875,texture_library::/records/1995-09-14__AU46__263619fd13,True,True
1995-09-14,BL45,7.3,330.0,15.75,2.44,INTERPLATE,-11.437438133881628,1.1097493681134094,texture_library::/records/1995-09-14__BL45__ef91f5a7f4,True,True
1995-09-14,BO39,7.3,334.0,15.75,2.74,INTERPLATE,-6.310372707056342,4.730908133616051,texture_library::/records/1995-09-14__BO39__18910e53f7,True,True
1995-09-14,CA59,7.3,330.0,15.75,3.13,INTERPLATE,-7.5997227552373,1.0941317238516697,texture_library::/records/1995-09-14__CA59__7f0b8c09f0,True,True
1995-09-14,CDAO,7.3,324.0,15.75,3.23,INTERPLATE,-4.773923161236588,-3.452639911025187,texture_library::/records/1995-09-14__CDAO__bc437bd485,True,True
1995-09-14,CE18,7.3,320.0,15.75,0.5,INTERPLATE,-1.0690035551595556,-1.6465276147283254,texture_library::/records/1995-09-14__CE18__c7a56863c4,True,True
1995-09-14,CE23,7.3,334.0,15.75,4.79,INTERPLATE,-2.539406475663445,4.238898939306335,texture_library::/records/1995-09-14__CE23__7165cd2ef2,True,True
1995-09-14,CE32,7.3,325.0,15.75,4.36,INTERPLATE,-1.6327928005164691,-2.459562475685759,texture_library::/records/1995-09-14__CE32__fa92b3db25,True,True
1995-09-14,CH84,7.3,319.0,15.75,1.37,INTERPLATE,-7.669229486856276,-7.504865940141171,texture_library::/records/1995-09-14__CH84__84c7702714,True,True
1995-09-14,CJ03,7.3,329.0,15.75,1.88,INTERPLATE,-11.904110014895236,-0.4592020503666434,texture_library::/records/1995-09-14__CJ03__325e644d5f,True,True
1995-09-14,CJ04,7.3,329.0,15.75,1.88,INTERPLATE,-11.904110014895236,-0.4592020503666434,texture_library::/records/1995-09-14__CJ04__6d98025541,True,True
1995-09-14,CO47,7.3,324.0,15.75,0.54,INTERPLATE,-7.241988053388553,-2.440439916583077,texture_library::/records/1995-09-14__CO47__bd0f6978e8,True,True
1995-09-14,CO56,7.3,330.0,15.75,2.27,INTERPLATE,-12.10567572330234,0.765825296234557,texture_library::/records/1995-09-14__CO56__61cf943a34,True,True
1995-09-14,CP28,7.3,331.0,15.75,0.5,INTERPLATE,-1.3233287542997667,0.6825766347070873,texture_library::/records/1995-09-14__CP28__5f97373f51,True,True
1995-09-14,CS78,7.3,324.0,15.75,0.5,INTERPLATE,-1.8137255746604573,-0.4820648016278808,texture_library::/records/1995-09-14__CS78__1cb7d29d40,True,True
1995-09-14,CU,7.4,264.0,14.85,0.5,INTERPLATE,-3.026095079642862,-1.8074289816621616,texture_library::/records/1995-09-14__CU__5bdf520440,True,True
1995-09-14,DM12,7.3,330.0,15.75,3.66,INTERPLATE,-4.320086169971887,1.2092563126591631,texture_library::/records/1995-09-14__DM12__a4c3be26e0,True,True
1995-09-14,ES57,7.3,328.0,15.75,0.82,INTERPLATE,-11.780334193991571,-1.0839099978711453,texture_library::/records/1995-09-14__ES57__66459bb2ba,True,True
1995-09-14,GA62,7.3,332.0,15.75,1.94,INTERPLATE,-10.51805660355352,2.561852602071016,texture_library::/records/1995-09-14__GA62__543bc4b4ab,True,True
1995-09-14,GC38,7.3,318.0,15.75,1.75,INTERPLATE,-5.635115732893557,-8.124047765144741,texture_library::/records/1995-09-14__GC38__83e1a99b56,True,True
1995-09-14,HJ72,7.3,330.0,15.75,2.6,INTERPLATE,-9.2708424635957,1.0668378362187287,texture_library::/records/1995-09-14__HJ72__5711215a11,True,True
1995-09-14,IB22,7.3,321.0,15.75,1.41,INTERPLATE,-8.12032335996836,-6.196144179887014,texture_library::/records/1995-09-14__IB22__d1107b219b,True,True
1995-09-14,JA43,7.3,328.0,15.75,3.13,INTERPLATE,-8.989972475521327,-0.9920573775952436,texture_library::/records/1995-09-14__JA43__b3c94a091b,True,True
1995-09-14,JC54,7.3,318.0,15.75,1.17,INTERPLATE,-7.668542622060436,-8.818223319459019,texture_library::/records/1995-09-14__JC54__d2b3654310,True,True
1995-09-14,LI33,7.3,316.0,15.75,2.79,INTERPLATE,5.290780852653537,-8.520587419320938,texture_library::/records/1995-09-14__LI33__b7984ce161,True,True
1995-09-14,MI15,7.3,314.0,15.75,1.32,INTERPLATE,-6.650638247273751,-10.122892876358543,texture_library::/records/1995-09-14__MI15__28eb716811,True,True
1995-09-14,MY19,7.3,321.0,15.75,2.74,INTERPLATE,-0.6569390823114549,-5.279426916641252,texture_library::/records/1995-09-14__MY19__0f60bdec8f,True,True
1995-09-14,NZ31,7.3,328.0,15.75,5.26,INTERPLATE,0.8442841630076854,0.2398467891916391,texture_library::/records/1995-09-14__NZ31__5df91eafca,True,True
1995-09-14,PA34,7.3,305.0,15.75,0.5,INTERPLATE,-0.0687622271217211,-1.0244392356750762,texture_library::/records/1995-09-14__PA34__b0b6eb1986,True,True
1995-09-14,PE10,7.3,326.0,15.75,2.2,INTERPLATE,-9.756741446642105,-2.5731805669623498,texture_library::/records/1995-09-14__PE10__c79b2cd5e3,True,True
1995-09-14,SCT,7.3,327.0,15.75,1.95,INTERPLATE,-11.199874620703495,-2.247066860430786,texture_library::/records/1995-09-14__SCT__e91a39760d,True,True
1995-09-14,SP51,7.3,323.0,15.75,2.05,INTERPLATE,-7.229936828365827,-4.350154431289218,texture_library::/records/1995-09-14__SP51__655d6d729c,True,True
1995-09-14,TCYA,7.3,328.0,15.75,0.5,INTERPLATE,-5.2077931555998775,-0.3933502679433401,texture_library::/records/1995-09-14__TCYA__113d51b189,True,True
1995-09-14,TH35,7.3,313.0,15.75,4.77,INTERPLATE,3.0170663931486006,-12.669528139148472,texture_library::/records/1995-09-14__TH35__f9385dc67f,True,True
1995-09-14,TL08,7.3,333.0,15.75,1.94,INTERPLATE,-9.780386546620626,3.659453014994984,texture_library::/records/1995-09-14__TL08__f848ef83bd,True,True
1995-09-14,TL55,7.3,331.0,15.75,1.88,INTERPLATE,-10.903959745693882,2.266475537892679,texture_library::/records/1995-09-14__TL55__4e166a8c2e,True,True
1995-09-14,TP13,7.3,316.0,15.75,0.5,INTERPLATE,-1.892240519572618,-1.781782359044362,texture_library::/records/1995-09-14__TP13__4a643f30dd,True,True
1995-10-09,AU11,8.0,459.0,19.05,4.23,INTERPLATE,-4.942720163422353,-2.216871261233944,texture_library::/records/1995-10-09__AU11__2ddb0097fd,True,True
1995-10-09,BA49,8.0,454.0,19.05,2.71,INTERPLATE,-11.144455130343388,-0.4774397679325687,texture_library::/records/1995-10-09__BA49__c680497bd4,True,True
1995-10-09,BL45,8.0,453.0,19.05,2.37,INTERPLATE,-11.437438133778604,1.1097493681034132,texture_library::/records/1995-10-09__BL45__ece997e1d0,True,True
1995-10-09,BO39,8.0,458.0,19.05,2.65,INTERPLATE,-6.310372707054777,4.730908133614878,texture_library::/records/1995-10-09__BO39__cb2aafac6d,True,True
1995-10-09,CA59,8.0,457.0,19.05,2.82,INTERPLATE,-7.599722755237026,1.0941317238516302,texture_library::/records/1995-10-09__CA59__8191c77e90,True,True
1995-10-09,CDAO,8.0,458.0,19.05,3.13,INTERPLATE,-4.773923161236587,-3.452639911025185,texture_library::/records/1995-10-09__CDAO__997d053c14,True,True
1995-10-09,CE23,8.0,463.0,19.05,4.79,INTERPLATE,-2.539406475663445,4.238898939306335,texture_library::/records/1995-10-09__CE23__9040b7ff74,True,True
1995-10-09,CI05,8.0,452.0,19.05,1.99,INTERPLATE,-12.303858122047092,0.4461727883151094,texture_library::/records/1995-10-09__CI05__e69563b363,True,True
1995-10-09,CJ03,8.0,452.0,19.05,1.81,INTERPLATE,-11.904109827380072,-0.4592020431332301,texture_library::/records/1995-10-09__CJ03__1ee26269c4,True,True
1995-10-09,DM12,8.0,459.0,19.05,3.7,INTERPLATE,-4.320086169971887,1.2092563126591631,texture_library::/records/1995-10-09__DM12__6c7f5f312d,True,True
1995-10-09,DX37,8.0,453.0,19.05,1.02,INTERPLATE,-7.293124519768392,-5.763419022930044,texture_library::/records/1995-10-09__DX37__e413fd7648,True,True
1995-10-09,HA41,8.0,461.0,19.05,4.64,INTERPLATE,-3.612155505999437,0.2919190843224407,texture_library::/records/1995-10-09__HA41__ee6f76d4ce,True,True
1995-10-09,LI33,8.0,488.0,19.05,2.42,INTERPLATE,5.2907808526135005,-8.52058741925646,texture_library::/records/1995-10-09__LI33__eec2057556,True,True
1995-10-09,LV17,8.0,456.0,19.05,1.83,INTERPLATE,-7.406190148205401,6.5229010717839175,texture_library::/records/1995-10-09__LV17__8bbb5e962f,True,True
1995-10-09,MY19,8.0,464.0,19.05,2.76,INTERPLATE,-0.6569390823114714,-5.279426916641384,texture_library::/records/1995-10-09__MY19__c6de895b62,True,True
1995-10-09,NZ31,8.0,466.0,19.05,5.15,INTERPLATE,0.8442841630076854,0.2398467891916391,texture_library::/records/1995-10-09__NZ31__129436582a,True,True
1995-10-09,SI53,8.0,453.0,19.05,1.38,INTERPLATE,-11.115749426654292,-4.059904708517741,texture_library::/records/1995-10-09__SI53__220fadf011,True,True
1995-10-09,SP51,8.0,456.0,19.05,2.03,INTERPLATE,-7.229936826027656,-4.350154429882373,texture_library::/records/1995-10-09__SP51__f4dd974551,True,True
1995-10-09,TL08,8.0,455.0,19.05,1.98,INTERPLATE,-9.7803865651655,3.6594530219337775,texture_library::/records/1995-10-09__TL08__650b4236ac,True,True
1995-10-09,TL55,8.0,454.0,19.05,1.83,INTERPLATE,-10.903959640193934,2.266475515963668,texture_library::/records/1995-10-09__TL55__8a8456ef59,True,True
1995-10-09,VG09,8.0,456.0,19.05,2.37,INTERPLATE,-8.35563567453252,3.908313852212621,texture_library::/records/1995-10-09__VG09__adc5fe0c79,True,True
1995-10-09,VM29,8.0,455.0,19.05,2.65,INTERPLATE,-8.67705912074048,-3.3693052267542525,texture_library::/records/1995-10-09__VM29__aea6e95836,True,True
1995-10-09,XP06,8.0,455.0,19.05,2.76,INTERPLATE,-9.984000917056711,0.5712561259145535,texture_library::/records/1995-10-09__XP06__f89d78d2ae,True,True
1996-02-25,BL45,7.1,391.0,9.62,2.49,INTERPLATE,-11.437438133914116,1.109749368116562,texture_library::/records/1996-02-25__BL45__bb0251a9a6,True,True
1996-02-25,BO39,7.1,394.0,9.62,2.93,INTERPLATE,-6.310372707056964,4.730908133616518,texture_library::/records/1996-02-25__BO39__ffe7e45d24,True,True
1996-02-25,CI05,7.1,390.0,9.62,2.11,INTERPLATE,-12.30385814517396,0.4461727891537553,texture_library::/records/1996-02-25__CI05__fa3d0c3998,True,True
1996-02-25,CJ03,7.1,389.0,9.62,1.9,INTERPLATE,-11.904110043341635,-0.4592020514639657,texture_library::/records/1996-02-25__CJ03__a4d6a55ea5,True,True
1996-02-25,SI53,7.1,385.0,9.62,1.43,INTERPLATE,-11.115792814877334,-4.059920555587,texture_library::/records/1996-02-25__SI53__51c548c1c3,True,True
1996-02-25,SP51,7.1,384.0,9.62,2.03,INTERPLATE,-7.229936826027656,-4.350154429882373,texture_library::/records/1996-02-25__SP51__0ea1097b63,True,True
1996-07-15,AL01,6.6,309.0,15.89,2.05,INTERPLATE,-11.156026827258202,2.2772449207805145,texture_library::/records/1996-07-15__AL01__4119c1678a,True,True
1996-07-15,AU46,6.6,303.0,15.89,0.96,INTERPLATE,-11.769701905478414,-2.9151236271537337,texture_library::/records/1996-07-15__AU46__3da794c6d1,True,True
1996-07-15,BA49,6.6,307.0,15.89,2.65,INTERPLATE,-11.144455130341209,-0.4774397679324753,texture_library::/records/1996-07-15__BA49__bad8492058,True,True
1996-07-15,BO39,6.6,314.0,15.89,2.65,INTERPLATE,-6.310372707054777,4.730908133614878,texture_library::/records/1996-07-15__BO39__a53c797af5,True,True
1996-07-15,CA59,6.6,310.0,15.89,2.85,INTERPLATE,-7.599722755237118,1.0941317238516437,texture_library::/records/1996-07-15__CA59__7ae61feea2,True,True
1996-07-15,CI05,6.6,306.0,15.89,1.9,INTERPLATE,-12.303858054816418,0.4461727858771345,texture_library::/records/1996-07-15__CI05__11b379f4fe,True,True
1996-07-15,CJ03,6.6,306.0,15.89,1.83,INTERPLATE,-11.904109899718456,-0.4592020459236894,texture_library::/records/1996-07-15__CJ03__26c1011910,True,True
1996-07-15,CJ04,6.6,306.0,15.89,1.79,INTERPLATE,-11.904109732934703,-0.459202039489992,texture_library::/records/1996-07-15__CJ04__7456f0037c,True,True
1996-07-15,CO47,6.6,302.0,15.89,0.56,INTERPLATE,-7.928133123072267,-2.6716603776330383,texture_library::/records/1996-07-15__CO47__594d8651af,True,True
1996-07-15,CO56,6.6,307.0,15.89,2.22,INTERPLATE,-12.1056757226562,0.7658252961936812,texture_library::/records/1996-07-15__CO56__239cb46035,True,True
1996-07-15,DR16,6.6,312.0,15.89,0.57,INTERPLATE,-9.8980430394174,6.062987133475302,texture_library::/records/1996-07-15__DR16__f0d1f4b522,True,True
1996-07-15,DX37,6.6,301.0,15.89,0.98,INTERPLATE,-7.288123830698324,-5.759467209624778,texture_library::/records/1996-07-15__DX37__e7fb99ad57,True,True
1996-07-15,GA62,6.6,310.0,15.89,2.11,INTERPLATE,-10.518056646800485,2.5618526126045533,texture_library::/records/1996-07-15__GA62__c57a76ac72,True,True
1996-07-15,GR27,6.6,310.0,15.89,0.78,INTERPLATE,-13.1251313853831,5.73797960172178,texture_library::/records/1996-07-15__GR27__405e63c453,True,True
1996-07-15,HJ72,6.6,309.0,15.89,2.2,INTERPLATE,-9.270842462274375,1.066837836066678,texture_library::/records/1996-07-15__HJ72__52ccf4d7e4,True,True
1996-07-15,JC54,6.6,301.0,15.89,1.13,INTERPLATE,-7.667829993122186,-8.81740385200202,texture_library::/records/1996-07-15__JC54__898dc8cf8e,True,True
1996-07-15,LV17,6.6,315.0,15.89,1.93,INTERPLATE,-7.406190256653391,6.522901167298008,texture_library::/records/1996-07-15__LV17__676d04c8f6,True,True
1996-07-15,MI15,6.6,298.0,15.89,1.35,INTERPLATE,-6.650677391195422,-10.1229524570651,texture_library::/records/1996-07-15__MI15__ddea4c6861,True,True
1996-07-15,MY19,6.6,309.0,15.89,2.76,INTERPLATE,-0.6569390823114714,-5.279426916641384,texture_library::/records/1996-07-15__MY19__169a547799,True,True
1996-07-15,NZ31,6.6,316.0,15.89,5.1,INTERPLATE,0.8442841630076854,0.2398467891916391,texture_library::/records/1996-07-15__NZ31__1fc9a4d8fb,True,True
1996-07-15,PA34,6.6,298.0,15.89,0.5,INTERPLATE,-0.0687622271217211,-1.0244392356750762,texture_library::/records/1996-07-15__PA34__2fb82e015c,True,True
1996-07-15,SI53,6.6,304.0,15.89,1.44,INTERPLATE,-11.1157985295943,-4.059922642824254,texture_library::/records/1996-07-15__SI53__add63609ef,True,True
1996-07-15,SP51,6.6,305.0,15.89,2.09,INTERPLATE,-7.229936831528374,-4.35015443319208,texture_library::/records/1996-07-15__SP51__a29fb97506,True,True
1996-07-15,TL08,6.6,311.0,15.89,2.06,INTERPLATE,-9.780386582427068,3.659453028392409,texture_library::/records/1996-07-15__TL08__3f8928b490,True,True
1996-07-15,TL55,6.6,309.0,15.89,1.86,INTERPLATE,-10.903959711674496,2.2664755308214763,texture_library::/records/1996-07-15__TL55__475c1bc997,True,True
1996-07-15,TP13,6.6,296.0,15.89,0.5,INTERPLATE,-1.892240519572618,-1.781782359044362,texture_library::/records/1996-07-15__TP13__93f17790e6,True,True
1996-07-15,VG09,6.6,312.0,15.89,2.37,INTERPLATE,-8.35563567453252,3.908313852212621,texture_library::/records/1996-07-15__VG09__c7c0f95495,True,True
1996-07-15,VM29,6.6,306.0,15.89,2.74,INTERPLATE,-8.677059120742632,-3.369305226755088,texture_library::/records/1996-07-15__VM29__e28dc10726,True,True
1996-07-15,XO36,6.6,299.0,15.89,3.51,INTERPLATE,-5.427249742393739,-12.063297886068256,texture_library::/records/1996-07-15__XO36__5daff4c290,True,True
1997-01-11,AE02,7.1,393.0,25.4,4.94,INSLAB,-2.0085331487853244,1.2753805141322578,texture_library::/records/1997-01-11__AE02__71b00d82e1,True,True
1997-01-11,AL01,7.1,384.0,25.4,1.81,INSLAB,-11.156026549441169,2.277244864070591,texture_library::/records/1997-01-11__AL01__2a415f98f7,True,True
1997-01-11,AO24,7.1,381.0,25.4,1.01,INSLAB,-10.437539356810415,-5.1787164760544,texture_library::/records/1997-01-11__AO24__f489a27c9d,True,True
1997-01-11,AP68,7.1,386.0,25.4,3.3,INSLAB,-6.48994833833018,-3.1426686516660745,texture_library::/records/1997-01-11__AP68__32f00ec703,True,True
1997-01-11,AU11,7.1,389.0,25.4,4.32,INSLAB,-4.942720163422353,-2.216871261233944,texture_library::/records/1997-01-11__AU11__a9d6b08677,True,True
1997-01-11,AU46,7.1,380.0,25.4,0.87,INSLAB,-11.710887225639627,-2.9005563879663314,texture_library::/records/1997-01-11__AU46__0d34486299,True,True
1997-01-11,BA49,7.1,383.0,25.4,2.79,INSLAB,-11.144455130344552,-0.4774397679326186,texture_library::/records/1997-01-11__BA49__49e5bec2e4,True,True
1997-01-11,BL45,7.1,384.0,25.4,2.57,INSLAB,-11.4374381339366,1.1097493681187434,texture_library::/records/1997-01-11__BL45__2239bca8bc,True,True
1997-01-11,BO39,7.1,389.0,25.4,2.74,INSLAB,-6.310372707056342,4.730908133616051,texture_library::/records/1997-01-11__BO39__98e3366f34,True,True
1997-01-11,CA59,7.1,387.0,25.4,2.91,INSLAB,-7.599722755237221,1.0941317238516584,texture_library::/records/1997-01-11__CA59__a0f63ace0c,True,True
1997-01-11,CDAO,7.1,387.0,25.4,3.07,INSLAB,-4.773923161236583,-3.4526399110251824,texture_library::/records/1997-01-11__CDAO__e4da023a03,True,True
1997-01-11,CE32,7.1,392.0,25.4,4.19,INSLAB,-1.6327928005164691,-2.459562475685759,texture_library::/records/1997-01-11__CE32__aeec5a9480,True,True
1997-01-11,CI05,7.1,382.0,25.4,1.95,INSLAB,-12.30385810162956,0.4461727875747118,texture_library::/records/1997-01-11__CI05__0155227839,True,True
1997-01-11,CJ03,7.1,382.0,25.4,1.83,INSLAB,-11.904109899718456,-0.4592020459236894,texture_library::/records/1997-01-11__CJ03__ce82669f88,True,True
1997-01-11,CJ04,7.1,382.0,25.4,1.81,INSLAB,-11.904109827380072,-0.4592020431332301,texture_library::/records/1997-01-11__CJ04__805e27bad4,True,True
1997-01-11,CO47,7.1,380.0,25.4,0.54,INSLAB,-7.241988053388553,-2.440439916583077,texture_library::/records/1997-01-11__CO47__6b2fcbd420,True,True
1997-01-11,CO56,7.1,382.0,25.4,2.25,INSLAB,-12.105675723093984,0.7658252962213762,texture_library::/records/1997-01-11__CO56__832422feb9,True,True
1997-01-11,DM12,7.1,389.0,25.4,3.66,INSLAB,-4.320086169971887,1.2092563126591631,texture_library::/records/1997-01-11__DM12__adfb3e7fa9,True,True
1997-01-11,DR16,7.1,383.0,25.4,0.6,INSLAB,-10.913570633746817,6.685042494680397,texture_library::/records/1997-01-11__DR16__5d7756d994,True,True
1997-01-11,DX37,7.1,381.0,25.4,0.95,INSLAB,-7.282182739540497,-5.754772240040319,texture_library::/records/1997-01-11__DX37__5a8e0a2f06,True,True
1997-01-11,ES57,7.1,380.0,25.4,0.83,INSLAB,-11.800712858965271,-1.0857850413414338,texture_library::/records/1997-01-11__ES57__dfd69368f5,True,True
1997-01-11,GA62,7.1,385.0,25.4,2.12,INSLAB,-10.518056647424777,2.5618526127566104,texture_library::/records/1997-01-11__GA62__fcc90196cd,True,True
1997-01-11,GC38,7.1,384.0,25.4,1.75,INSLAB,-5.635115732893557,-8.124047765144741,texture_library::/records/1997-01-11__GC38__74d8ca6885,True,True
1997-01-11,GR27,7.1,382.0,25.4,0.75,INSLAB,-12.976083830289996,5.672819733549856,texture_library::/records/1997-01-11__GR27__1c3f7bce2f,True,True
1997-01-11,JA43,7.1,385.0,25.4,3.13,INSLAB,-8.989972475521327,-0.9920573775952436,texture_library::/records/1997-01-11__JA43__3cf5fe45d6,True,True
1997-01-11,JC54,7.1,382.0,25.4,1.09,INSLAB,-7.666615547628935,-8.816007334815302,texture_library::/records/1997-01-11__JC54__68e2322265,True,True
1997-01-11,LI58,7.1,383.0,25.4,2.18,INSLAB,-12.034031309923805,1.186116528686786,texture_library::/records/1997-01-11__LI58__4789a45564,True,True
1997-01-11,LV17,7.1,388.0,25.4,1.79,INSLAB,-7.406190044440215,6.522900980394144,texture_library::/records/1997-01-11__LV17__ef2ffe07e6,True,True
1997-01-11,MI15,7.1,381.0,25.4,1.35,INSLAB,-6.650677391195422,-10.1229524570651,texture_library::/records/1997-01-11__MI15__8915107c9c,True,True
1997-01-11,NZ31,7.1,396.0,25.4,5.15,INSLAB,0.8442841630076854,0.2398467891916391,texture_library::/records/1997-01-11__NZ31__f6164a46e6,True,True
1997-01-11,PA34,7.1,387.0,25.4,0.5,INSLAB,-0.0687622271217211,-1.0244392356750762,texture_library::/records/1997-01-11__PA34__af745ce8e4,True,True
1997-01-11,PD42,7.1,388.0,25.4,4.19,INSLAB,-6.060233462927013,-0.8268638163806582,texture_library::/records/1997-01-11__PD42__f38c57309a,True,True
1997-01-11,PE10,7.1,384.0,25.4,2.22,INSLAB,-9.756741446969178,-2.5731805670486105,texture_library::/records/1997-01-11__PE10__affb531d9b,True,True
1997-01-11,SI53,7.1,382.0,25.4,1.36,INSLAB,-11.115722176248198,-4.0598947556078855,texture_library::/records/1997-01-11__SI53__844e44618c,True,True
1997-01-11,SP51,7.1,385.0,25.4,2.0,INSLAB,-7.229936821114762,-4.350154426926352,texture_library::/records/1997-01-11__SP51__78db23a5a9,True,True
1997-01-11,TCYA,7.1,378.0,25.4,0.5,INSLAB,-5.2077931555998775,-0.3933502679433401,texture_library::/records/1997-01-11__TCYA__aaa1506766,True,True
1997-01-11,TH35,7.1,394.0,25.4,4.55,INSLAB,3.0170663931486006,-12.669528139148472,texture_library::/records/1997-01-11__TH35__3d03e5eb91,True,True
1997-01-11,TL08,7.1,386.0,25.4,2.01,INSLAB,-9.780386573842526,3.659453025180395,texture_library::/records/1997-01-11__TL08__fa785f6a0b,True,True
1997-01-11,TL55,7.1,385.0,25.4,1.85,INSLAB,-10.903959690944893,2.2664755265126626,texture_library::/records/1997-01-11__TL55__f50b26f4fc,True,True
1997-01-11,TP13,7.1,377.0,25.4,0.5,INSLAB,-1.892240519572618,-1.781782359044362,texture_library::/records/1997-01-11__TP13__9acc62bb5b,True,True
1997-01-11,VG09,7.1,387.0,25.4,2.29,INSLAB,-8.355635674296135,3.908313852102053,texture_library::/records/1997-01-11__VG09__003ab45879,True,True
1997-01-11,VM29,7.1,384.0,25.4,2.65,INSLAB,-8.67705912074048,-3.3693052267542525,texture_library::/records/1997-01-11__VM29__97f3efd078,True,True
1997-01-11,XO36,7.1,383.0,25.4,3.4,INSLAB,-5.427249742393739,-12.063297886068256,texture_library::/records/1997-01-11__XO36__087219f111,True,True
1997-01-11,XP06,7.1,385.0,25.4,2.71,INSLAB,-9.98400091705594,0.5712561259145094,texture_library::/records/1997-01-11__XP06__dec5ccaf78,True,True
1997-05-22,AL01,6.5,308.0,51.04,1.96,INSLAB,-11.156026799867693,2.2772449151893754,texture_library::/records/1997-05-22__AL01__6e115958cf,True,True
1997-05-22,AP68,6.5,309.0,51.04,3.13,INSLAB,-6.489948338330176,-3.142668651666072,texture_library::/records/1997-05-22__AP68__b52ea6b2a3,True,True
1997-05-22,BA49,6.5,307.0,51.04,2.57,INSLAB,-11.14445513033367,-0.4774397679321524,texture_library::/records/1997-05-22__BA49__6a86168d8e,True,True
1997-05-22,BL45,6.5,307.0,51.04,2.37,INSLAB,-11.437438133778604,1.1097493681034132,texture_library::/records/1997-05-22__BL45__a03c1856f3,True,True
1997-05-22,BO39,6.5,313.0,51.04,2.71,INSLAB,-6.310372707056011,4.730908133615803,texture_library::/records/1997-05-22__BO39__d12b335ffd,True,True
1997-05-22,CA59,6.5,310.0,51.04,2.94,INSLAB,-7.5997227552372495,1.0941317238516624,texture_library::/records/1997-05-22__CA59__2e748ad371,True,True
1997-05-22,CI05,6.5,305.0,51.04,1.91,INSLAB,-12.303858066825736,0.4461727863126264,texture_library::/records/1997-05-22__CI05__19cf4f295b,True,True
1997-05-22,CJ03,6.5,306.0,51.04,1.9,INSLAB,-11.904110043341635,-0.4592020514639657,texture_library::/records/1997-05-22__CJ03__bcc2d7ccfd,True,True
1997-05-22,DX37,6.5,304.0,51.04,0.98,INSLAB,-7.288123830698324,-5.759467209624778,texture_library::/records/1997-05-22__DX37__95e8eb6fa7,True,True
1997-05-22,GA62,6.5,309.0,51.04,1.98,INSLAB,-10.518056623497111,2.561852606928618,texture_library::/records/1997-05-22__GA62__fd6265daa4,True,True
1997-05-22,GC38,6.5,307.0,51.04,1.72,INSLAB,-5.635115572763901,-8.124047534288618,texture_library::/records/1997-05-22__GC38__653be57cbd,True,True
1997-05-22,GR27,6.5,306.0,51.04,0.75,INSLAB,-12.976083830289996,5.672819733549856,texture_library::/records/1997-05-22__GR27__5eae4fe677,True,True
1997-05-22,HJ72,6.5,309.0,51.04,2.65,INSLAB,-9.27084246359882,1.0668378362190876,texture_library::/records/1997-05-22__HJ72__6364b886ea,True,True
1997-05-22,JC54,6.5,305.0,51.04,1.12,INSLAB,-7.667584125915052,-8.817121123973203,texture_library::/records/1997-05-22__JC54__099b5bbb7b,True,True
1997-05-22,LV17,6.5,312.0,51.04,1.88,INSLAB,-7.406190219863101,6.522901134895461,texture_library::/records/1997-05-22__LV17__010213750a,True,True
1997-05-22,MI15,6.5,304.0,51.04,1.41,INSLAB,-6.650721219195353,-10.123019167376471,texture_library::/records/1997-05-22__MI15__fb383c2374,True,True
1997-05-22,NZ31,6.5,319.0,51.04,5.15,INSLAB,0.8442841630076854,0.2398467891916391,texture_library::/records/1997-05-22__NZ31__a2727acfc5,True,True
1997-05-22,SI53,6.5,305.0,51.04,1.35,INSLAB,-11.115705571366677,-4.059888690858305,texture_library::/records/1997-05-22__SI53__3c9086d24e,True,True
1997-05-22,SP51,6.5,308.0,51.04,1.98,INSLAB,-7.22993681656063,-4.350154424186193,texture_library::/records/1997-05-22__SP51__d6b3b857a1,True,True
1997-05-22,TL55,6.5,308.0,51.04,1.73,INSLAB,-10.90395903447637,2.266475390060412,texture_library::/records/1997-05-22__TL55__b472088e76,True,True
1997-05-22,VG09,6.5,311.0,51.04,2.27,INSLAB,-8.355635674185988,3.908313852050533,texture_library::/records/1997-05-22__VG09__ee1f550f25,True,True
1997-05-22,VM29,6.5,308.0,51.04,2.44,INSLAB,-8.677059120692906,-3.36930522673578,texture_library::/records/1997-05-22__VM29__9c635af939,True,True
1997-05-22,XP06,6.5,308.0,51.04,2.62,INSLAB,-9.984000917052242,0.5712561259142978,texture_library::/records/1997-05-22__XP06__80d7d2c5e1,True,True
1997-07-19,AE02,6.7,402.0,11.92,5.09,INTERPLATE,-2.0085331487853244,1.2753805141322578,texture_library::/records/1997-07-19__AE02__b8b8b35910,True,True
1997-07-19,MY19,6.7,393.0,11.92,2.71,INTERPLATE,-0.6569390823114205,-5.279426916640976,texture_library::/records/1997-07-19__MY19__5f0f70d303,True,True
1998-02-03,AO24,6.3,504.0,18.43,0.99,INTERPLATE,-10.433991833333211,-5.176956327646567,texture_library::/records/1998-02-03__AO24__40f577abc8,True,True
1998-02-03,CI05,6.3,510.0,18.43,1.92,INTERPLATE,-12.303858077335974,0.4461727866937575,texture_library::/records/1998-02-03__CI05__45d5b7856e,True,True
1998-02-03,JC54,6.3,498.0,18.43,1.12,INTERPLATE,-7.667584125915052,-8.817121123973203,texture_library::/records/1998-02-03__JC54__dac9102560,True,True
1998-02-03,LV17,6.3,515.0,18.43,1.81,INTERPLATE,-7.406190103199783,6.522901032145834,texture_library::/records/1998-02-03__LV17__c17fe9ce2c,True,True
1998-02-03,XO36,6.3,493.0,18.43,3.33,INTERPLATE,-5.427249742393739,-12.063297886068256,texture_library::/records/1998-02-03__XO36__c078026d58,True,True
1998-04-20,AL01,5.9,255.0,59.18,2.0,INSLAB,-11.156026816069575,2.277244918496616,texture_library::/records/1998-04-20__AL01__1541e2d976,True,True
1998-04-20,AO24,5.9,250.0,59.18,1.05,INSLAB,-10.44234148657232,-5.181099113155729,texture_library::/records/1998-04-20__AO24__8b813cbe3a,True,True
1998-04-20,AU46,5.9,250.0,59.18,0.81,INSLAB,-11.609147182560765,-2.875357380736693,texture_library::/records/1998-04-20__AU46__0d48c2c812,True,True
1998-04-20,BA49,5.9,254.0,59.18,2.62,INSLAB,-11.144455130339262,-0.477439767932392,texture_library::/records/1998-04-20__BA49__db50c6954a,True,True
1998-04-20,BL45,5.9,254.0,59.18,2.34,INSLAB,-11.437438133695096,1.1097493680953108,texture_library::/records/1998-04-20__BL45__eb392027f7,True,True
1998-04-20,CA59,5.9,257.0,59.18,2.85,INSLAB,-7.599722755237118,1.0941317238516437,texture_library::/records/1998-04-20__CA59__bfe5b05308,True,True
1998-04-20,CDAO,5.9,256.0,59.18,2.76,INSLAB,-4.773923161236199,-3.4526399110249044,texture_library::/records/1998-04-20__CDAO__d68f27bb13,True,True
1998-04-20,CI05,5.9,252.0,59.18,1.88,INSLAB,-12.303858025414767,0.4461727848109473,texture_library::/records/1998-04-20__CI05__66437a173d,True,True
1998-04-20,DX37,5.9,250.0,59.18,0.97,INSLAB,-7.286399896574251,-5.758104864213284,texture_library::/records/1998-04-20__DX37__347e21646b,True,True
1998-04-20,GA62,5.9,255.0,59.18,1.92,INSLAB,-10.51805658880861,2.5618525984796405,texture_library::/records/1998-04-20__GA62__db06622058,True,True
1998-04-20,JC54,5.9,250.0,59.18,1.11,INSLAB,-7.667303209768966,-8.81679809241006,texture_library::/records/1998-04-20__JC54__3bbd976c4e,True,True
1998-04-20,LI58,5.9,253.0,59.18,2.09,INSLAB,-12.03403130470315,1.18611652817222,texture_library::/records/1998-04-20__LI58__f02c257cd9,True,True
1998-04-20,LV17,5.9,259.0,59.18,1.86,INSLAB,-7.406190196756446,6.522901114544589,texture_library::/records/1998-04-20__LV17__ba4f304f63,True,True
1998-04-20,MI15,5.9,249.0,59.18,1.32,INSLAB,-6.650638247273751,-10.122892876358543,texture_library::/records/1998-04-20__MI15__99e8d644cd,True,True
1998-04-20,VG09,5.9,258.0,59.18,2.2,INSLAB,-8.3556356734599,3.908313851710908,texture_library::/records/1998-04-20__VG09__8214eaea5b,True,True
1998-04-20,VM29,5.9,254.0,59.18,2.6,INSLAB,-8.677059120737562,-3.369305226753119,texture_library::/records/1998-04-20__VM29__566f6f1d46,True,True
1998-04-20,XO36,5.9,251.0,59.18,3.33,INSLAB,-5.427249742393739,-12.063297886068256,texture_library::/records/1998-04-20__XO36__decba7aa09,True,True
1999-06-15,AE02,6.9,215.0,51.27,4.74,INSLAB,-2.0085331487853244,1.2753805141322578,texture_library::/records/1999-06-15__AE02__ad03708cfc,True,True
1999-06-15,AL01,6.9,222.0,51.27,1.85,INSLAB,-11.1560266691578,2.277244888507973,texture_library::/records/1999-06-15__AL01__cff568be6c,True,True
1999-06-15,AO24,6.9,218.0,51.27,1.02,INSLAB,-10.438989062861006,-5.17943576595147,texture_library::/records/1999-06-15__AO24__68283bf47b,True,True
1999-06-15,AP68,6.9,215.0,51.27,3.1,INSLAB,-6.489948338330174,-3.142668651666072,texture_library::/records/1999-06-15__AP68__986ae8c34d,True,True
1999-06-15,AU11,6.9,214.0,51.27,4.06,INSLAB,-4.942720163422353,-2.216871261233944,texture_library::/records/1999-06-15__AU11__5ad2e9c80f,True,True
1999-06-15,AU46,6.9,220.0,51.27,0.87,INSLAB,-11.710887225639627,-2.9005563879663314,texture_library::/records/1999-06-15__AU46__263db4623e,True,True
1999-06-15,BA49,6.9,220.0,51.27,2.65,INSLAB,-11.144455130341209,-0.4774397679324753,texture_library::/records/1999-06-15__BA49__ad82895566,True,True
1999-06-15,BL45,6.9,222.0,51.27,2.42,INSLAB,-11.437438133861225,1.1097493681114297,texture_library::/records/1999-06-15__BL45__e53f818518,True,True
1999-06-15,BO39,6.9,221.0,51.27,2.6,INSLAB,-6.310372707052654,4.730908133613286,texture_library::/records/1999-06-15__BO39__a9a4720a38,True,True
1999-06-15,CA59,6.9,219.0,51.27,2.94,INSLAB,-7.5997227552372495,1.0941317238516624,texture_library::/records/1999-06-15__CA59__70627e2b1b,True,True
1999-06-15,CE23,6.9,218.0,51.27,4.55,INSLAB,-2.539406475663445,4.238898939306335,texture_library::/records/1999-06-15__CE23__b0b3ea92ac,True,True
1999-06-15,CE32,6.9,211.0,51.27,4.06,INSLAB,-1.6327928005164691,-2.459562475685759,texture_library::/records/1999-06-15__CE32__e5bad3a609,True,True
1999-06-15,CH84,6.9,213.0,51.27,1.34,INSLAB,-7.669194913611707,-7.504832107855143,texture_library::/records/1999-06-15__CH84__26c61a72fa,True,True
1999-06-15,CI05,6.9,223.0,51.27,1.96,INSLAB,-12.303858107795351,0.4461727877983009,texture_library::/records/1999-06-15__CI05__72c34f289b,True,True
1999-06-15,CJ03,6.9,221.0,51.27,1.83,INSLAB,-11.904109899718456,-0.4592020459236894,texture_library::/records/1999-06-15__CJ03__2af0d5dcce,True,True
1999-06-15,CJ04,6.9,221.0,51.27,1.79,INSLAB,-11.904109732934703,-0.459202039489992,texture_library::/records/1999-06-15__CJ04__b7862d34d1,True,True
1999-06-15,CO47,6.9,220.0,51.27,0.56,INSLAB,-7.928133123072267,-2.6716603776330383,texture_library::/records/1999-06-15__CO47__95b64bfb92,True,True
1999-06-15,CO56,6.9,222.0,51.27,2.22,INSLAB,-12.1056757226562,0.7658252961936812,texture_library::/records/1999-06-15__CO56__0b906a8128,True,True
1999-06-15,CS78,6.9,224.0,51.27,0.5,INSLAB,-1.8137255746604573,-0.4820648016278808,texture_library::/records/1999-06-15__CS78__ee85cd163d,True,True
1999-06-15,CU,6.9,218.0,50.16,0.5,INSLAB,-3.026095079642862,-1.8074289816621616,texture_library::/records/1999-06-15__CU__fadd97dc36,True,True
1999-06-15,DM12,6.9,218.0,51.27,3.62,INSLAB,-4.320086169971887,1.2092563126591631,texture_library::/records/1999-06-15__DM12__9636e6de08,True,True
1999-06-15,DR16,6.9,230.0,51.27,0.58,INSLAB,-10.25950806684527,6.284400376655689,texture_library::/records/1999-06-15__DR16__98cea4747a,True,True
1999-06-15,EO30,6.9,222.0,51.27,0.55,INSLAB,-7.689002515876952,-1.4441140900863445,texture_library::/records/1999-06-15__EO30__d7839ef413,True,True
1999-06-15,ES57,6.9,222.0,51.27,0.81,INSLAB,-11.757134891991294,-1.0817754272411748,texture_library::/records/1999-06-15__ES57__9b8a554c0c,True,True
1999-06-15,GA62,6.9,222.0,51.27,1.92,INSLAB,-10.51805658880861,2.5618525984796405,texture_library::/records/1999-06-15__GA62__5e96014d1b,True,True
1999-06-15,GC38,6.9,211.0,51.27,1.68,INSLAB,-5.635115230528581,-8.124047040893945,texture_library::/records/1999-06-15__GC38__d91038c293,True,True
1999-06-15,GR27,6.9,228.0,51.27,0.72,INSLAB,-12.759918084262358,5.578317468781758,texture_library::/records/1999-06-15__GR27__22a0473fd2,True,True
1999-06-15,HJ72,6.9,220.0,51.27,2.6,INSLAB,-9.2708424635957,1.0668378362187287,texture_library::/records/1999-06-15__HJ72__5a2edf3d08,True,True
1999-06-15,IB22,6.9,215.0,51.27,1.41,INSLAB,-8.12032335996836,-6.196144179887014,texture_library::/records/1999-06-15__IB22__0dc357a056,True,True
1999-06-15,JA43,6.9,218.0,51.27,2.94,INSLAB,-8.989972475521268,-0.9920573775952368,texture_library::/records/1999-06-15__JA43__bb339c3d3f,True,True
1999-06-15,JC54,6.9,212.0,51.27,1.13,INSLAB,-7.667829993122186,-8.81740385200202,texture_library::/records/1999-06-15__JC54__62c3692918,True,True
1999-06-15,LI58,6.9,223.0,51.27,2.06,INSLAB,-12.034031301028818,1.186116527810065,texture_library::/records/1999-06-15__LI58__572097b1c8,True,True
1999-06-15,LV17,6.9,225.0,51.27,1.76,INSLAB,-7.406189920976292,6.522900871654976,texture_library::/records/1999-06-15__LV17__a3308d832b,True,True
1999-06-15,MI15,6.9,210.0,51.27,1.38,INSLAB,-6.650703630408756,-10.1229923955997,texture_library::/records/1999-06-15__MI15__74385a846f,True,True
1999-06-15,MT50,6.9,225.0,51.27,0.55,INSLAB,-7.701912016233397,0.5481013995339424,texture_library::/records/1999-06-15__MT50__1156490944,True,True
1999-06-15,MY19,6.9,208.0,51.27,2.71,INSLAB,-0.6569390823114205,-5.279426916640976,texture_library::/records/1999-06-15__MY19__d053546281,True,True
1999-06-15,NZ20,6.9,208.0,51.27,4.5,INSLAB,2.954662778624839,-1.0588036317243277,texture_library::/records/1999-06-15__NZ20__0f4eb1379b,True,True
1999-06-15,NZ31,6.9,211.0,51.27,5.15,INSLAB,0.8442841630076854,0.2398467891916391,texture_library::/records/1999-06-15__NZ31__ea219d048f,True,True
1999-06-15,PA34,6.9,198.0,51.27,0.5,INSLAB,-0.0687622271217211,-1.0244392356750762,texture_library::/records/1999-06-15__PA34__fb9855d4b6,True,True
1999-06-15,PD42,6.9,217.0,51.27,4.14,INSLAB,-6.060233462927013,-0.8268638163806582,texture_library::/records/1999-06-15__PD42__2d9cf63800,True,True
1999-06-15,PE10,6.9,218.0,51.27,2.06,INSLAB,-9.756741439003356,-2.5731805649477555,texture_library::/records/1999-06-15__PE10__b645f18f2a,True,True
1999-06-15,RM48,6.9,221.0,51.27,2.85,INSLAB,-8.905299035844457,2.145393500390112,texture_library::/records/1999-06-15__RM48__268a8ce394,True,True
1999-06-15,SCT,6.9,219.0,51.27,1.92,INSLAB,-11.199874598589693,-2.247066855994022,texture_library::/records/1999-06-15__SCT__b80a216b7c,True,True
1999-06-15,SI53,6.9,218.0,51.27,1.34,INSLAB,-11.115686598178153,-4.0598817611107485,texture_library::/records/1999-06-15__SI53__b372140dc9,True,True
1999-06-15,SP51,6.9,215.0,51.27,1.96,INSLAB,-7.229936810614734,-4.350154420608628,texture_library::/records/1999-06-15__SP51__16aa1716df,True,True
1999-06-15,TH35,6.9,199.0,51.27,4.52,INSLAB,3.0170663931486006,-12.669528139148472,texture_library::/records/1999-06-15__TH35__43d002f6a1,True,True
1999-06-15,TL08,6.9,222.0,51.27,1.94,INSLAB,-9.780386546620626,3.659453014994984,texture_library::/records/1999-06-15__TL08__4bfcceacb3,True,True
1999-06-15,TL55,6.9,222.0,51.27,1.81,INSLAB,-10.90395957393322,2.266475502190848,texture_library::/records/1999-06-15__TL55__4aaac2c33c,True,True
1999-06-15,TP13,6.9,214.0,51.27,0.5,INSLAB,-1.892240519572618,-1.781782359044362,texture_library::/records/1999-06-15__TP13__c95d1f661d,True,True
1999-06-15,UC44,6.9,224.0,51.27,1.31,INSLAB,-12.475247362743678,1.9585284465111383,texture_library::/records/1999-06-15__UC44__39e942c7af,True,True
1999-06-15,VG09,6.9,222.0,51.27,2.34,INSLAB,-8.355635674471513,3.908313852184085,texture_library::/records/1999-06-15__VG09__9dc73affbe,True,True
1999-06-15,VM29,6.9,217.0,51.27,2.68,INSLAB,-8.677059120741497,-3.369305226754647,texture_library::/records/1999-06-15__VM29__1c6b176ffa,True,True
1999-06-15,XO36,6.9,207.0,51.27,3.47,INSLAB,-5.427249742393739,-12.063297886068256,texture_library::/records/1999-06-15__XO36__3d575a9622,True,True
1999-06-15,XP06,6.9,220.0,51.27,2.52,INSLAB,-9.984000917037472,0.5712561259134527,texture_library::/records/1999-06-15__XP06__3824f15669,True,True
1999-06-21,BA49,6.0,318.0,48.25,2.62,INSLAB,-11.144455130339262,-0.477439767932392,texture_library::/records/1999-06-21__BA49__ff284bde7a,True,True
1999-06-21,BL45,6.0,319.0,48.25,2.25,INSLAB,-11.437438133107406,1.1097493680382884,texture_library::/records/1999-06-21__BL45__d7026cdd18,True,True
1999-06-21,BO39,6.0,325.0,48.25,2.71,INSLAB,-6.310372707056011,4.730908133615803,texture_library::/records/1999-06-21__BO39__ca7aa8d6cf,True,True
1999-06-21,CA59,6.0,322.0,48.25,2.94,INSLAB,-7.5997227552372495,1.0941317238516624,texture_library::/records/1999-06-21__CA59__5b2d0009e2,True,True
1999-06-21,CDAO,6.0,321.0,48.25,2.97,INSLAB,-4.773923161236566,-3.4526399110251704,texture_library::/records/1999-06-21__CDAO__debe9cb760,True,True
1999-06-21,CI05,6.0,317.0,48.25,2.03,INSLAB,-12.30385813402496,0.4461727887494609,texture_library::/records/1999-06-21__CI05__d20fa1b59e,True,True
1999-06-21,CJ03,6.0,317.0,48.25,1.99,INSLAB,-11.90411010838801,-0.4592020539731351,texture_library::/records/1999-06-21__CJ03__48a0caa969,True,True
1999-06-21,CJ04,6.0,317.0,48.25,1.94,INSLAB,-11.90411008181751,-0.4592020529481758,texture_library::/records/1999-06-21__CJ04__6c47e8f5dd,True,True
1999-06-21,CO56,6.0,318.0,48.25,2.13,INSLAB,-12.10567571957529,0.7658252959987777,texture_library::/records/1999-06-21__CO56__538d3b989a,True,True
1999-06-21,DR16,6.0,320.0,48.25,0.55,INSLAB,-9.112065963837782,5.581541571209262,texture_library::/records/1999-06-21__DR16__1897bc9044,True,True
1999-06-21,DX37,6.0,314.0,48.25,0.97,INSLAB,-7.286399896574251,-5.758104864213284,texture_library::/records/1999-06-21__DX37__af32dc1c37,True,True
1999-06-21,EO30,6.0,314.0,48.25,0.54,INSLAB,-7.334128990271277,-1.3774633304504151,texture_library::/records/1999-06-21__EO30__cb28d12ffc,True,True
1999-06-21,ES57,6.0,315.0,48.25,0.83,INSLAB,-11.800712858965271,-1.0857850413414338,texture_library::/records/1999-06-21__ES57__af6d507c19,True,True
1999-06-21,GA62,6.0,320.0,48.25,2.09,INSLAB,-10.51805664527207,2.561852612232282,texture_library::/records/1999-06-21__GA62__00814903f2,True,True
1999-06-21,GC38,6.0,317.0,48.25,1.65,INSLAB,-5.635114823323498,-8.1240464538335,texture_library::/records/1999-06-21__GC38__a78e4f7205,True,True
1999-06-21,GR27,6.0,319.0,48.25,0.77,INSLAB,-13.081555759766507,5.718929426635629,texture_library::/records/1999-06-21__GR27__8dcaf50284,True,True
1999-06-21,HJ72,6.0,321.0,48.25,2.18,INSLAB,-9.270842461868616,1.0668378360199853,texture_library::/records/1999-06-21__HJ72__0163afeb4e,True,True
1999-06-21,IB22,6.0,316.0,48.25,1.39,INSLAB,-8.120310015807739,-6.196133997737917,texture_library::/records/1999-06-21__IB22__0b40c7beec,True,True
1999-06-21,JC54,6.0,315.0,48.25,1.11,INSLAB,-7.667303209768966,-8.81679809241006,texture_library::/records/1999-06-21__JC54__6e3ec6b002,True,True
1999-06-21,LI58,6.0,318.0,48.25,2.13,INSLAB,-12.034031307791242,1.186116528476593,texture_library::/records/1999-06-21__LI58__348059d9bc,True,True
1999-06-21,MT50,6.0,315.0,48.25,0.55,INSLAB,-7.701912016233397,0.5481013995339424,texture_library::/records/1999-06-21__MT50__9a1aa149a6,True,True
1999-06-21,MY19,6.0,324.0,48.25,2.62,INSLAB,-0.6569390823111774,-5.2794269166390215,texture_library::/records/1999-06-21__MY19__281530fe67,True,True
1999-06-21,SI53,6.0,316.0,48.25,1.42,INSLAB,-11.115786285072849,-4.05991817064803,texture_library::/records/1999-06-21__SI53__c2db98c542,True,True
1999-06-21,SP51,6.0,318.0,48.25,2.05,INSLAB,-7.229936828365827,-4.350154431289218,texture_library::/records/1999-06-21__SP51__09efb56cc0,True,True
1999-06-21,TL08,6.0,322.0,48.25,2.13,INSLAB,-9.780386587923076,3.659453030448808,texture_library::/records/1999-06-21__TL08__3c98163eec,True,True
1999-06-21,TL55,6.0,320.0,48.25,1.76,INSLAB,-10.903959305649858,2.2664754464259973,texture_library::/records/1999-06-21__TL55__ac96daeaf6,True,True
1999-06-21,VG09,6.0,323.0,48.25,2.27,INSLAB,-8.355635674185988,3.908313852050533,texture_library::/records/1999-06-21__VG09__17f3a5a1f5,True,True
1999-06-21,VM29,6.0,319.0,48.25,2.62,INSLAB,-8.677059120738967,-3.3693052267536645,texture_library::/records/1999-06-21__VM29__db36a6dce0,True,True
1999-06-21,XO36,6.0,315.0,48.25,3.33,INSLAB,-5.427249742393739,-12.063297886068256,texture_library::/records/1999-06-21__XO36__7a4a4dc8d8,True,True
1999-06-21,XP06,6.0,320.0,48.25,2.62,INSLAB,-9.984000917052242,0.5712561259142978,texture_library::/records/1999-06-21__XP06__81b5800551,True,True
1999-09-30,AE02,7.4,417.0,32.77,4.64,INSLAB,-2.0085331487853244,1.2753805141322578,texture_library::/records/1999-09-30__AE02__3e843c0f44,True,True
1999-09-30,AL01,7.4,423.0,32.77,2.07,INSLAB,-11.15602683002157,2.2772449213445927,texture_library::/records/1999-09-30__AL01__25afdf2b8a,True,True
1999-09-30,AO24,7.4,416.0,32.77,1.07,INSLAB,-10.443937745135369,-5.181891116925765,texture_library::/records/1999-09-30__AO24__369973f370,True,True
1999-09-30,AP68,7.4,416.0,32.77,3.0,INSLAB,-6.489948338330159,-3.142668651666064,texture_library::/records/1999-09-30__AP68__2a4bb6568d,True,True
1999-09-30,BA49,7.4,420.0,32.77,2.57,INSLAB,-11.14445513033367,-0.4774397679321524,texture_library::/records/1999-09-30__BA49__d26fcfd29a,True,True
1999-09-30,BL45,7.4,422.0,32.77,2.39,INSLAB,-11.437438133818349,1.1097493681072697,texture_library::/records/1999-09-30__BL45__18686e2b5e,True,True
1999-09-30,BO39,7.4,423.0,32.77,2.71,INSLAB,-6.310372707056011,4.730908133615803,texture_library::/records/1999-09-30__BO39__d9dda2842d,True,True
1999-09-30,CA59,7.4,420.0,32.77,2.94,INSLAB,-7.5997227552372495,1.0941317238516624,texture_library::/records/1999-09-30__CA59__cc5f2ef225,True,True
1999-09-30,CDAO,7.4,414.0,32.77,3.0,INSLAB,-4.773923161236573,-3.452639911025176,texture_library::/records/1999-09-30__CDAO__d8476cada1,True,True
1999-09-30,CE23,7.4,421.0,32.77,4.59,INSLAB,-2.539406475663445,4.238898939306335,texture_library::/records/1999-09-30__CE23__d4be12ab65,True,True
1999-09-30,CE32,7.4,413.0,32.77,4.06,INSLAB,-1.6327928005164691,-2.459562475685759,texture_library::/records/1999-09-30__CE32__1807cadaa2,True,True
1999-09-30,CH84,7.4,412.0,32.77,1.32,INSLAB,-7.669162865346578,-7.50480074643431,texture_library::/records/1999-09-30__CH84__5db57c2372,True,True
1999-09-30,CI05,7.4,422.0,32.77,2.07,INSLAB,-12.30385814105173,0.4461727890042715,texture_library::/records/1999-09-30__CI05__6c7fa2d4c4,True,True
1999-09-30,CJ03,7.4,421.0,32.77,1.79,INSLAB,-11.904109732934703,-0.459202039489992,texture_library::/records/1999-09-30__CJ03__0d5ff3cf38,True,True
1999-09-30,CJ04,7.4,421.0,32.77,1.79,INSLAB,-11.904109732934703,-0.459202039489992,texture_library::/records/1999-09-30__CJ04__98878989cc,True,True
1999-09-30,CO47,7.4,418.0,32.77,0.57,INSLAB,-8.247299116754329,-2.779214467097899,texture_library::/records/1999-09-30__CO47__9ddc8eba35,True,True
1999-09-30,CO56,7.4,422.0,32.77,2.2,INSLAB,-12.105675722250382,0.7658252961680084,texture_library::/records/1999-09-30__CO56__0ca5b7f7c9,True,True
1999-09-30,CS78,7.4,421.0,32.77,0.5,INSLAB,-1.8137255746604573,-0.4820648016278808,texture_library::/records/1999-09-30__CS78__ca86703af5,True,True
1999-09-30,CU,7.4,415.0,30.67,0.5,INSLAB,-3.026095079642862,-1.8074289816621616,texture_library::/records/1999-09-30__CU__53e5518192,True,True
1999-09-30,DM12,7.4,420.0,32.77,3.55,INSLAB,-4.320086169971887,1.2092563126591631,texture_library::/records/1999-09-30__DM12__21c3dc7b3d,True,True
1999-09-30,DR16,7.4,431.0,32.77,0.54,INSLAB,-8.69151323707492,5.3239345107876215,texture_library::/records/1999-09-30__DR16__7dcb949d75,True,True
1999-09-30,DX37,7.4,413.0,32.77,1.0,INSLAB,-7.290954750397619,-5.761704354541621,texture_library::/records/1999-09-30__DX37__b25b49f0e7,True,True
1999-09-30,EO30,7.4,420.0,32.77,0.6,INSLAB,-9.20915985387987,-1.7296232476688982,texture_library::/records/1999-09-30__EO30__6cc0cdd38e,True,True
1999-09-30,ES57,7.4,421.0,32.77,0.88,INSLAB,-11.870768064173994,-1.0922308293877,texture_library::/records/1999-09-30__ES57__5c23133ab1,True,True
1999-09-30,GA62,7.4,423.0,32.77,2.05,INSLAB,-10.51805664067122,2.561852611111666,texture_library::/records/1999-09-30__GA62__0f51d244a9,True,True
1999-09-30,GC38,7.4,409.0,32.77,1.66,INSLAB,-5.635114977503501,-8.124046676112114,texture_library::/records/1999-09-30__GC38__9cce5c4c8c,True,True
1999-09-30,GR27,7.4,428.0,32.77,0.76,INSLAB,-13.032117759208322,5.697316367655612,texture_library::/records/1999-09-30__GR27__1253197c71,True,True
1999-09-30,HJ72,7.4,421.0,32.77,2.62,INSLAB,-9.270842463597202,1.0668378362189015,texture_library::/records/1999-09-30__HJ72__77bc5a9a95,True,True
1999-09-30,IB22,7.4,413.0,32.77,1.45,INSLAB,-8.120341409010292,-6.1961579520560734,texture_library::/records/1999-09-30__IB22__f34a89af0e,True,True
1999-09-30,JA43,7.4,419.0,32.77,3.0,INSLAB,-8.989972475521304,-0.9920573775952408,texture_library::/records/1999-09-30__JA43__24d446b558,True,True
1999-09-30,JC54,7.4,410.0,32.77,1.16,INSLAB,-7.668398356269701,-8.81805742510037,texture_library::/records/1999-09-30__JC54__36c1264f9d,True,True
1999-09-30,LI33,7.4,405.0,32.77,2.71,INSLAB,5.290780852652983,-8.520587419320044,texture_library::/records/1999-09-30__LI33__f55845e255,True,True
1999-09-30,LI58,7.4,423.0,32.77,2.11,INSLAB,-12.034031306451858,1.186116528344579,texture_library::/records/1999-09-30__LI58__88c97d2abc,True,True
1999-09-30,LV17,7.4,427.0,32.77,1.92,INSLAB,-7.406190251116576,6.522901162421533,texture_library::/records/1999-09-30__LV17__41625351a8,True,True
1999-09-30,MI15,7.4,407.0,32.77,1.3,INSLAB,-6.650601962237007,-10.12283764714199,texture_library::/records/1999-09-30__MI15__200b6de61a,True,True
1999-09-30,MT50,7.4,424.0,32.77,0.56,INSLAB,-8.04248433808827,0.5723380002452643,texture_library::/records/1999-09-30__MT50__064b5fb903,True,True
1999-09-30,MY19,7.4,409.0,32.77,2.76,INSLAB,-0.6569390823114714,-5.279426916641384,texture_library::/records/1999-09-30__MY19__f4d30289f4,True,True
1999-09-30,NZ20,7.4,412.0,32.77,4.41,INSLAB,2.954662778624839,-1.0588036317243277,texture_library::/records/1999-09-30__NZ20__c34704b6e8,True,True
1999-09-30,NZ31,7.4,415.0,32.77,5.15,INSLAB,0.8442841630076854,0.2398467891916391,texture_library::/records/1999-09-30__NZ31__73c7228f97,True,True
1999-09-30,PA34,7.4,395.0,32.77,0.5,INSLAB,-0.0687622271217211,-1.0244392356750762,texture_library::/records/1999-09-30__PA34__f9941188cc,True,True
1999-09-30,PD42,7.4,418.0,32.77,3.97,INSLAB,-6.060233462927013,-0.8268638163806582,texture_library::/records/1999-09-30__PD42__06f50dc883,True,True
1999-09-30,PE10,7.4,418.0,32.77,2.13,INSLAB,-9.756741444486074,-2.573180566393733,texture_library::/records/1999-09-30__PE10__f8b8951269,True,True
1999-09-30,RM48,7.4,422.0,32.77,2.57,INSLAB,-8.905299035835492,2.145393500387952,texture_library::/records/1999-09-30__RM48__c42f3182b0,True,True
1999-09-30,SCT,7.4,419.0,32.77,2.01,INSLAB,-11.1998746454632,-2.247066865398405,texture_library::/records/1999-09-30__SCT__f2420c1ede,True,True
1999-09-30,SI53,7.4,417.0,32.77,1.41,INSLAB,-11.115778823926435,-4.059915445546708,texture_library::/records/1999-09-30__SI53__daa80e5797,True,True
1999-09-30,SP51,7.4,415.0,32.77,2.07,INSLAB,-7.229936830156695,-4.35015443236676,texture_library::/records/1999-09-30__SP51__3b6e02b1fb,True,True
1999-09-30,TCYA,7.4,422.0,32.77,0.5,INSLAB,-5.2077931555998775,-0.3933502679433401,texture_library::/records/1999-09-30__TCYA__6b227995d5,True,True
1999-09-30,TH35,7.4,400.0,32.77,4.79,INSLAB,3.0170663931486006,-12.669528139148472,texture_library::/records/1999-09-30__TH35__0f3afaa5d6,True,True
1999-09-30,TL08,7.4,424.0,32.77,2.03,INSLAB,-9.780386577972138,3.659453026725541,texture_library::/records/1999-09-30__TL08__1dd7dcb2c5,True,True
1999-09-30,TL55,7.4,423.0,32.77,1.99,INSLAB,-10.903959831331653,2.266475555693177,texture_library::/records/1999-09-30__TL55__9c9fab1eaf,True,True
1999-09-30,TP13,7.4,411.0,32.77,0.5,INSLAB,-1.892240519572618,-1.781782359044362,texture_library::/records/1999-09-30__TP13__7e3662fb6a,True,True
1999-09-30,UC44,7.4,424.0,32.77,1.34,INSLAB,-12.475331261469156,1.9585416180367765,texture_library::/records/1999-09-30__UC44__150c35dcc4,True,True
1999-09-30,VG09,7.4,423.0,32.77,2.44,INSLAB,-8.355635674607786,3.908313852247826,texture_library::/records/1999-09-30__VG09__78c50e0166,True,True
1999-09-30,VM29,7.4,417.0,32.77,2.62,INSLAB,-8.677059120738967,-3.3693052267536645,texture_library::/records/1999-09-30__VM29__fe88576358,True,True
1999-09-30,XO36,7.4,405.0,32.77,3.44,INSLAB,-5.427249742393739,-12.063297886068256,texture_library::/records/1999-09-30__XO36__24e789a0d3,True,True
1999-09-30,XP06,7.4,421.0,32.77,2.54,INSLAB,-9.984000917042168,0.5712561259137213,texture_library::/records/1999-09-30__XP06__e3f30e5a50,True,True
2000-07-21,AE02,5.8,155.0,43.74,4.84,INSLAB,-2.0085331487853244,1.2753805141322578,texture_library::/records/2000-07-21__AE02__4ef580363b,True,True
2000-07-21,AL01,5.8,157.0,43.74,1.94,INSLAB,-11.156026787889138,2.2772449127442305,texture_library::/records/2000-07-21__AL01__d1f912d6dd,True,True
2000-07-21,AO24,5.8,149.0,43.74,1.03,INSLAB,-10.44025813740065,-5.180065433251694,texture_library::/records/2000-07-21__AO24__3138fe8d42,True,True
2000-07-21,AP68,5.8,151.0,43.74,3.1,INSLAB,-6.489948338330174,-3.142668651666072,texture_library::/records/2000-07-21__AP68__d1360a2282,True,True
2000-07-21,AU11,5.8,152.0,43.74,3.97,INSLAB,-4.942720163422353,-2.216871261233944,texture_library::/records/2000-07-21__AU11__8851ad916e,True,True
2000-07-21,BA49,5.8,154.0,43.74,2.62,INSLAB,-11.144455130339262,-0.477439767932392,texture_library::/records/2000-07-21__BA49__c0e697057f,True,True
2000-07-21,BL45,5.8,156.0,43.74,2.13,INSLAB,-11.437438129782944,1.1097493677157233,texture_library::/records/2000-07-21__BL45__2b46daad60,True,True
2000-07-21,CA59,5.8,155.0,43.74,2.79,INSLAB,-7.599722755236888,1.0941317238516104,texture_library::/records/2000-07-21__CA59__f5c605cb90,True,True
2000-07-21,CDAO,5.8,150.0,43.74,2.88,INSLAB,-4.77392316123651,-3.4526399110251305,texture_library::/records/2000-07-21__CDAO__2c1bbe9c5b,True,True
2000-07-21,CE32,5.8,151.0,43.74,3.93,INSLAB,-1.6327928005164691,-2.459562475685759,texture_library::/records/2000-07-21__CE32__c8512c4bab,True,True
2000-07-21,CH84,5.8,145.0,43.74,1.37,INSLAB,-7.669229486856276,-7.504865940141171,texture_library::/records/2000-07-21__CH84__8e7a9ec25d,True,True
2000-07-21,CI05,5.8,155.0,43.74,1.96,INSLAB,-12.303858107795351,0.4461727877983009,texture_library::/records/2000-07-21__CI05__319e7049ea,True,True
2000-07-21,CJ03,5.8,154.0,43.74,1.96,INSLAB,-11.904110094599304,-0.4592020534412346,texture_library::/records/2000-07-21__CJ03__c5f2318bf4,True,True
2000-07-21,CJ04,5.8,154.0,43.74,1.96,INSLAB,-11.904110094599304,-0.4592020534412346,texture_library::/records/2000-07-21__CJ04__71767aa41e,True,True
2000-07-21,CO56,5.8,155.0,43.74,2.06,INSLAB,-12.105675712772609,0.7658252955684286,texture_library::/records/2000-07-21__CO56__1715afcc2c,True,True
2000-07-21,CS78,5.8,151.0,43.74,0.5,INSLAB,-1.8137255746604573,-0.4820648016278808,texture_library::/records/2000-07-21__CS78__bbbb4fc8c9,True,True
2000-07-21,CU,5.9,146.0,45.23,0.5,INSLAB,-3.026095079642862,-1.8074289816621616,texture_library::/records/2000-07-21__CU__a87824e8f6,True,True
2000-07-21,DM12,5.8,156.0,43.74,3.55,INSLAB,-4.320086169971887,1.2092563126591631,texture_library::/records/2000-07-21__DM12__261798a159,True,True
2000-07-21,DR16,5.8,164.0,43.74,0.59,INSLAB,-10.598230835318851,6.49188298497453,texture_library::/records/2000-07-21__DR16__188fbaba03,True,True
2000-07-21,DX37,5.8,146.0,43.74,0.99,INSLAB,-7.289633241352387,-5.760660027058988,texture_library::/records/2000-07-21__DX37__d8b3168ce1,True,True
2000-07-21,EO30,5.8,152.0,43.74,0.57,INSLAB,-8.352230782171016,-1.5686786590692643,texture_library::/records/2000-07-21__EO30__538d3812a2,True,True
2000-07-21,ES57,5.8,154.0,43.74,0.87,INSLAB,-11.860171867195822,-1.0912558720006749,texture_library::/records/2000-07-21__ES57__fccde51cd5,True,True
2000-07-21,GA62,5.8,157.0,43.74,2.0,INSLAB,-10.518056630122429,2.561852608542327,texture_library::/records/2000-07-21__GA62__94e0efb06a,True,True
2000-07-21,GC38,5.8,144.0,43.74,1.7,INSLAB,-5.635115424327674,-8.124047320290707,texture_library::/records/2000-07-21__GC38__212f95fbdb,True,True
2000-07-21,HJ72,5.8,155.0,43.74,1.98,INSLAB,-9.270842438653784,1.066837833348549,texture_library::/records/2000-07-21__HJ72__147c4c2e73,True,True
2000-07-21,IB22,5.8,147.0,43.74,1.42,INSLAB,-8.12032881050156,-6.196148338870354,texture_library::/records/2000-07-21__IB22__2917ab884a,True,True
2000-07-21,JA43,5.8,153.0,43.74,2.79,INSLAB,-8.98997247552084,-0.99205737759519,texture_library::/records/2000-07-21__JA43__a0005e653d,True,True
2000-07-21,JC54,5.8,144.0,43.74,1.11,INSLAB,-7.667303209768966,-8.81679809241006,texture_library::/records/2000-07-21__JC54__74e22eeb4e,True,True
2000-07-21,LI33,5.8,143.0,43.74,2.85,INSLAB,5.290780852653697,-8.520587419321194,texture_library::/records/2000-07-21__LI33__484b93e97d,True,True
2000-07-21,LI58,5.8,156.0,43.74,2.03,INSLAB,-12.03403129554736,1.186116527269793,texture_library::/records/2000-07-21__LI58__014fa420e9,True,True
2000-07-21,LV17,5.8,163.0,43.74,1.94,INSLAB,-7.406190261499066,6.52290117156577,texture_library::/records/2000-07-21__LV17__ea749f9995,True,True
2000-07-21,MI15,5.8,141.0,43.74,1.32,INSLAB,-6.650638247273751,-10.122892876358543,texture_library::/records/2000-07-21__MI15__44becf2481,True,True
2000-07-21,MT50,5.8,156.0,43.74,0.6,INSLAB,-9.224621632201664,0.6564640073950693,texture_library::/records/2000-07-21__MT50__7db4f2c0f5,True,True
2000-07-21,MY19,5.8,146.0,43.74,2.76,INSLAB,-0.6569390823114714,-5.279426916641384,texture_library::/records/2000-07-21__MY19__a030933f83,True,True
2000-07-21,NZ20,5.8,152.0,43.74,4.84,INSLAB,2.954662778624839,-1.0588036317243277,texture_library::/records/2000-07-21__NZ20__198b9bc166,True,True
2000-07-21,NZ31,5.8,154.0,43.74,5.15,INSLAB,0.8442841630076854,0.2398467891916391,texture_library::/records/2000-07-21__NZ31__1e57203e04,True,True
2000-07-21,PA34,5.8,132.0,43.74,0.5,INSLAB,-0.0687622271217211,-1.0244392356750762,texture_library::/records/2000-07-21__PA34__4690d4893e,True,True
2000-07-21,PE10,5.8,152.0,43.74,2.11,INSLAB,-9.756741443400154,-2.573180566107339,texture_library::/records/2000-07-21__PE10__757280d3dc,True,True
2000-07-21,RI76,5.8,157.0,43.74,3.55,INSLAB,-4.8878583363419725,2.535345552004183,texture_library::/records/2000-07-21__RI76__7be0eb5485,True,True
2000-07-21,RM48,5.8,157.0,43.74,2.9,INSLAB,-8.905299035844564,2.145393500390137,texture_library::/records/2000-07-21__RM48__77bfa3f939,True,True
2000-07-21,SCT,5.8,152.0,43.74,1.85,INSLAB,-11.199874495092418,-2.2470668352290315,texture_library::/records/2000-07-21__SCT__ca09e597b0,True,True
2000-07-21,SI53,5.8,150.0,43.74,1.35,INSLAB,-11.115705571366677,-4.059888690858305,texture_library::/records/2000-07-21__SI53__d0263a18ee,True,True
2000-07-21,SP51,5.8,149.0,43.74,2.0,INSLAB,-7.229936821114762,-4.350154426926352,texture_library::/records/2000-07-21__SP51__e2e4592029,True,True
2000-07-21,TCYA,5.8,154.0,43.74,0.5,INSLAB,-5.2077931555998775,-0.3933502679433401,texture_library::/records/2000-07-21__TCYA__19395f74d0,True,True
2000-07-21,TH35,5.8,139.0,43.74,4.94,INSLAB,3.0170663931486006,-12.669528139148472,texture_library::/records/2000-07-21__TH35__9744400d77,True,True
2000-07-21,TL08,5.8,158.0,43.74,1.88,INSLAB,-9.780386491637454,3.659452994422348,texture_library::/records/2000-07-21__TL08__48991bbafb,True,True
2000-07-21,TP13,5.8,142.0,43.74,0.5,INSLAB,-1.892240519572618,-1.781782359044362,texture_library::/records/2000-07-21__TP13__346bc2ef15,True,True
2000-07-21,UC44,5.8,157.0,43.74,1.27,INSLAB,-12.475068054896088,1.958500296406377,texture_library::/records/2000-07-21__UC44__6887d26a73,True,True
2000-07-21,VG09,5.8,158.0,43.74,2.2,INSLAB,-8.3556356734599,3.908313851710908,texture_library::/records/2000-07-21__VG09__91eadeb543,True,True
2000-07-21,VM29,5.8,151.0,43.74,2.52,INSLAB,-8.67705912072613,-3.36930522674868,texture_library::/records/2000-07-21__VM29__5c6c0cc1ee,True,True
2000-07-21,XO36,5.8,139.0,43.74,3.52,INSLAB,-5.427249742393739,-12.063297886068256,texture_library::/records/2000-07-21__XO36__6801a999f0,True,True
2000-07-21,XP06,5.8,155.0,43.74,2.65,INSLAB,-9.984000917053988,0.5712561259143976,texture_library::/records/2000-07-21__XP06__4e8f25ee5d,True,True
2000-08-09,AE02,6.5,376.0,25.97,4.89,INTERPLATE,-2.0085331487853244,1.2753805141322578,texture_library::/records/2000-08-09__AE02__bca1c18cf3,True,True
2000-08-09,AL01,6.5,368.0,25.97,1.9,INTERPLATE,-11.15602675183118,2.2772449053838324,texture_library::/records/2000-08-09__AL01__e154afd634,True,True
2000-08-09,AO24,6.5,364.0,25.97,1.01,INTERPLATE,-10.437539356810415,-5.1787164760544,texture_library::/records/2000-08-09__AO24__cf4edf5dc7,True,True
2000-08-09,AP68,6.5,369.0,25.97,3.07,INTERPLATE,-6.489948338330171,-3.14266865166607,texture_library::/records/2000-08-09__AP68__f690c75a26,True,True
2000-08-09,AU11,6.5,372.0,25.97,4.36,INTERPLATE,-4.942720163422353,-2.216871261233944,texture_library::/records/2000-08-09__AU11__e056b3f5ba,True,True
2000-08-09,BA49,6.5,367.0,25.97,2.62,INTERPLATE,-11.144455130339262,-0.477439767932392,texture_library::/records/2000-08-09__BA49__3ac6360d78,True,True
2000-08-09,BL45,6.5,367.0,25.97,2.37,INTERPLATE,-11.437438133778604,1.1097493681034132,texture_library::/records/2000-08-09__BL45__f7973d5208,True,True
2000-08-09,CA59,6.5,370.0,25.97,2.88,INTERPLATE,-7.59972275523718,1.0941317238516524,texture_library::/records/2000-08-09__CA59__f8d51658aa,True,True
2000-08-09,CDAO,6.5,370.0,25.97,3.0,INTERPLATE,-4.773923161236573,-3.452639911025176,texture_library::/records/2000-08-09__CDAO__1d7c3dbd31,True,True
2000-08-09,CE23,6.5,377.0,25.97,4.89,INTERPLATE,-2.539406475663445,4.238898939306335,texture_library::/records/2000-08-09__CE23__92b9c0b60d,True,True
2000-08-09,CH84,6.5,366.0,25.97,1.34,INTERPLATE,-7.669194913611707,-7.504832107855143,texture_library::/records/2000-08-09__CH84__2c5743d2cc,True,True
2000-08-09,CJ04,6.5,366.0,25.97,1.9,INTERPLATE,-11.904110043341635,-0.4592020514639657,texture_library::/records/2000-08-09__CJ04__3522df72ab,True,True
2000-08-09,CO56,6.5,366.0,25.97,2.16,INTERPLATE,-12.10567572102879,0.7658252960907286,texture_library::/records/2000-08-09__CO56__477153a03f,True,True
2000-08-09,DM12,6.5,373.0,25.97,3.51,INTERPLATE,-4.320086169971887,1.2092563126591631,texture_library::/records/2000-08-09__DM12__81dbfe2211,True,True
2000-08-09,DR16,6.5,367.0,25.97,0.57,INTERPLATE,-9.8980430394174,6.062987133475302,texture_library::/records/2000-08-09__DR16__d0f808a98c,True,True
2000-08-09,ES57,6.5,364.0,25.97,0.82,INTERPLATE,-11.780334193991571,-1.0839099978711453,texture_library::/records/2000-08-09__ES57__9c99bf253e,True,True
2000-08-09,GC38,6.5,367.0,25.97,1.65,INTERPLATE,-5.635114823323498,-8.1240464538335,texture_library::/records/2000-08-09__GC38__0378db7845,True,True
2000-08-09,GR27,6.5,366.0,25.97,0.76,INTERPLATE,-13.032117759208322,5.697316367655612,texture_library::/records/2000-08-09__GR27__99e39d47cf,True,True
2000-08-09,HJ72,6.5,369.0,25.97,2.65,INTERPLATE,-9.27084246359882,1.0668378362190876,texture_library::/records/2000-08-09__HJ72__5b3dd7b4f8,True,True
2000-08-09,IB22,6.5,366.0,25.97,1.41,INTERPLATE,-8.12032335996836,-6.196144179887014,texture_library::/records/2000-08-09__IB22__ff7cff3cc6,True,True
2000-08-09,JA43,6.5,369.0,25.97,2.88,INTERPLATE,-8.989972475521187,-0.992057377595228,texture_library::/records/2000-08-09__JA43__4a6e14aee1,True,True
2000-08-09,JC54,6.5,365.0,25.97,1.11,INTERPLATE,-7.667303209768966,-8.81679809241006,texture_library::/records/2000-08-09__JC54__62f119d4bc,True,True
2000-08-09,LI33,6.5,413.0,25.97,2.74,INTERPLATE,5.29078085265326,-8.520587419320492,texture_library::/records/2000-08-09__LI33__1ed7ec18ea,True,True
2000-08-09,LI58,6.5,366.0,25.97,2.09,INTERPLATE,-12.03403130470315,1.18611652817222,texture_library::/records/2000-08-09__LI58__f2cafb8836,True,True
2000-08-09,LV17,6.5,372.0,25.97,1.73,INTERPLATE,-7.406189736789768,6.522900709435205,texture_library::/records/2000-08-09__LV17__675394d34e,True,True
2000-08-09,MI15,6.5,364.0,25.97,1.24,INTERPLATE,-6.650411989284025,-10.122548490555667,texture_library::/records/2000-08-09__MI15__b52f1f69e0,True,True
2000-08-09,MT50,6.5,363.0,25.97,0.55,INTERPLATE,-7.701912016233397,0.5481013995339424,texture_library::/records/2000-08-09__MT50__8d5d8e115e,True,True
2000-08-09,MY19,6.5,374.0,25.97,2.77,INTERPLATE,-0.656939082311478,-5.279426916641438,texture_library::/records/2000-08-09__MY19__d5c7064628,True,True
2000-08-09,NZ20,6.5,381.0,25.97,4.82,INTERPLATE,2.954662778624839,-1.0588036317243277,texture_library::/records/2000-08-09__NZ20__50fb9945e3,True,True
2000-08-09,NZ31,6.5,379.0,25.97,5.26,INTERPLATE,0.8442841630076854,0.2398467891916391,texture_library::/records/2000-08-09__NZ31__f08de49bf3,True,True
2000-08-09,PD42,6.5,371.0,25.97,4.1,INTERPLATE,-6.060233462927013,-0.8268638163806582,texture_library::/records/2000-08-09__PD42__bbd86ea2dc,True,True
2000-08-09,PE10,6.5,367.0,25.97,2.07,INTERPLATE,-9.756741440131298,-2.573180565245232,texture_library::/records/2000-08-09__PE10__de526a541c,True,True
2000-08-09,RI76,6.5,373.0,25.97,3.27,INTERPLATE,-4.8878583363419725,2.535345552004183,texture_library::/records/2000-08-09__RI76__670379042e,True,True
2000-08-09,RM48,6.5,370.0,25.97,2.85,INTERPLATE,-8.905299035844457,2.145393500390112,texture_library::/records/2000-08-09__RM48__d7f0d8a117,True,True
2000-08-09,SI53,6.5,365.0,25.97,1.41,INTERPLATE,-11.115778823926435,-4.059915445546708,texture_library::/records/2000-08-09__SI53__df4a92e33c,True,True
2000-08-09,SP51,6.5,368.0,25.97,1.98,INTERPLATE,-7.22993681656063,-4.350154424186193,texture_library::/records/2000-08-09__SP51__edd184c3ee,True,True
2000-08-09,TH35,6.5,376.0,25.97,4.86,INTERPLATE,3.0170663931486006,-12.669528139148472,texture_library::/records/2000-08-09__TH35__fb4c15301e,True,True
2000-08-09,TL08,6.5,370.0,25.97,2.05,INTERPLATE,-9.780386581135124,3.659453027909012,texture_library::/records/2000-08-09__TL08__f5a4acb0d6,True,True
2000-08-09,TL55,6.5,368.0,25.97,1.75,INTERPLATE,-10.903959227008636,2.266475430079788,texture_library::/records/2000-08-09__TL55__55923888c4,True,True
2000-08-09,UC44,6.5,366.0,25.97,1.36,INTERPLATE,-12.475371191365124,1.9585478867571349,texture_library::/records/2000-08-09__UC44__8a15a24428,True,True
2000-08-09,VG09,6.5,371.0,25.97,2.2,INTERPLATE,-8.3556356734599,3.908313851710908,texture_library::/records/2000-08-09__VG09__7c822e36ef,True,True
2000-08-09,XO36,6.5,366.0,25.97,3.39,INTERPLATE,-5.427249742393739,-12.063297886068256,texture_library::/records/2000-08-09__XO36__c4ce0e7489,True,True
2003-01-22,AE02,7.5,514.0,19.79,4.74,INTERPLATE,-2.0085331487853244,1.2753805141322578,texture_library::/records/2003-01-22__AE02__dead9fef64,True,True
2003-01-22,AL01,7.5,505.0,19.79,1.85,INTERPLATE,-11.1560266691578,2.277244888507973,texture_library::/records/2003-01-22__AL01__c6622ede0e,True,True
2003-01-22,AO24,7.5,503.0,19.79,1.04,INTERPLATE,-10.441369050797334,-5.180616626910871,texture_library::/records/2003-01-22__AO24__6d2f435583,True,True
2003-01-22,AP68,7.5,508.0,19.79,2.91,INTERPLATE,-6.489948338330107,-3.14266865166604,texture_library::/records/2003-01-22__AP68__53bcfea738,True,True
2003-01-22,AU11,7.5,511.0,19.79,4.14,INTERPLATE,-4.942720163422353,-2.216871261233944,texture_library::/records/2003-01-22__AU11__1d056bb8ef,True,True
2003-01-22,BA49,7.5,505.0,19.79,2.65,INTERPLATE,-11.144455130341209,-0.4774397679324753,texture_library::/records/2003-01-22__BA49__79b6a25072,True,True
2003-01-22,BL45,7.5,505.0,19.79,2.27,INTERPLATE,-11.43743813330426,1.1097493680573889,texture_library::/records/2003-01-22__BL45__508a011d86,True,True
2003-01-22,BO39,7.5,510.0,19.79,2.6,INTERPLATE,-6.310372707052654,4.730908133613286,texture_library::/records/2003-01-22__BO39__9c7c140c11,True,True
2003-01-22,CA59,7.5,508.0,19.79,2.79,INTERPLATE,-7.599722755236888,1.0941317238516104,texture_library::/records/2003-01-22__CA59__631bf7eecb,True,True
2003-01-22,CDAO,7.5,510.0,19.79,2.88,INTERPLATE,-4.77392316123651,-3.4526399110251305,texture_library::/records/2003-01-22__CDAO__33b62b6fb4,True,True
2003-01-22,CE23,7.5,514.0,19.79,4.69,INTERPLATE,-2.539406475663445,4.238898939306335,texture_library::/records/2003-01-22__CE23__a88f86775d,True,True
2003-01-22,CE32,7.5,514.0,19.79,4.06,INTERPLATE,-1.6327928005164691,-2.459562475685759,texture_library::/records/2003-01-22__CE32__6e795ef325,True,True
2003-01-22,CH84,7.5,506.0,19.79,1.32,INTERPLATE,-7.669162865346578,-7.50480074643431,texture_library::/records/2003-01-22__CH84__7a71f7f5dd,True,True
2003-01-22,CI05,7.5,503.0,19.79,1.86,INTERPLATE,-12.303857987027824,0.4461727834189278,texture_library::/records/2003-01-22__CI05__48b3b5e03c,True,True
2003-01-22,CJ03,7.5,504.0,19.79,1.88,INTERPLATE,-11.904110014895236,-0.4592020503666434,texture_library::/records/2003-01-22__CJ03__27e4f9de0b,True,True
2003-01-22,CJ04,7.5,504.0,19.79,1.82,INTERPLATE,-11.904109865956976,-0.4592020446213375,texture_library::/records/2003-01-22__CJ04__09cc7d9940,True,True
2003-01-22,CO56,7.5,504.0,19.79,2.16,INTERPLATE,-12.10567572102879,0.7658252960907286,texture_library::/records/2003-01-22__CO56__09e2412daa,True,True
2003-01-22,CU,7.5,505.0,18.27,0.5,INTERPLATE,-3.026095079642862,-1.8074289816621616,texture_library::/records/2003-01-22__CU__662eb0e7c4,True,True
2003-01-22,DM12,7.5,510.0,19.79,3.51,INTERPLATE,-4.320086169971887,1.2092563126591631,texture_library::/records/2003-01-22__DM12__b4a7e3f551,True,True
2003-01-22,DR16,7.5,502.0,19.79,0.56,INTERPLATE,-9.514994153053411,5.828352826444281,texture_library::/records/2003-01-22__DR16__43282b8c85,True,True
2003-01-22,DX37,7.5,504.0,19.79,1.0,INTERPLATE,-7.290954750397619,-5.761704354541621,texture_library::/records/2003-01-22__DX37__3150d0dd56,True,True
2003-01-22,GA62,7.5,506.0,19.79,2.12,INTERPLATE,-10.518056647424777,2.5618526127566104,texture_library::/records/2003-01-22__GA62__a5bd06c86d,True,True
2003-01-22,GC38,7.5,508.0,19.79,1.7,INTERPLATE,-5.635115424327674,-8.124047320290707,texture_library::/records/2003-01-22__GC38__637007b882,True,True
2003-01-22,HJ72,7.5,507.0,19.79,2.14,INTERPLATE,-9.270842460647184,1.0668378358794297,texture_library::/records/2003-01-22__HJ72__dee317cb87,True,True
2003-01-22,IB22,7.5,506.0,19.79,1.34,INTERPLATE,-8.12025598701051,-6.196092771520358,texture_library::/records/2003-01-22__IB22__9aa4c60293,True,True
2003-01-22,JA43,7.5,507.0,19.79,2.76,INTERPLATE,-8.989972475520597,-0.9920573775951628,texture_library::/records/2003-01-22__JA43__db66a9b742,True,True
2003-01-22,JC54,7.5,506.0,19.79,1.08,INTERPLATE,-7.666196583400702,-8.815525558771336,texture_library::/records/2003-01-22__JC54__80e171f822,True,True
2003-01-22,LI58,7.5,504.0,19.79,2.18,INTERPLATE,-12.034031309923805,1.186116528686786,texture_library::/records/2003-01-22__LI58__59e7b67dd4,True,True
2003-01-22,MI15,7.5,506.0,19.79,1.27,INTERPLATE,-6.650525722442926,-10.122721603051229,texture_library::/records/2003-01-22__MI15__2f3fe4957c,True,True
2003-01-22,MT50,7.5,500.0,19.79,0.57,INTERPLATE,-8.366253813901974,0.5953788376952158,texture_library::/records/2003-01-22__MT50__038694fb70,True,True
2003-01-22,MY19,7.5,515.0,19.79,2.78,INTERPLATE,-0.6569390823114841,-5.279426916641487,texture_library::/records/2003-01-22__MY19__29963ac91d,True,True
2003-01-22,NZ20,7.5,520.0,19.79,4.45,INTERPLATE,2.954662778624839,-1.0588036317243277,texture_library::/records/2003-01-22__NZ20__04df074434,True,True
2003-01-22,NZ31,7.5,517.0,19.79,4.94,INTERPLATE,0.8442841630076854,0.2398467891916391,texture_library::/records/2003-01-22__NZ31__1d89f3d6f4,True,True
2003-01-22,PA34,7.5,513.0,19.79,0.5,INTERPLATE,-0.0687622271217211,-1.0244392356750762,texture_library::/records/2003-01-22__PA34__ca5f6b22a3,True,True
2003-01-22,PD42,7.5,509.0,19.79,4.06,INTERPLATE,-6.060233462927013,-0.8268638163806582,texture_library::/records/2003-01-22__PD42__b9f82b6fcc,True,True
2003-01-22,PE10,7.5,506.0,19.79,2.11,INTERPLATE,-9.756741443400154,-2.573180566107339,texture_library::/records/2003-01-22__PE10__020c36e8c3,True,True
2003-01-22,RI76,7.5,510.0,19.79,3.27,INTERPLATE,-4.8878583363419725,2.535345552004183,texture_library::/records/2003-01-22__RI76__a160a8e4f4,True,True
2003-01-22,RM48,7.5,507.0,19.79,2.42,INTERPLATE,-8.905299035776801,2.1453935003738125,texture_library::/records/2003-01-22__RM48__79be463cea,True,True
2003-01-22,SCT,7.5,504.0,19.79,1.81,INTERPLATE,-11.19987437490525,-2.247066811115493,texture_library::/records/2003-01-22__SCT__e76ae765b8,True,True
2003-01-22,SP51,7.5,507.0,19.79,1.94,INTERPLATE,-7.229936802851739,-4.35015441593774,texture_library::/records/2003-01-22__SP51__d8b42353ed,True,True
2003-01-22,TH35,7.5,519.0,19.79,4.45,INTERPLATE,3.0170663931486006,-12.669528139148472,texture_library::/records/2003-01-22__TH35__77bb3e887b,True,True
2003-01-22,TL08,7.5,506.0,19.79,2.04,INTERPLATE,-9.780386579658908,3.6594530273566654,texture_library::/records/2003-01-22__TL08__d8461ef92f,True,True
2003-01-22,UC44,7.5,503.0,19.79,1.31,INTERPLATE,-12.475247362743678,1.9585284465111383,texture_library::/records/2003-01-22__UC44__35ed1f5470,True,True
2003-01-22,VM29,7.5,507.0,19.79,2.52,INTERPLATE,-8.67705912072613,-3.36930522674868,texture_library::/records/2003-01-22__VM29__2a04a03ffd,True,True
2003-01-22,XO36,7.5,508.0,19.79,3.3,INTERPLATE,-5.427249742393739,-12.063297886068256,texture_library::/records/2003-01-22__XO36__41e33ba0d2,True,True
2003-01-22,XP06,7.5,506.0,19.79,2.65,INTERPLATE,-9.984000917053988,0.5712561259143976,texture_library::/records/2003-01-22__XP06__34a5eee0d2,True,True
2006-08-11,AL01,5.9,261.0,46.37,1.81,INSLAB,-11.156026549441169,2.277244864070591,texture_library::/records/2006-08-11__AL01__722e900c70,True,True
2006-08-11,BO39,5.9,266.0,46.37,2.44,INSLAB,-6.3103727070201785,4.730908133588939,texture_library::/records/2006-08-11__BO39__80f3145655,True,True
2006-08-11,CA59,5.9,263.0,46.37,2.68,INSLAB,-7.599722755235497,1.09413172385141,texture_library::/records/2006-08-11__CA59__fbc175da8b,True,True
2006-08-11,CH84,5.9,257.0,46.37,1.32,INSLAB,-7.669162865346578,-7.50480074643431,texture_library::/records/2006-08-11__CH84__ea056131ea,True,True
2006-08-11,CJ03,5.9,258.0,46.37,1.65,INSLAB,-11.904107527179278,-0.45920195440279,texture_library::/records/2006-08-11__CJ03__c0a8b93ab0,True,True
2006-08-11,CJ04,5.9,258.0,46.37,1.68,INSLAB,-11.904108387394777,-0.4592019875856755,texture_library::/records/2006-08-11__CJ04__1dd7042327,True,True
2006-08-11,CO56,5.9,259.0,46.37,2.09,INSLAB,-12.105675716468816,0.7658252958022568,texture_library::/records/2006-08-11__CO56__adedbbb900,True,True
2006-08-11,DX37,5.9,256.0,46.37,0.95,INSLAB,-7.282182739540497,-5.754772240040319,texture_library::/records/2006-08-11__DX37__6e2794cc79,True,True
2006-08-11,GR27,5.9,260.0,46.37,0.76,INSLAB,-13.032117759208322,5.697316367655612,texture_library::/records/2006-08-11__GR27__fa167235ae,True,True
2006-08-11,IB22,5.9,258.0,46.37,1.34,INSLAB,-8.12025598701051,-6.196092771520358,texture_library::/records/2006-08-11__IB22__fd43fa7ecc,True,True
2006-08-11,LV17,5.9,265.0,46.37,1.9,INSLAB,-7.249597587912072,6.453613441587616,texture_library::/records/2006-08-11__LV17__a3b4aefec2,True,True
2006-08-11,PD42,5.9,263.0,46.37,3.86,INSLAB,-6.098302792638885,-0.9294653378680124,texture_library::/records/2006-08-11__PD42__87b1be96a1,True,True
2006-08-11,TL55,5.9,262.0,46.37,1.73,INSLAB,-10.835557898025366,4.177829865541167,texture_library::/records/2006-08-11__TL55__f8965c1104,True,True
2006-08-11,UC44,5.9,259.0,46.37,1.28,INSLAB,-12.475122202650349,1.9585087972331705,texture_library::/records/2006-08-11__UC44__ad7de6701f,True,True
2006-08-11,VM29,5.9,260.0,46.37,2.32,INSLAB,-8.677059120492665,-3.369305226658026,texture_library::/records/2006-08-11__VM29__c706add47b,True,True
2007-04-13,AE02,5.9,258.0,37.73,4.55,INSLAB,-2.0085331487853244,1.2753805141322578,texture_library::/records/2007-04-13__AE02__2ff697364e,True,True
2007-04-13,AL01,5.9,254.0,37.73,1.92,INSLAB,-11.15602677224988,2.277244909551837,texture_library::/records/2007-04-13__AL01__ce39bc49fd,True,True
2007-04-13,AO24,5.9,246.0,37.73,1.01,INSLAB,-10.437539356810415,-5.1787164760544,texture_library::/records/2007-04-13__AO24__3913cc892e,True,True
2007-04-13,AP68,5.9,251.0,37.73,2.88,INSLAB,-6.489948338330073,-3.142668651666023,texture_library::/records/2007-04-13__AP68__cddd970cf6,True,True
2007-04-13,AU11,5.9,253.0,37.73,4.1,INSLAB,-4.942720163422353,-2.216871261233944,texture_library::/records/2007-04-13__AU11__457c9fbb76,True,True
2007-04-13,AU46,5.9,248.0,37.73,0.95,INSLAB,-11.766069194730925,-2.914223876164655,texture_library::/records/2007-04-13__AU46__18c1095f12,True,True
2007-04-13,BA49,5.9,252.0,37.73,2.44,INSLAB,-11.144455130280106,-0.4774397679298576,texture_library::/records/2007-04-13__BA49__b8c45f75b9,True,True
2007-04-13,BL45,5.9,253.0,37.73,2.34,INSLAB,-11.437438133695096,1.1097493680953108,texture_library::/records/2007-04-13__BL45__37d617a6d9,True,True
2007-04-13,BO39,5.9,259.0,37.73,2.42,INSLAB,-6.31037270700892,4.730908133580499,texture_library::/records/2007-04-13__BO39__9afd29ceca,True,True
2007-04-13,CA59,5.9,255.0,37.73,2.74,INSLAB,-7.599722755236492,1.094131723851553,texture_library::/records/2007-04-13__CA59__393c319ba0,True,True
2007-04-13,CE23,5.9,261.0,37.73,4.5,INSLAB,-2.539406475663445,4.238898939306335,texture_library::/records/2007-04-13__CE23__0a55496586,True,True
2007-04-13,CH84,5.9,245.0,37.73,1.3,INSLAB,-7.6691210233690095,-7.504759801195566,texture_library::/records/2007-04-13__CH84__8f7e0f12d8,True,True
2007-04-13,CI05,5.9,252.0,37.73,1.9,INSLAB,-12.303858054816418,0.4461727858771345,texture_library::/records/2007-04-13__CI05__cc93e85d7d,True,True
2007-04-13,CJ03,5.9,251.0,37.73,1.85,INSLAB,-11.904109955124474,-0.4592020480609812,texture_library::/records/2007-04-13__CJ03__d03c2b4601,True,True
2007-04-13,CJ04,5.9,251.0,37.73,1.85,INSLAB,-11.904109955124474,-0.4592020480609812,texture_library::/records/2007-04-13__CJ04__e99e72c05c,True,True
2007-04-13,CO47,5.9,247.0,37.73,0.57,INSLAB,-8.247299116754329,-2.779214467097899,texture_library::/records/2007-04-13__CO47__7f628f8fc1,True,True
2007-04-13,CO56,5.9,252.0,37.73,2.14,INSLAB,-12.105675720125628,0.765825296033593,texture_library::/records/2007-04-13__CO56__de63708721,True,True
2007-04-13,CS78,5.9,244.0,37.73,0.5,INSLAB,-1.8137255746604573,-0.4820648016278808,texture_library::/records/2007-04-13__CS78__1b7cba4ad7,True,True
2007-04-13,CU,5.3,244.0,39.78,0.5,INSLAB,-3.065599216619043,-1.85598127774076,texture_library::/records/2007-04-13__CU__09c1cbba83,True,True
2007-04-13,DM12,5.9,256.0,37.73,3.33,INSLAB,-4.320086169971887,1.2092563126591631,texture_library::/records/2007-04-13__DM12__2c4577541a,True,True
2007-04-13,DR16,5.9,259.0,37.73,0.57,INSLAB,-9.894920916662546,5.990977832411938,texture_library::/records/2007-04-13__DR16__3b1387d6d6,True,True
2007-04-13,DX37,5.9,244.0,37.73,1.0,INSLAB,-7.290954750397619,-5.761704354541621,texture_library::/records/2007-04-13__DX37__25c237f3b4,True,True
2007-04-13,EO30,5.9,248.0,37.73,0.6,INSLAB,-9.20915985387987,-1.7296232476688982,texture_library::/records/2007-04-13__EO30__04229e078c,True,True
2007-04-13,ES57,5.9,250.0,37.73,0.8,INSLAB,-11.73073825603746,-1.0793466695209464,texture_library::/records/2007-04-13__ES57__5f0cc967d7,True,True
2007-04-13,GA62,5.9,255.0,37.73,1.88,INSLAB,-10.518056544423333,2.561852587668847,texture_library::/records/2007-04-13__GA62__db7687f5e0,True,True
2007-04-13,GC38,5.9,245.0,37.73,1.58,INSLAB,-5.635112917518704,-8.12404370626807,texture_library::/records/2007-04-13__GC38__e3ee9f60de,True,True
2007-04-13,GR27,5.9,257.0,37.73,0.73,INSLAB,-12.840912298325874,5.613726116094157,texture_library::/records/2007-04-13__GR27__cc866aa492,True,True
2007-04-13,HJ72,5.9,254.0,37.73,1.86,INSLAB,-9.27084234003224,1.0668378219997217,texture_library::/records/2007-04-13__HJ72__44774a49d4,True,True
2007-04-13,IB22,5.9,246.0,37.73,1.38,INSLAB,-8.120301884608022,-6.196127793294625,texture_library::/records/2007-04-13__IB22__274859b071,True,True
2007-04-13,JA43,5.9,252.0,37.73,2.88,INSLAB,-8.989972475521187,-0.992057377595228,texture_library::/records/2007-04-13__JA43__74ab3189d0,True,True
2007-04-13,JC54,5.9,243.0,37.73,1.07,INSLAB,-7.665717918014575,-8.814975131072334,texture_library::/records/2007-04-13__JC54__495131fe2e,True,True
2007-04-13,LI58,5.9,253.0,37.73,1.97,INSLAB,-12.034031275170769,1.1861165252614043,texture_library::/records/2007-04-13__LI58__19e4dad6e0,True,True
2007-04-13,LV17,5.9,261.0,37.73,1.82,INSLAB,-7.249597479884896,6.453613345421501,texture_library::/records/2007-04-13__LV17__faa1c6b10b,True,True
2007-04-13,MI15,5.9,241.0,37.73,1.26,INSLAB,-6.650492739044925,-10.12267139923736,texture_library::/records/2007-04-13__MI15__88441cf013,True,True
2007-04-13,MT50,5.9,251.0,37.73,0.56,INSLAB,-8.04248433808827,0.5723380002452643,texture_library::/records/2007-04-13__MT50__e3d2a75bb3,True,True
2007-04-13,NZ31,5.9,258.0,37.73,5.04,INSLAB,0.8442841630076854,0.2398467891916391,texture_library::/records/2007-04-13__NZ31__df12a0ea1e,True,True
2007-04-13,PA34,5.9,237.0,37.73,0.5,INSLAB,-0.0687622271217211,-1.0244392356750762,texture_library::/records/2007-04-13__PA34__8d94923542,True,True
2007-04-13,PD42,5.9,254.0,37.73,3.97,INSLAB,-6.098302792638885,-0.9294653378680124,texture_library::/records/2007-04-13__PD42__44b7090429,True,True
2007-04-13,PE10,5.9,250.0,37.73,2.03,INSLAB,-9.526261083529135,-3.43427486730548,texture_library::/records/2007-04-13__PE10__7053cfd13a,True,True
2007-04-13,RM48,5.9,255.0,37.73,2.7,INSLAB,-8.905299035843054,2.145393500389773,texture_library::/records/2007-04-13__RM48__2b2f43586f,True,True
2007-04-13,SCT,5.9,250.0,37.73,1.92,INSLAB,-11.199874598589693,-2.247066855994022,texture_library::/records/2007-04-13__SCT__2fb24980fb,True,True
2007-04-13,SI53,5.9,248.0,37.73,1.39,INSLAB,-11.115760557321586,-4.059908773871035,texture_library::/records/2007-04-13__SI53__1479a55361,True,True
2007-04-13,SP51,5.9,249.0,37.73,1.85,INSLAB,-7.229936725904984,-4.350154369639926,texture_library::/records/2007-04-13__SP51__24ae267d3c,True,True
2007-04-13,TH35,5.9,247.0,37.73,4.74,INSLAB,3.0170663931486006,-12.669528139148472,texture_library::/records/2007-04-13__TH35__696246ffdd,True,True
2007-04-13,TL08,5.9,256.0,37.73,1.9,INSLAB,-9.780386515008946,3.659453003167081,texture_library::/records/2007-04-13__TL08__ad4c44351a,True,True
2007-04-13,TL55,5.9,256.0,37.73,1.88,INSLAB,-10.83555860478137,4.177830138042719,texture_library::/records/2007-04-13__TL55__f415ce4736,True,True
2007-04-13,TP13,5.9,239.0,37.73,0.5,INSLAB,-1.892240519572618,-1.781782359044362,texture_library::/records/2007-04-13__TP13__a0e235a59c,True,True
2007-04-13,UC44,5.9,253.0,37.73,1.31,INSLAB,-12.475247362743678,1.9585284465111383,texture_library::/records/2007-04-13__UC44__2dc082b1e1,True,True
2007-04-13,VG09,5.9,257.0,37.73,2.29,INSLAB,-8.355635674296135,3.908313852102053,texture_library::/records/2007-04-13__VG09__1287360292,True,True
2007-04-13,VM29,5.9,250.0,37.73,2.42,INSLAB,-8.677059120677425,-3.3693052267297685,texture_library::/records/2007-04-13__VM29__3b97926787,True,True
2007-04-13,XO36,5.9,241.0,37.73,3.44,INSLAB,-5.427249742393739,-12.063297886068256,texture_library::/records/2007-04-13__XO36__5eb55f8aba,True,True
2008-04-28,AL01,5.8,207.0,52.22,1.86,INSLAB,-11.156026690366607,2.277244892837261,texture_library::/records/2008-04-28__AL01__904f09cff1,True,True
2008-04-28,AU11,5.8,206.0,52.22,3.97,INSLAB,-4.942720163422353,-2.216871261233944,texture_library::/records/2008-04-28__AU11__a324443410,True,True
2008-04-28,AU46,5.8,201.0,52.22,0.83,INSLAB,-11.652176631245776,-2.886014928696059,texture_library::/records/2008-04-28__AU46__8a8cbdc33a,True,True
2008-04-28,BA49,5.8,205.0,52.22,2.39,INSLAB,-11.144455130218446,-0.4774397679272161,texture_library::/records/2008-04-28__BA49__7abd5fcc2d,True,True
2008-04-28,BL45,5.8,206.0,52.22,2.2,INSLAB,-11.437438132310373,1.109749367960954,texture_library::/records/2008-04-28__BL45__ed5f41c37b,True,True
2008-04-28,BO39,5.8,212.0,52.22,2.54,INSLAB,-6.310372707047307,4.730908133609278,texture_library::/records/2008-04-28__BO39__c45f5bbef3,True,True
2008-04-28,CI05,5.8,204.0,52.22,1.92,INSLAB,-12.303858077335974,0.4461727866937575,texture_library::/records/2008-04-28__CI05__e81f191e7b,True,True
2008-04-28,CJ03,5.8,204.0,52.22,1.73,INSLAB,-11.904109238442306,-0.459202020414906,texture_library::/records/2008-04-28__CJ03__1047ca55a9,True,True
2008-04-28,GC38,5.8,198.0,52.22,1.58,INSLAB,-5.635112917518704,-8.12404370626807,texture_library::/records/2008-04-28__GC38__9171e90d83,True,True
2008-04-28,GR27,5.8,209.0,52.22,0.73,INSLAB,-12.840912298325874,5.613726116094157,texture_library::/records/2008-04-28__GR27__b548abab67,True,True
2008-04-28,JC54,5.8,197.0,52.22,1.08,INSLAB,-7.666196583400702,-8.815525558771336,texture_library::/records/2008-04-28__JC54__fe3b05303f,True,True
2008-04-28,LV17,5.8,213.0,52.22,1.52,INSLAB,-7.249588651520031,6.453605486384711,texture_library::/records/2008-04-28__LV17__07021c12dd,True,True
2008-04-28,MI15,5.8,194.0,52.22,1.37,INSLAB,-6.6506960209275725,-10.122980813258277,texture_library::/records/2008-04-28__MI15__3709dd9508,True,True
2008-04-28,PE10,5.8,203.0,52.22,2.05,INSLAB,-9.52626108660994,-3.434274868416128,texture_library::/records/2008-04-28__PE10__9db89052ee,True,True
2008-04-28,TL55,5.8,209.0,52.22,1.88,INSLAB,-10.83555860478137,4.177830138042719,texture_library::/records/2008-04-28__TL55__5cb10bc410,True,True
2008-04-28,UC44,5.8,206.0,52.22,1.22,INSLAB,-12.47465695884083,1.9584357571395343,texture_library::/records/2008-04-28__UC44__9fe173f2d8,True,True
2008-04-28,VG09,5.8,210.0,52.22,2.13,INSLAB,-8.355635671613486,3.908313850847255,texture_library::/records/2008-04-28__VG09__39e58a070a,True,True
2008-04-28,VM29,5.8,203.0,52.22,2.29,INSLAB,-8.677059120369268,-3.3693052266101104,texture_library::/records/2008-04-28__VM29__9f7d5a488c,True,True
2008-04-28,XO36,5.8,194.0,52.22,3.43,INSLAB,-5.427249742393739,-12.063297886068256,texture_library::/records/2008-04-28__XO36__a81a7d14ee,True,True
2009-05-22,AE02,5.6,168.0,41.27,4.55,INSLAB,-2.0085331487853244,1.2753805141322578,texture_library::/records/2009-05-22__AE02__86f820d88d,True,True
2009-05-22,AL01,5.6,173.0,41.27,1.85,INSLAB,-11.1560266691578,2.277244888507973,texture_library::/records/2009-05-22__AL01__8183adcd0f,True,True
2009-05-22,AO24,5.6,166.0,41.27,1.04,INSLAB,-10.441369050797334,-5.180616626910871,texture_library::/records/2009-05-22__AO24__f2fb897da5,True,True
2009-05-22,AU11,5.6,166.0,41.27,4.04,INSLAB,-4.942720163422353,-2.216871261233944,texture_library::/records/2009-05-22__AU11__e08d3a1e66,True,True
2009-05-22,AU46,5.6,169.0,41.27,0.94,INSLAB,-11.76192109157763,-2.913196472615512,texture_library::/records/2009-05-22__AU46__ebcd15dd0d,True,True
2009-05-22,BA49,5.6,170.0,41.27,2.52,INSLAB,-11.144455130322774,-0.4774397679316856,texture_library::/records/2009-05-22__BA49__6768046368,True,True
2009-05-22,BL45,5.6,172.0,41.27,2.34,INSLAB,-11.437438133695096,1.1097493680953108,texture_library::/records/2009-05-22__BL45__0fdb8be658,True,True
2009-05-22,BO39,5.6,174.0,41.27,2.47,INSLAB,-6.310372707032324,4.730908133598045,texture_library::/records/2009-05-22__BO39__e279cf2e80,True,True
2009-05-22,CDAO,5.6,164.0,41.27,2.85,INSLAB,-4.773923161236471,-3.452639911025102,texture_library::/records/2009-05-22__CDAO__da05b4a1d8,True,True
2009-05-22,CE23,5.6,172.0,41.27,4.45,INSLAB,-2.539406475663445,4.238898939306335,texture_library::/records/2009-05-22__CE23__15aa1fee25,True,True
2009-05-22,CE32,5.6,164.0,41.27,3.79,INSLAB,-1.6327928005164691,-2.459562475685759,texture_library::/records/2009-05-22__CE32__358a9a6dfd,True,True
2009-05-22,CI05,5.6,172.0,41.27,1.86,INSLAB,-12.303857987027824,0.4461727834189278,texture_library::/records/2009-05-22__CI05__a94468e9a6,True,True
2009-05-22,CJ03,5.6,171.0,41.27,1.81,INSLAB,-11.904109827380072,-0.4592020431332301,texture_library::/records/2009-05-22__CJ03__cb6d822da9,True,True
2009-05-22,CJ04,5.6,171.0,41.27,1.81,INSLAB,-11.904109827380072,-0.4592020431332301,texture_library::/records/2009-05-22__CJ04__eb7d969d0d,True,True
2009-05-22,CO47,5.6,168.0,41.27,0.51,INSLAB,-6.127685825068308,-2.0649369998311244,texture_library::/records/2009-05-22__CO47__b0dd9f7a38,True,True
2009-05-22,CO56,5.6,172.0,41.27,2.05,INSLAB,-12.105675711173502,0.7658252954672665,texture_library::/records/2009-05-22__CO56__24f75ffd77,True,True
2009-05-22,CP28,5.6,170.0,41.57,0.5,INSLAB,-1.3233287542997667,0.6825766347070873,texture_library::/records/2009-05-22__CP28__d0e2de3d16,True,True
2009-05-22,CS78,5.6,170.0,41.27,0.5,INSLAB,-1.8137255746604573,-0.4820648016278808,texture_library::/records/2009-05-22__CS78__e01cd36a43,True,True
2009-05-22,CU,5.6,168.0,55.67,0.5,INSLAB,-3.065599216619043,-1.85598127774076,texture_library::/records/2009-05-22__CU__6aea89017d,True,True
2009-05-22,DM12,5.6,170.0,41.27,3.33,INSLAB,-4.320086169971887,1.2092563126591631,texture_library::/records/2009-05-22__DM12__14f4174d35,True,True
2009-05-22,DX37,5.6,163.0,41.27,0.91,INSLAB,-7.269517623780489,-5.744763584778643,texture_library::/records/2009-05-22__DX37__5fc09b946a,True,True
2009-05-22,EO30,5.6,170.0,41.27,0.54,INSLAB,-7.334128990271277,-1.3774633304504151,texture_library::/records/2009-05-22__EO30__0d6fcc45f3,True,True
2009-05-22,ES57,5.6,171.0,41.27,0.83,INSLAB,-11.800712858965271,-1.0857850413414338,texture_library::/records/2009-05-22__ES57__d710a9ba3a,True,True
2009-05-22,GC38,5.6,160.0,41.27,1.6,INSLAB,-5.63511365272757,-8.12404476620583,texture_library::/records/2009-05-22__GC38__049c05c6be,True,True
2009-05-22,GR27,5.6,178.0,41.27,0.76,INSLAB,-13.032117759208322,5.697316367655612,texture_library::/records/2009-05-22__GR27__b13079280a,True,True
2009-05-22,HJ72,5.6,171.0,41.27,2.47,INSLAB,-9.270842463565836,1.0668378362152915,texture_library::/records/2009-05-22__HJ72__6726b8bae9,True,True
2009-05-22,IB22,5.6,163.0,41.27,1.33,INSLAB,-8.120240149821806,-6.19608068708723,texture_library::/records/2009-05-22__IB22__fab7f96598,True,True
2009-05-22,JA43,5.6,169.0,41.27,2.57,INSLAB,-8.989972475512062,-0.992057377594221,texture_library::/records/2009-05-22__JA43__8cc9435f00,True,True
2009-05-22,JC54,5.6,160.0,41.27,1.13,INSLAB,-7.667829993122186,-8.81740385200202,texture_library::/records/2009-05-22__JC54__cf128d9fcf,True,True
2009-05-22,LI33,5.6,149.0,41.27,2.49,INSLAB,5.290780852637969,-8.520587419295866,texture_library::/records/2009-05-22__LI33__00d44046b3,True,True
2009-05-22,LI58,5.6,172.0,41.27,1.98,INSLAB,-12.034031279789753,1.186116525716668,texture_library::/records/2009-05-22__LI58__b8ed2238ec,True,True
2009-05-22,MI15,5.6,157.0,41.27,1.26,INSLAB,-6.650492739044925,-10.12267139923736,texture_library::/records/2009-05-22__MI15__ec49608c55,True,True
2009-05-22,PA34,5.6,146.0,41.27,0.5,INSLAB,-0.0687622271217211,-1.0244392356750762,texture_library::/records/2009-05-22__PA34__0c9d55786f,True,True
2009-05-22,PD42,5.6,168.0,41.27,3.85,INSLAB,-6.098302792638885,-0.9294653378680124,texture_library::/records/2009-05-22__PD42__ecfb6223fd,True,True
2009-05-22,PE10,5.6,167.0,41.27,2.09,INSLAB,-9.526261090776954,-3.4342748699183616,texture_library::/records/2009-05-22__PE10__0a1bd78889,True,True
2009-05-22,RI76,5.6,172.0,41.27,3.37,INSLAB,-4.8878583363419725,2.535345552004183,texture_library::/records/2009-05-22__RI76__5f13b10f71,True,True
2009-05-22,RM48,5.6,172.0,41.27,2.25,INSLAB,-8.905299035189874,2.1453935002324145,texture_library::/records/2009-05-22__RM48__39f531dc8f,True,True
2009-05-22,SCT,5.6,169.0,41.27,1.88,INSLAB,-11.341993040661652,-2.027951400926512,texture_library::/records/2009-05-22__SCT__c37d353c59,True,True
2009-05-22,SI53,5.6,167.0,41.27,1.34,INSLAB,-11.115686598178153,-4.0598817611107485,texture_library::/records/2009-05-22__SI53__2a7dbe8891,True,True
2009-05-22,SP51,5.6,165.0,41.27,1.83,INSLAB,-7.229936692254252,-4.35015434939274,texture_library::/records/2009-05-22__SP51__e9107ffbb4,True,True
2009-05-22,TL08,5.6,174.0,41.27,1.77,INSLAB,-9.780386158669568,3.65945286983828,texture_library::/records/2009-05-22__TL08__3453b3baa6,True,True
2009-05-22,TL55,5.6,174.0,41.27,1.55,INSLAB,-10.835549705330395,4.177826706711132,texture_library::/records/2009-05-22__TL55__2675cc3d79,True,True
2009-05-22,TP13,5.6,161.0,41.27,0.5,INSLAB,-1.892240519572618,-1.781782359044362,texture_library::/records/2009-05-22__TP13__4b0fe49a44,True,True
2009-05-22,UC44,5.6,174.0,41.27,1.23,INSLAB,-12.47476241774806,1.9584523134661345,texture_library::/records/2009-05-22__UC44__31d1a08cbd,True,True
2009-05-22,VG09,5.6,174.0,41.27,2.07,INSLAB,-8.355635667884073,3.9083138491028375,texture_library::/records/2009-05-22__VG09__c28945f081,True,True
2009-05-22,VM29,5.6,167.0,41.27,2.27,INSLAB,-8.677059120254883,-3.369305226565696,texture_library::/records/2009-05-22__VM29__9088362745,True,True
2009-05-22,XO36,5.6,155.0,41.27,3.24,INSLAB,-5.427249742393738,-12.063297886068254,texture_library::/records/2009-05-22__XO36__8018561ff7,True,True
2011-12-11,AE02,6.5,118.0,49.53,4.55,INSLAB,-2.0085331487853244,1.2753805141322578,texture_library::/records/2011-12-11__AE02__533dee034d,True,True
2011-12-11,AP68,6.5,203.0,49.53,2.85,INSLAB,-6.48994833833002,-3.1426686516659967,texture_library::/records/2011-12-11__AP68__22d0fc84f0,True,True
2011-12-11,AU11,6.5,205.0,49.53,3.81,INSLAB,-4.942720163422353,-2.216871261233944,texture_library::/records/2011-12-11__AU11__bf1a8540c7,True,True
2011-12-11,AU46,6.5,200.0,49.53,0.81,INSLAB,-11.609147182560765,-2.875357380736693,texture_library::/records/2011-12-11__AU46__81eceb671b,True,True
2011-12-11,BA49,6.5,204.0,49.53,2.39,INSLAB,-11.144455130218446,-0.4774397679272161,texture_library::/records/2011-12-11__BA49__cafc9ed8ce,True,True
2011-12-11,CA59,6.5,206.0,49.53,2.65,INSLAB,-7.599722755234607,1.094131723851282,texture_library::/records/2011-12-11__CA59__5db2bfb221,True,True
2011-12-11,CE23,6.5,213.0,49.53,4.55,INSLAB,-2.539406475663445,4.238898939306335,texture_library::/records/2011-12-11__CE23__bc554761a7,True,True
2011-12-11,CE32,6.5,206.0,49.53,4.02,INSLAB,-1.6327928005164691,-2.459562475685759,texture_library::/records/2011-12-11__CE32__4a17cb40c6,True,True
2011-12-11,CH84,6.5,197.0,49.53,1.28,INSLAB,-7.669066394953867,-7.5047063435525425,texture_library::/records/2011-12-11__CH84__418029241c,True,True
2011-12-11,CI05,6.5,204.0,49.53,1.92,INSLAB,-12.303858077335974,0.4461727866937575,texture_library::/records/2011-12-11__CI05__5765157599,True,True
2011-12-11,CJ03,6.5,203.0,49.53,1.75,INSLAB,-11.90410944863432,-0.4592020285230807,texture_library::/records/2011-12-11__CJ03__e3cdd23983,True,True
2011-12-11,CJ04,6.5,203.0,49.53,1.75,INSLAB,-11.90410944863432,-0.4592020285230807,texture_library::/records/2011-12-11__CJ04__63950f621a,True,True
2011-12-11,CO47,6.5,199.0,49.53,0.57,INSLAB,-8.247299116754329,-2.779214467097899,texture_library::/records/2011-12-11__CO47__92d82f180c,True,True
2011-12-11,CO56,6.5,204.0,49.53,2.07,INSLAB,-12.105675714172104,0.7658252956569629,texture_library::/records/2011-12-11__CO56__12f7ce0ded,True,True
2011-12-11,CS78,6.5,196.0,49.53,0.5,INSLAB,-1.8137255746604573,-0.4820648016278808,texture_library::/records/2011-12-11__CS78__52b330871d,True,True
2011-12-11,CU,6.5,176.0,47.49,0.5,INSLAB,-3.065599216619043,-1.85598127774076,texture_library::/records/2011-12-11__CU__647beee4d6,True,True
2011-12-11,DM12,6.5,208.0,49.53,3.16,INSLAB,-4.320086169971884,1.209256312659163,texture_library::/records/2011-12-11__DM12__8ec2ca8e37,True,True
2011-12-11,DR16,6.5,211.0,49.53,0.58,INSLAB,-10.256271927796208,6.209761379612999,texture_library::/records/2011-12-11__DR16__f28b753a78,True,True
2011-12-11,DX37,6.5,196.0,49.53,0.98,INSLAB,-7.288123830698324,-5.759467209624778,texture_library::/records/2011-12-11__DX37__8c6dcefb82,True,True
2011-12-11,EO30,6.5,200.0,49.53,0.58,INSLAB,-8.657244542642502,-1.6259649804428833,texture_library::/records/2011-12-11__EO30__d4e3c8ea7a,True,True
2011-12-11,GA62,6.5,207.0,49.53,1.94,INSLAB,-10.51805660355352,2.561852602071016,texture_library::/records/2011-12-11__GA62__54917290ab,True,True
2011-12-11,GC38,6.5,196.0,49.53,1.63,INSLAB,-5.635114445854498,-8.124045909643048,texture_library::/records/2011-12-11__GC38__dd4df3ca8f,True,True
2011-12-11,GR27,6.5,209.0,49.53,0.76,INSLAB,-13.032117759208322,5.697316367655612,texture_library::/records/2011-12-11__GR27__b6b366003b,True,True
2011-12-11,HJ72,6.5,206.0,49.53,1.92,INSLAB,-9.27084240807859,1.066837829830123,texture_library::/records/2011-12-11__HJ72__f10571d1d8,True,True
2011-12-11,IB22,6.5,198.0,49.53,1.34,INSLAB,-8.12025598701051,-6.196092771520358,texture_library::/records/2011-12-11__IB22__364b228244,True,True
2011-12-11,JA43,6.5,204.0,49.53,2.74,INSLAB,-8.989972475520373,-0.992057377595138,texture_library::/records/2011-12-11__JA43__b1905eb24d,True,True
2011-12-11,JC54,6.5,195.0,49.53,1.07,INSLAB,-7.665717918014575,-8.814975131072334,texture_library::/records/2011-12-11__JC54__56045eb14a,True,True
2011-12-11,LI58,6.5,205.0,49.53,2.0,INSLAB,-12.03403128736998,1.186116526463802,texture_library::/records/2011-12-11__LI58__a4cabcddc9,True,True
2011-12-11,LV17,6.5,213.0,49.53,1.68,INSLAB,-7.249596579441189,6.453612543843821,texture_library::/records/2011-12-11__LV17__7db202702f,True,True
2011-12-11,MI15,6.5,192.0,49.53,1.22,INSLAB,-6.650306564929888,-10.12238802483737,texture_library::/records/2011-12-11__MI15__7810b54e6a,True,True
2011-12-11,MT50,6.5,203.0,49.53,0.51,INSLAB,-6.216068336872217,0.4423623313090626,texture_library::/records/2011-12-11__MT50__a8a754b999,True,True
2011-12-11,MY19,6.5,202.0,49.53,2.6,INSLAB,-0.656939082311071,-5.279426916638166,texture_library::/records/2011-12-11__MY19__9eb643920a,True,True
2011-12-11,NZ20,6.5,210.0,49.53,4.31,INSLAB,2.954662778624839,-1.0588036317243277,texture_library::/records/2011-12-11__NZ20__80fa0a48d4,True,True
2011-12-11,NZ31,6.5,210.0,49.53,4.84,INSLAB,0.8442841630076854,0.2398467891916391,texture_library::/records/2011-12-11__NZ31__79ff7f4ea8,True,True
2011-12-11,PD42,6.5,205.0,49.53,3.85,INSLAB,-6.098302792638885,-0.9294653378680124,texture_library::/records/2011-12-11__PD42__08662d7b90,True,True
2011-12-11,PE10,6.5,201.0,49.53,2.07,INSLAB,-9.526261088969614,-3.434274869266804,texture_library::/records/2011-12-11__PE10__6c9f5650d6,True,True
2011-12-11,RI76,6.5,209.0,49.53,3.1,INSLAB,-4.887858336341968,2.535345552004181,texture_library::/records/2011-12-11__RI76__6e9072344a,True,True
2011-12-11,RM48,6.5,207.0,49.53,2.12,INSLAB,-8.905299032138828,2.145393499497381,texture_library::/records/2011-12-11__RM48__615f0cc80e,True,True
2011-12-11,SCT,6.5,202.0,49.53,1.73,INSLAB,-11.34199230087315,-2.027951268652129,texture_library::/records/2011-12-11__SCT__0af3f8a227,True,True
2011-12-11,SP51,6.5,200.0,49.53,1.86,INSLAB,-7.229936739649871,-4.350154377910038,texture_library::/records/2011-12-11__SP51__8029875d5b,True,True
2011-12-11,TCYA,6.5,201.0,49.53,0.5,INSLAB,-5.174619816030566,-0.3206296247287781,texture_library::/records/2011-12-11__TCYA__a3a479c5c3,True,True
2011-12-11,TH35,6.5,198.0,49.53,4.84,INSLAB,3.0170663931486006,-12.669528139148472,texture_library::/records/2011-12-11__TH35__2373786f24,True,True
2011-12-11,TL08,6.5,208.0,49.53,1.94,INSLAB,-9.780386546620626,3.659453014994984,texture_library::/records/2011-12-11__TL08__ddaff28d13,True,True
2011-12-11,TL55,6.5,208.0,49.53,1.61,INSLAB,-10.835554666913543,4.177828619732175,texture_library::/records/2011-12-11__TL55__b6a90a47bf,True,True
2011-12-11,TP13,6.5,191.0,49.53,0.5,INSLAB,-1.892240519572618,-1.781782359044362,texture_library::/records/2011-12-11__TP13__8d9aa2ffa7,True,True
2011-12-11,UC44,6.5,205.0,49.53,1.31,INSLAB,-12.475247362743678,1.9585284465111383,texture_library::/records/2011-12-11__UC44__c0b1a23616,True,True
2011-12-11,VG09,6.5,209.0,49.53,1.92,INSLAB,-8.355635624614258,3.908313828863562,texture_library::/records/2011-12-11__VG09__8ed1660e12,True,True
2011-12-11,VM29,6.5,202.0,49.53,2.22,INSLAB,-8.677059119791746,-3.3693052263858587,texture_library::/records/2011-12-11__VM29__8dafd7edfa,True,True
2011-12-11,XO36,6.5,192.0,49.53,3.3,INSLAB,-5.427249742393739,-12.063297886068256,texture_library::/records/2011-12-11__XO36__5b8e630c93,True,True
2011-12-11,XP06,6.5,205.0,49.53,2.42,INSLAB,-9.984000916981431,0.5712561259102463,texture_library::/records/2011-12-11__XP06__d02c584391,True,True
2012-03-20,AE02,7.5,326.0,14.82,4.64,INTERPLATE,-2.0085331487853244,1.2753805141322578,texture_library::/records/2012-03-20__AE02__ba7745256c,True,True
2012-03-20,AO24,7.5,320.0,14.82,1.06,INTERPLATE,-10.443192685056932,-5.181521445993572,texture_library::/records/2012-03-20__AO24__1945e72e21,True,True
2012-03-20,AU11,7.5,322.0,14.82,3.97,INTERPLATE,-4.942720163422353,-2.216871261233944,texture_library::/records/2012-03-20__AU11__5bd358ea57,True,True
2012-03-20,AU46,7.5,323.0,14.82,0.82,INTERPLATE,-11.632054473659156,-2.8810310661070875,texture_library::/records/2012-03-20__AU46__561208583d,True,True
2012-03-20,BA49,7.5,325.0,14.82,2.42,INTERPLATE,-11.14445513026022,-0.4774397679290059,texture_library::/records/2012-03-20__BA49__0c005470bb,True,True
2012-03-20,BL45,7.5,327.0,14.82,2.27,INTERPLATE,-11.43743813330426,1.1097493680573889,texture_library::/records/2012-03-20__BL45__b4db7b158e,True,True
2012-03-20,BO39,7.5,330.0,14.82,2.47,INTERPLATE,-6.310372707032324,4.730908133598045,texture_library::/records/2012-03-20__BO39__8bcba21285,True,True
2012-03-20,CA59,7.5,326.0,14.82,2.57,INTERPLATE,-7.599722755229467,1.094131723850542,texture_library::/records/2012-03-20__CA59__214227f6a1,True,True
2012-03-20,CE18,7.5,316.0,14.82,0.5,INTERPLATE,-1.0690035551595556,-1.6465276147283254,texture_library::/records/2012-03-20__CE18__178dd0fd25,True,True
2012-03-20,CE32,7.5,321.0,14.82,4.1,INTERPLATE,-1.6327928005164691,-2.459562475685759,texture_library::/records/2012-03-20__CE32__785b164f50,True,True
2012-03-20,CH84,7.5,316.0,14.82,1.3,INTERPLATE,-7.6691210233690095,-7.504759801195566,texture_library::/records/2012-03-20__CH84__df0fd558be,True,True
2012-03-20,CI05,7.5,326.0,14.82,1.95,INTERPLATE,-12.30385810162956,0.4461727875747118,texture_library::/records/2012-03-20__CI05__f9cb8ed5a9,True,True
2012-03-20,CJ03,7.5,325.0,14.82,1.97,INTERPLATE,-11.90411009982012,-0.459202053642628,texture_library::/records/2012-03-20__CJ03__5bf7a99108,True,True
2012-03-20,CJ04,7.5,325.0,14.82,1.9,INTERPLATE,-11.904110043341635,-0.4592020514639657,texture_library::/records/2012-03-20__CJ04__c9ae64ad1e,True,True
2012-03-20,CO47,7.5,321.0,14.82,0.6,INTERPLATE,-9.093462322794055,-3.0643586082839698,texture_library::/records/2012-03-20__CO47__768e040bce,True,True
2012-03-20,CO56,7.5,327.0,14.82,2.09,INTERPLATE,-12.105675716468816,0.7658252958022568,texture_library::/records/2012-03-20__CO56__b3c329c523,True,True
2012-03-20,CP28,7.5,327.0,14.82,0.5,INTERPLATE,-1.3233287542997667,0.6825766347070873,texture_library::/records/2012-03-20__CP28__cba62c911b,True,True
2012-03-20,CS78,7.5,322.0,14.82,0.5,INTERPLATE,-1.8137255746604573,-0.4820648016278808,texture_library::/records/2012-03-20__CS78__bb936a2e6c,True,True
2012-03-20,CU,7.5,318.0,7.67,0.5,INTERPLATE,-3.065599216619043,-1.85598127774076,texture_library::/records/2012-03-20__CU__114322c7df,True,True
2012-03-20,DM12,7.5,326.0,14.82,3.2,INTERPLATE,-4.320086169971886,1.2092563126591631,texture_library::/records/2012-03-20__DM12__760d073673,True,True
2012-03-20,DR16,7.5,336.0,14.82,0.58,INTERPLATE,-10.256271927796208,6.209761379612999,texture_library::/records/2012-03-20__DR16__44acf3d029,True,True
2012-03-20,DX37,7.5,316.0,14.82,0.91,INTERPLATE,-7.269517623780489,-5.744763584778643,texture_library::/records/2012-03-20__DX37__5c9b42c4c2,True,True
2012-03-20,EO30,7.5,323.0,14.82,0.58,INTERPLATE,-8.657244542642502,-1.6259649804428833,texture_library::/records/2012-03-20__EO30__d858cc2eff,True,True
2012-03-20,ES57,7.5,325.0,14.82,0.81,INTERPLATE,-11.757134891991294,-1.0817754272411748,texture_library::/records/2012-03-20__ES57__c7e0d3ea3a,True,True
2012-03-20,GC38,7.5,314.0,14.82,1.6,INTERPLATE,-5.63511365272757,-8.12404476620583,texture_library::/records/2012-03-20__GC38__66c47e9b7b,True,True
2012-03-20,GR27,7.5,333.0,14.82,0.75,INTERPLATE,-12.976083830289996,5.672819733549856,texture_library::/records/2012-03-20__GR27__f67679ebac,True,True
2012-03-20,HJ72,7.5,326.0,14.82,2.05,INTERPLATE,-9.270842453791412,1.066837835090505,texture_library::/records/2012-03-20__HJ72__a4be857f61,True,True
2012-03-20,IB22,7.5,318.0,14.82,1.39,INTERPLATE,-8.120310015807739,-6.196133997737917,texture_library::/records/2012-03-20__IB22__ceec8fd6fe,True,True
2012-03-20,JA43,7.5,324.0,14.82,2.71,INTERPLATE,-8.9899724755199,-0.992057377595086,texture_library::/records/2012-03-20__JA43__3603dfb5eb,True,True
2012-03-20,JC54,7.5,314.0,14.82,1.11,INTERPLATE,-7.667303209768966,-8.81679809241006,texture_library::/records/2012-03-20__JC54__b951e3cbfd,True,True
2012-03-20,LI58,7.5,327.0,14.82,2.07,INTERPLATE,-12.034031302420033,1.1861165279471877,texture_library::/records/2012-03-20__LI58__4845b48e34,True,True
2012-03-20,LV17,7.5,334.0,14.82,1.58,INTERPLATE,-7.249593603745429,6.453609894870562,texture_library::/records/2012-03-20__LV17__5c8238e291,True,True
2012-03-20,MI15,7.5,311.0,14.82,1.2,INTERPLATE,-6.65016892737848,-10.122178527622689,texture_library::/records/2012-03-20__MI15__b8f1bf1cbe,True,True
2012-03-20,MT50,7.5,328.0,14.82,0.56,INTERPLATE,-8.04248433808827,0.5723380002452643,texture_library::/records/2012-03-20__MT50__8eabbcb895,True,True
2012-03-20,MY19,7.5,316.0,14.82,2.62,INTERPLATE,-0.6569390823111774,-5.2794269166390215,texture_library::/records/2012-03-20__MY19__00183a1393,True,True
2012-03-20,NZ20,7.5,322.0,14.82,4.56,INTERPLATE,2.954662778624839,-1.0588036317243277,texture_library::/records/2012-03-20__NZ20__43d9e0cabf,True,True
2012-03-20,NZ31,7.5,324.0,14.82,5.15,INTERPLATE,0.8442841630076854,0.2398467891916391,texture_library::/records/2012-03-20__NZ31__330d42bf5b,True,True
2012-03-20,PA34,7.5,300.0,14.82,0.5,INTERPLATE,-0.0687622271217211,-1.0244392356750762,texture_library::/records/2012-03-20__PA34__5db1d5c45f,True,True
2012-03-20,PD42,7.5,324.0,14.82,3.93,INTERPLATE,-6.098302792638885,-0.9294653378680124,texture_library::/records/2012-03-20__PD42__f9945bd5d8,True,True
2012-03-20,PE10,7.5,322.0,14.82,2.09,INTERPLATE,-9.526261090776954,-3.4342748699183616,texture_library::/records/2012-03-20__PE10__4da40242d9,True,True
2012-03-20,RI76,7.5,328.0,14.82,3.18,INTERPLATE,-4.8878583363419725,2.5353455520041828,texture_library::/records/2012-03-20__RI76__04e2946119,True,True
2012-03-20,RM48,7.5,328.0,14.82,2.18,INTERPLATE,-8.905299034179533,2.1453934999890114,texture_library::/records/2012-03-20__RM48__2945fb5d34,True,True
2012-03-20,SCT,7.5,323.0,14.82,1.9,INTERPLATE,-11.341993067764802,-2.0279514057725625,texture_library::/records/2012-03-20__SCT__b88fc0080c,True,True
2012-03-20,SI53,7.5,321.0,14.82,1.31,INTERPLATE,-11.115611843294383,-4.059854457715095,texture_library::/records/2012-03-20__SI53__6cd9b0f43b,True,True
2012-03-20,SP51,7.5,320.0,14.82,1.93,INTERPLATE,-7.229936798121383,-4.350154413091548,texture_library::/records/2012-03-20__SP51__9c0927bb79,True,True
2012-03-20,TCYA,7.5,325.0,14.82,0.5,INTERPLATE,-5.174619816030566,-0.3206296247287781,texture_library::/records/2012-03-20__TCYA__ddb619de62,True,True
2012-03-20,TH35,7.5,308.0,14.82,4.01,INTERPLATE,3.0170663931486006,-12.669528139148472,texture_library::/records/2012-03-20__TH35__0d5bf493ca,True,True
2012-03-20,TL08,7.5,329.0,14.82,1.86,INTERPLATE,-9.780386461123518,3.65945298300518,texture_library::/records/2012-03-20__TL08__624f305d40,True,True
2012-03-20,TL55,7.5,330.0,14.82,1.51,INTERPLATE,-10.835543356799697,4.177824258929356,texture_library::/records/2012-03-20__TL55__bc49ba6654,True,True
2012-03-20,TP13,7.5,313.0,14.82,0.5,INTERPLATE,-1.892240519572618,-1.781782359044362,texture_library::/records/2012-03-20__TP13__59c6ba536c,True,True
2012-03-20,UC44,7.5,328.0,14.82,1.27,INTERPLATE,-12.475068054896088,1.958500296406377,texture_library::/records/2012-03-20__UC44__85191d4aa1,True,True
2012-03-20,VG09,7.5,329.0,14.82,2.16,INTERPLATE,-8.35563567261673,3.908313851316518,texture_library::/records/2012-03-20__VG09__3c36230644,True,True
2012-03-20,VM29,7.5,321.0,14.82,2.44,INTERPLATE,-8.677059120692906,-3.36930522673578,texture_library::/records/2012-03-20__VM29__2b301f1412,True,True
2012-03-20,XO36,7.5,309.0,14.82,3.39,INTERPLATE,-5.427249742393739,-12.063297886068256,texture_library::/records/2012-03-20__XO36__37e2d2f9ab,True,True
2012-03-20,XP06,7.5,326.0,14.82,2.39,INTERPLATE,-9.984000916944009,0.5712561259081049,texture_library::/records/2012-03-20__XP06__45aeb74dd0,True,True
2012-11-15,AL01,6.1,196.0,47.88,1.74,INSLAB,-11.156026102561595,2.2772447728504592,texture_library::/records/2012-11-15__AL01__f6c0507ac3,True,True
2012-11-15,AO24,6.1,190.0,47.88,0.97,INSLAB,-10.429363796243768,-5.174660068815096,texture_library::/records/2012-11-15__AO24__5ce30550bf,True,True
2012-11-15,AP68,6.1,195.0,47.88,3.0,INSLAB,-6.489948338330159,-3.142668651666064,texture_library::/records/2012-11-15__AP68__7645159a19,True,True
2012-11-15,AU11,6.1,198.0,47.88,3.85,INSLAB,-4.942720163422353,-2.216871261233944,texture_library::/records/2012-11-15__AU11__5b926a28de,True,True
2012-11-15,AU46,6.1,191.0,47.88,0.81,INSLAB,-11.609147182560765,-2.875357380736693,texture_library::/records/2012-11-15__AU46__1938c331bc,True,True
2012-11-15,BA49,6.1,194.0,47.88,2.34,INSLAB,-11.14445513009835,-0.4774397679220711,texture_library::/records/2012-11-15__BA49__e5eafa2b51,True,True
2012-11-15,BL45,6.1,195.0,47.88,2.32,INSLAB,-11.437438133617684,1.1097493680877997,texture_library::/records/2012-11-15__BL45__c809f4745f,True,True
2012-11-15,BO39,6.1,201.0,47.88,2.37,INSLAB,-6.310372706963337,4.730908133546325,texture_library::/records/2012-11-15__BO39__1a315e334e,True,True
2012-11-15,CA59,6.1,198.0,47.88,2.68,INSLAB,-7.599722755235497,1.09413172385141,texture_library::/records/2012-11-15__CA59__20334b67a6,True,True
2012-11-15,CH84,6.1,190.0,47.88,1.3,INSLAB,-7.6691210233690095,-7.504759801195566,texture_library::/records/2012-11-15__CH84__fb72806b01,True,True
2012-11-15,CI05,6.1,193.0,47.88,1.83,INSLAB,-12.303857906370274,0.4461727804940563,texture_library::/records/2012-11-15__CI05__7fb09fff30,True,True
2012-11-15,CJ03,6.1,193.0,47.88,1.65,INSLAB,-11.904107527179278,-0.45920195440279,texture_library::/records/2012-11-15__CJ03__066deb3979,True,True
2012-11-15,CJ04,6.1,193.0,47.88,1.65,INSLAB,-11.904107527179278,-0.45920195440279,texture_library::/records/2012-11-15__CJ04__978ca0f64e,True,True
2012-11-15,CO47,6.1,190.0,47.88,0.52,INSLAB,-6.506760618206399,-2.192679444271061,texture_library::/records/2012-11-15__CO47__0aa0d6c732,True,True
2012-11-15,CO56,6.1,194.0,47.88,1.98,INSLAB,-12.105675691407097,0.7658252942168106,texture_library::/records/2012-11-15__CO56__fa14d43a77,True,True
2012-11-15,CU,6.1,185.0,47.88,0.5,INSLAB,-3.065599216619043,-1.85598127774076,texture_library::/records/2012-11-15__CU__ee3175445b,True,True
2012-11-15,DM12,6.1,200.0,47.88,3.07,INSLAB,-4.320086169971881,1.2092563126591618,texture_library::/records/2012-11-15__DM12__e57cc184fe,True,True
2012-11-15,DX37,6.1,189.0,47.88,0.9,INSLAB,-7.265157648034999,-5.741318097582729,texture_library::/records/2012-11-15__DX37__97c20b399a,True,True
2012-11-15,EO30,6.1,190.0,47.88,0.56,INSLAB,-8.029003990064243,-1.5079716474886389,texture_library::/records/2012-11-15__EO30__6b195e31c0,True,True
2012-11-15,ES57,6.1,191.0,47.88,0.79,INSLAB,-11.700721369028356,-1.0765848120559238,texture_library::/records/2012-11-15__ES57__facfff5311,True,True
2012-11-15,IB22,6.1,191.0,47.88,1.36,INSLAB,-8.12028197758102,-6.196112603405748,texture_library::/records/2012-11-15__IB22__aa016b245c,True,True
2012-11-15,JA43,6.1,196.0,47.88,2.76,INSLAB,-8.989972475520597,-0.9920573775951628,texture_library::/records/2012-11-15__JA43__d0353a6899,True,True
2012-11-15,JC54,6.1,189.0,47.88,1.11,INSLAB,-7.667303209768966,-8.81679809241006,texture_library::/records/2012-11-15__JC54__095d5961b1,True,True
2012-11-15,LV17,6.1,202.0,47.88,1.81,INSLAB,-7.249597456391578,6.453613324507679,texture_library::/records/2012-11-15__LV17__ddf11c12e4,True,True
2012-11-15,MI15,6.1,187.0,47.88,1.36,INSLAB,-6.6506873261212265,-10.122967578950538,texture_library::/records/2012-11-15__MI15__c29daaef5c,True,True
2012-11-15,MT50,6.1,192.0,47.88,0.55,INSLAB,-7.701912016233397,0.5481013995339424,texture_library::/records/2012-11-15__MT50__ceb1cffa14,True,True
2012-11-15,MY19,6.1,198.0,47.88,2.57,INSLAB,-0.6569390823108476,-5.279426916636372,texture_library::/records/2012-11-15__MY19__d1527919d3,True,True
2012-11-15,NZ31,6.1,204.0,47.88,4.99,INSLAB,0.8442841630076854,0.2398467891916391,texture_library::/records/2012-11-15__NZ31__63b616c5bb,True,True
2012-11-15,PE10,6.1,193.0,47.88,1.88,INSLAB,-9.526260999437705,-3.434274836990008,texture_library::/records/2012-11-15__PE10__63ecb98f4a,True,True
2012-11-15,RI76,6.1,200.0,47.88,2.94,INSLAB,-4.887858336341937,2.535345552004165,texture_library::/records/2012-11-15__RI76__fecf95846d,True,True
2012-11-15,SCT,6.1,193.0,47.88,1.77,INSLAB,-11.341992654529728,-2.02795133188602,texture_library::/records/2012-11-15__SCT__5d9c066e69,True,True
2012-11-15,SI53,6.1,192.0,47.88,1.35,INSLAB,-11.115705571366677,-4.059888690858305,texture_library::/records/2012-11-15__SI53__e3b4bffa63,True,True
2012-11-15,SP51,6.1,193.0,47.88,1.85,INSLAB,-7.229936725904984,-4.350154369639926,texture_library::/records/2012-11-15__SP51__e56507d024,True,True
2012-11-15,TH35,6.1,197.0,47.88,4.27,INSLAB,3.0170663931486006,-12.669528139148472,texture_library::/records/2012-11-15__TH35__cf2bef1b8a,True,True
2012-11-15,TL08,6.1,198.0,47.88,1.81,INSLAB,-9.780386337575472,3.6594529367781456,texture_library::/records/2012-11-15__TL08__f523c80b9c,True,True
2012-11-15,TL55,6.1,198.0,47.88,1.52,INSLAB,-10.835545273960562,4.177824998122667,texture_library::/records/2012-11-15__TL55__2240388afd,True,True
2012-11-15,TP13,6.1,184.0,47.88,0.5,INSLAB,-1.892240519572618,-1.781782359044362,texture_library::/records/2012-11-15__TP13__24eb6c7979,True,True
2012-11-15,UC44,6.1,195.0,47.88,1.21,INSLAB,-12.474536460426693,1.9584168397132915,texture_library::/records/2012-11-15__UC44__788d3efcbf,True,True
2012-11-15,VG09,6.1,199.0,47.88,2.07,INSLAB,-8.355635667884073,3.9083138491028375,texture_library::/records/2012-11-15__VG09__c579daabc1,True,True
2012-11-15,VM29,6.1,194.0,47.88,2.29,INSLAB,-8.677059120369268,-3.3693052266101104,texture_library::/records/2012-11-15__VM29__a8c6bde1ac,True,True
2012-11-15,XO36,6.1,188.0,47.88,3.26,INSLAB,-5.427249742393739,-12.063297886068256,texture_library::/records/2012-11-15__XO36__59956abff2,True,True
2012-11-15,XP06,6.1,196.0,47.88,2.34,INSLAB,-9.984000916836417,0.5712561259019489,texture_library::/records/2012-11-15__XP06__9944f5f4d9,True,True
2013-06-16,AE02,5.9,160.0,55.27,4.64,INSLAB,-2.0085331487853244,1.2753805141322578,texture_library::/records/2013-06-16__AE02__93948d25c7,True,True
2013-06-16,AL01,5.9,160.0,55.27,1.66,INSLAB,-11.156024699025885,2.277244486351097,texture_library::/records/2013-06-16__AL01__6b7df93447,True,True
2013-06-16,AO24,5.9,152.0,55.27,1.04,INSLAB,-10.441369050797334,-5.180616626910871,texture_library::/records/2013-06-16__AO24__2013b1970c,True,True
2013-06-16,AU11,5.9,156.0,55.27,3.7,INSLAB,-4.942720163422353,-2.216871261233944,texture_library::/records/2013-06-16__AU11__12d053db75,True,True
2013-06-16,AU46,5.9,155.0,55.27,0.83,INSLAB,-11.652176631245776,-2.886014928696059,texture_library::/records/2013-06-16__AU46__ee3d87f8b8,True,True
2013-06-16,BA49,5.9,158.0,55.27,2.34,INSLAB,-11.14445513009835,-0.4774397679220711,texture_library::/records/2013-06-16__BA49__40b0ce60c3,True,True
2013-06-16,BL45,5.9,159.0,55.27,2.11,INSLAB,-11.437438128509964,1.1097493675922088,texture_library::/records/2013-06-16__BL45__0649f587eb,True,True
2013-06-16,BO39,5.9,164.0,55.27,2.66,INSLAB,-6.310372707055056,4.730908133615088,texture_library::/records/2013-06-16__BO39__5be920763e,True,True
2013-06-16,CA59,5.9,159.0,55.27,2.74,INSLAB,-7.599722755236492,1.094131723851553,texture_library::/records/2013-06-16__CA59__116f9e6a77,True,True
2013-06-16,CE23,5.9,164.0,55.27,4.55,INSLAB,-2.539406475663445,4.238898939306335,texture_library::/records/2013-06-16__CE23__49b045f22c,True,True
2013-06-16,CE32,5.9,156.0,55.27,3.83,INSLAB,-1.6327928005164691,-2.459562475685759,texture_library::/records/2013-06-16__CE32__c169d55a11,True,True
2013-06-16,CH84,5.9,149.0,55.27,1.31,INSLAB,-7.669143336970958,-7.504781636582231,texture_library::/records/2013-06-16__CH84__4518e6c7d1,True,True
2013-06-16,CI05,5.9,158.0,55.27,1.92,INSLAB,-12.303858077335974,0.4461727866937575,texture_library::/records/2013-06-16__CI05__0bb19af24d,True,True
2013-06-16,CJ03,5.9,157.0,55.27,1.85,INSLAB,-11.904109955124474,-0.4592020480609812,texture_library::/records/2013-06-16__CJ03__c4a9a5b98a,True,True
2013-06-16,CJ04,5.9,157.0,55.27,1.85,INSLAB,-11.904109955124474,-0.4592020480609812,texture_library::/records/2013-06-16__CJ04__58b023b5c2,True,True
2013-06-16,CO47,5.9,153.0,55.27,0.54,INSLAB,-7.241988053388553,-2.440439916583077,texture_library::/records/2013-06-16__CO47__03a9da3aaf,True,True
2013-06-16,CO56,5.9,159.0,55.27,2.03,INSLAB,-12.105675707258513,0.7658252952195977,texture_library::/records/2013-06-16__CO56__999bf11137,True,True
2013-06-16,CS78,5.9,153.0,55.27,0.5,INSLAB,-1.8137255746604573,-0.4820648016278808,texture_library::/records/2013-06-16__CS78__e7bc7f2995,True,True
2013-06-16,CU,5.9,103.0,47.23,0.5,INSLAB,-3.065599216619043,-1.85598127774076,texture_library::/records/2013-06-16__CU__aa7c3ddd1b,True,True
2013-06-16,DM12,5.9,160.0,55.27,3.13,INSLAB,-4.320086169971884,1.2092563126591624,texture_library::/records/2013-06-16__DM12__627ecfbc44,True,True
2013-06-16,DR16,5.9,167.0,55.27,0.6,INSLAB,-10.910128184863066,6.605645123875671,texture_library::/records/2013-06-16__DR16__2292e3c9e0,True,True
2013-06-16,DX37,5.9,150.0,55.27,0.99,INSLAB,-7.289633241352387,-5.760660027058988,texture_library::/records/2013-06-16__DX37__b253ae77dd,True,True
2013-06-16,EO30,5.9,155.0,55.27,0.55,INSLAB,-7.689002515876952,-1.4441140900863445,texture_library::/records/2013-06-16__EO30__e01a2370d5,True,True
2013-06-16,ES57,5.9,157.0,55.27,0.84,INSLAB,-11.818605664007425,-1.087431360533723,texture_library::/records/2013-06-16__ES57__cf6ea6aac1,True,True
2013-06-16,GA62,5.9,161.0,55.27,1.85,INSLAB,-10.518056491611972,2.5618525748057364,texture_library::/records/2013-06-16__GA62__7fc518f765,True,True
2013-06-16,GC38,5.9,148.0,55.27,1.52,INSLAB,-5.6351090681513,-8.12403815670243,texture_library::/records/2013-06-16__GC38__805cb35d19,True,True
2013-06-16,GR27,5.9,164.0,55.27,0.74,INSLAB,-12.912644701310176,5.645085730944549,texture_library::/records/2013-06-16__GR27__611b74d219,True,True
2013-06-16,HJ72,5.9,159.0,55.27,1.86,INSLAB,-9.27084234003224,1.0668378219997217,texture_library::/records/2013-06-16__HJ72__82389b7515,True,True
2013-06-16,IB22,5.9,151.0,55.27,1.32,INSLAB,-8.120222053837638,-6.1960668790992965,texture_library::/records/2013-06-16__IB22__f212bb7590,True,True
2013-06-16,JA43,5.9,157.0,55.27,2.74,INSLAB,-8.989972475520373,-0.992057377595138,texture_library::/records/2013-06-16__JA43__a3b16da145,True,True
2013-06-16,JC54,5.9,148.0,55.27,1.1,INSLAB,-7.666982251520822,-8.816429015566147,texture_library::/records/2013-06-16__JC54__1941b72e8a,True,True
2013-06-16,LI33,5.9,156.0,55.27,2.6,INSLAB,5.290780852650168,-8.520587419315513,texture_library::/records/2013-06-16__LI33__80212a431c,True,True
2013-06-16,LI58,5.9,159.0,55.27,1.94,INSLAB,-12.03403125697168,1.1861165234676383,texture_library::/records/2013-06-16__LI58__bff5fa113e,True,True
2013-06-16,LV17,5.9,166.0,55.27,1.44,INSLAB,-7.249571513671176,6.453590230220435,texture_library::/records/2013-06-16__LV17__69d158a99d,True,True
2013-06-16,MI15,5.9,145.0,55.27,1.41,INSLAB,-6.650721219195353,-10.123019167376471,texture_library::/records/2013-06-16__MI15__2cafab7afd,True,True
2013-06-16,MY19,5.9,152.0,55.27,2.65,INSLAB,-0.656939082311292,-5.279426916639944,texture_library::/records/2013-06-16__MY19__4061a16cbc,True,True
2013-06-16,NZ20,5.9,159.0,55.27,4.64,INSLAB,2.954662778624839,-1.0588036317243277,texture_library::/records/2013-06-16__NZ20__7a7ce44399,True,True
2013-06-16,NZ31,5.9,160.0,55.27,5.04,INSLAB,0.8442841630076854,0.2398467891916391,texture_library::/records/2013-06-16__NZ31__2e5e5df51d,True,True
2013-06-16,PA34,5.9,138.0,55.27,0.5,INSLAB,-0.0687622271217211,-1.0244392356750762,texture_library::/records/2013-06-16__PA34__bd50f87eef,True,True
2013-06-16,PD42,5.9,157.0,55.27,3.81,INSLAB,-6.098302792638885,-0.9294653378680124,texture_library::/records/2013-06-16__PD42__416f4d3614,True,True
2013-06-16,PE10,5.9,155.0,55.27,2.0,INSLAB,-9.52626107705584,-3.434274864971817,texture_library::/records/2013-06-16__PE10__7a72a93eac,True,True
2013-06-16,RI76,5.9,162.0,55.27,2.93,INSLAB,-4.887858336341932,2.535345552004162,texture_library::/records/2013-06-16__RI76__23f67033fd,True,True
2013-06-16,RM48,5.9,160.0,55.27,2.11,INSLAB,-8.90529903161026,2.1453934993700425,texture_library::/records/2013-06-16__RM48__8c62b4049f,True,True
2013-06-16,SCT,5.9,156.0,55.27,1.72,INSLAB,-11.34199217884131,-2.027951246832803,texture_library::/records/2013-06-16__SCT__36e3b996a1,True,True
2013-06-16,SI53,5.9,154.0,55.27,1.31,INSLAB,-11.115611843294383,-4.059854457715095,texture_library::/records/2013-06-16__SI53__8391fde763,True,True
2013-06-16,SP51,5.9,153.0,55.27,1.83,INSLAB,-7.229936692254252,-4.35015434939274,texture_library::/records/2013-06-16__SP51__e53384d71b,True,True
2013-06-16,TCYA,5.9,157.0,55.27,0.5,INSLAB,-5.174619816030566,-0.3206296247287781,texture_library::/records/2013-06-16__TCYA__d62b110b63,True,True
2013-06-16,TH35,5.9,146.0,55.27,4.56,INSLAB,3.0170663931486006,-12.669528139148472,texture_library::/records/2013-06-16__TH35__9a8d85294e,True,True
2013-06-16,TL08,5.9,162.0,55.27,1.77,INSLAB,-9.780386158669568,3.65945286983828,texture_library::/records/2013-06-16__TL08__568f7e1193,True,True
2013-06-16,TL55,5.9,162.0,55.27,1.7,INSLAB,-10.835557496019806,4.177829710541226,texture_library::/records/2013-06-16__TL55__52942d007f,True,True
2013-06-16,TP13,5.9,145.0,55.27,0.5,INSLAB,-1.892240519572618,-1.781782359044362,texture_library::/records/2013-06-16__TP13__5d4e44f204,True,True
2013-06-16,UC44,5.9,160.0,55.27,1.31,INSLAB,-12.475247362743678,1.9585284465111383,texture_library::/records/2013-06-16__UC44__5cfec200df,True,True
2013-06-16,VG09,5.9,162.0,55.27,2.09,INSLAB,-8.35563566946932,3.9083138498443306,texture_library::/records/2013-06-16__VG09__eaea9a9ade,True,True
2013-06-16,VM29,5.9,155.0,55.27,2.22,INSLAB,-8.677059119791746,-3.3693052263858587,texture_library::/records/2013-06-16__VM29__1ebd6ba72e,True,True
2013-06-16,XO36,5.9,144.0,55.27,3.33,INSLAB,-5.427249742393739,-12.063297886068256,texture_library::/records/2013-06-16__XO36__17334a57aa,True,True
2013-06-16,XP06,5.9,159.0,55.27,2.52,INSLAB,-9.984000917037472,0.5712561259134527,texture_library::/records/2013-06-16__XP06__b96dcb69e6,True,True
2014-04-18,AE02,7.3,307.0,7.54,4.5,INTERPLATE,-2.0085331487853244,1.2753805141322578,texture_library::/records/2014-04-18__AE02__b09c29d78b,True,True
2014-04-18,AL01,7.3,301.0,7.54,1.93,INTERPLATE,-11.156026780590048,2.27724491125429,texture_library::/records/2014-04-18__AL01__09fdf3a734,True,True
2014-04-18,AO24,7.3,294.0,7.54,1.01,INTERPLATE,-10.437539356810415,-5.1787164760544,texture_library::/records/2014-04-18__AO24__59a1ef6e99,True,True
2014-04-18,AP68,7.3,299.0,7.54,3.0,INTERPLATE,-6.489948338330159,-3.142668651666064,texture_library::/records/2014-04-18__AP68__4ded382e8a,True,True
2014-04-18,AU11,7.3,302.0,7.54,3.97,INTERPLATE,-4.942720163422353,-2.216871261233944,texture_library::/records/2014-04-18__AU11__52ad3b4f55,True,True
2014-04-18,AU46,7.3,295.0,7.54,0.86,INTERPLATE,-11.6989549245909,-2.8976009917300627,texture_library::/records/2014-04-18__AU46__d31ccefe4c,True,True
2014-04-18,BL45,7.3,300.0,7.54,2.07,INTERPLATE,-11.437438124678016,1.1097493672204033,texture_library::/records/2014-04-18__BL45__0ee6fe8b6c,True,True
2014-04-18,BO39,7.3,306.0,7.54,2.37,INTERPLATE,-6.310372706963337,4.730908133546325,texture_library::/records/2014-04-18__BO39__cc7bfd88b3,True,True
2014-04-18,CA59,7.3,302.0,7.54,2.79,INTERPLATE,-7.599722755236888,1.0941317238516104,texture_library::/records/2014-04-18__CA59__8a0f009ad7,True,True
2014-04-18,CE18,7.3,298.0,7.54,0.5,INTERPLATE,-1.0690035551595556,-1.6465276147283254,texture_library::/records/2014-04-18__CE18__0e64c2f447,True,True
2014-04-18,CE23,7.3,309.0,7.54,4.41,INTERPLATE,-2.539406475663445,4.238898939306335,texture_library::/records/2014-04-18__CE23__c41610418f,True,True
2014-04-18,CE32,7.3,304.0,7.54,3.93,INTERPLATE,-1.6327928005164691,-2.459562475685759,texture_library::/records/2014-04-18__CE32__3ec155cd89,True,True
2014-04-18,CH84,7.3,294.0,7.54,1.3,INTERPLATE,-7.6691210233690095,-7.504759801195566,texture_library::/records/2014-04-18__CH84__1f41cd46c2,True,True
2014-04-18,CI05,7.3,298.0,7.54,1.92,INTERPLATE,-12.303858077335974,0.4461727866937575,texture_library::/records/2014-04-18__CI05__9e13aa63f4,True,True
2014-04-18,CJ03,7.3,298.0,7.54,1.75,INTERPLATE,-11.90410944863432,-0.4592020285230807,texture_library::/records/2014-04-18__CJ03__8dc2490087,True,True
2014-04-18,CJ04,7.3,298.0,7.54,1.72,INTERPLATE,-11.904109110362484,-0.459202015474216,texture_library::/records/2014-04-18__CJ04__15839afc5d,True,True
2014-04-18,CO56,7.3,299.0,7.54,2.05,INTERPLATE,-12.105675711173502,0.7658252954672665,texture_library::/records/2014-04-18__CO56__19eeefbeda,True,True
2014-04-18,CP28,7.3,306.0,7.54,0.5,INTERPLATE,-1.3233287542997667,0.6825766347070873,texture_library::/records/2014-04-18__CP28__96460fe95f,True,True
2014-04-18,CU,7.3,275.0,12.65,0.5,INTERPLATE,-3.065599216619043,-1.85598127774076,texture_library::/records/2014-04-18__CU__f0fd17b6da,True,True
2014-04-18,DM12,7.3,304.0,7.54,3.1,INTERPLATE,-4.320086169971884,1.2092563126591622,texture_library::/records/2014-04-18__DM12__7e89f370f3,True,True
2014-04-18,DR16,7.3,304.0,7.54,0.6,INTERPLATE,-10.910128184863066,6.605645123875671,texture_library::/records/2014-04-18__DR16__1ce4122eac,True,True
2014-04-18,DX37,7.3,293.0,7.54,0.93,INTERPLATE,-7.276684139183158,-5.75042695047162,texture_library::/records/2014-04-18__DX37__8f84d78eb0,True,True
2014-04-18,EO30,7.3,295.0,7.54,0.58,INTERPLATE,-8.657244542642502,-1.6259649804428833,texture_library::/records/2014-04-18__EO30__38f5087c6d,True,True
2014-04-18,ES57,7.3,296.0,7.54,0.79,INTERPLATE,-11.700721369028356,-1.0765848120559238,texture_library::/records/2014-04-18__ES57__6492186ff5,True,True
2014-04-18,GA62,7.3,302.0,7.54,1.98,INTERPLATE,-10.518056623497111,2.561852606928618,texture_library::/records/2014-04-18__GA62__4be3f5b5e0,True,True
2014-04-18,GC38,7.3,294.0,7.54,1.55,INTERPLATE,-5.635111372719432,-8.124041479157986,texture_library::/records/2014-04-18__GC38__3fa65ac317,True,True
2014-04-18,GR27,7.3,302.0,7.54,0.74,INTERPLATE,-12.912644701310176,5.645085730944549,texture_library::/records/2014-04-18__GR27__12e98c2025,True,True
2014-04-18,HJ72,7.3,301.0,7.54,2.05,INTERPLATE,-9.270842453791412,1.066837835090505,texture_library::/records/2014-04-18__HJ72__472693fda7,True,True
2014-04-18,IB22,7.3,295.0,7.54,1.32,INTERPLATE,-8.120222053837638,-6.1960668790992965,texture_library::/records/2014-04-18__IB22__8eeb2d679d,True,True
2014-04-18,JA43,7.3,300.0,7.54,2.6,INTERPLATE,-8.989972475515117,-0.9920573775945584,texture_library::/records/2014-04-18__JA43__7ede60c5fe,True,True
2014-04-18,JC54,7.3,292.0,7.54,1.12,INTERPLATE,-7.667584125915052,-8.817121123973203,texture_library::/records/2014-04-18__JC54__44fb538102,True,True
2014-04-18,LI58,7.3,300.0,7.54,2.0,INTERPLATE,-12.03403128736998,1.186116526463802,texture_library::/records/2014-04-18__LI58__fc18df7419,True,True
2014-04-18,LV17,7.3,307.0,7.54,1.78,INTERPLATE,-7.249597363826481,6.453613242105953,texture_library::/records/2014-04-18__LV17__e13c00b6eb,True,True
2014-04-18,MI15,7.3,290.0,7.54,1.35,INTERPLATE,-6.650677391195422,-10.1229524570651,texture_library::/records/2014-04-18__MI15__b8d2d46154,True,True
2014-04-18,MT50,7.3,297.0,7.54,0.54,INTERPLATE,-7.34644267343351,0.5228046623251329,texture_library::/records/2014-04-18__MT50__24f0a1e0d5,True,True
2014-04-18,MY19,7.3,301.0,7.54,2.68,INTERPLATE,-0.6569390823113689,-5.279426916640561,texture_library::/records/2014-04-18__MY19__0c42e02b8a,True,True
2014-04-18,NZ20,7.3,309.0,7.54,4.1,INTERPLATE,2.954662778624839,-1.0588036317243277,texture_library::/records/2014-04-18__NZ20__a2762825be,True,True
2014-04-18,NZ31,7.3,308.0,7.54,4.99,INTERPLATE,0.8442841630076854,0.2398467891916391,texture_library::/records/2014-04-18__NZ31__419f206409,True,True
2014-04-18,PA34,7.3,290.0,7.54,0.5,INTERPLATE,-0.0687622271217211,-1.0244392356750762,texture_library::/records/2014-04-18__PA34__a33feed683,True,True
2014-04-18,PD42,7.3,302.0,7.54,3.77,INTERPLATE,-6.098302792638885,-0.9294653378680124,texture_library::/records/2014-04-18__PD42__ccaf997c26,True,True
2014-04-18,PE10,7.3,298.0,7.54,2.0,INTERPLATE,-9.52626107705584,-3.434274864971817,texture_library::/records/2014-04-18__PE10__556abdb3b9,True,True
2014-04-18,RI76,7.3,305.0,7.54,2.88,INTERPLATE,-4.887858336341893,2.535345552004142,texture_library::/records/2014-04-18__RI76__9c5b87da70,True,True
2014-04-18,RM48,7.3,302.0,7.54,2.07,INTERPLATE,-8.905299028626668,2.14539349865126,texture_library::/records/2014-04-18__RM48__cdfb84203a,True,True
2014-04-18,SCT,7.3,298.0,7.54,1.85,INTERPLATE,-11.34199298371329,-2.0279513907441293,texture_library::/records/2014-04-18__SCT__3ec788c90f,True,True
2014-04-18,SI53,7.3,296.0,7.54,1.37,INTERPLATE,-11.115736708438178,-4.059900063329772,texture_library::/records/2014-04-18__SI53__6933396bc8,True,True
2014-04-18,SP51,7.3,297.0,7.54,1.86,INTERPLATE,-7.229936739649871,-4.350154377910038,texture_library::/records/2014-04-18__SP51__353f4e4766,True,True
2014-04-18,TH35,7.3,299.0,7.54,4.16,INTERPLATE,3.0170663931486006,-12.669528139148472,texture_library::/records/2014-04-18__TH35__9d86dd200b,True,True
2014-04-18,TL08,7.3,303.0,7.54,1.88,INTERPLATE,-9.780386491637454,3.659452994422348,texture_library::/records/2014-04-18__TL08__0fca256934,True,True
2014-04-18,TL55,7.3,303.0,7.54,1.88,INTERPLATE,-10.83555860478137,4.177830138042719,texture_library::/records/2014-04-18__TL55__17884ec6b8,True,True
2014-04-18,TP13,7.3,288.0,7.54,0.5,INTERPLATE,-1.892240519572618,-1.781782359044362,texture_library::/records/2014-04-18__TP13__0267c6ecff,True,True
2014-04-18,UC44,7.3,300.0,7.54,1.33,INTERPLATE,-12.47530693044121,1.958537798231928,texture_library::/records/2014-04-18__UC44__0e9b8eb569,True,True
2014-04-18,VM29,7.3,298.0,7.54,2.37,INTERPLATE,-8.677059120614746,-3.3693052267054298,texture_library::/records/2014-04-18__VM29__011a178650,True,True
2014-04-18,XO36,7.3,291.0,7.54,3.3,INTERPLATE,-5.427249742393739,-12.063297886068256,texture_library::/records/2014-04-18__XO36__281542e866,True,True
2014-04-18,XP06,7.3,301.0,7.54,2.48,INTERPLATE,-9.984000917023335,0.571256125912644,texture_library::/records/2014-04-18__XP06__31cde1b665,True,True
2014-05-08,AE02,6.5,287.0,17.14,4.5,INTERPLATE,-2.0085331487853244,1.2753805141322578,texture_library::/records/2014-05-08__AE02__8fe03a332e,True,True
2014-05-08,AL01,6.5,282.0,17.14,1.73,INTERPLATE,-11.156025997513686,2.2772447514073577,texture_library::/records/2014-05-08__AL01__9a137240da,True,True
2014-05-08,AO24,6.5,274.0,17.14,0.95,INTERPLATE,-10.42332758281667,-5.171665125576152,texture_library::/records/2014-05-08__AO24__7127831e47,True,True
2014-05-08,AU11,6.5,281.0,17.14,4.06,INTERPLATE,-4.942720163422353,-2.216871261233944,texture_library::/records/2014-05-08__AU11__ea3149dae1,True,True
2014-05-08,AU46,6.5,276.0,17.14,0.88,INTERPLATE,-11.721350047698326,-2.9031478231645176,texture_library::/records/2014-05-08__AU46__34ff5abefe,True,True
2014-05-08,BL45,6.5,281.0,17.14,2.25,INTERPLATE,-11.437438133107406,1.1097493680382884,texture_library::/records/2014-05-08__BL45__8cbade8761,True,True
2014-05-08,BO39,6.5,287.0,17.14,2.32,INTERPLATE,-6.310372706874554,4.730908133479764,texture_library::/records/2014-05-08__BO39__b72f10b7a8,True,True
2014-05-08,CA59,6.5,283.0,17.14,2.65,INTERPLATE,-7.599722755234607,1.094131723851282,texture_library::/records/2014-05-08__CA59__636bd26a13,True,True
2014-05-08,CE18,6.5,277.0,17.14,0.5,INTERPLATE,-1.0690035551595556,-1.6465276147283254,texture_library::/records/2014-05-08__CE18__c2dcaa7ffa,True,True
2014-05-08,CE23,6.5,289.0,17.14,4.5,INTERPLATE,-2.539406475663445,4.238898939306335,texture_library::/records/2014-05-08__CE23__9378abca10,True,True
2014-05-08,CE32,6.5,283.0,17.14,3.97,INTERPLATE,-1.6327928005164691,-2.459562475685759,texture_library::/records/2014-05-08__CE32__84893797ef,True,True
2014-05-08,CH84,6.5,274.0,17.14,1.27,INTERPLATE,-7.669033107686952,-7.504673769683664,texture_library::/records/2014-05-08__CH84__22c924a492,True,True
2014-05-08,CI05,6.5,279.0,17.14,1.79,INTERPLATE,-12.303857733985812,0.4461727742429069,texture_library::/records/2014-05-08__CI05__a2a8eb9312,True,True
2014-05-08,CJ03,6.5,279.0,17.14,1.73,INTERPLATE,-11.904109238442306,-0.459202020414906,texture_library::/records/2014-05-08__CJ03__f77161d34d,True,True
2014-05-08,CJ04,6.5,279.0,17.14,1.73,INTERPLATE,-11.904109238442306,-0.459202020414906,texture_library::/records/2014-05-08__CJ04__d79fa8ad54,True,True
2014-05-08,CO47,6.5,274.0,17.14,0.51,INTERPLATE,-6.127685825068308,-2.0649369998311244,texture_library::/records/2014-05-08__CO47__78706884ea,True,True
2014-05-08,CO56,6.5,280.0,17.14,2.03,INTERPLATE,-12.105675707258513,0.7658252952195977,texture_library::/records/2014-05-08__CO56__af41f38df5,True,True
2014-05-08,CP28,6.5,286.0,17.14,0.5,INTERPLATE,-1.3233287542997667,0.6825766347070873,texture_library::/records/2014-05-08__CP28__c48b152df3,True,True
2014-05-08,CU,6.5,287.0,18.63,0.5,INTERPLATE,-3.065599216619043,-1.85598127774076,texture_library::/records/2014-05-08__CU__823bf393bb,True,True
2014-05-08,DM12,6.5,284.0,17.14,3.16,INTERPLATE,-4.320086169971884,1.209256312659163,texture_library::/records/2014-05-08__DM12__fb5516ea2c,True,True
2014-05-08,DR16,6.5,285.0,17.14,0.57,INTERPLATE,-9.894920916662546,5.990977832411938,texture_library::/records/2014-05-08__DR16__f66b144f59,True,True
2014-05-08,DX37,6.5,273.0,17.14,0.92,INTERPLATE,-7.273337654446906,-5.7477823783494,texture_library::/records/2014-05-08__DX37__e23a1f7d9f,True,True
2014-05-08,EO30,6.5,276.0,17.14,0.55,INTERPLATE,-7.689002515876952,-1.4441140900863445,texture_library::/records/2014-05-08__EO30__11488a01c0,True,True
2014-05-08,ES57,6.5,277.0,17.14,0.84,INTERPLATE,-11.818605664007425,-1.087431360533723,texture_library::/records/2014-05-08__ES57__833bd56ea5,True,True
2014-05-08,GA62,6.5,282.0,17.14,2.03,INTERPLATE,-10.51805663726967,2.56185261028316,texture_library::/records/2014-05-08__GA62__45da281c39,True,True
2014-05-08,GC38,6.5,274.0,17.14,1.55,INTERPLATE,-5.635111372719432,-8.124041479157986,texture_library::/records/2014-05-08__GC38__0c4cd18a70,True,True
2014-05-08,GR27,6.5,283.0,17.14,0.78,INTERPLATE,-13.1251313853831,5.73797960172178,texture_library::/records/2014-05-08__GR27__5b4ea5e096,True,True
2014-05-08,HJ72,6.5,282.0,17.14,2.26,INTERPLATE,-9.270842463005522,1.0668378361508142,texture_library::/records/2014-05-08__HJ72__b7ad0e0439,True,True
2014-05-08,IB22,6.5,275.0,17.14,1.31,INTERPLATE,-8.120201376907293,-6.196051101742171,texture_library::/records/2014-05-08__IB22__0bca99127e,True,True
2014-05-08,JA43,6.5,280.0,17.14,2.88,INTERPLATE,-8.989972475521187,-0.992057377595228,texture_library::/records/2014-05-08__JA43__c56c1dc382,True,True
2014-05-08,JC54,6.5,272.0,17.14,1.07,INTERPLATE,-7.665717918014575,-8.814975131072334,texture_library::/records/2014-05-08__JC54__ea3644e478,True,True
2014-05-08,LI58,6.5,280.0,17.14,1.94,INTERPLATE,-12.03403125697168,1.1861165234676383,texture_library::/records/2014-05-08__LI58__35bfd8830c,True,True
2014-05-08,LV17,6.5,288.0,17.14,1.48,INTERPLATE,-7.249582314966174,6.453599845565528,texture_library::/records/2014-05-08__LV17__d263c2c45b,True,True
2014-05-08,MI15,6.5,269.0,17.14,1.31,INTERPLATE,-6.650621312418658,-10.122867099926628,texture_library::/records/2014-05-08__MI15__c3ad22fbeb,True,True
2014-05-08,MT50,6.5,278.0,17.14,0.56,INTERPLATE,-8.04248433808827,0.5723380002452643,texture_library::/records/2014-05-08__MT50__5b11c0ada1,True,True
2014-05-08,MY19,6.5,280.0,17.14,2.65,INTERPLATE,-0.656939082311292,-5.279426916639944,texture_library::/records/2014-05-08__MY19__f572211454,True,True
2014-05-08,NZ20,6.5,288.0,17.14,4.45,INTERPLATE,2.954662778624839,-1.0588036317243277,texture_library::/records/2014-05-08__NZ20__9a2d5eb9e8,True,True
2014-05-08,NZ31,6.5,288.0,17.14,4.99,INTERPLATE,0.8442841630076854,0.2398467891916391,texture_library::/records/2014-05-08__NZ31__63a0ef6260,True,True
2014-05-08,PA34,6.5,268.0,17.14,0.5,INTERPLATE,-0.0687622271217211,-1.0244392356750762,texture_library::/records/2014-05-08__PA34__55ee267f8a,True,True
2014-05-08,PD42,6.5,282.0,17.14,3.85,INTERPLATE,-6.098302792638885,-0.9294653378680124,texture_library::/records/2014-05-08__PD42__a380fae641,True,True
2014-05-08,PE10,6.5,278.0,17.14,1.86,INTERPLATE,-9.526260969716615,-3.4342748262753764,texture_library::/records/2014-05-08__PE10__aa2798240d,True,True
2014-05-08,RI76,6.5,286.0,17.14,2.97,INTERPLATE,-4.887858336341949,2.5353455520041708,texture_library::/records/2014-05-08__RI76__66a766d78d,True,True
2014-05-08,RM48,6.5,283.0,17.14,2.25,INTERPLATE,-8.905299035189874,2.1453935002324145,texture_library::/records/2014-05-08__RM48__0baa8faa14,True,True
2014-05-08,SCT,6.5,278.0,17.14,1.67,INTERPLATE,-11.3419912523269,-2.0279510811717776,texture_library::/records/2014-05-08__SCT__3746a0e26a,True,True
2014-05-08,SI53,6.5,276.0,17.14,1.37,INTERPLATE,-11.115736708438178,-4.059900063329772,texture_library::/records/2014-05-08__SI53__b43ecbd893,True,True
2014-05-08,SP51,6.5,277.0,17.14,1.79,INTERPLATE,-7.229936590958482,-4.350154288444456,texture_library::/records/2014-05-08__SP51__cd89de5ecc,True,True
2014-05-08,TH35,6.5,278.0,17.14,4.23,INTERPLATE,3.0170663931486006,-12.669528139148472,texture_library::/records/2014-05-08__TH35__4448117bce,True,True
2014-05-08,TL08,6.5,284.0,17.14,1.75,INTERPLATE,-9.780386026398928,3.659452820347578,texture_library::/records/2014-05-08__TL08__403712554f,True,True
2014-05-08,TL55,6.5,284.0,17.14,1.53,INTERPLATE,-10.835546951809157,4.177825645045146,texture_library::/records/2014-05-08__TL55__922094bed0,True,True
2014-05-08,TP13,6.5,267.0,17.14,0.5,INTERPLATE,-1.892240519572618,-1.781782359044362,texture_library::/records/2014-05-08__TP13__b77d762a4f,True,True
2014-05-08,UC44,6.5,280.0,17.14,1.33,INTERPLATE,-12.47530693044121,1.958537798231928,texture_library::/records/2014-05-08__UC44__81ea62e4d6,True,True
2014-05-08,VG09,6.5,285.0,17.14,2.1,INTERPLATE,-8.355635670116827,3.908313850147199,texture_library::/records/2014-05-08__VG09__a918e69ab1,True,True
2014-05-08,VM29,6.5,278.0,17.14,2.29,INTERPLATE,-8.677059120369268,-3.3693052266101104,texture_library::/records/2014-05-08__VM29__9972603707,True,True
2014-05-08,XO36,6.5,270.0,17.14,3.23,INTERPLATE,-5.427249742393738,-12.063297886068254,texture_library::/records/2014-05-08__XO36__d98d79b50c,True,True
2014-05-08,XP06,6.5,281.0,17.14,2.44,INTERPLATE,-9.984000916999246,0.5712561259112655,texture_library::/records/2014-05-08__XP06__4d45d25ff0,True,True
2014-05-10,AE02,6.1,301.0,18.48,4.45,INTERPLATE,-2.0085331487853244,1.2753805141322578,texture_library::/records/2014-05-10__AE02__fd36cef161,True,True
2014-05-10,AL01,6.1,296.0,18.48,1.86,INTERPLATE,-11.156026690366607,2.277244892837261,texture_library::/records/2014-05-10__AL01__1e44e21888,True,True
2014-05-10,AO24,6.1,288.0,18.48,0.95,INTERPLATE,-10.42332758281667,-5.171665125576152,texture_library::/records/2014-05-10__AO24__2b3ef72e49,True,True
2014-05-10,AU11,6.1,296.0,18.48,3.85,INTERPLATE,-4.942720163422353,-2.216871261233944,texture_library::/records/2014-05-10__AU11__352330df50,True,True
2014-05-10,BL45,6.1,295.0,18.48,2.05,INTERPLATE,-11.43743812184494,1.1097493669455163,texture_library::/records/2014-05-10__BL45__1cd9d74ccc,True,True
2014-05-10,BO39,6.1,301.0,18.48,2.32,INTERPLATE,-6.310372706874554,4.730908133479764,texture_library::/records/2014-05-10__BO39__96718639fd,True,True
2014-05-10,CA59,6.1,297.0,18.48,2.97,INTERPLATE,-7.599722755237268,1.094131723851665,texture_library::/records/2014-05-10__CA59__49b359a9e9,True,True
2014-05-10,CE23,6.1,303.0,18.48,4.41,INTERPLATE,-2.539406475663445,4.238898939306335,texture_library::/records/2014-05-10__CE23__c10898aabb,True,True
2014-05-10,CE32,6.1,297.0,18.48,4.16,INTERPLATE,-1.6327928005164691,-2.459562475685759,texture_library::/records/2014-05-10__CE32__304d06ccb3,True,True
2014-05-10,CH84,6.1,288.0,18.48,1.3,INTERPLATE,-7.6691210233690095,-7.504759801195566,texture_library::/records/2014-05-10__CH84__443cceeebb,True,True
2014-05-10,CI05,6.1,293.0,18.48,1.86,INTERPLATE,-12.303857987027824,0.4461727834189278,texture_library::/records/2014-05-10__CI05__e4c304d407,True,True
2014-05-10,CJ03,6.1,293.0,18.48,1.65,INTERPLATE,-11.904107527179278,-0.45920195440279,texture_library::/records/2014-05-10__CJ03__cc9a34a174,True,True
2014-05-10,CJ04,6.1,293.0,18.48,1.73,INTERPLATE,-11.904109238442306,-0.459202020414906,texture_library::/records/2014-05-10__CJ04__0032fa73b5,True,True
2014-05-10,CO47,6.1,289.0,18.48,0.55,INTERPLATE,-7.59240319284264,-2.5585244932758875,texture_library::/records/2014-05-10__CO47__eaac467dc9,True,True
2014-05-10,CO56,6.1,294.0,18.48,2.03,INTERPLATE,-12.105675707258513,0.7658252952195977,texture_library::/records/2014-05-10__CO56__1c62a3f2a0,True,True
2014-05-10,CP28,6.1,300.0,18.48,0.5,INTERPLATE,-1.3233287542997667,0.6825766347070873,texture_library::/records/2014-05-10__CP28__474b7ad0e5,True,True
2014-05-10,DM12,6.1,299.0,18.48,3.16,INTERPLATE,-4.320086169971884,1.209256312659163,texture_library::/records/2014-05-10__DM12__42d539a5d2,True,True
2014-05-10,DR16,6.1,299.0,18.48,0.55,INTERPLATE,-9.109191760485045,5.515250335791695,texture_library::/records/2014-05-10__DR16__1914e09e15,True,True
2014-05-10,DX37,6.1,287.0,18.48,0.94,INTERPLATE,-7.279615421204626,-5.752743407090222,texture_library::/records/2014-05-10__DX37__ddd1aecc79,True,True
2014-05-10,ES57,6.1,291.0,18.48,0.8,INTERPLATE,-11.73073825603746,-1.0793466695209464,texture_library::/records/2014-05-10__ES57__6a96347041,True,True
2014-05-10,GC38,6.1,288.0,18.48,1.58,INTERPLATE,-5.635112917518704,-8.12404370626807,texture_library::/records/2014-05-10__GC38__b48e63b0f3,True,True
2014-05-10,GR27,6.1,297.0,18.48,0.73,INTERPLATE,-12.840912298325874,5.613726116094157,texture_library::/records/2014-05-10__GR27__8f978677cb,True,True
2014-05-10,HJ72,6.1,296.0,18.48,2.06,INTERPLATE,-9.27084245501605,1.0668378352314294,texture_library::/records/2014-05-10__HJ72__4f5ac4e835,True,True
2014-05-10,IB22,6.1,289.0,18.48,1.32,INTERPLATE,-8.120222053837638,-6.1960668790992965,texture_library::/records/2014-05-10__IB22__ff5c217a2b,True,True
2014-05-10,JA43,6.1,294.0,18.48,2.8,INTERPLATE,-8.989972475520903,-0.9920573775951966,texture_library::/records/2014-05-10__JA43__64f59b3e4a,True,True
2014-05-10,JC54,6.1,286.0,18.48,1.09,INTERPLATE,-7.666615547628935,-8.816007334815302,texture_library::/records/2014-05-10__JC54__f8fc9b0a1e,True,True
2014-05-10,LI58,6.1,294.0,18.48,1.9,INTERPLATE,-12.03403121807588,1.1861165196339312,texture_library::/records/2014-05-10__LI58__43e13a46fd,True,True
2014-05-10,LV17,6.1,302.0,18.48,1.55,INTERPLATE,-7.249591616355453,6.453608125690065,texture_library::/records/2014-05-10__LV17__6c761ae8cc,True,True
2014-05-10,MI15,6.1,284.0,18.48,1.28,INTERPLATE,-6.650554588901284,-10.122765540498254,texture_library::/records/2014-05-10__MI15__39fda7dc1d,True,True
2014-05-10,MY19,6.1,295.0,18.48,2.53,INTERPLATE,-0.6569390823103701,-5.279426916632534,texture_library::/records/2014-05-10__MY19__f7eee0ccbb,True,True
2014-05-10,NZ20,6.1,302.0,18.48,4.27,INTERPLATE,2.954662778624839,-1.0588036317243277,texture_library::/records/2014-05-10__NZ20__18110aecbb,True,True
2014-05-10,NZ31,6.1,302.0,18.48,4.99,INTERPLATE,0.8442841630076854,0.2398467891916391,texture_library::/records/2014-05-10__NZ31__f7c9fe87e4,True,True
2014-05-10,PE10,6.1,292.0,18.48,1.92,INTERPLATE,-9.526261039637694,-3.434274851482348,texture_library::/records/2014-05-10__PE10__19eb6abc3e,True,True
2014-05-10,RM48,6.1,297.0,18.48,2.34,INTERPLATE,-8.905299035647454,2.145393500342651,texture_library::/records/2014-05-10__RM48__8f984f0ac2,True,True
2014-05-10,SI53,6.1,290.0,18.48,1.34,INTERPLATE,-11.115686598178153,-4.0598817611107485,texture_library::/records/2014-05-10__SI53__93897e9207,True,True
2014-05-10,SP51,6.1,291.0,18.48,1.81,INTERPLATE,-7.229936648319684,-4.350154322957908,texture_library::/records/2014-05-10__SP51__7e1016de5e,True,True
2014-05-10,TH35,6.1,292.0,18.48,4.12,INTERPLATE,3.0170663931486006,-12.669528139148472,texture_library::/records/2014-05-10__TH35__8793bc757a,True,True
2014-05-10,TL55,6.1,298.0,18.48,1.72,INTERPLATE,-10.835557781442404,4.177829820590663,texture_library::/records/2014-05-10__TL55__fcd4338789,True,True
2014-05-10,UC44,6.1,294.0,18.48,1.34,INTERPLATE,-12.475331261469156,1.9585416180367765,texture_library::/records/2014-05-10__UC44__2cb1e1af48,True,True
2014-05-10,VG09,6.1,299.0,18.48,1.9,INTERPLATE,-8.355635609321073,3.908313821710238,texture_library::/records/2014-05-10__VG09__2061f6d84d,True,True
2014-05-10,VM29,6.1,292.0,18.48,2.29,INTERPLATE,-8.677059120369268,-3.3693052266101104,texture_library::/records/2014-05-10__VM29__9485357e5c,True,True
2014-05-10,XP06,6.1,295.0,18.48,2.42,INTERPLATE,-9.984000916981431,0.5712561259102463,texture_library::/records/2014-05-10__XP06__d33c192e04,True,True
2017-09-08,AE02,8.2,568.0,22.47,4.5,INSLAB,-2.0085331487853244,1.2753805141322578,texture_library::/records/2017-09-08__AE02__95afe86d13,True,True
2017-09-08,AL01,8.2,575.0,22.47,1.79,INSLAB,-11.156026460930978,2.277244846003282,texture_library::/records/2017-09-08__AL01__ccac0caf1e,True,True
2017-09-08,AO24,8.2,570.0,22.47,0.99,INSLAB,-10.433991833333211,-5.176956327646567,texture_library::/records/2017-09-08__AO24__db6400b885,True,True
2017-09-08,AP68,8.2,568.0,22.47,2.76,INSLAB,-6.489948338329648,-3.142668651665817,texture_library::/records/2017-09-08__AP68__1f8edfa054,True,True
2017-09-08,AU46,8.2,573.0,22.47,0.91,INSLAB,-11.745605738412754,-2.9091554805939426,texture_library::/records/2017-09-08__AU46__226e1c37a1,True,True
2017-09-08,BA49,8.2,573.0,22.47,2.32,INSLAB,-11.144455130022925,-0.4774397679188397,texture_library::/records/2017-09-08__BA49__d36853406d,True,True
2017-09-08,BL45,8.2,575.0,22.47,2.16,INSLAB,-11.437438131156211,1.1097493678489685,texture_library::/records/2017-09-08__BL45__a23be0f512,True,True
2017-09-08,BO39,8.2,574.0,22.47,2.22,INSLAB,-6.310372706364812,4.73090813309761,texture_library::/records/2017-09-08__BO39__75ff6c884c,True,True
2017-09-08,CA59,8.2,572.0,22.47,2.68,INSLAB,-7.599722755235497,1.09413172385141,texture_library::/records/2017-09-08__CA59__af94c4d553,True,True
2017-09-08,CE23,8.2,571.0,22.47,4.45,INSLAB,-2.539406475663445,4.238898939306335,texture_library::/records/2017-09-08__CE23__0f1365ec9a,True,True
2017-09-08,CE32,8.2,564.0,22.47,3.93,INSLAB,-1.6327928005164691,-2.459562475685759,texture_library::/records/2017-09-08__CE32__fe55c5ae73,True,True
2017-09-08,CH84,8.2,566.0,22.47,1.31,INSLAB,-7.669143336970958,-7.504781636582231,texture_library::/records/2017-09-08__CH84__4fc978853e,True,True
2017-09-08,CI05,8.2,575.0,22.47,1.83,INSLAB,-12.303857906370274,0.4461727804940563,texture_library::/records/2017-09-08__CI05__9e607274a9,True,True
2017-09-08,CJ03,8.2,574.0,22.47,1.88,INSLAB,-11.904110014895236,-0.4592020503666434,texture_library::/records/2017-09-08__CJ03__5fcd6021af,True,True
2017-09-08,CJ04,8.2,574.0,22.47,1.83,INSLAB,-11.904109899718456,-0.4592020459236894,texture_library::/records/2017-09-08__CJ04__5bb5f119b1,True,True
2017-09-08,CO47,8.2,572.0,22.47,0.62,INSLAB,-9.560284762133618,-3.221670675981718,texture_library::/records/2017-09-08__CO47__dcd8899361,True,True
2017-09-08,CO56,8.2,575.0,22.47,2.01,INSLAB,-12.105675702147083,0.7658252948962403,texture_library::/records/2017-09-08__CO56__59bd55cab9,True,True
2017-09-08,CS78,8.2,576.0,22.47,0.5,INSLAB,-1.8137255746604573,-0.4820648016278808,texture_library::/records/2017-09-08__CS78__1e0f66d989,True,True
2017-09-08,CU,8.2,570.0,22.47,0.5,INSLAB,-3.065599216619043,-1.85598127774076,texture_library::/records/2017-09-08__CU__5d1446811f,True,True
2017-09-08,DM12,8.2,571.0,22.47,3.1,INSLAB,-4.320086169971884,1.2092563126591622,texture_library::/records/2017-09-08__DM12__9042678600,True,True
2017-09-08,DR16,8.2,583.0,22.47,0.56,INSLAB,-9.511992854752396,5.759130246197378,texture_library::/records/2017-09-08__DR16__c0a5484503,True,True
2017-09-08,DX37,8.2,567.0,22.47,1.03,INSLAB,-7.294011149554737,-5.764119685446237,texture_library::/records/2017-09-08__DX37__18b1cd1b4e,True,True
2017-09-08,EO30,8.2,574.0,22.47,0.55,INSLAB,-7.689002515876952,-1.4441140900863445,texture_library::/records/2017-09-08__EO30__b62920e79f,True,True
2017-09-08,ES57,8.2,575.0,22.47,0.85,INSLAB,-11.834309551710035,-1.08887627717242,texture_library::/records/2017-09-08__ES57__aaf6e3d614,True,True
2017-09-08,GA62,8.2,575.0,22.47,2.01,INSLAB,-10.518056632828587,2.561852609201459,texture_library::/records/2017-09-08__GA62__f2d0f307ee,True,True
2017-09-08,GC38,8.2,575.0,22.47,1.63,INSLAB,-5.635114445854498,-8.124045909643048,texture_library::/records/2017-09-08__GC38__a09eec9655,True,True
2017-09-08,GR27,8.2,581.0,22.47,0.75,INSLAB,-12.976083830289996,5.672819733549856,texture_library::/records/2017-09-08__GR27__5b1460a6d4,True,True
2017-09-08,HJ72,8.2,573.0,22.47,2.47,INSLAB,-9.270842463565836,1.0668378362152915,texture_library::/records/2017-09-08__HJ72__a6c0584038,True,True
2017-09-08,IB22,8.2,567.0,22.47,1.41,INSLAB,-8.12032335996836,-6.196144179887014,texture_library::/records/2017-09-08__IB22__2f854d0e64,True,True
2017-09-08,JA43,8.2,571.0,22.47,2.76,INSLAB,-8.989972475520597,-0.9920573775951628,texture_library::/records/2017-09-08__JA43__00fa845303,True,True
2017-09-08,JC54,8.2,565.0,22.47,1.11,INSLAB,-7.667303209768966,-8.81679809241006,texture_library::/records/2017-09-08__JC54__dd212a0d18,True,True
2017-09-08,LI58,8.2,575.0,22.47,2.05,INSLAB,-12.034031299439178,1.1861165276533845,texture_library::/records/2017-09-08__LI58__4c95a5cd39,True,True
2017-09-08,LV17,8.2,578.0,22.47,1.79,INSLAB,-7.249597398874392,6.453613273305708,texture_library::/records/2017-09-08__LV17__fc8ecc4f6c,True,True
2017-09-08,MI15,8.2,562.0,22.47,1.3,INSLAB,-6.650601962237007,-10.12283764714199,texture_library::/records/2017-09-08__MI15__8fa3cd9999,True,True
2017-09-08,MT50,8.2,578.0,22.47,0.57,INSLAB,-8.366253813901974,0.5953788376952158,texture_library::/records/2017-09-08__MT50__3a998c9767,True,True
2017-09-08,MY19,8.2,561.0,22.47,2.65,INSLAB,-0.656939082311292,-5.279426916639944,texture_library::/records/2017-09-08__MY19__7a038caee8,True,True
2017-09-08,NZ20,8.2,562.0,22.47,4.27,INSLAB,2.954662778624839,-1.0588036317243277,texture_library::/records/2017-09-08__NZ20__6a3615024d,True,True
2017-09-08,NZ31,8.2,565.0,22.47,5.1,INSLAB,0.8442841630076854,0.2398467891916391,texture_library::/records/2017-09-08__NZ31__5c16b34731,True,True
2017-09-08,PA34,8.2,550.0,22.47,0.5,INSLAB,-0.0687622271217211,-1.0244392356750762,texture_library::/records/2017-09-08__PA34__b05278d6ef,True,True
2017-09-08,PD42,8.2,569.0,22.47,3.89,INSLAB,-6.098302792638885,-0.9294653378680124,texture_library::/records/2017-09-08__PD42__6e3b65196a,True,True
2017-09-08,PE10,8.2,570.0,22.47,1.86,INSLAB,-9.526260969716615,-3.4342748262753764,texture_library::/records/2017-09-08__PE10__aee90cafdd,True,True
2017-09-08,RI76,8.2,573.0,22.47,3.07,INSLAB,-4.887858336341966,2.53534555200418,texture_library::/records/2017-09-08__RI76__7590bb1484,True,True
2017-09-08,RM48,8.2,574.0,22.47,2.18,INSLAB,-8.905299034179533,2.1453934999890114,texture_library::/records/2017-09-08__RM48__2d464bfc07,True,True
2017-09-08,SCT,8.2,572.0,22.47,1.7,INSLAB,-11.341991880078576,-2.027951193413946,texture_library::/records/2017-09-08__SCT__7955740b18,True,True
2017-09-08,SI53,8.2,571.0,22.47,1.32,INSLAB,-11.115640147608673,-4.059864795553277,texture_library::/records/2017-09-08__SI53__caa2894222,True,True
2017-09-08,SP51,8.2,568.0,22.47,1.83,INSLAB,-7.229936692254252,-4.35015434939274,texture_library::/records/2017-09-08__SP51__811a0ae87d,True,True
2017-09-08,TCYA,8.2,577.0,22.47,0.5,INSLAB,-5.174619816030566,-0.3206296247287781,texture_library::/records/2017-09-08__TCYA__26f4b41595,True,True
2017-09-08,TH35,8.2,552.0,22.47,4.16,INSLAB,3.0170663931486006,-12.669528139148472,texture_library::/records/2017-09-08__TH35__d9cd0f00bd,True,True
2017-09-08,TL08,8.2,575.0,22.47,1.77,INSLAB,-9.780386158669568,3.65945286983828,texture_library::/records/2017-09-08__TL08__6b09ef0b9e,True,True
2017-09-08,TL55,8.2,576.0,22.47,1.73,INSLAB,-10.835557898025366,4.177829865541167,texture_library::/records/2017-09-08__TL55__4544d1269f,True,True
2017-09-08,UC44,8.2,577.0,22.47,1.27,INSLAB,-12.475068054896088,1.958500296406377,texture_library::/records/2017-09-08__UC44__05fd6fa42a,True,True
2017-09-08,VG09,8.2,575.0,22.47,1.85,INSLAB,-8.355635547400404,3.908313792747102,texture_library::/records/2017-09-08__VG09__eb45ae6137,True,True
2017-09-08,VM29,8.2,569.0,22.47,2.2,INSLAB,-8.677059119500866,-3.36930522627291,texture_library::/records/2017-09-08__VM29__75ea5aaa78,True,True
2017-09-08,XO36,8.2,559.0,22.47,3.26,INSLAB,-5.427249742393739,-12.063297886068256,texture_library::/records/2017-09-08__XO36__8e9588bd9a,True,True
2017-09-08,XP06,8.2,573.0,22.47,2.37,INSLAB,-9.984000916909311,0.5712561259061197,texture_library::/records/2017-09-08__XP06__8b7156a17c,True,True
2017-09-19,AE02,7.1,116.0,46.4,4.59,INSLAB,-2.0085331487853244,1.2753805141322578,texture_library::/records/2017-09-19__AE02__ad4cace79b,True,True
2017-09-19,AL01,7.1,119.0,46.4,1.9,INSLAB,-11.15602675183118,2.2772449053838324,texture_library::/records/2017-09-19__AL01__14ac29fe28,True,True
2017-09-19,AO24,7.1,112.0,46.4,1.05,INSLAB,-10.44234148657232,-5.181099113155729,texture_library::/records/2017-09-19__AO24__57a3940bf3,True,True
2017-09-19,AP68,7.1,112.0,46.4,3.03,INSLAB,-6.489948338330165,-3.142668651666068,texture_library::/records/2017-09-19__AP68__c5e6a0be5b,True,True
2017-09-19,AU11,7.1,113.0,46.4,4.1,INSLAB,-4.942720163422353,-2.216871261233944,texture_library::/records/2017-09-19__AU11__70e6edb28d,True,True
2017-09-19,AU46,7.1,115.0,46.4,0.88,INSLAB,-11.721350047698326,-2.9031478231645176,texture_library::/records/2017-09-19__AU46__35f5e645e9,True,True
2017-09-19,BA49,7.1,117.0,46.4,2.42,INSLAB,-11.14445513026022,-0.4774397679290059,texture_library::/records/2017-09-19__BA49__599fabaa9c,True,True
2017-09-19,BL45,7.1,118.0,46.4,2.27,INSLAB,-11.43743813330426,1.1097493680573889,texture_library::/records/2017-09-19__BL45__858f7091b8,True,True
2017-09-19,BO39,7.1,121.0,46.4,2.62,INSLAB,-6.310372707053676,4.730908133614053,texture_library::/records/2017-09-19__BO39__2650a442a4,True,True
2017-09-19,CA59,7.1,117.0,46.4,2.79,INSLAB,-7.599722755236888,1.0941317238516104,texture_library::/records/2017-09-19__CA59__9fe8f7ab3a,True,True
2017-09-19,CE18,7.1,107.0,46.4,0.5,INSLAB,-1.0690035551595556,-1.6465276147283254,texture_library::/records/2017-09-19__CE18__a1365e701c,True,True
2017-09-19,CE23,7.1,119.0,46.4,4.41,INSLAB,-2.539406475663445,4.238898939306335,texture_library::/records/2017-09-19__CE23__8c9dfcded6,True,True
2017-09-19,CE32,7.1,111.0,46.4,3.97,INSLAB,-1.6327928005164691,-2.459562475685759,texture_library::/records/2017-09-19__CE32__7a01e3a66f,True,True
2017-09-19,CH84,7.1,108.0,46.4,1.35,INSLAB,-7.669208004038434,-7.504844917733613,texture_library::/records/2017-09-19__CH84__d8945f04bd,True,True
2017-09-19,CI05,7.1,118.0,46.4,1.88,INSLAB,-12.303858025414767,0.4461727848109473,texture_library::/records/2017-09-19__CI05__da008c8637,True,True
2017-09-19,CJ03,7.1,117.0,46.4,1.86,INSLAB,-11.90410997775547,-0.4592020489339738,texture_library::/records/2017-09-19__CJ03__7d4bbb5d54,True,True
2017-09-19,CJ04,7.1,117.0,46.4,1.86,INSLAB,-11.90410997775547,-0.4592020489339738,texture_library::/records/2017-09-19__CJ04__aef9d5402f,True,True
2017-09-19,CO47,7.1,114.0,46.4,0.51,INSLAB,-6.127685825068308,-2.0649369998311244,texture_library::/records/2017-09-19__CO47__15f5d587b0,True,True
2017-09-19,CO56,7.1,118.0,46.4,2.11,INSLAB,-12.105675718227934,0.7658252959135416,texture_library::/records/2017-09-19__CO56__330559cd49,True,True
2017-09-19,CS78,7.1,116.0,46.4,0.5,INSLAB,-1.8137255746604573,-0.4820648016278808,texture_library::/records/2017-09-19__CS78__53e1e67f4c,True,True
2017-09-19,CU,7.1,110.0,46.4,0.5,INSLAB,-3.065599216619043,-1.85598127774076,texture_library::/records/2017-09-19__CU__fc05e9e256,True,True
2017-09-19,DM12,7.1,117.0,46.4,3.1,INSLAB,-4.320086169971884,1.2092563126591622,texture_library::/records/2017-09-19__DM12__91f2124f7a,True,True
2017-09-19,DR16,7.1,127.0,46.4,0.59,INSLAB,-10.59488785352736,6.414779744271262,texture_library::/records/2017-09-19__DR16__778f4a8c9a,True,True
2017-09-19,DX37,7.1,109.0,46.4,0.99,INSLAB,-7.289633241352387,-5.760660027058988,texture_library::/records/2017-09-19__DX37__3e6ee22b68,True,True
2017-09-19,EO30,7.1,116.0,46.4,0.61,INSLAB,-9.45537702133957,-1.7758666557072618,texture_library::/records/2017-09-19__EO30__637dfc0ffd,True,True
2017-09-19,ES57,7.1,117.0,46.4,0.86,INSLAB,-11.848087459030811,-1.090143984119337,texture_library::/records/2017-09-19__ES57__7b5f2b2484,True,True
2017-09-19,GA62,7.1,119.0,46.4,1.88,INSLAB,-10.518056544423333,2.561852587668847,texture_library::/records/2017-09-19__GA62__52aa06e96f,True,True
2017-09-19,GC38,7.1,105.0,46.4,1.59,INSLAB,-5.635113309593834,-8.124044271515926,texture_library::/records/2017-09-19__GC38__c931849840,True,True
2017-09-19,GR27,7.1,125.0,46.4,0.76,INSLAB,-13.032117759208322,5.697316367655612,texture_library::/records/2017-09-19__GR27__c0fae8008e,True,True
2017-09-19,HJ72,7.1,118.0,46.4,2.34,INSLAB,-9.270842463396791,1.0668378361958395,texture_library::/records/2017-09-19__HJ72__a76bf61d4e,True,True
2017-09-19,IB22,7.1,109.0,46.4,1.4,INSLAB,-8.120317132030145,-6.1961394277113415,texture_library::/records/2017-09-19__IB22__f4f34ed15a,True,True
2017-09-19,JA43,7.1,115.0,46.4,2.81,INSLAB,-8.989972475520956,-0.9920573775952024,texture_library::/records/2017-09-19__JA43__5c31b57f0d,True,True
2017-09-19,JC54,7.1,106.0,46.4,1.14,INSLAB,-7.668045182480586,-8.817651302907866,texture_library::/records/2017-09-19__JC54__d1ddddc8a1,True,True
2017-09-19,LI33,7.1,100.0,46.4,2.29,INSLAB,5.290780852425604,-8.520587418953859,texture_library::/records/2017-09-19__LI33__cac93fe5c4,True,True
2017-09-19,LI58,7.1,119.0,46.4,2.03,INSLAB,-12.03403129554736,1.186116527269793,texture_library::/records/2017-09-19__LI58__1d0bd594f4,True,True
2017-09-19,LV17,7.1,125.0,46.4,1.58,INSLAB,-7.249593603745429,6.453609894870562,texture_library::/records/2017-09-19__LV17__b0aa883237,True,True
2017-09-19,MI15,7.1,103.0,46.4,1.38,INSLAB,-6.650703630408756,-10.1229923955997,texture_library::/records/2017-09-19__MI15__9d955e8163,True,True
2017-09-19,MT50,7.1,120.0,46.4,0.58,INSLAB,-8.671779679193481,0.6171213808464668,texture_library::/records/2017-09-19__MT50__f494012427,True,True
2017-09-19,MY19,7.1,106.0,46.4,2.67,INSLAB,-0.6569390823113466,-5.279426916640381,texture_library::/records/2017-09-19__MY19__3f72f50159,True,True
2017-09-19,NZ20,7.1,111.0,46.4,4.41,INSLAB,2.954662778624839,-1.0588036317243277,texture_library::/records/2017-09-19__NZ20__4a3ff7b8fc,True,True
2017-09-19,NZ31,7.1,113.0,46.4,5.1,INSLAB,0.8442841630076854,0.2398467891916391,texture_library::/records/2017-09-19__NZ31__7e334908de,True,True
2017-09-19,PA34,7.1,91.0,46.4,0.5,INSLAB,-0.0687622271217211,-1.0244392356750762,texture_library::/records/2017-09-19__PA34__342e78f482,True,True
2017-09-19,PD42,7.1,114.0,46.4,3.77,INSLAB,-6.098302792638885,-0.9294653378680124,texture_library::/records/2017-09-19__PD42__e1f4a17079,True,True
2017-09-19,PE10,7.1,113.0,46.4,1.92,INSLAB,-9.526261039637694,-3.434274851482348,texture_library::/records/2017-09-19__PE10__da1d962397,True,True
2017-09-19,RI76,7.1,119.0,46.4,3.1,INSLAB,-4.887858336341968,2.535345552004181,texture_library::/records/2017-09-19__RI76__ac3d9e8c41,True,True
2017-09-19,RM48,7.1,119.0,46.4,2.39,INSLAB,-8.905299035743418,2.1453935003657705,texture_library::/records/2017-09-19__RM48__4abf75515d,True,True
2017-09-19,SCT,7.1,115.0,46.4,1.83,INSLAB,-11.341992930923563,-2.0279513813053125,texture_library::/records/2017-09-19__SCT__fc1b907ede,True,True
2017-09-19,SI53,7.1,113.0,46.4,1.36,INSLAB,-11.115722176248198,-4.0598947556078855,texture_library::/records/2017-09-19__SI53__40007fd49d,True,True
2017-09-19,SP51,7.1,111.0,46.4,1.9,INSLAB,-7.229936779483496,-4.350154401877386,texture_library::/records/2017-09-19__SP51__499f3347d4,True,True
2017-09-19,TCYA,7.1,118.0,46.4,0.5,INSLAB,-5.174619816030566,-0.3206296247287781,texture_library::/records/2017-09-19__TCYA__6454e8b891,True,True
2017-09-19,TH35,7.1,98.0,46.4,4.73,INSLAB,3.0170663931486006,-12.669528139148472,texture_library::/records/2017-09-19__TH35__3e43fef32f,True,True
2017-09-19,TL08,7.1,120.0,46.4,1.88,INSLAB,-9.780386491637454,3.659452994422348,texture_library::/records/2017-09-19__TL08__7d33bb43d5,True,True
2017-09-19,TL55,7.1,121.0,46.4,1.81,INSLAB,-10.835558434098177,4.177830072232969,texture_library::/records/2017-09-19__TL55__04fd66cce5,True,True
2017-09-19,TP13,7.1,106.0,46.4,0.5,INSLAB,-1.892240519572618,-1.781782359044362,texture_library::/records/2017-09-19__TP13__fb79188a9f,True,True
2017-09-19,UC44,7.1,120.0,46.4,1.34,INSLAB,-12.475331261469156,1.9585416180367765,texture_library::/records/2017-09-19__UC44__f5e76b22fd,True,True
2017-09-19,VG09,7.1,120.0,46.4,2.18,INSLAB,-8.355635673094197,3.908313851539852,texture_library::/records/2017-09-19__VG09__7099c58752,True,True
2017-09-19,VM29,7.1,113.0,46.4,2.39,INSLAB,-8.677059120644898,-3.369305226717138,texture_library::/records/2017-09-19__VM29__67292cf46b,True,True
2017-09-19,XO36,7.1,101.0,46.4,3.23,INSLAB,-5.427249742393738,-12.063297886068254,texture_library::/records/2017-09-19__XO36__fdba487c09,True,True
2017-09-19,XP06,7.1,117.0,46.4,2.32,INSLAB,-9.984000916768846,0.5712561258980826,texture_library::/records/2017-09-19__XP06__61d2d0860e,True,True
2018-02-16,AE02,7.2,346.0,7.49,4.5,INTERPLATE,-2.0085331487853244,1.2753805141322578,texture_library::/records/2018-02-16__AE02__006db43a69,True,True
2018-02-16,AL01,7.2,350.0,7.49,1.64,INTERPLATE,-11.156024045019374,2.2772443528507904,texture_library::/records/2018-02-16__AL01__6c6bc2ca57,True,True
2018-02-16,AO24,7.2,342.0,7.49,1.02,INTERPLATE,-10.438989062861006,-5.17943576595147,texture_library::/records/2018-02-16__AO24__5321c2f8d8,True,True
2018-02-16,AU11,7.2,343.0,7.49,3.85,INTERPLATE,-4.942720163422353,-2.216871261233944,texture_library::/records/2018-02-16__AU11__756d723e4e,True,True
2018-02-16,AU46,7.2,345.0,7.49,0.87,INTERPLATE,-11.710887225639627,-2.9005563879663314,texture_library::/records/2018-02-16__AU46__22520a761a,True,True
2018-02-16,BA49,7.2,347.0,7.49,2.32,INTERPLATE,-11.144455130022925,-0.4774397679188397,texture_library::/records/2018-02-16__BA49__07c5d9158d,True,True
2018-02-16,BL45,7.2,349.0,7.49,2.25,INTERPLATE,-11.437438133107406,1.1097493680382884,texture_library::/records/2018-02-16__BL45__92bc77f11a,True,True
2018-02-16,BO39,7.2,352.0,7.49,2.44,INTERPLATE,-6.3103727070201785,4.730908133588939,texture_library::/records/2018-02-16__BO39__69f9aafc59,True,True
2018-02-16,CA59,7.2,348.0,7.49,2.49,INTERPLATE,-7.599722755214528,1.0941317238483912,texture_library::/records/2018-02-16__CA59__1d682e35fc,True,True
2018-02-16,CE18,7.2,338.0,7.49,0.5,INTERPLATE,-1.0690035551595556,-1.6465276147283254,texture_library::/records/2018-02-16__CE18__7d01cd5c8b,True,True
2018-02-16,CE23,7.2,350.0,7.49,4.23,INTERPLATE,-2.539406475663445,4.238898939306335,texture_library::/records/2018-02-16__CE23__12f5bc4260,True,True
2018-02-16,CE32,7.2,342.0,7.49,3.97,INTERPLATE,-1.6327928005164691,-2.459562475685759,texture_library::/records/2018-02-16__CE32__9f050c09fd,True,True
2018-02-16,CH84,7.2,338.0,7.49,1.3,INTERPLATE,-7.6691210233690095,-7.504759801195566,texture_library::/records/2018-02-16__CH84__3635b01044,True,True
2018-02-16,CI05,7.2,349.0,7.49,1.92,INTERPLATE,-12.303858077335974,0.4461727866937575,texture_library::/records/2018-02-16__CI05__6ee5cefdfd,True,True
2018-02-16,CJ03,7.2,348.0,7.49,1.66,INTERPLATE,-11.904107852882552,-0.4592019669668213,texture_library::/records/2018-02-16__CJ03__58bc127d1e,True,True
2018-02-16,CJ04,7.2,348.0,7.49,1.66,INTERPLATE,-11.904107852882552,-0.4592019669668213,texture_library::/records/2018-02-16__CJ04__9758829605,True,True
2018-02-16,CO47,7.2,344.0,7.49,0.53,INTERPLATE,-6.879204373986536,-2.3181873298940805,texture_library::/records/2018-02-16__CO47__e86a55fa65,True,True
2018-02-16,CO56,7.2,349.0,7.49,2.07,INTERPLATE,-12.105675714172104,0.7658252956569629,texture_library::/records/2018-02-16__CO56__1de7f2c089,True,True
2018-02-16,CP28,7.2,348.0,7.49,0.5,INTERPLATE,-1.3233287542997667,0.6825766347070873,texture_library::/records/2018-02-16__CP28__f5ba0577f7,True,True
2018-02-16,CS78,7.2,345.0,7.49,0.5,INTERPLATE,-1.8137255746604573,-0.4820648016278808,texture_library::/records/2018-02-16__CS78__e065662c3c,True,True
2018-02-16,CU,7.2,345.0,14.38,0.5,INTERPLATE,-3.065599216619043,-1.85598127774076,texture_library::/records/2018-02-16__CU__3056e381ba,True,True
2018-02-16,DM12,7.2,348.0,7.49,3.13,INTERPLATE,-4.320086169971884,1.2092563126591624,texture_library::/records/2018-02-16__DM12__e01dba1155,True,True
2018-02-16,DR16,7.2,358.0,7.49,0.55,INTERPLATE,-9.109191760485045,5.515250335791695,texture_library::/records/2018-02-16__DR16__4aae0d6012,True,True
2018-02-16,DX37,7.2,339.0,7.49,0.91,INTERPLATE,-7.269517623780489,-5.744763584778643,texture_library::/records/2018-02-16__DX37__794bab55ab,True,True
2018-02-16,EO30,7.2,346.0,7.49,0.54,INTERPLATE,-7.334128990271277,-1.3774633304504151,texture_library::/records/2018-02-16__EO30__5757dc7520,True,True
2018-02-16,ES57,7.2,347.0,7.49,0.87,INTERPLATE,-11.860171867195822,-1.0912558720006749,texture_library::/records/2018-02-16__ES57__53fef15a0a,True,True
2018-02-16,GA62,7.2,350.0,7.49,2.0,INTERPLATE,-10.518056630122429,2.561852608542327,texture_library::/records/2018-02-16__GA62__24983b5561,True,True
2018-02-16,GR27,7.2,355.0,7.49,0.74,INTERPLATE,-12.912644701310176,5.645085730944549,texture_library::/records/2018-02-16__GR27__820e7073cc,True,True
2018-02-16,HJ72,7.2,348.0,7.49,2.29,INTERPLATE,-9.270842463202206,1.0668378361734474,texture_library::/records/2018-02-16__HJ72__76d4458786,True,True
2018-02-16,IB22,7.2,340.0,7.49,1.41,INTERPLATE,-8.12032335996836,-6.196144179887014,texture_library::/records/2018-02-16__IB22__710628675e,True,True
2018-02-16,JA43,7.2,346.0,7.49,2.52,INTERPLATE,-8.989972475503272,-0.9920573775932512,texture_library::/records/2018-02-16__JA43__54abeaddb4,True,True
2018-02-16,JC54,7.2,336.0,7.49,1.11,INTERPLATE,-7.667303209768966,-8.81679809241006,texture_library::/records/2018-02-16__JC54__61d67c2ba3,True,True
2018-02-16,LI58,7.2,349.0,7.49,1.96,INTERPLATE,-12.034031269892973,1.1861165247412064,texture_library::/records/2018-02-16__LI58__a06d70bc9e,True,True
2018-02-16,LV17,7.2,355.0,7.49,1.48,INTERPLATE,-7.249582314966174,6.453599845565528,texture_library::/records/2018-02-16__LV17__34d818872a,True,True
2018-02-16,MI15,7.2,333.0,7.49,1.27,INTERPLATE,-6.650525722442926,-10.122721603051229,texture_library::/records/2018-02-16__MI15__137f8ce23e,True,True
2018-02-16,MT50,7.2,350.0,7.49,0.55,INTERPLATE,-7.701912016233397,0.5481013995339424,texture_library::/records/2018-02-16__MT50__3a0a901725,True,True
2018-02-16,MY19,7.2,337.0,7.49,2.57,INTERPLATE,-0.6569390823108476,-5.279426916636372,texture_library::/records/2018-02-16__MY19__e11dc37fbe,True,True
2018-02-16,NZ20,7.2,342.0,7.49,4.59,INTERPLATE,2.954662778624839,-1.0588036317243277,texture_library::/records/2018-02-16__NZ20__ca69689223,True,True
2018-02-16,NZ31,7.2,344.0,7.49,5.1,INTERPLATE,0.8442841630076854,0.2398467891916391,texture_library::/records/2018-02-16__NZ31__8080f605e6,True,True
2018-02-16,PA34,7.2,322.0,7.49,0.5,INTERPLATE,-0.0687622271217211,-1.0244392356750762,texture_library::/records/2018-02-16__PA34__1f46272f50,True,True
2018-02-16,PD42,7.2,345.0,7.49,3.81,INTERPLATE,-6.098302792638885,-0.9294653378680124,texture_library::/records/2018-02-16__PD42__54ba51e36f,True,True
2018-02-16,PE10,7.2,344.0,7.49,2.01,INTERPLATE,-9.526261079506826,-3.434274865855412,texture_library::/records/2018-02-16__PE10__119a40a0da,True,True
2018-02-16,RI76,7.2,350.0,7.49,3.16,INTERPLATE,-4.887858336341971,2.535345552004182,texture_library::/records/2018-02-16__RI76__c36f45ab2e,True,True
2018-02-16,RM48,7.2,349.0,7.49,2.07,INTERPLATE,-8.905299028626668,2.14539349865126,texture_library::/records/2018-02-16__RM48__1ebfcd6ecb,True,True
2018-02-16,SCT,7.2,346.0,7.49,1.68,INTERPLATE,-11.341991490012433,-2.027951123670015,texture_library::/records/2018-02-16__SCT__b37a3b892a,True,True
2018-02-16,SP51,7.2,342.0,7.49,1.75,INTERPLATE,-7.2299364182892285,-4.35015418455172,texture_library::/records/2018-02-16__SP51__8787ff45cb,True,True
2018-02-16,TCYA,7.2,348.0,7.49,0.5,INTERPLATE,-5.174619816030566,-0.3206296247287781,texture_library::/records/2018-02-16__TCYA__352c7bd730,True,True
2018-02-16,TL08,7.2,351.0,7.49,1.94,INTERPLATE,-9.780386546620626,3.659453014994984,texture_library::/records/2018-02-16__TL08__af3d118987,True,True
2018-02-16,TL55,7.2,352.0,7.49,1.73,INTERPLATE,-10.835557898025366,4.177829865541167,texture_library::/records/2018-02-16__TL55__7dab09d63f,True,True
2018-02-16,TP13,7.2,336.0,7.49,0.5,INTERPLATE,-1.892240519572618,-1.781782359044362,texture_library::/records/2018-02-16__TP13__749bff4a32,True,True
2018-02-16,UC44,7.2,350.0,7.49,1.27,INTERPLATE,-12.475068054896088,1.958500296406377,texture_library::/records/2018-02-16__UC44__1d05cf9682,True,True
2018-02-16,VG09,7.2,351.0,7.49,1.99,INTERPLATE,-8.355635654977892,3.9083138430660247,texture_library::/records/2018-02-16__VG09__c7217e6a0e,True,True
2018-02-16,VM29,7.2,343.0,7.49,2.25,INTERPLATE,-8.67705912010554,-3.3693052265077053,texture_library::/records/2018-02-16__VM29__5ce267d5bc,True,True
2018-02-16,XO36,7.2,331.0,7.49,3.26,INTERPLATE,-5.427249742393739,-12.063297886068256,texture_library::/records/2018-02-16__XO36__a11ed7735a,True,True
2018-02-16,XP06,7.2,348.0,7.49,2.27,INTERPLATE,-9.98400091649525,0.5712561258824282,texture_library::/records/2018-02-16__XP06__c9215b310d,True,True
2020-06-23,AE02,7.4,459.0,15.6,4.55,INTERPLATE,-2.0085331487853244,1.2753805141322578,texture_library::/records/2020-06-23__AE02__a52c1614ce,True,True
2020-06-23,AL01,7.4,466.0,15.6,1.61,INTERPLATE,-11.156022670839803,2.2772440723438057,texture_library::/records/2020-06-23__AL01__dc3617a8ab,True,True
2020-06-23,AO24,7.4,460.0,15.6,1.0,INTERPLATE,-10.43588337082613,-5.177894837772831,texture_library::/records/2020-06-23__AO24__b888a2bba6,True,True
2020-06-23,BO39,7.4,466.0,15.6,2.29,INTERPLATE,-6.310372706784813,4.730908133412486,texture_library::/records/2020-06-23__BO39__9b11fc163c,True,True
2020-06-23,CE32,7.4,455.0,15.6,3.89,INTERPLATE,-1.6327928005164691,-2.459562475685759,texture_library::/records/2020-06-23__CE32__2d8b06a889,True,True
2020-06-23,CH84,7.4,455.0,15.6,1.27,INTERPLATE,-7.669033107686952,-7.504673769683664,texture_library::/records/2020-06-23__CH84__844398bad0,True,True
2020-06-23,CI05,7.4,466.0,15.6,1.75,INTERPLATE,-12.303857440138431,0.4461727635871675,texture_library::/records/2020-06-23__CI05__e2b97f2411,True,True
2020-06-23,CO56,7.4,465.0,15.6,2.04,INTERPLATE,-12.105675709346317,0.7658252953516757,texture_library::/records/2020-06-23__CO56__6de42e2bc9,True,True
2020-06-23,CS78,7.4,465.0,15.6,0.5,INTERPLATE,-1.8137255746604573,-0.4820648016278808,texture_library::/records/2020-06-23__CS78__afef6a0a0e,True,True
2020-06-23,CU,7.4,480.0,14.55,0.5,INTERPLATE,-3.065599216619043,-1.85598127774076,texture_library::/records/2020-06-23__CU__d8a49b90dc,True,True
2020-06-23,DM12,7.4,462.0,15.6,3.0,INTERPLATE,-4.320086169971872,1.2092563126591591,texture_library::/records/2020-06-23__DM12__5df25bd404,True,True
2020-06-23,DR16,7.4,474.0,15.6,0.57,INTERPLATE,-9.894920916662546,5.990977832411938,texture_library::/records/2020-06-23__DR16__92ea045a51,True,True
2020-06-23,GC38,7.4,453.0,15.6,1.55,INTERPLATE,-5.635111372719432,-8.124041479157986,texture_library::/records/2020-06-23__GC38__f5635963b0,True,True
2020-06-23,GR27,7.4,471.0,15.6,0.72,INTERPLATE,-12.759918084262358,5.578317468781758,texture_library::/records/2020-06-23__GR27__771c7b95ad,True,True
2020-06-23,HJ72,7.4,464.0,15.6,2.29,INTERPLATE,-9.270842463202206,1.0668378361734474,texture_library::/records/2020-06-23__HJ72__2d7205816e,True,True
2020-06-23,IB22,7.4,457.0,15.6,1.38,INTERPLATE,-8.120301884608022,-6.196127793294625,texture_library::/records/2020-06-23__IB22__0d98c0f481,True,True
2020-06-23,LI58,7.4,466.0,15.6,1.98,INTERPLATE,-12.034031279789753,1.186116525716668,texture_library::/records/2020-06-23__LI58__8a50bb9234,True,True
2020-06-23,MT50,7.4,468.0,15.6,0.56,INTERPLATE,-8.04248433808827,0.5723380002452643,texture_library::/records/2020-06-23__MT50__a2164624bd,True,True
2020-06-23,PA34,7.4,439.0,15.6,0.5,INTERPLATE,-0.0687622271217211,-1.0244392356750762,texture_library::/records/2020-06-23__PA34__2aa1fd3635,True,True
2020-06-23,PD42,7.4,460.0,15.6,3.7,INTERPLATE,-6.098302792638885,-0.9294653378680124,texture_library::/records/2020-06-23__PD42__72802e5c56,True,True
2020-06-23,PE10,7.4,460.0,15.6,1.99,INTERPLATE,-9.526261074255274,-3.434274863962196,texture_library::/records/2020-06-23__PE10__03fb4dd9d5,True,True
2020-06-23,SCT,7.4,462.0,15.6,1.61,INTERPLATE,-11.341988918745,-2.0279506639267075,texture_library::/records/2020-06-23__SCT__8122c87f25,True,True
2020-06-23,TCYA,7.4,466.0,15.6,0.5,INTERPLATE,-5.174619816030566,-0.3206296247287781,texture_library::/records/2020-06-23__TCYA__1a3f652b22,True,True
2020-06-23,TL08,7.4,466.0,15.6,1.88,INTERPLATE,-9.780386491637454,3.659452994422348,texture_library::/records/2020-06-23__TL08__e375aabbaf,True,True
2020-06-23,TP13,7.4,455.0,15.6,0.5,INTERPLATE,-1.892240519572618,-1.781782359044362,texture_library::/records/2020-06-23__TP13__38425780e0,True,True
2020-06-23,UC44,7.4,467.0,15.6,1.17,INTERPLATE,-12.473856330833742,1.9583100640224875,texture_library::/records/2020-06-23__UC44__79e4a52009,True,True
2020-06-23,VG09,7.4,466.0,15.6,2.04,INTERPLATE,-8.355635664553198,3.9083138475448345,texture_library::/records/2020-06-23__VG09__2680c68052,True,True
2021-09-08,AE02,7.1,270.0,8.33,4.55,INTERPLATE,-2.0085331487853244,1.2753805141322578,texture_library::/records/2021-09-08__AE02__46e6203ef4,True,True
2021-09-08,AL01,7.1,268.0,8.33,1.88,INTERPLATE,-11.156026725172422,2.277244899942063,texture_library::/records/2021-09-08__AL01__18be9c1b71,True,True
2021-09-08,AO24,7.1,259.0,8.33,1.05,INTERPLATE,-10.44234148657232,-5.181099113155729,texture_library::/records/2021-09-08__AO24__b696f235b9,True,True
2021-09-08,AP68,7.1,263.0,8.33,2.82,INTERPLATE,-6.489948338329941,-3.1426686516659585,texture_library::/records/2021-09-08__AP68__dcb98f406d,True,True
2021-09-08,AR14,7.1,275.0,8.33,3.36,INTERPLATE,-3.911644891080938,6.531378983920624,texture_library::/records/2021-09-08__AR14__f1fae20507,True,True
2021-09-08,AU11,7.1,265.0,8.33,3.97,INTERPLATE,-4.942720163422353,-2.216871261233944,texture_library::/records/2021-09-08__AU11__0148f27d15,True,True
2021-09-08,AU46,7.1,262.0,8.33,0.84,INTERPLATE,-11.669844218557774,-2.8903908425145763,texture_library::/records/2021-09-08__AU46__1944ff1e73,True,True
2021-09-08,BA49,7.1,265.0,8.33,2.32,INTERPLATE,-11.144455130022925,-0.4774397679188397,texture_library::/records/2021-09-08__BA49__68f2438ade,True,True
2021-09-08,BL45,7.1,267.0,8.33,2.11,INTERPLATE,-11.437438128509964,1.1097493675922088,texture_library::/records/2021-09-08__BL45__82e9d00f49,True,True
2021-09-08,BO39,7.1,272.0,8.33,2.55,INTERPLATE,-6.310372707048519,4.730908133610187,texture_library::/records/2021-09-08__BO39__443ca1ae56,True,True
2021-09-08,CA59,7.1,268.0,8.33,2.68,INTERPLATE,-7.599722755235497,1.09413172385141,texture_library::/records/2021-09-08__CA59__ca06322949,True,True
2021-09-08,CE18,7.1,260.0,8.33,0.5,INTERPLATE,-1.0690035551595556,-1.6465276147283254,texture_library::/records/2021-09-08__CE18__df1c9d1afa,True,True
2021-09-08,CE23,7.1,273.0,8.33,4.47,INTERPLATE,-2.539406475663445,4.238898939306335,texture_library::/records/2021-09-08__CE23__80cda0728e,True,True
2021-09-08,CE32,7.1,265.0,8.33,4.06,INTERPLATE,-1.6327928005164691,-2.459562475685759,texture_library::/records/2021-09-08__CE32__a2d53c849c,True,True
2021-09-08,CH84,7.1,257.0,8.33,1.3,INTERPLATE,-7.6691210233690095,-7.504759801195566,texture_library::/records/2021-09-08__CH84__731927eeef,True,True
2021-09-08,CI05,7.1,266.0,8.33,1.72,INTERPLATE,-12.303857090507195,0.4461727509085475,texture_library::/records/2021-09-08__CI05__ea2e54f060,True,True
2021-09-08,CJ03,7.1,265.0,8.33,1.81,INTERPLATE,-11.904109827380072,-0.4592020431332301,texture_library::/records/2021-09-08__CJ03__d8d66b8d0e,True,True
2021-09-08,CJ04,7.1,265.0,8.33,1.81,INTERPLATE,-11.904109827380072,-0.4592020431332301,texture_library::/records/2021-09-08__CJ04__f3b2ea4c25,True,True
2021-09-08,CO47,7.1,260.0,8.33,0.55,INTERPLATE,-7.59240319284264,-2.5585244932758875,texture_library::/records/2021-09-08__CO47__24ba256a41,True,True
2021-09-08,CO56,7.1,266.0,8.33,2.07,INTERPLATE,-12.105675714172104,0.7658252956569629,texture_library::/records/2021-09-08__CO56__65dc05d785,True,True
2021-09-08,CP28,7.1,270.0,8.33,0.5,INTERPLATE,-1.3233287542997667,0.6825766347070873,texture_library::/records/2021-09-08__CP28__b202eb382d,True,True
2021-09-08,CS78,7.1,258.0,8.33,0.5,INTERPLATE,-1.8137255746604573,-0.4820648016278808,texture_library::/records/2021-09-08__CS78__3dd709ce05,True,True
2021-09-08,CU,7.0,276.0,10.46,0.5,INTERPLATE,-3.065599216619043,-1.85598127774076,texture_library::/records/2021-09-08__CU__fe36c5fa9d,True,True
2021-09-08,CU80,7.1,254.0,8.33,2.46,INTERPLATE,-6.5336467904722575,-11.84945468519901,texture_library::/records/2021-09-08__CU80__6b2ed1827e,True,True
2021-09-08,D270,7.1,256.0,8.33,0.79,INTERPLATE,-6.138155822253808,-2.734346164225261,texture_library::/records/2021-09-08__D270__99aeddcb3c,True,True
2021-09-08,DM12,7.1,269.0,8.33,3.0,INTERPLATE,-4.320086169971872,1.2092563126591591,texture_library::/records/2021-09-08__DM12__638c074d68,True,True
2021-09-08,DR16,7.1,274.0,8.33,0.58,INTERPLATE,-10.256271927796208,6.209761379612999,texture_library::/records/2021-09-08__DR16__daa0f84049,True,True
2021-09-08,DX37,7.1,257.0,8.33,0.94,INTERPLATE,-7.279615421204626,-5.752743407090222,texture_library::/records/2021-09-08__DX37__d73e5ced60,True,True
2021-09-08,EO30,7.1,262.0,8.33,0.57,INTERPLATE,-8.352230782171016,-1.5686786590692643,texture_library::/records/2021-09-08__EO30__9b0afab142,True,True
2021-09-08,ES57,7.1,263.0,8.33,0.84,INTERPLATE,-11.818605664007425,-1.087431360533723,texture_library::/records/2021-09-08__ES57__ccb23a2bf4,True,True
2021-09-08,FJ74,7.1,252.0,8.33,0.5,INTERPLATE,-0.6333702300934109,-0.4375782887116275,texture_library::/records/2021-09-08__FJ74__c3582ae74c,True,True
2021-09-08,GA62,7.1,268.0,8.33,2.0,INTERPLATE,-10.518056630122429,2.561852608542327,texture_library::/records/2021-09-08__GA62__b5cf005012,True,True
2021-09-08,GC38,7.1,256.0,8.33,1.59,INTERPLATE,-5.635113309593834,-8.124044271515926,texture_library::/records/2021-09-08__GC38__db154f8a9a,True,True
2021-09-08,GR27,7.1,271.0,8.33,0.77,INTERPLATE,-13.081555759766507,5.718929426635629,texture_library::/records/2021-09-08__GR27__4971efeeeb,True,True
2021-09-08,HJ72,7.1,267.0,8.33,2.2,INTERPLATE,-9.270842462274375,1.066837836066678,texture_library::/records/2021-09-08__HJ72__10ceefe164,True,True
2021-09-08,IB22,7.1,259.0,8.33,1.39,INTERPLATE,-8.120310015807739,-6.196133997737917,texture_library::/records/2021-09-08__IB22__9cdd7b2f47,True,True
2021-09-08,IM40,7.1,256.0,8.33,0.5,INTERPLATE,-3.133307614567889,-1.3957852986022237,texture_library::/records/2021-09-08__IM40__0bd4a05abe,True,True
2021-09-08,JA43,7.1,265.0,8.33,2.5,INTERPLATE,-8.989972475497753,-0.992057377592642,texture_library::/records/2021-09-08__JA43__d1a1cf9415,True,True
2021-09-08,JC54,7.1,255.0,8.33,1.08,INTERPLATE,-7.666196583400702,-8.815525558771336,texture_library::/records/2021-09-08__JC54__2133506ae9,True,True
2021-09-08,LI33,7.1,260.0,8.33,2.41,INTERPLATE,5.290780852607749,-8.520587419247198,texture_library::/records/2021-09-08__LI33__d768bb290c,True,True
2021-09-08,LI58,7.1,267.0,8.33,1.92,INTERPLATE,-12.034031240101577,1.1861165218048615,texture_library::/records/2021-09-08__LI58__ec62aa11cd,True,True
2021-09-08,LV17,7.1,275.0,8.33,1.41,INTERPLATE,-7.249558661904563,6.453578789539382,texture_library::/records/2021-09-08__LV17__e33f89bb80,True,True
2021-09-08,ME52,7.1,267.0,8.33,0.65,INTERPLATE,-11.06248115892391,1.8537651951810648,texture_library::/records/2021-09-08__ME52__cf47c6534e,True,True
2021-09-08,MT50,7.1,266.0,8.33,0.59,INTERPLATE,-8.958082804196295,0.637495950586323,texture_library::/records/2021-09-08__MT50__90ba6ee756,True,True
2021-09-08,MY19,7.1,262.0,8.33,2.47,INTERPLATE,-0.6569390823089545,-5.279426916621159,texture_library::/records/2021-09-08__MY19__91cb9f2054,True,True
2021-09-08,NZ20,7.1,269.0,8.33,4.35,INTERPLATE,2.954662778624839,-1.0588036317243277,texture_library::/records/2021-09-08__NZ20__256252745d,True,True
2021-09-08,NZ31,7.1,270.0,8.33,4.99,INTERPLATE,0.8442841630076854,0.2398467891916391,texture_library::/records/2021-09-08__NZ31__77ef22666f,True,True
2021-09-08,PA34,7.1,246.0,8.33,0.5,INTERPLATE,-0.0687622271217211,-1.0244392356750762,texture_library::/records/2021-09-08__PA34__143fb4c16e,True,True
2021-09-08,PE10,7.1,263.0,8.33,1.85,INTERPLATE,-9.526260951606169,-3.4342748197464497,texture_library::/records/2021-09-08__PE10__e475644dc7,True,True
2021-09-08,RI76,7.1,271.0,8.33,2.91,INTERPLATE,-4.887858336341918,2.535345552004155,texture_library::/records/2021-09-08__RI76__b0046d61af,True,True
2021-09-08,SCT,7.1,267.0,8.33,1.61,INTERPLATE,-11.341988918745,-2.0279506639267075,texture_library::/records/2021-09-08__SCT__56c0e3b97e,True,True
2021-09-08,SI53,7.1,261.0,8.33,1.31,INTERPLATE,-11.115611843294383,-4.059854457715095,texture_library::/records/2021-09-08__SI53__95de7c4472,True,True
2021-09-08,SP51,7.1,261.0,8.33,1.85,INTERPLATE,-7.229936725904984,-4.350154369639926,texture_library::/records/2021-09-08__SP51__5d481f9a26,True,True
2021-09-08,SS60,7.1,263.0,8.33,1.7,INTERPLATE,-11.199873405286567,-2.24706661657778,texture_library::/records/2021-09-08__SS60__5729ee2d17,True,True
2021-09-08,TCYA,7.1,267.0,8.33,0.5,INTERPLATE,-5.174619816030566,-0.3206296247287781,texture_library::/records/2021-09-08__TCYA__38ec7b0dac,True,True
2021-09-08,TH35,7.1,256.0,8.33,4.59,INTERPLATE,3.0170663931486006,-12.669528139148472,texture_library::/records/2021-09-08__TH35__e27e944d2d,True,True
2021-09-08,TL08,7.1,270.0,8.33,1.77,INTERPLATE,-9.780386158669568,3.65945286983828,texture_library::/records/2021-09-08__TL08__8e10880f23,True,True
2021-09-08,TL55,7.1,270.0,8.33,1.44,INTERPLATE,-10.835519658998653,4.177815121847364,texture_library::/records/2021-09-08__TL55__384f94beac,True,True
2021-09-08,TP13,7.1,252.0,8.33,0.5,INTERPLATE,-1.892240519572618,-1.781782359044362,texture_library::/records/2021-09-08__TP13__4d9f155f1c,True,True
2021-09-08,UC44,7.1,267.0,8.33,1.3,INTERPLATE,-12.475211065638298,1.9585227481140373,texture_library::/records/2021-09-08__UC44__eb931a8307,True,True
2021-09-08,UI21,7.1,258.0,8.33,0.5,INTERPLATE,-0.3740756153440178,-0.0760558795313195,texture_library::/records/2021-09-08__UI21__8cfe3f2cae,True,True
2021-09-08,VG09,7.1,271.0,8.33,1.9,INTERPLATE,-8.355635609321073,3.908313821710238,texture_library::/records/2021-09-08__VG09__778abcc368,True,True
2021-09-08,VM29,7.1,263.0,8.33,2.27,INTERPLATE,-8.677059120254883,-3.369305226565696,texture_library::/records/2021-09-08__VM29__3ce35337ad,True,True
2021-09-08,XO36,7.1,252.0,8.33,3.36,INTERPLATE,-5.427249742393739,-12.063297886068256,texture_library::/records/2021-09-08__XO36__ad037290f0,True,True
2021-09-08,XP06,7.1,267.0,8.33,2.22,INTERPLATE,-9.984000915962351,0.5712561258519374,texture_library::/records/2021-09-08__XP06__48845a1271,True,True
2022-09-19,AE02,7.7,416.0,7.32,4.41,INTERPLATE,-2.0085331487853244,1.2753805141322578,texture_library::/records/2022-09-19__AE02__af36393c84,True,True
2022-09-19,AL01,7.7,408.0,7.32,1.85,INTERPLATE,-11.1560266691578,2.277244888507973,texture_library::/records/2022-09-19__AL01__27c6001e4f,True,True
2022-09-19,AO24,7.7,404.0,7.32,1.02,INTERPLATE,-10.438989062861006,-5.17943576595147,texture_library::/records/2022-09-19__AO24__b0c317f47d,True,True
2022-09-19,AP68,7.7,410.0,7.32,2.94,INTERPLATE,-6.489948338330132,-3.142668651666052,texture_library::/records/2022-09-19__AP68__a682772c41,True,True
2022-09-19,AR14,7.7,416.0,7.32,3.18,INTERPLATE,-3.911644891080937,6.531378983920623,texture_library::/records/2022-09-19__AR14__fcc3180270,True,True
2022-09-19,AU11,7.7,412.0,7.32,3.66,INTERPLATE,-4.942720163422353,-2.216871261233944,texture_library::/records/2022-09-19__AU11__f987656423,True,True
2022-09-19,AU46,7.7,404.0,7.32,0.89,INTERPLATE,-11.730522183046231,-2.9054195806549674,texture_library::/records/2022-09-19__AU46__ee00ad8ad2,True,True
2022-09-19,BA49,7.7,407.0,7.32,2.27,INTERPLATE,-11.144455129717526,-0.4774397679057562,texture_library::/records/2022-09-19__BA49__fbb44c9f4f,True,True
2022-09-19,BL45,7.7,407.0,7.32,1.96,INTERPLATE,-11.437438093763504,1.1097493642208365,texture_library::/records/2022-09-19__BL45__4d7680d602,True,True
2022-09-19,BO39,7.7,412.0,7.32,2.44,INTERPLATE,-6.3103727070201785,4.730908133588939,texture_library::/records/2022-09-19__BO39__a4edc0df85,True,True
2022-09-19,CA59,7.7,410.0,7.32,2.65,INTERPLATE,-7.599722755234607,1.094131723851282,texture_library::/records/2022-09-19__CA59__1c1d443975,True,True
2022-09-19,CE23,7.7,417.0,7.32,4.41,INTERPLATE,-2.539406475663445,4.238898939306335,texture_library::/records/2022-09-19__CE23__48906fc1a5,True,True
2022-09-19,CE32,7.7,415.0,7.32,3.77,INTERPLATE,-1.6327928005164691,-2.459562475685759,texture_library::/records/2022-09-19__CE32__33060f89e7,True,True
2022-09-19,CH84,7.7,406.0,7.32,1.29,INTERPLATE,-7.669095527318847,-7.504734851565514,texture_library::/records/2022-09-19__CH84__322bc96ab3,True,True
2022-09-19,CI05,7.7,405.0,7.32,1.85,INTERPLATE,-12.303857963636863,0.4461727825707053,texture_library::/records/2022-09-19__CI05__c01a03769e,True,True
2022-09-19,CJ03,7.7,406.0,7.32,1.72,INTERPLATE,-11.904109110362484,-0.459202015474216,texture_library::/records/2022-09-19__CJ03__dc89739742,True,True
2022-09-19,CJ04,7.7,406.0,7.32,1.72,INTERPLATE,-11.904109110362484,-0.459202015474216,texture_library::/records/2022-09-19__CJ04__7319b58fe5,True,True
2022-09-19,CO47,7.7,403.0,7.32,0.54,INTERPLATE,-7.241988053388553,-2.440439916583077,texture_library::/records/2022-09-19__CO47__cfdffcbd62,True,True
2022-09-19,CO56,7.7,406.0,7.32,1.98,INTERPLATE,-12.105675691407097,0.7658252942168106,texture_library::/records/2022-09-19__CO56__1ebba3144f,True,True
2022-09-19,CP28,7.7,414.0,7.32,0.5,INTERPLATE,-1.3233287542997667,0.6825766347070873,texture_library::/records/2022-09-19__CP28__503c0218f0,True,True
2022-09-19,CS78,7.7,397.0,7.32,0.5,INTERPLATE,-1.8137255746604573,-0.4820648016278808,texture_library::/records/2022-09-19__CS78__0e56fd82b1,True,True
2022-09-19,CU,7.6,453.0,6.41,0.5,INTERPLATE,-3.065599216619043,-1.85598127774076,texture_library::/records/2022-09-19__CU__5d9bc44b87,True,True
2022-09-19,CU80,7.7,407.0,7.32,2.35,INTERPLATE,-6.533646790374834,-11.849454685022325,texture_library::/records/2022-09-19__CU80__790da23422,True,True
2022-09-19,D270,7.7,399.0,7.32,0.74,INTERPLATE,-6.021178714197464,-2.68223671702674,texture_library::/records/2022-09-19__D270__d797b77d2b,True,True
2022-09-19,DM12,7.7,412.0,7.32,2.88,INTERPLATE,-4.320086169971816,1.2092563126591436,texture_library::/records/2022-09-19__DM12__fe2f09ea7f,True,True
2022-09-19,DR16,7.7,406.0,7.32,0.57,INTERPLATE,-9.894920916662546,5.990977832411938,texture_library::/records/2022-09-19__DR16__803b47309e,True,True
2022-09-19,DX37,7.7,404.0,7.32,0.99,INTERPLATE,-7.289633241352387,-5.760660027058988,texture_library::/records/2022-09-19__DX37__a221444ec7,True,True
2022-09-19,EO30,7.7,403.0,7.32,0.61,INTERPLATE,-9.45537702133957,-1.7758666557072618,texture_library::/records/2022-09-19__EO30__373c0ecdbe,True,True
2022-09-19,ES57,7.7,403.0,7.32,0.81,INTERPLATE,-11.757134891991294,-1.0817754272411748,texture_library::/records/2022-09-19__ES57__9f518b5cf4,True,True
2022-09-19,FJ74,7.7,397.0,7.32,0.5,INTERPLATE,-0.6333702300934109,-0.4375782887116275,texture_library::/records/2022-09-19__FJ74__9ee08929db,True,True
2022-09-19,GA62,7.7,408.0,7.32,1.85,INTERPLATE,-10.518056491611972,2.5618525748057364,texture_library::/records/2022-09-19__GA62__efdd356416,True,True
2022-09-19,GC38,7.7,408.0,7.32,1.53,INTERPLATE,-5.635109940729429,-8.124039414683052,texture_library::/records/2022-09-19__GC38__a5733c94b3,True,True
2022-09-19,GR27,7.7,405.0,7.32,0.73,INTERPLATE,-12.840912298325874,5.613726116094157,texture_library::/records/2022-09-19__GR27__d1d6fdd516,True,True
2022-09-19,HJ72,7.7,409.0,7.32,2.06,INTERPLATE,-9.27084245501605,1.0668378352314294,texture_library::/records/2022-09-19__HJ72__f23422e4d6,True,True
2022-09-19,IB22,7.7,406.0,7.32,1.38,INTERPLATE,-8.120301884608022,-6.196127793294625,texture_library::/records/2022-09-19__IB22__0385864dbb,True,True
2022-09-19,IM40,7.7,399.0,7.32,0.5,INTERPLATE,-3.133307614567889,-1.3957852986022237,texture_library::/records/2022-09-19__IM40__9f2247f1c6,True,True
2022-09-19,JA43,7.7,409.0,7.32,2.49,INTERPLATE,-8.98997247549439,-0.9920573775922708,texture_library::/records/2022-09-19__JA43__2851ae7104,True,True
2022-09-19,JC54,7.7,406.0,7.32,1.05,INTERPLATE,-7.664546284463405,-8.813627844265444,texture_library::/records/2022-09-19__JC54__f28831229a,True,True
2022-09-19,LI33,7.7,422.0,7.32,2.46,INTERPLATE,5.29078085263017,-8.520587419283306,texture_library::/records/2022-09-19__LI33__53008a1919,True,True
2022-09-19,LI58,7.7,406.0,7.32,1.88,INTERPLATE,-12.034031189319016,1.186116516799553,texture_library::/records/2022-09-19__LI58__68d90292d7,True,True
2022-09-19,LV17,7.7,411.0,7.32,1.76,INTERPLATE,-7.249597278020926,6.453613165721591,texture_library::/records/2022-09-19__LV17__b65d4430bb,True,True
2022-09-19,ME52,7.7,404.0,7.32,0.66,INTERPLATE,-11.229573907246598,1.881765308063325,texture_library::/records/2022-09-19__ME52__632c3ff20a,True,True
2022-09-19,MI15,7.7,405.0,7.32,1.31,INTERPLATE,-6.650621312418658,-10.122867099926628,texture_library::/records/2022-09-19__MI15__93ccbfea49,True,True
2022-09-19,MT50,7.7,403.0,7.32,0.58,INTERPLATE,-8.671779679193481,0.6171213808464668,texture_library::/records/2022-09-19__MT50__cbc851a7d4,True,True
2022-09-19,MY19,7.7,415.0,7.32,2.62,INTERPLATE,-0.6569390823111774,-5.2794269166390215,texture_library::/records/2022-09-19__MY19__926f473c6c,True,True
2022-09-19,NZ20,7.7,421.0,7.32,4.19,INTERPLATE,2.954662778624839,-1.0588036317243277,texture_library::/records/2022-09-19__NZ20__0c8328cbe8,True,True
2022-09-19,NZ31,7.7,419.0,7.32,4.84,INTERPLATE,0.8442841630076854,0.2398467891916391,texture_library::/records/2022-09-19__NZ31__f189a816c1,True,True
2022-09-19,PA34,7.7,411.0,7.32,0.5,INTERPLATE,-0.0687622271217211,-1.0244392356750762,texture_library::/records/2022-09-19__PA34__af623630cf,True,True
2022-09-19,PE10,7.7,407.0,7.32,1.85,INTERPLATE,-9.526260951606169,-3.4342748197464497,texture_library::/records/2022-09-19__PE10__6e086c1678,True,True
2022-09-19,RI76,7.7,412.0,7.32,2.88,INTERPLATE,-4.887858336341893,2.535345552004142,texture_library::/records/2022-09-19__RI76__2a8e2508f8,True,True
2022-09-19,RM48,7.7,409.0,7.32,2.16,INTERPLATE,-8.905299033670655,2.1453934998664166,texture_library::/records/2022-09-19__RM48__2c77fe5754,True,True
2022-09-19,SCT,7.7,403.0,7.32,1.56,INTERPLATE,-11.341984902529102,-2.0279499458262267,texture_library::/records/2022-09-19__SCT__54baa93ee4,True,True
2022-09-19,SI53,7.7,405.0,7.32,1.35,INTERPLATE,-11.115705571366677,-4.059888690858305,texture_library::/records/2022-09-19__SI53__6f6fa760fd,True,True
2022-09-19,SP51,7.7,408.0,7.32,1.83,INTERPLATE,-7.229936692254252,-4.35015434939274,texture_library::/records/2022-09-19__SP51__f6f3432c62,True,True
2022-09-19,SS60,7.7,406.0,7.32,1.68,INTERPLATE,-11.199873020108068,-2.247066539298178,texture_library::/records/2022-09-19__SS60__61170eb453,True,True
2022-09-19,TCYA,7.7,399.0,7.32,0.5,INTERPLATE,-5.174619816030566,-0.3206296247287781,texture_library::/records/2022-09-19__TCYA__4c9aa410d7,True,True
2022-09-19,TH35,7.7,418.0,7.32,4.5,INTERPLATE,3.0170663931486006,-12.669528139148472,texture_library::/records/2022-09-19__TH35__57e9acf190,True,True
2022-09-19,TL08,7.7,409.0,7.32,1.9,INTERPLATE,-9.780386515008946,3.659453003167081,texture_library::/records/2022-09-19__TL08__fb80bea538,True,True
2022-09-19,TL55,7.7,408.0,7.32,1.78,INTERPLATE,-10.83555829574642,4.1778300188891455,texture_library::/records/2022-09-19__TL55__4572367c70,True,True
2022-09-19,TP13,7.7,401.0,7.32,0.5,INTERPLATE,-1.892240519572618,-1.781782359044362,texture_library::/records/2022-09-19__TP13__fc54347017,True,True
2022-09-19,UC44,7.7,405.0,7.32,1.31,INTERPLATE,-12.475247362743678,1.9585284465111383,texture_library::/records/2022-09-19__UC44__1a9d3b4782,True,True
2022-09-19,UI21,7.7,394.0,7.32,0.5,INTERPLATE,-0.3740756153440178,-0.0760558795313195,texture_library::/records/2022-09-19__UI21__ac43e2d39e,True,True
2022-09-19,VG09,7.7,410.0,7.32,2.11,INTERPLATE,-8.355635670683508,3.9083138504122616,texture_library::/records/2022-09-19__VG09__8876853809,True,True
2022-09-19,VM29,7.7,408.0,7.32,2.27,INTERPLATE,-8.677059120254883,-3.369305226565696,texture_library::/records/2022-09-19__VM29__0f0df8d75d,True,True
2022-09-19,XO36,7.7,407.0,7.32,3.23,INTERPLATE,-5.427249742393738,-12.063297886068254,texture_library::/records/2022-09-19__XO36__9acd199a38,True,True
2022-09-19,XP06,7.7,408.0,7.32,2.22,INTERPLATE,-9.984000915962351,0.5712561258519374,texture_library::/records/2022-09-19__XP06__01ef20cb4a,True,True
2022-09-22,AE02,6.8,469.0,6.23,4.32,INTERPLATE,-2.0085331487853244,1.2753805141322578,texture_library::/records/2022-09-22__AE02__bdeb796a02,True,True
2022-09-22,AL01,6.8,460.0,6.23,1.81,INTERPLATE,-11.156026549441169,2.277244864070591,texture_library::/records/2022-09-22__AL01__cf6358bc78,True,True
2022-09-22,AO24,6.8,457.0,6.23,0.99,INTERPLATE,-10.433991833333211,-5.176956327646567,texture_library::/records/2022-09-22__AO24__bc221a0357,True,True
2022-09-22,AP68,6.8,462.0,6.23,2.76,INTERPLATE,-6.489948338329648,-3.142668651665817,texture_library::/records/2022-09-22__AP68__2628a29fc7,True,True
2022-09-22,AR14,6.8,469.0,6.23,3.13,INTERPLATE,-3.911644891080936,6.531378983920621,texture_library::/records/2022-09-22__AR14__4a60dff5e7,True,True
2022-09-22,AU11,6.8,465.0,6.23,3.66,INTERPLATE,-4.942720163422353,-2.216871261233944,texture_library::/records/2022-09-22__AU11__a2d767ad05,True,True
2022-09-22,AU46,6.8,456.0,6.23,0.82,INTERPLATE,-11.632054473659156,-2.8810310661070875,texture_library::/records/2022-09-22__AU46__41aca0cc40,True,True
2022-09-22,BA49,6.8,459.0,6.23,2.32,INTERPLATE,-11.144455130022925,-0.4774397679188397,texture_library::/records/2022-09-22__BA49__7ae8b7704d,True,True
2022-09-22,BL45,6.8,460.0,6.23,2.34,INTERPLATE,-11.437438133695096,1.1097493680953108,texture_library::/records/2022-09-22__BL45__8e0d9b57c1,True,True
2022-09-22,BO39,6.8,465.0,6.23,2.37,INTERPLATE,-6.310372706963337,4.730908133546325,texture_library::/records/2022-09-22__BO39__2c83d07cdc,True,True
2022-09-22,CA59,6.8,463.0,6.23,2.68,INTERPLATE,-7.599722755235497,1.09413172385141,texture_library::/records/2022-09-22__CA59__5e9a0c6632,True,True
2022-09-22,CE23,6.8,469.0,6.23,4.23,INTERPLATE,-2.539406475663445,4.238898939306335,texture_library::/records/2022-09-22__CE23__2da58ef6c6,True,True
2022-09-22,CE32,6.8,468.0,6.23,3.81,INTERPLATE,-1.6327928005164691,-2.459562475685759,texture_library::/records/2022-09-22__CE32__2e8e4ba341,True,True
2022-09-22,CH84,6.8,459.0,6.23,1.32,INTERPLATE,-7.669162865346578,-7.50480074643431,texture_library::/records/2022-09-22__CH84__baaca28dbf,True,True
2022-09-22,CI05,6.8,458.0,6.23,1.81,INTERPLATE,-12.303857831602718,0.4461727777827728,texture_library::/records/2022-09-22__CI05__785346169e,True,True
2022-09-22,CJ03,6.8,458.0,6.23,1.72,INTERPLATE,-11.904109110362484,-0.459202015474216,texture_library::/records/2022-09-22__CJ03__84f8a09a82,True,True
2022-09-22,CJ04,6.8,458.0,6.23,1.72,INTERPLATE,-11.904109110362484,-0.459202015474216,texture_library::/records/2022-09-22__CJ04__28a02f4270,True,True
2022-09-22,CO47,6.8,456.0,6.23,0.54,INTERPLATE,-7.241988053388553,-2.440439916583077,texture_library::/records/2022-09-22__CO47__475a15009d,True,True
2022-09-22,CO56,6.8,458.0,6.23,1.97,INTERPLATE,-12.10567568676061,0.7658252939228661,texture_library::/records/2022-09-22__CO56__8811a6458e,True,True
2022-09-22,CS66,6.8,463.0,6.23,2.62,INTERPLATE,-5.041221866714314,-3.448914548266347,texture_library::/records/2022-09-22__CS66__a6a2bfc886,True,True
2022-09-22,CU,6.7,453.0,8.7,0.5,INTERPLATE,-3.065599216619043,-1.85598127774076,texture_library::/records/2022-09-22__CU__2bf8ebc33c,True,True
2022-09-22,CU80,6.8,459.0,6.23,2.26,INTERPLATE,-6.533646790081024,-11.849454684489467,texture_library::/records/2022-09-22__CU80__93066ff81d,True,True
2022-09-22,D270,6.8,451.0,6.23,0.78,INTERPLATE,-6.120261460512051,-2.7263748156953915,texture_library::/records/2022-09-22__D270__b8cffdde27,True,True
2022-09-22,DM12,6.8,465.0,6.23,2.94,INTERPLATE,-4.320086169971855,1.2092563126591545,texture_library::/records/2022-09-22__DM12__d37bdc16b9,True,True
2022-09-22,DR16,6.8,459.0,6.23,0.54,INTERPLATE,-8.688771687948131,5.260702840558231,texture_library::/records/2022-09-22__DR16__e16ce240ec,True,True
2022-09-22,DX37,6.8,457.0,6.23,0.98,INTERPLATE,-7.288123830698324,-5.759467209624778,texture_library::/records/2022-09-22__DX37__4efca711d3,True,True
2022-09-22,EO30,6.8,456.0,6.23,0.55,INTERPLATE,-7.689002515876952,-1.4441140900863445,texture_library::/records/2022-09-22__EO30__462921c85d,True,True
2022-09-22,ES57,6.8,456.0,6.23,0.8,INTERPLATE,-11.73073825603746,-1.0793466695209464,texture_library::/records/2022-09-22__ES57__f5586097f8,True,True
2022-09-22,GA62,6.8,461.0,6.23,1.92,INTERPLATE,-10.51805658880861,2.5618525984796405,texture_library::/records/2022-09-22__GA62__2b53912ebb,True,True
2022-09-22,GC38,6.8,460.0,6.23,1.52,INTERPLATE,-5.6351090681513,-8.12403815670243,texture_library::/records/2022-09-22__GC38__85e9d36aad,True,True
2022-09-22,GR27,6.8,458.0,6.23,0.73,INTERPLATE,-12.840912298325874,5.613726116094157,texture_library::/records/2022-09-22__GR27__70da81db41,True,True
2022-09-22,HJ72,6.8,461.0,6.23,1.99,INTERPLATE,-9.270842441768002,1.0668378337069164,texture_library::/records/2022-09-22__HJ72__7f84dc3f70,True,True
2022-09-22,IB22,6.8,459.0,6.23,1.37,INTERPLATE,-8.120292593668623,-6.19612070392176,texture_library::/records/2022-09-22__IB22__9292e5e2f3,True,True
2022-09-22,JA43,6.8,461.0,6.23,2.68,INTERPLATE,-8.989972475519194,-0.992057377595008,texture_library::/records/2022-09-22__JA43__2b35c8bc1e,True,True
2022-09-22,JC54,6.8,458.0,6.23,1.04,INTERPLATE,-7.663832528931122,-8.812807081313553,texture_library::/records/2022-09-22__JC54__7a0e12051c,True,True
2022-09-22,LI33,6.8,474.0,6.23,2.37,INTERPLATE,5.290780852575282,-8.52058741919491,texture_library::/records/2022-09-22__LI33__36b1b128ff,True,True
2022-09-22,LI58,6.8,459.0,6.23,1.85,INTERPLATE,-12.03403112889592,1.18611651084404,texture_library::/records/2022-09-22__LI58__a164a5febf,True,True
2022-09-22,LV17,6.8,464.0,6.23,1.73,INTERPLATE,-7.249597097728746,6.4536130052249545,texture_library::/records/2022-09-22__LV17__e97a794a8e,True,True
2022-09-22,ME52,6.8,457.0,6.23,0.67,INTERPLATE,-11.380006393532195,1.906973622843218,texture_library::/records/2022-09-22__ME52__682970334a,True,True
2022-09-22,MI15,6.8,457.0,6.23,1.3,INTERPLATE,-6.650601962237007,-10.12283764714199,texture_library::/records/2022-09-22__MI15__b5cc9d843b,True,True
2022-09-22,MT50,6.8,456.0,6.23,0.6,INTERPLATE,-9.224621632201664,0.6564640073950693,texture_library::/records/2022-09-22__MT50__7ef7c510e1,True,True
2022-09-22,MY19,6.8,467.0,6.23,2.57,INTERPLATE,-0.6569390823108476,-5.279426916636372,texture_library::/records/2022-09-22__MY19__6bd2a6135c,True,True
2022-09-22,NZ20,6.8,474.0,6.23,4.1,INTERPLATE,2.954662778624839,-1.0588036317243277,texture_library::/records/2022-09-22__NZ20__38a28dcb71,True,True
2022-09-22,NZ31,6.8,472.0,6.23,4.84,INTERPLATE,0.8442841630076854,0.2398467891916391,texture_library::/records/2022-09-22__NZ31__4bebdead8b,True,True
2022-09-22,PA34,6.8,462.0,6.23,0.5,INTERPLATE,-0.0687622271217211,-1.0244392356750762,texture_library::/records/2022-09-22__PA34__77d9d8540b,True,True
2022-09-22,PD42,6.8,464.0,6.23,3.7,INTERPLATE,-6.098302792638885,-0.9294653378680124,texture_library::/records/2022-09-22__PD42__edbf8243b9,True,True
2022-09-22,PE10,6.8,460.0,6.23,1.73,INTERPLATE,-9.526260378081446,-3.4342746129873105,texture_library::/records/2022-09-22__PE10__429851d1ab,True,True
2022-09-22,RI76,6.8,465.0,6.23,2.71,INTERPLATE,-4.887858336341194,2.535345552003779,texture_library::/records/2022-09-22__RI76__1c25346b1d,True,True
2022-09-22,RM48,6.8,462.0,6.23,2.32,INTERPLATE,-8.90529903558718,2.145393500328131,texture_library::/records/2022-09-22__RM48__9872ecffa5,True,True
2022-09-22,SCT,6.8,458.0,6.23,1.7,INTERPLATE,-11.341991880078576,-2.027951193413946,texture_library::/records/2022-09-22__SCT__33f8bf9839,True,True
2022-09-22,SI53,6.8,458.0,6.23,1.29,INTERPLATE,-11.115542548262086,-4.059829148469887,texture_library::/records/2022-09-22__SI53__68f3e39eb9,True,True
2022-09-22,SP51,6.8,460.0,6.23,1.81,INTERPLATE,-7.229936648319684,-4.350154322957908,texture_library::/records/2022-09-22__SP51__f52dd499ef,True,True
2022-09-22,SS60,6.8,459.0,6.23,1.68,INTERPLATE,-11.199873020108068,-2.247066539298178,texture_library::/records/2022-09-22__SS60__875a83d3ee,True,True
2022-09-22,TCYA,6.8,454.0,6.23,0.5,INTERPLATE,-5.174619816030566,-0.3206296247287781,texture_library::/records/2022-09-22__TCYA__d8c85ecce7,True,True
2022-09-22,TH35,6.8,469.0,6.23,4.39,INTERPLATE,3.0170663931486006,-12.669528139148472,texture_library::/records/2022-09-22__TH35__2a9f14d603,True,True
2022-09-22,TL08,6.8,462.0,6.23,1.79,INTERPLATE,-9.7803862599794,3.6594529077446114,texture_library::/records/2022-09-22__TL08__020b1e7af0,True,True
2022-09-22,TL55,6.8,461.0,6.23,1.41,INTERPLATE,-10.835500450198584,4.177807715574483,texture_library::/records/2022-09-22__TL55__cceeb8d05e,True,True
2022-09-22,TP13,6.8,453.0,6.23,0.5,INTERPLATE,-1.892240519572618,-1.781782359044362,texture_library::/records/2022-09-22__TP13__94d0998083,True,True
2022-09-22,UC44,6.8,458.0,6.23,1.26,INTERPLATE,-12.475006184579076,1.9584905831900905,texture_library::/records/2022-09-22__UC44__708b2ee236,True,True
2022-09-22,UI21,6.8,446.0,6.23,0.5,INTERPLATE,-0.3740756153440178,-0.0760558795313195,texture_library::/records/2022-09-22__UI21__71737523a3,True,True
2022-09-22,VG09,6.8,463.0,6.23,1.86,INTERPLATE,-8.355635563285366,3.908313800177228,texture_library::/records/2022-09-22__VG09__75967e0f17,True,True
2022-09-22,VM29,6.8,460.0,6.23,2.22,INTERPLATE,-8.677059119791746,-3.3693052263858587,texture_library::/records/2022-09-22__VM29__975aca6a12,True,True
2022-09-22,XO36,6.8,459.0,6.23,3.18,INTERPLATE,-5.427249742393738,-12.063297886068254,texture_library::/records/2022-09-22__XO36__8dc79fa6f6,True,True
2022-09-22,XP06,6.8,461.0,6.23,2.37,INTERPLATE,-9.984000916909311,0.5712561259061197,texture_library::/records/2022-09-22__XP06__465a8c0fe6,True,True
2023-12-07,AE02,5.7,139.0,44.26,4.12,INSLAB,-2.0085331487853244,1.2753805141322578,texture_library::/records/2023-12-07__AE02__2a2e723e42,True,True
2023-12-07,AL01,5.7,142.0,44.26,1.66,INSLAB,-11.156024699025885,2.277244486351097,texture_library::/records/2023-12-07__AL01__dfd90155dd,True,True
2023-12-07,AO24,5.7,135.0,44.26,0.96,INSLAB,-10.42654572929431,-5.17326184944146,texture_library::/records/2023-12-07__AO24__f6b85c9503,True,True
2023-12-07,AP68,5.7,135.0,44.26,2.6,INSLAB,-6.489948338325693,-3.142668651663901,texture_library::/records/2023-12-07__AP68__2c5bc5d5fc,True,True
2023-12-07,AR14,5.7,145.0,44.26,3.1,INSLAB,-3.911644891080935,6.531378983920619,texture_library::/records/2023-12-07__AR14__e2d04bd643,True,True
2023-12-07,AU11,5.7,136.0,44.26,3.66,INSLAB,-4.942720163422353,-2.216871261233944,texture_library::/records/2023-12-07__AU11__80488749c5,True,True
2023-12-07,AU46,5.7,138.0,44.26,0.83,INSLAB,-11.652176631245776,-2.886014928696059,texture_library::/records/2023-12-07__AU46__a36a5b1cc3,True,True
2023-12-07,BA49,5.7,139.0,44.26,2.29,INSLAB,-11.144455129864436,-0.47743976791205,texture_library::/records/2023-12-07__BA49__cd78f14007,True,True
2023-12-07,CA59,5.7,140.0,44.26,2.57,INSLAB,-7.599722755229467,1.094131723850542,texture_library::/records/2023-12-07__CA59__c72f506154,True,True
2023-12-07,CE23,5.7,143.0,44.26,3.89,INSLAB,-2.539406475663445,4.238898939306335,texture_library::/records/2023-12-07__CE23__60e85fa5b4,True,True
2023-12-07,CE32,5.7,135.0,44.26,3.93,INSLAB,-1.6327928005164691,-2.459562475685759,texture_library::/records/2023-12-07__CE32__c87fcd2801,True,True
2023-12-07,CH84,5.7,131.0,44.26,1.26,INSLAB,-7.668995072983857,-7.504636550123564,texture_library::/records/2023-12-07__CH84__85ba7a8564,True,True
2023-12-07,CI05,5.7,141.0,44.26,1.77,INSLAB,-12.303857606536678,0.4461727696212399,texture_library::/records/2023-12-07__CI05__80bf33d7c8,True,True
2023-12-07,CJ03,5.7,140.0,44.26,1.81,INSLAB,-11.904109827380072,-0.4592020431332301,texture_library::/records/2023-12-07__CJ03__c43ce397e1,True,True
2023-12-07,CJ04,5.7,140.0,44.26,1.81,INSLAB,-11.904109827380072,-0.4592020431332301,texture_library::/records/2023-12-07__CJ04__0d37111f12,True,True
2023-12-07,CO47,5.7,136.0,44.26,0.58,INSLAB,-8.54848089476556,-2.880708149190092,texture_library::/records/2023-12-07__CO47__85c23d4ee1,True,True
2023-12-07,CO56,5.7,141.0,44.26,2.0,INSLAB,-12.105675699032451,0.7658252946992034,texture_library::/records/2023-12-07__CO56__e03a6847b0,True,True
2023-12-07,CP28,5.7,141.0,44.26,0.5,INSLAB,-1.3233287542997667,0.6825766347070873,texture_library::/records/2023-12-07__CP28__03fa043038,True,True
2023-12-07,CS66,5.7,134.0,44.26,2.63,INSLAB,-5.041221866714647,-3.448914548266575,texture_library::/records/2023-12-07__CS66__47aea04564,True,True
2023-12-07,CS78,5.7,138.0,44.26,0.5,INSLAB,-1.8137255746604573,-0.4820648016278808,texture_library::/records/2023-12-07__CS78__6e83dfe816,True,True
2023-12-07,D270,5.7,135.0,44.26,0.76,INSLAB,-6.076889116657729,-2.707053865643658,texture_library::/records/2023-12-07__D270__9c907ebf43,True,True
2023-12-07,DM12,5.7,140.0,44.26,2.88,INSLAB,-4.320086169971816,1.2092563126591436,texture_library::/records/2023-12-07__DM12__8628a73954,True,True
2023-12-07,DR16,5.7,150.0,44.26,0.54,INSLAB,-8.688771687948131,5.260702840558231,texture_library::/records/2023-12-07__DR16__2a2909dae3,True,True
2023-12-07,DX37,5.7,132.0,44.26,0.97,INSLAB,-7.286399896574251,-5.758104864213284,texture_library::/records/2023-12-07__DX37__aa96d0687e,True,True
2023-12-07,EO30,5.7,138.0,44.26,0.57,INSLAB,-8.352230782171016,-1.5686786590692643,texture_library::/records/2023-12-07__EO30__b113e53359,True,True
2023-12-07,ES57,5.7,140.0,44.26,0.83,INSLAB,-11.800712858965271,-1.0857850413414338,texture_library::/records/2023-12-07__ES57__aad0597b1b,True,True
2023-12-07,GA62,5.7,142.0,44.26,1.86,INSLAB,-10.518056511607927,2.5618525796760943,texture_library::/records/2023-12-07__GA62__befa4b0bc1,True,True
2023-12-07,GC38,5.7,129.0,44.26,1.55,INSLAB,-5.635111372719432,-8.124041479157986,texture_library::/records/2023-12-07__GC38__5248d25369,True,True
2023-12-07,GR27,5.7,147.0,44.26,0.73,INSLAB,-12.840912298325874,5.613726116094157,texture_library::/records/2023-12-07__GR27__dbcb54c827,True,True
2023-12-07,HJ72,5.7,141.0,44.26,1.92,INSLAB,-9.27084240807859,1.066837829830123,texture_library::/records/2023-12-07__HJ72__bd1c0b285d,True,True
2023-12-07,IM40,5.7,135.0,44.26,0.5,INSLAB,-3.133307614567889,-1.3957852986022237,texture_library::/records/2023-12-07__IM40__95de6b7f58,True,True
2023-12-07,JA43,5.7,138.0,44.26,2.54,INSLAB,-8.9899724755075,-0.9920573775937176,texture_library::/records/2023-12-07__JA43__9b0a4153e3,True,True
2023-12-07,LI58,5.7,141.0,44.26,1.86,INSLAB,-12.03403115177391,1.1861165130989753,texture_library::/records/2023-12-07__LI58__ccd6e8afca,True,True
2023-12-07,ME52,5.7,143.0,44.26,0.65,INSLAB,-11.06248115892391,1.8537651951810648,texture_library::/records/2023-12-07__ME52__88d798cba3,True,True
2023-12-07,MI15,5.7,126.0,44.26,1.44,INSLAB,-6.65073300936368,-10.12303711311439,texture_library::/records/2023-12-07__MI15__427271ae50,True,True
2023-12-07,MT50,5.7,142.0,44.26,0.51,INSLAB,-6.216068336872217,0.4423623313090626,texture_library::/records/2023-12-07__MT50__a66b5f8ad7,True,True
2023-12-07,NZ20,5.7,135.0,44.26,4.5,INSLAB,2.954662778624839,-1.0588036317243277,texture_library::/records/2023-12-07__NZ20__246042b8e5,True,True
2023-12-07,NZ31,5.7,137.0,44.26,4.84,INSLAB,0.8442841630076854,0.2398467891916391,texture_library::/records/2023-12-07__NZ31__34fc29bb15,True,True
2023-12-07,PA34,5.7,116.0,44.26,0.5,INSLAB,-0.0687622271217211,-1.0244392356750762,texture_library::/records/2023-12-07__PA34__e2d193fd23,True,True
2023-12-07,PD42,5.7,138.0,44.26,3.58,INSLAB,-6.098302792638885,-0.9294653378680124,texture_library::/records/2023-12-07__PD42__73b59782ce,True,True
2023-12-07,PE10,5.7,136.0,44.26,1.85,INSLAB,-9.526260951606169,-3.4342748197464497,texture_library::/records/2023-12-07__PE10__81ff5ad520,True,True
2023-12-07,RI76,5.7,142.0,44.26,2.96,INSLAB,-4.887858336341944,2.535345552004169,texture_library::/records/2023-12-07__RI76__1b404349b6,True,True
2023-12-07,RM48,5.7,142.0,44.26,2.05,INSLAB,-8.905299026420808,2.1453934981198417,texture_library::/records/2023-12-07__RM48__74b89947f2,True,True
2023-12-07,SI53,5.7,136.0,44.26,1.3,INSLAB,-11.115579502089222,-4.059842645447106,texture_library::/records/2023-12-07__SI53__63d4013244,True,True
2023-12-07,SS60,5.7,138.0,44.26,1.64,INSLAB,-11.199871860640036,-2.2470663066703787,texture_library::/records/2023-12-07__SS60__2a1fc0d218,True,True
2023-12-07,TL08,5.7,143.0,44.26,1.77,INSLAB,-9.780386158669568,3.65945286983828,texture_library::/records/2023-12-07__TL08__33878aa93b,True,True
2023-12-07,UC44,5.7,142.0,44.26,1.3,INSLAB,-12.475211065638298,1.9585227481140373,texture_library::/records/2023-12-07__UC44__2adf41cabb,True,True
2023-12-07,VG09,5.7,143.0,44.26,1.98,INSLAB,-8.355635652171106,3.9083138417531615,texture_library::/records/2023-12-07__VG09__b2abbb4836,True,True
2023-12-07,VM29,5.7,136.0,44.26,2.16,INSLAB,-8.677059118625259,-3.369305225932912,texture_library::/records/2023-12-07__VM29__d07c926839,True,True
2023-12-07,XO36,5.7,124.0,44.26,3.16,INSLAB,-5.427249742393737,-12.063297886068252,texture_library::/records/2023-12-07__XO36__a13edb920d,True,True
2023-12-07,XP06,5.7,140.0,44.26,2.39,INSLAB,-9.984000916944009,0.5712561259081049,texture_library::/records/2023-12-07__XP06__398f3556d6,True,True
2026-01-02,AE02,6.5,291.0,10.82,4.08,INTERPLATE,-2.0085331487853244,1.2753805141322578,texture_library::/records/2026-01-02__AE02__709590c5b9,True,True
2026-01-02,AL01,6.5,291.0,10.82,1.63,INTERPLATE,-11.156023646502655,2.277244271502817,texture_library::/records/2026-01-02__AL01__7f23106d84,True,True
2026-01-02,AO24,6.5,283.0,10.82,0.99,INTERPLATE,-10.433991833333211,-5.176956327646567,texture_library::/records/2026-01-02__AO24__a343c582ae,True,True
2026-01-02,AR14,6.5,297.0,10.82,3.04,INTERPLATE,-3.9116448910809294,6.531378983920612,texture_library::/records/2026-01-02__AR14__0726751c7a,True,True
2026-01-02,AU11,6.5,287.0,10.82,3.85,INTERPLATE,-4.942720163422353,-2.216871261233944,texture_library::/records/2026-01-02__AU11__e4e23a5bec,True,True
2026-01-02,AU46,6.5,285.0,10.82,0.85,INTERPLATE,-11.685350440554275,-2.894231428663054,texture_library::/records/2026-01-02__AU46__0a15501153,True,True
2026-01-02,BA49,6.5,288.0,10.82,2.22,INTERPLATE,-11.144455129122694,-0.477439767880273,texture_library::/records/2026-01-02__BA49__08775cf8d9,True,True
2026-01-02,BL45,6.5,290.0,10.82,2.13,INTERPLATE,-11.437438129782944,1.1097493677157233,texture_library::/records/2026-01-02__BL45__dfae27eca3,True,True
2026-01-02,BO39,6.5,295.0,10.82,2.27,INTERPLATE,-6.310372706701628,4.730908133350121,texture_library::/records/2026-01-02__BO39__885f342c17,True,True
2026-01-02,CA59,6.5,290.0,10.82,2.67,INTERPLATE,-7.599722755235239,1.0941317238513728,texture_library::/records/2026-01-02__CA59__19b69c118a,True,True
2026-01-02,CE18,6.5,281.0,10.82,0.5,INTERPLATE,-1.0690035551595556,-1.6465276147283254,texture_library::/records/2026-01-02__CE18__7742f1e936,True,True
2026-01-02,CE23,6.5,295.0,10.82,4.14,INTERPLATE,-2.539406475663445,4.238898939306335,texture_library::/records/2026-01-02__CE23__803772dc58,True,True
2026-01-02,CE32,6.5,287.0,10.82,3.81,INTERPLATE,-1.6327928005164691,-2.459562475685759,texture_library::/records/2026-01-02__CE32__a087b18f08,True,True
2026-01-02,CH84,6.5,280.0,10.82,1.28,INTERPLATE,-7.669066394953867,-7.5047063435525425,texture_library::/records/2026-01-02__CH84__3d7a692a19,True,True
2026-01-02,CI05,6.5,289.0,10.82,1.9,INTERPLATE,-12.303858054816418,0.4461727858771345,texture_library::/records/2026-01-02__CI05__b96562ebfb,True,True
2026-01-02,CJ03,6.5,288.0,10.82,1.7,INTERPLATE,-11.904108796792864,-0.4592020033782414,texture_library::/records/2026-01-02__CJ03__c7044c753b,True,True
2026-01-02,CJ04,6.5,288.0,10.82,1.7,INTERPLATE,-11.904108796792864,-0.4592020033782414,texture_library::/records/2026-01-02__CJ04__1c09d15a31,True,True
2026-01-02,CO47,6.5,284.0,10.82,0.58,INTERPLATE,-8.54848089476556,-2.880708149190092,texture_library::/records/2026-01-02__CO47__9aa8ce0867,True,True
2026-01-02,CO56,6.5,290.0,10.82,2.03,INTERPLATE,-12.105675707258513,0.7658252952195977,texture_library::/records/2026-01-02__CO56__8e3a007d17,True,True
2026-01-02,CP28,6.5,292.0,10.82,0.5,INTERPLATE,-1.3233287542997667,0.6825766347070873,texture_library::/records/2026-01-02__CP28__7f521a2a35,True,True
2026-01-02,CS66,6.5,285.0,10.82,2.62,INTERPLATE,-5.041221866714314,-3.448914548266347,texture_library::/records/2026-01-02__CS66__303fb853e2,True,True
2026-01-02,CS78,6.5,283.0,10.82,0.5,INTERPLATE,-1.8137255746604573,-0.4820648016278808,texture_library::/records/2026-01-02__CS78__f93809e665,True,True
2026-01-02,D270,6.5,280.0,10.82,0.78,INTERPLATE,-6.120261460512051,-2.7263748156953915,texture_library::/records/2026-01-02__D270__4a3ad0d4ed,True,True
2026-01-02,DM12,6.5,291.0,10.82,2.88,INTERPLATE,-4.320086169971816,1.2092563126591436,texture_library::/records/2026-01-02__DM12__fb48373560,True,True
2026-01-02,DR16,6.5,298.0,10.82,0.59,INTERPLATE,-10.59488785352736,6.414779744271262,texture_library::/records/2026-01-02__DR16__7594d580ed,True,True
2026-01-02,DX37,6.5,280.0,10.82,0.95,INTERPLATE,-7.282182739540497,-5.754772240040319,texture_library::/records/2026-01-02__DX37__d144a94d2b,True,True
2026-01-02,EO30,6.5,286.0,10.82,0.58,INTERPLATE,-8.657244542642502,-1.6259649804428833,texture_library::/records/2026-01-02__EO30__c35c8b2729,True,True
2026-01-02,ES57,6.5,287.0,10.82,0.84,INTERPLATE,-11.818605664007425,-1.087431360533723,texture_library::/records/2026-01-02__ES57__425de4fe2b,True,True
2026-01-02,GA62,6.5,292.0,10.82,1.86,INTERPLATE,-10.518056511607927,2.5618525796760943,texture_library::/records/2026-01-02__GA62__47add4e4dd,True,True
2026-01-02,GC38,6.5,278.0,10.82,1.56,INTERPLATE,-5.635111957626492,-8.124042322408263,texture_library::/records/2026-01-02__GC38__22235d6725,True,True
2026-01-02,GR27,6.5,295.0,10.82,0.73,INTERPLATE,-12.840912298325874,5.613726116094157,texture_library::/records/2026-01-02__GR27__08f2f1a8c2,True,True
2026-01-02,HJ72,6.5,290.0,10.82,2.11,INTERPLATE,-9.27084245919388,1.0668378357121913,texture_library::/records/2026-01-02__HJ72__1d642ed5b4,True,True
2026-01-02,IB22,6.5,281.0,10.82,1.31,INTERPLATE,-8.120201376907293,-6.196051101742171,texture_library::/records/2026-01-02__IB22__f1fbbe10ef,True,True
2026-01-02,IM40,6.5,280.0,10.82,0.5,INTERPLATE,-3.133307614567889,-1.3957852986022237,texture_library::/records/2026-01-02__IM40__a8dc83eb6c,True,True
2026-01-02,JA43,6.5,288.0,10.82,2.65,INTERPLATE,-8.989972475518142,-0.992057377594892,texture_library::/records/2026-01-02__JA43__24e2a86283,True,True
2026-01-02,JC54,6.5,278.0,10.82,1.09,INTERPLATE,-7.666615547628935,-8.816007334815302,texture_library::/records/2026-01-02__JC54__c2d7f9c611,True,True
2026-01-02,LI33,6.5,279.0,10.82,2.33,INTERPLATE,5.290780852519941,-8.520587419105786,texture_library::/records/2026-01-02__LI33__61d855de93,True,True
2026-01-02,LI58,6.5,290.0,10.82,1.86,INTERPLATE,-12.03403115177391,1.1861165130989753,texture_library::/records/2026-01-02__LI58__9830ca28f5,True,True
2026-01-02,LV17,6.5,298.0,10.82,1.42,INTERPLATE,-7.249563527962035,6.453583121318289,texture_library::/records/2026-01-02__LV17__d2e60a4f1f,True,True
2026-01-02,ME52,6.5,291.0,10.82,0.66,INTERPLATE,-11.229573907246598,1.881765308063325,texture_library::/records/2026-01-02__ME52__c98bef9a01,True,True
2026-01-02,MY19,6.5,283.0,10.82,2.52,INTERPLATE,-0.6569390823102054,-5.27942691663121,texture_library::/records/2026-01-02__MY19__1295a9cac2,True,True
2026-01-02,NZ20,6.5,289.0,10.82,4.45,INTERPLATE,2.954662778624839,-1.0588036317243277,texture_library::/records/2026-01-02__NZ20__a6dbf8dab2,True,True
2026-01-02,NZ31,6.5,291.0,10.82,4.94,INTERPLATE,0.8442841630076854,0.2398467891916391,texture_library::/records/2026-01-02__NZ31__fd02bb6f67,True,True
2026-01-02,PD42,6.5,288.0,10.82,3.51,INTERPLATE,-6.098302792638885,-0.9294653378680124,texture_library::/records/2026-01-02__PD42__129097ed9c,True,True
2026-01-02,PE10,6.5,285.0,10.82,1.68,INTERPLATE,-9.526259697030875,-3.434274367464452,texture_library::/records/2026-01-02__PE10__2cb5214e5f,True,True
2026-01-02,RI76,6.5,293.0,10.82,2.94,INTERPLATE,-4.887858336341937,2.535345552004165,texture_library::/records/2026-01-02__RI76__6ddaace1f9,True,True
2026-01-02,RM48,6.5,291.0,10.82,2.18,INTERPLATE,-8.905299034179533,2.1453934999890114,texture_library::/records/2026-01-02__RM48__8ab08c5014,True,True
2026-01-02,SI53,6.5,284.0,10.82,1.27,INTERPLATE,-11.115452077609882,-4.059796105063386,texture_library::/records/2026-01-02__SI53__b77f283bc8,True,True
2026-01-02,SP51,6.5,284.0,10.82,1.72,INTERPLATE,-7.229936212840523,-4.350154060936034,texture_library::/records/2026-01-02__SP51__6334d9d028,True,True
2026-01-02,SS60,6.5,286.0,10.82,1.6,INTERPLATE,-11.19986988420574,-2.2470659101320103,texture_library::/records/2026-01-02__SS60__d3b92abd50,True,True
2026-01-02,TH35,6.5,276.0,10.82,4.47,INTERPLATE,3.0170663931486006,-12.669528139148472,texture_library::/records/2026-01-02__TH35__d2bfebcee4,True,True
2026-01-02,TL08,6.5,293.0,10.82,1.7,INTERPLATE,-9.780385490847648,3.65945261996442,texture_library::/records/2026-01-02__TL08__8e246123ac,True,True
2026-01-02,TL55,6.5,293.0,10.82,1.65,INTERPLATE,-10.83555634037084,4.177829264961514,texture_library::/records/2026-01-02__TL55__9b2cb40425,True,True
2026-01-02,TP13,6.5,275.0,10.82,0.5,INTERPLATE,-1.892240519572618,-1.781782359044362,texture_library::/records/2026-01-02__TP13__59c4b6cdcb,True,True
2026-01-02,UC44,6.5,291.0,10.82,1.28,INTERPLATE,-12.475122202650349,1.9585087972331705,texture_library::/records/2026-01-02__UC44__e3076a625f,True,True
2026-01-02,UI21,6.5,283.0,10.82,0.5,INTERPLATE,-0.3740756153440178,-0.0760558795313195,texture_library::/records/2026-01-02__UI21__0fc55fef55,True,True
2026-01-02,VG09,6.5,293.0,10.82,2.04,INTERPLATE,-8.355635664553198,3.9083138475448345,texture_library::/records/2026-01-02__VG09__87057a3eb7,True,True
2026-01-02,VM29,6.5,285.0,10.82,2.22,INTERPLATE,-8.677059119791746,-3.3693052263858587,texture_library::/records/2026-01-02__VM29__ba9d2b1eae,True,True
2026-01-02,XO36,6.5,273.0,10.82,3.2,INTERPLATE,-5.427249742393738,-12.063297886068254,texture_library::/records/2026-01-02__XO36__7dfe18b0eb,True,True
2026-01-02,XP06,6.5,290.0,10.82,2.22,INTERPLATE,-9.984000915962351,0.5712561258519374,texture_library::/records/2026-01-02__XP06__ad8c90b182,True,True
