record_id,event_id,station_id,dataset_tag,source_type,relative_path,archive_path,size_bytes,sha256,Mw,Rrup_km,depth_used_km,Ts_s,x_conditioned_km,y_conditioned_km,event_longitude,event_latitude,Rrup_method,depth_used,spatial_conditioning_source,boundary_warning,npts_prepared,xy_reference_record_id,xy_reference_separation_deg,boundary_warning_original,d5_95_eligible,temporal_donor_eligible,energy_end_recovered,min_end97p5_margin_s,max_t97p5_frac
2000-07-21__AE02,2000-07-21,AE02,,INSLAB,INSLAB/AE02/pre-pro-AE020007.211.npz,data/preprocessed/INSLAB/AE02/pre-pro-AE020007.211.npz,172676,f1b79bef1a66dc17956e6cbce6df7044bfcdf129a2ea73338263518d6069636a,5.8,155.0,43.74,4.84,-2.0085332,1.2753806,-98.97,18.09,Rhyp,Ztor,original_table,True,9000,,,True,True,True,True,29.86801743731901,0.8044390922718587
2007-04-13__AE02,2007-04-13,AE02,,INSLAB,INSLAB/AE02/pre-pro-AE020704.131.npz,data/preprocessed/INSLAB/AE02/pre-pro-AE020704.131.npz,169595,a179f1b70f8152773c75ecc9d93567639e83b140e7c1c7fe24d8060b0c4da4c9,5.9,258.0,37.73,4.55,-2.0085332,1.2753806,-100.21,17.41,Rhyp,Ztor,original_table,True,8748,,,True,True,True,False,16.615876604055302,0.8894853568070814
2009-05-22__AE02,2009-05-22,AE02,,INSLAB,INSLAB/AE02/pre-pro-AE020905.221.npz,data/preprocessed/INSLAB/AE02/pre-pro-AE020905.221.npz,104030,af1b841b34bc7821dd5448c8bb7e69ef384f739aa90dea6f9eb447e13c5b62d8,5.6,168.0,41.27,4.55,-2.0085332,1.2753806,-98.44,18.13,Rhyp,Ztor,original_table,True,5760,,,True,True,True,False,18.05750990554293,0.8016094275374321
2006-08-11__AE02,2006-08-11,AE02,,INSLAB,INSLAB/AE02/pre-pro-AE0220060811143041.npz,data/preprocessed/INSLAB/AE02/pre-pro-AE0220060811143041.npz,138535,62860cae7eefc44ea5ccb5c954433c0eeb736961c0dbd9ebaebdc70bcfe6b206,5.9,268.0,46.37,4.84,-2.0085332,1.2753806,-101.27,18.32,Rhyp,Ztor,original_table,True,7290,,,True,False,False,False,4.242261313446392,0.9653438337272576
2008-04-28__AE02,2008-04-28,AE02,,INSLAB,INSLAB/AE02/pre-pro-AE0220080428000629.npz,data/preprocessed/INSLAB/AE02/pre-pro-AE0220080428000629.npz,130992,ab9d506e7dc7edbe8f2c4cf0f9a7e94a9c3ea4e729cb5fe6659590d414d10536,5.8,211.0,52.22,4.45,-2.0085332,1.2753806,-100.1,17.89,Rhyp,Ztor,original_table,True,6912,,,True,False,False,False,6.942522093050798,0.9398811734235296
2011-12-11__AE02,2011-12-11,AE02,,INSLAB,INSLAB/AE02/pre-pro-AE0220111211014725.npz,data/preprocessed/INSLAB/AE02/pre-pro-AE0220111211014725.npz,356889,71b4236e122fb83569216e597b17e7b5a0db825a7d04eede70827969117ad6a2,6.5,118.0,49.53,4.55,-2.0085332,1.2753806,-99.94,17.82,ref_CU,Ztor,original_table,True,17280,,,True,True,True,True,130.63177624000028,0.5916225577091401
2013-06-16__AE02,2013-06-16,AE02,,INSLAB,INSLAB/AE02/pre-pro-AE0220130616051903.npz,data/preprocessed/INSLAB/AE02/pre-pro-AE0220130616051903.npz,211263,d9780e8686ae594bc02d3e029f0dbd114153db9d460233e1beda00eeef0fd25b,5.9,160.0,55.27,4.64,-2.0085332,1.2753806,-99.25,18.04,Rhyp,Ztor,original_table,False,10800,,,False,True,True,False,79.44549029181557,0.5761324745674888
2017-09-08__AE02,2017-09-08,AE02,,INSLAB,INSLAB/AE02/pre-pro-AE0220170908044918.npz,data/preprocessed/INSLAB/AE02/pre-pro-AE0220170908044918.npz,486868,071fe7f4da1bda61b2b2af3f9fc84b7a1321b5719b2ff458bd670d490cc98370,8.2,568.0,22.47,4.5,-2.0085332,1.2753806,-94.11,14.85,ref_CU,Ztor,original_table,False,23040,,,False,True,True,False,167.52933444485978,0.6160050095240217
2023-12-07__AE02,2023-12-07,AE02,,INSLAB,INSLAB/AE02/pre-pro-AE0220231207200340.npz,data/preprocessed/INSLAB/AE02/pre-pro-AE0220231207200340.npz,211035,4042fc2952921aacbf219a60dd106c16d7cd666e71907db07dabe3e228720d3b,5.7,139.0,44.26,4.12,-2.0085332,1.2753806,-98.76,18.29,Rhyp,Ztor,original_table,False,10800,,,False,True,True,False,81.07180280682417,0.5672246687299196
2025-01-12__AE02,2025-01-12,AE02,,INSLAB,INSLAB/AE02/pre-pro-AE0220250112083253.npz,data/preprocessed/INSLAB/AE02/pre-pro-AE0220250112083253.npz,374541,5f96042b32ab753d782cac63af448c74fad883c0a766b3765ddf8ad1a7a7badb,6.1,479.0,24.16,4.32,-2.0085332,1.2753806,-103.49,18.49,Rhyp,Ztor,original_table,False,18000,,,False,False,False,False,56.74282572035196,0.8305374933689167
1994-05-23__AE02,1994-05-23,AE02,,INSLAB,INSLAB/AE02/pre-pro-AE029405.231.npz,data/preprocessed/INSLAB/AE02/pre-pro-AE029405.231.npz,103974,feb1165ea7c8f4bc5cc27315b830255b504dfb14ab33770fe301dd5cf70bb186,6.2,232.0,44.44,4.99,-2.0085332,1.2753806,-100.57,17.98,Rhyp,Ztor,original_table,True,5760,,,True,False,False,False,6.558864515907175,0.9283262537874858
1997-01-11__AE02,1997-01-11,AE02,,INSLAB,INSLAB/AE02/pre-pro-AE029701.111.npz,data/preprocessed/INSLAB/AE02/pre-pro-AE029701.111.npz,226924,e5fbea118da8eb506bf0463892c6e9a30d88ebbd56a2b3339b20a47a6abf7199,7.1,393.0,25.4,4.94,-2.0085332,1.2753806,-102.58,18.34,ref_CDAO,Ztor,original_table,True,11250,,,True,True,True,False,34.50163572522828,0.8289796980012477
1997-05-22__AE02,1997-05-22,AE02,,INSLAB,INSLAB/AE02/pre-pro-AE029705.221.npz,data/preprocessed/INSLAB/AE02/pre-pro-AE029705.221.npz,168562,f98598afb87a86e532813e68a650dfa3a700e0c19961b356659a66209eafc42a,6.5,316.0,51.04,4.84,-2.0085332,1.2753806,-101.81,18.41,ref_CU,Ztor,original_table,True,8640,,,True,False,False,False,20.9295786661956,0.8602272027100601
1998-04-20__AE02,1998-04-20,AE02,,INSLAB,INSLAB/AE02/pre-pro-AE029804.201.npz,data/preprocessed/INSLAB/AE02/pre-pro-AE029804.201.npz,154450,4ad19702ae307f1a699fcd05f698ff58e78f4267a91ff02472d90435bac1d43e,5.9,262.0,59.18,4.84,-2.0085332,1.2753806,-101.19,18.35,Rhyp,Ztor,original_table,True,8000,,,True,False,False,False,6.327646700914556,0.9537249765912348
1999-06-15__AE02,1999-06-15,AE02,,INSLAB,INSLAB/AE02/pre-pro-AE029906.151.npz,data/preprocessed/INSLAB/AE02/pre-pro-AE029906.151.npz,288761,5ad64bce3663ca1328f171d6e57c24d13f5aaf6fcd3fc7587d5ebcd1aba82e2f,6.9,215.0,51.27,4.74,-2.0085332,1.2753806,-97.54,18.13,ref_fallback_CS78,Ztor,original_table,True,14400,,,True,True,True,True,61.050481337088,0.762551120776757
1999-06-21__AE02,1999-06-21,AE02,,INSLAB,INSLAB/AE02/pre-pro-AE029906.211.npz,data/preprocessed/INSLAB/AE02/pre-pro-AE029906.211.npz,125457,a3c952c1e184247a0c042cb0a65e083cdc96e134c6120fcc3ffe7f013695d1ca,6.0,327.0,48.25,4.89,-2.0085332,1.2753806,-101.72,17.99,Rhyp,Ztor,original_table,True,6750,,,True,False,False,False,3.305571620647953,0.9701501569383424
1999-09-30__AE02,1999-09-30,AE02,,INSLAB,INSLAB/AE02/pre-pro-AE029909.301.npz,data/preprocessed/INSLAB/AE02/pre-pro-AE029909.301.npz,404697,d2800b9f3f723fbfcf3c095505f8ba51ad9480ccf03d41aa513d491519f15c12,7.4,417.0,32.77,4.64,-2.0085332,1.2753806,-97.03,15.95,ref_CU,Ztor,original_table,True,19440,,,True,True,True,True,83.19093152312126,0.7700001893195431
2000-07-21__AL01,2000-07-21,AL01,,INSLAB,INSLAB/AL01/pre-pro-AL010007.211.npz,data/preprocessed/INSLAB/AL01/pre-pro-AL010007.211.npz,308403,0c3ef010efa3bb27e04ac9a3062d7f73643f85eafe50497716680ab528ea7977,5.8,157.0,43.74,1.94,-11.156027,2.2772448,-98.97,18.09,Rhyp,Ztor,original_table,True,8100,,,True,True,True,True,49.555098919589085,0.6406967885760653
2007-04-13__AL01,2007-04-13,AL01,,INSLAB,INSLAB/AL01/pre-pro-AL010704.131.npz,data/preprocessed/INSLAB/AL01/pre-pro-AL010704.131.npz,395148,557c25fb7dedc1636ee39cb8690959358ef3bdb9348e1f44986c9dea595cf4be,5.9,254.0,37.73,1.92,-11.156027,2.2772448,-100.21,17.41,Rhyp,Ztor,original_table,True,10000,,,True,True,True,True,60.21537946230509,0.66059589402077
2009-05-22__AL01,2009-05-22,AL01,,INSLAB,INSLAB/AL01/pre-pro-AL010905.221.npz,data/preprocessed/INSLAB/AL01/pre-pro-AL010905.221.npz,165225,e7dac1ff772e136609e203d3d45302b603aba101e37507d8606acd23966bb4a6,5.6,173.0,41.27,1.85,-11.156027,2.2772448,-98.44,18.13,Rhyp,Ztor,original_table,False,8640,,,False,True,True,False,69.15492566152288,0.5265631158929083
2006-02-20__AL01,2006-02-20,AL01,,INSLAB,INSLAB/AL01/pre-pro-AL0120060220105423.npz,data/preprocessed/INSLAB/AL01/pre-pro-AL0120060220105423.npz,98735,01a99da162950cc74a8b28d1db1c44e427cbff50b11de9c2e8c42d1eba6a4948,5.2,202.0,53.4,1.77,-11.156026,2.2772448,-100.54,18.3,Rhyp,Ztor,original_table,True,5626,,,True,False,False,False,8.601331492587846,0.9011682007056436
2006-08-11__AL01,2006-08-11,AL01,,INSLAB,INSLAB/AL01/pre-pro-AL0120060811143041.npz,data/preprocessed/INSLAB/AL01/pre-pro-AL0120060811143041.npz,182361,0f4a1bed0b5c1c1d781e6734081cb1a9e9e0ce280dc67d5521e0a242033ef004,5.9,261.0,46.37,1.81,-11.156027,2.2772448,-101.27,18.32,Rhyp,Ztor,original_table,True,9376,,,True,True,True,False,38.77567223623679,0.7614538773532035
2008-04-28__AL01,2008-04-28,AL01,,INSLAB,INSLAB/AL01/pre-pro-AL0120080428000629.npz,data/preprocessed/INSLAB/AL01/pre-pro-AL0120080428000629.npz,157700,b6194d01cffe8d8d3ace214d865a077d580a67790dcb5ac60bea694e20f1c0fc,5.8,207.0,52.22,1.86,-11.156027,2.2772448,-100.1,17.89,Rhyp,Ztor,original_table,True,8100,,,True,True,True,True,33.715612527099566,0.7583283454440573
2012-11-15__AL01,2012-11-15,AL01,,INSLAB,INSLAB/AL01/pre-pro-AL0120121115092022.npz,data/preprocessed/INSLAB/AL01/pre-pro-AL0120121115092022.npz,134631,ab6295163118ec1b529d3bfc75f24f310cc5e42eda8add1794c99480e3f0e9dd,6.1,196.0,47.88,1.74,-11.156026,2.2772448,-100.48,18.3,Rhyp,Ztor,original_table,True,7200,,,True,True,True,True,32.1246883535341,0.7296811818113926
2013-06-16__AL01,2013-06-16,AL01,,INSLAB,INSLAB/AL01/pre-pro-AL0120130616051903.npz,data/preprocessed/INSLAB/AL01/pre-pro-AL0120130616051903.npz,189811,77879ffbf77dc4ad73d603894ddb7a744e6efc0dd1d00025c2b873dfd07557ec,5.9,160.0,55.27,1.66,-11.156025,2.2772446,-99.25,18.04,Rhyp,Ztor,original_table,False,9600,,,False,True,True,False,91.28091868515097,0.4560784251868015
2017-09-08__AL01,2017-09-08,AL01,,INSLAB,INSLAB/AL01/pre-pro-AL0120170908044918.npz,data/preprocessed/INSLAB/AL01/pre-pro-AL0120170908044918.npz,287038,0ebe34d9c543a7ddb4773c4eab08c524ce08276050a22bc4ace9b8abb7792f2c,8.2,575.0,22.47,1.79,-11.156027,2.2772448,-94.11,14.85,ref_CU,Ztor,original_table,False,14400,,,False,True,True,False,89.08880967069217,0.651697514775619
2023-12-07__AL01,2023-12-07,AL01,,INSLAB,INSLAB/AL01/pre-pro-AL0120231207200340.npz,data/preprocessed/INSLAB/AL01/pre-pro-AL0120231207200340.npz,170987,d15f0bcba79dd9e217584d3a5a77d5a4d449027348025b5b2ecc8ce31b596131,5.7,142.0,44.26,1.66,-11.156025,2.2772446,-98.76,18.29,Rhyp,Ztor,original_table,False,8748,,,False,True,True,False,68.60434263583548,0.5465374933185572
2025-01-12__AL01,2025-01-12,AL01,,INSLAB,INSLAB/AL01/pre-pro-AL0120250112083253.npz,data/preprocessed/INSLAB/AL01/pre-pro-AL0120250112083253.npz,214088,0f45ea30900ed7a2d2622f70a99974cfa1c99be6e7112c2a322cc8e9c3503926,6.1,470.0,24.16,1.75,-11.156026,2.2772448,-103.49,18.49,Rhyp,Ztor,original_table,False,10800,,,False,False,False,False,35.22374739047652,0.8151663567692894
1994-05-23__AL01,1994-05-23,AL01,,INSLAB,INSLAB/AL01/pre-pro-AL019405.231.npz,data/preprocessed/INSLAB/AL01/pre-pro-AL019405.231.npz,171250,a5dd38e8ef1593470a1a1bf24601dd539d0cdad837c077a77786a7c1af076d1a,6.2,226.0,44.44,1.98,-11.156027,2.2772448,-100.57,17.98,Rhyp,Ztor,original_table,True,8748,,,True,True,True,False,60.91007650003044,0.5993548871931169
1997-01-11__AL01,1997-01-11,AL01,,INSLAB,INSLAB/AL01/pre-pro-AL019701.111.npz,data/preprocessed/INSLAB/AL01/pre-pro-AL019701.111.npz,266362,2797553dde47b0f7bf877c66c3704476192e903690a015d116216c1f3dc01e7f,7.1,384.0,25.4,1.81,-11.156027,2.2772448,-102.58,18.34,ref_CU,Ztor,original_table,False,13122,,,False,True,True,False,82.57591047534584,0.6526921665740838
1997-05-22__AL01,1997-05-22,AL01,,INSLAB,INSLAB/AL01/pre-pro-AL019705.221.npz,data/preprocessed/INSLAB/AL01/pre-pro-AL019705.221.npz,192389,7b99f7b0e50d2f841430db2a27f855b7c3a59d80e4620d00bd5bae5a26ede9fd,6.5,308.0,51.04,1.96,-11.156027,2.2772448,-101.81,18.41,ref_CU,Ztor,original_table,True,9720,,,True,True,True,False,41.0692953104587,0.7605428528338948
1998-04-20__AL01,1998-04-20,AL01,,INSLAB,INSLAB/AL01/pre-pro-AL019804.201.npz,data/preprocessed/INSLAB/AL01/pre-pro-AL019804.201.npz,308505,0fc8d8e6348f805e357c639542ce0393c69efe958fc6d9660c7fc663dd9ae0e9,5.9,255.0,59.18,2.0,-11.156027,2.2772448,-101.19,18.35,Rhyp,Ztor,original_table,False,8100,,,False,True,True,False,27.131933653108646,0.8028560679156501
1999-06-15__AL01,1999-06-15,AL01,,INSLAB,INSLAB/AL01/pre-pro-AL019906.151.npz,data/preprocessed/INSLAB/AL01/pre-pro-AL019906.151.npz,258795,1d0a5b9026652845b10cf41fe776240dab380a95eb8cd2670d1b81bbe8407739,6.9,222.0,51.27,1.85,-11.156027,2.2772448,-97.54,18.13,ref_CU,Ztor,original_table,False,12800,,,False,True,True,False,90.99487778780669,0.60558763041131
1999-09-30__AL01,1999-09-30,AL01,,INSLAB,INSLAB/AL01/pre-pro-AL019909.301.npz,data/preprocessed/INSLAB/AL01/pre-pro-AL019909.301.npz,597994,8fab8ff6645eb64f1357c2129fdf30c8599c8897c6e1f6f048639a4c32e8dc7a,7.4,423.0,32.77,2.07,-11.156027,2.2772448,-97.03,15.95,ref_CU,Ztor,original_table,False,15000,,,False,True,True,False,113.8097955786005,0.5774101124014611
2000-07-21__AO24,2000-07-21,AO24,,INSLAB,INSLAB/AO24/pre-pro-AO240007.211.npz,data/preprocessed/INSLAB/AO24/pre-pro-AO240007.211.npz,120134,0301853466fc6be0bfed4cacb5d49846ec7736596b80308d2bb439856ee71b4c,5.8,149.0,43.74,1.03,-10.440258,-5.1800656,-98.97,18.09,Rhyp,Ztor,original_table,True,6480,,,True,True,True,True,35.918066862948024,0.6601242726821724
2007-04-13__AO24,2007-04-13,AO24,,INSLAB,INSLAB/AO24/pre-pro-AO240704.131.npz,data/preprocessed/INSLAB/AO24/pre-pro-AO240704.131.npz,122119,83fdbd31ab645524752a5a9b7dda2c319a596d5e3a71a5be9cb1eb30b6ac7b60,5.9,246.0,37.73,1.01,-10.437539,-5.1787167,-100.21,17.41,Rhyp,Ztor,original_table,True,6562,,,True,True,True,False,16.14389020297554,0.8502977540525265
2009-05-22__AO24,2009-05-22,AO24,,INSLAB,INSLAB/AO24/pre-pro-AO240905.221.npz,data/preprocessed/INSLAB/AO24/pre-pro-AO240905.221.npz,85587,fe4106b63b4ae25350bf945dd37b342ed8232a248e1ea7dd0e1e7df6a046d023,5.6,166.0,41.27,1.04,-10.441369,-5.180617,-98.44,18.13,Rhyp,Ztor,original_table,True,4860,,,True,True,True,False,12.80805830558483,0.8281258949867843
2008-04-28__AO24,2008-04-28,AO24,,INSLAB,INSLAB/AO24/pre-pro-AO2420080428000629.npz,data/preprocessed/INSLAB/AO24/pre-pro-AO2420080428000629.npz,112352,e5e7c6d1a382ae70a33e4762da1c37bb9dad4b6038449dacee42df8f57e5c0eb,5.8,199.0,52.22,1.04,-10.441369,-5.180617,-100.1,17.89,Rhyp,Ztor,original_table,True,6076,,,True,False,False,False,8.242797656770122,0.9165286313238468
2012-11-15__AO24,2012-11-15,AO24,,INSLAB,INSLAB/AO24/pre-pro-AO2420121115092022.npz,data/preprocessed/INSLAB/AO24/pre-pro-AO2420121115092022.npz,183378,782fc6e887258c3374b58c3d9b416d38c6b13c42c872f08430fca53fd186ba9b,6.1,190.0,47.88,0.97,-10.429364,-5.17466,-100.48,18.3,Rhyp,Ztor,original_table,True,9376,,,True,True,True,True,64.26930169761921,0.6042774355173991
2013-06-16__AO24,2013-06-16,AO24,,INSLAB,INSLAB/AO24/pre-pro-AO2420130616051903.npz,data/preprocessed/INSLAB/AO24/pre-pro-AO2420130616051903.npz,146833,a383a7b86261dad72ba1dd215ed6b869d99039ec0ccbd572fbe3a9575545bf79,5.9,152.0,55.27,1.04,-10.441369,-5.180617,-99.25,18.04,Rhyp,Ztor,original_table,False,7680,,,False,True,True,False,66.2202936063783,0.4884488713296384
2017-09-08__AO24,2017-09-08,AO24,,INSLAB,INSLAB/AO24/pre-pro-AO2420170908044918.npz,data/preprocessed/INSLAB/AO24/pre-pro-AO2420170908044918.npz,313730,f69a07c82b03c82a7e2f02b451b62515bdb4eff675e22056686d9218df14039f,8.2,570.0,22.47,0.99,-10.433991,-5.176956,-94.11,14.85,ref_CU,Ztor,original_table,True,15360,,,True,True,True,True,127.28641505029958,0.5451619973189223
2023-12-07__AO24,2023-12-07,AO24,,INSLAB,INSLAB/AO24/pre-pro-AO2420231207200340.npz,data/preprocessed/INSLAB/AO24/pre-pro-AO2420231207200340.npz,199117,6dafeaf90996dfa3d653af78dc3e772885c28395694a180ad35f7278460ac58c,5.7,135.0,44.26,0.96,-10.426546,-5.1732616,-98.76,18.29,Rhyp,Ztor,original_table,False,10000,,,False,True,True,False,109.3895873495102,0.3802991879134931
2025-01-12__AO24,2025-01-12,AO24,,INSLAB,INSLAB/AO24/pre-pro-AO2420250112083253.npz,data/preprocessed/INSLAB/AO24/pre-pro-AO2420250112083253.npz,218097,eb3b0e77c5b993fdd47f807f171aa584be538fdfeb1496f7d55ea59175e81895,6.1,467.0,24.16,0.98,-10.431831,-5.1758842,-103.49,18.49,Rhyp,Ztor,original_table,False,10936,,,False,False,False,False,8.224633280633896,0.9575765550078202
1994-12-10__AO24,1994-12-10,AO24,,INSLAB,INSLAB/AO24/pre-pro-AO249412.101.npz,data/preprocessed/INSLAB/AO24/pre-pro-AO249412.101.npz,128876,8946de9357282d9bb2a14493a584110629428370223b141363684b5f516eaebd,6.4,297.0,45.78,1.04,-10.441369,-5.180617,-101.56,18.02,Rhyp,Ztor,original_table,True,6912,,,True,True,True,False,14.61775335839836,0.8715600267252582
1997-01-11__AO24,1997-01-11,AO24,,INSLAB,INSLAB/AO24/pre-pro-AO249701.111.npz,data/preprocessed/INSLAB/AO24/pre-pro-AO249701.111.npz,147169,4e6799ce521dcaa575567f41df2033e613254b78f786bc48b81dd5dde52b32bd,7.1,381.0,25.4,1.01,-10.437539,-5.1787167,-102.58,18.34,ref_CU,Ztor,original_table,True,7680,,,True,True,True,False,18.55757387259709,0.857501544401466
1998-04-20__AO24,1998-04-20,AO24,,INSLAB,INSLAB/AO24/pre-pro-AO249804.201.npz,data/preprocessed/INSLAB/AO24/pre-pro-AO249804.201.npz,124997,5a00ae9aec2d9ce32382d2b34e9d9e8598862abb43c196af0676553406397d85,5.9,250.0,59.18,1.05,-10.442342,-5.181099,-101.19,18.35,Rhyp,Ztor,original_table,True,6750,,,True,True,True,False,16.80416185945556,0.8476365775731657
1999-06-15__AO24,1999-06-15,AO24,,INSLAB,INSLAB/AO24/pre-pro-AO249906.151.npz,data/preprocessed/INSLAB/AO24/pre-pro-AO249906.151.npz,196657,10d01aca5a6d8c4605ebcdeb599ee56dca66d2f38ee5787a5a2aa68b5073b1c5,6.9,218.0,51.27,1.02,-10.438989,-5.1794357,-97.54,18.13,ref_CU,Ztor,original_table,False,10000,,,False,True,True,False,62.07838473466848,0.6440867748270355
1999-06-21__AO24,1999-06-21,AO24,,INSLAB,INSLAB/AO24/pre-pro-AO249906.211.npz,data/preprocessed/INSLAB/AO24/pre-pro-AO249906.211.npz,125261,31429e64f75881bd212de2dfe89683607cc6521cf64b7cd13a2bf5d8baf07687,6.0,315.0,48.25,1.05,-10.442342,-5.181099,-101.72,17.99,Rhyp,Ztor,original_table,True,6750,,,True,False,False,False,1.1855287429137604,0.9892702620787966
1999-09-30__AO24,1999-09-30,AO24,,INSLAB,INSLAB/AO24/pre-pro-AO249909.301.npz,data/preprocessed/INSLAB/AO24/pre-pro-AO249909.301.npz,222195,ea6e711bbc228f591de348aa8c1b6cd8833d19e0019ce15473a00bcbc8129e8d,7.4,416.0,32.77,1.07,-10.443937,-5.181891,-97.03,15.95,ref_CU,Ztor,original_table,True,11250,,,True,True,True,True,62.98516894900459,0.681313656400503
2000-07-21__AP68,2000-07-21,AP68,,INSLAB,INSLAB/AP68/pre-pro-AP680007.211.npz,data/preprocessed/INSLAB/AP68/pre-pro-AP680007.211.npz,116265,a5db72e75af9db7200856c1ae796f38016a8b96dfb87b1a6346146f6d082ff8c,5.8,151.0,43.74,3.1,-6.4899483,-3.1426687,-98.97,18.09,Rhyp,Ztor,original_table,True,6250,,,True,True,True,False,17.661946623995917,0.8270810003524974
2007-04-13__AP68,2007-04-13,AP68,,INSLAB,INSLAB/AP68/pre-pro-AP680704.131.npz,data/preprocessed/INSLAB/AP68/pre-pro-AP680704.131.npz,173330,e879f67b9ca86bde74ffb7a6d9d8d388954905e9ce72fa102b8a13bb23bddbea,5.9,251.0,37.73,2.88,-6.4899483,-3.1426687,-100.21,17.41,Rhyp,Ztor,original_table,True,9000,,,True,True,True,False,17.673854230360206,0.8849058724253699
2006-08-11__AP68,2006-08-11,AP68,,INSLAB,INSLAB/AP68/pre-pro-AP6820060811143041.npz,data/preprocessed/INSLAB/AP68/pre-pro-AP6820060811143041.npz,134527,4e4a2e82759ee4e41c5cff8fa4d49c0de9203f4313660c572d68e6b1b30cfefc,5.9,261.0,46.37,3.07,-6.4899483,-3.1426687,-101.27,18.32,Rhyp,Ztor,original_table,True,7200,,,True,False,False,False,2.4248882928301043,0.9796330565023508
2008-04-28__AP68,2008-04-28,AP68,,INSLAB,INSLAB/AP68/pre-pro-AP6820080428000629.npz,data/preprocessed/INSLAB/AP68/pre-pro-AP6820080428000629.npz,119928,32fb2976eda8e1148988eeb22d687e6c2977e523fdab2e1d665db28f67ca44d2,5.8,204.0,52.22,3.0,-6.4899483,-3.1426687,-100.1,17.89,Rhyp,Ztor,original_table,True,6480,,,True,False,False,False,5.809401414967852,0.9450283741959892
2011-12-11__AP68,2011-12-11,AP68,,INSLAB,INSLAB/AP68/pre-pro-AP6820111211014725.npz,data/preprocessed/INSLAB/AP68/pre-pro-AP6820111211014725.npz,189330,03a65ab0d069e22337a151461956570dcc2812f2b277378aaf741ed707c921be,6.5,203.0,49.53,2.85,-6.4899483,-3.1426687,-99.94,17.82,ref_CU,Ztor,original_table,True,9600,,,True,True,True,False,27.157889174358075,0.8383458977716781
2012-11-15__AP68,2012-11-15,AP68,,INSLAB,INSLAB/AP68/pre-pro-AP6820121115092022.npz,data/preprocessed/INSLAB/AP68/pre-pro-AP6820121115092022.npz,165419,5c503ca3f69bb67879a2c1f24d4b9fdc23d0c995d8aaaf98216ff7c67da73d72,6.1,195.0,47.88,3.0,-6.4899483,-3.1426687,-100.48,18.3,Rhyp,Ztor,original_table,True,8640,,,True,True,True,False,18.10786050951728,0.8764474583138832
2013-06-16__AP68,2013-06-16,AP68,,INSLAB,INSLAB/AP68/pre-pro-AP6820130616051903.npz,data/preprocessed/INSLAB/AP68/pre-pro-AP6820130616051903.npz,86616,8337923eb963d3d13fc696db828017a0a98760c1e50024d89e05b160e739fbf0,5.9,155.0,55.27,2.79,-6.4899483,-3.1426687,-99.25,18.04,Rhyp,Ztor,original_table,True,5000,,,True,False,False,False,9.068264923266028,0.8800176644182849
2017-09-08__AP68,2017-09-08,AP68,,INSLAB,INSLAB/AP68/pre-pro-AP6820170908044918.npz,data/preprocessed/INSLAB/AP68/pre-pro-AP6820170908044918.npz,313731,9251af62ff328bcc709432133be7d598559a04f2b439de1a1723add1ee3eb2b2,8.2,568.0,22.47,2.76,-6.4899483,-3.1426687,-94.11,14.85,ref_CU,Ztor,original_table,False,15360,,,False,True,True,False,76.13897072192484,0.727987672030564
2023-12-07__AP68,2023-12-07,AP68,,INSLAB,INSLAB/AP68/pre-pro-AP6820231207200340.npz,data/preprocessed/INSLAB/AP68/pre-pro-AP6820231207200340.npz,192721,598c6e41a8c9ce05252bbb1804a4bd9d3719f40c96597e31d02ba5d88d53b562,5.7,135.0,44.26,2.6,-6.4899483,-3.1426687,-98.76,18.29,Rhyp,Ztor,original_table,False,9720,,,False,True,True,False,55.30382466624143,0.6765479900208128
2025-01-12__AP68,2025-01-12,AP68,,INSLAB,INSLAB/AP68/pre-pro-AP6820250112083253.npz,data/preprocessed/INSLAB/AP68/pre-pro-AP6820250112083253.npz,248341,8181931e5a49e23659c1846186e8a123b569e6ff4a826b5afd8b90b4f71984d7,6.1,472.0,24.16,2.65,-6.4899483,-3.1426687,-103.49,18.49,Rhyp,Ztor,original_table,False,12288,,,False,False,False,False,10.46851740527569,0.9526846670947992
1994-05-23__AP68,1994-05-23,AP68,,INSLAB,INSLAB/AP68/pre-pro-AP689405.231.npz,data/preprocessed/INSLAB/AP68/pre-pro-AP689405.231.npz,79063,215288cb918c793c3da012e95b53d3403fd90043954743658967cefc916f33a6,6.2,225.0,44.44,3.3,-6.4899483,-3.1426687,-100.57,17.98,Rhyp,Ztor,original_table,True,4608,,,True,False,False,False,2.090070537342683,0.9697660850955782
1994-12-10__AP68,1994-12-10,AP68,,INSLAB,INSLAB/AP68/pre-pro-AP689412.101.npz,data/preprocessed/INSLAB/AP68/pre-pro-AP689412.101.npz,148647,ac711862d878c82fcdd0a085206a69edd643ad9d60808851b533229eddbba295,6.4,302.0,45.78,3.07,-6.4899483,-3.1426687,-101.56,18.02,Rhyp,Ztor,original_table,True,7776,,,True,False,False,False,14.984015811563964,0.8861310448243487
1997-01-11__AP68,1997-01-11,AP68,,INSLAB,INSLAB/AP68/pre-pro-AP689701.111.npz,data/preprocessed/INSLAB/AP68/pre-pro-AP689701.111.npz,168722,93807a779c045702876d0981c36c2b9fa7e0b2eee6a9377964c2bb08ca1f0f5f,7.1,386.0,25.4,3.3,-6.4899483,-3.1426687,-102.58,18.34,ref_CU,Ztor,original_table,True,8640,,,True,True,True,False,17.869301793385972,0.8806644731308537
1997-05-22__AP68,1997-05-22,AP68,,INSLAB,INSLAB/AP68/pre-pro-AP689705.221.npz,data/preprocessed/INSLAB/AP68/pre-pro-AP689705.221.npz,154339,3d3d5f13b10624f7e98e2b6bde01566cf257eae3a7aa564c8d40cf59af65badf,6.5,309.0,51.04,3.13,-6.4899483,-3.1426687,-101.81,18.41,ref_CU,Ztor,original_table,True,8000,,,True,True,True,False,14.699979578548394,0.8924968584280504
1998-04-20__AP68,1998-04-20,AP68,,INSLAB,INSLAB/AP68/pre-pro-AP689804.201.npz,data/preprocessed/INSLAB/AP68/pre-pro-AP689804.201.npz,125477,1e9d6d8ee40b052622c37a9c543ba6c7b011e8967b93c98907c56392966d4be6,5.9,255.0,59.18,3.13,-6.4899483,-3.1426687,-101.19,18.35,Rhyp,Ztor,original_table,True,6750,,,True,False,False,False,5.514471697575431,0.9502034341920224
1999-06-15__AP68,1999-06-15,AP68,,INSLAB,INSLAB/AP68/pre-pro-AP689906.151.npz,data/preprocessed/INSLAB/AP68/pre-pro-AP689906.151.npz,268454,f2ea66ccf5dc53a0ffd9327e483fd1178f722b0580b261f60f7390dc4a8f02a3,6.9,215.0,51.27,3.1,-6.4899483,-3.1426687,-97.54,18.13,ref_CU,Ztor,original_table,False,13122,,,False,True,True,False,82.51539850127656,0.6547039440043664
1999-06-21__AP68,1999-06-21,AP68,,INSLAB,INSLAB/AP68/pre-pro-AP689906.211.npz,data/preprocessed/INSLAB/AP68/pre-pro-AP689906.211.npz,140081,c0945c743d547b3753c600a2f9fb9c8f067c69b8b35b840d84fdd6c5f0a18b0d,6.0,320.0,48.25,3.07,-6.4899483,-3.1426687,-101.72,17.99,Rhyp,Ztor,original_table,True,7500,,,True,False,False,False,5.232558317908158,0.9577132833529324
1999-09-30__AP68,1999-09-30,AP68,,INSLAB,INSLAB/AP68/pre-pro-AP689909.301.npz,data/preprocessed/INSLAB/AP68/pre-pro-AP689909.301.npz,282029,02a6fead07412e97f913ef1d496cb5aae1cb3c8050b1dbaf034167e43c15aaaf,7.4,416.0,32.77,3.0,-6.4899483,-3.1426687,-97.03,15.95,ref_CU,Ztor,original_table,True,13824,,,True,True,True,True,64.53578834701736,0.7429774648651186
2023-12-07__AR14,2023-12-07,AR14,,INSLAB,INSLAB/AR14/pre-pro-AR1420231207200340.npz,data/preprocessed/INSLAB/AR14/pre-pro-AR1420231207200340.npz,199907,4b6576cf98380f1304eaac5421513f5cec6e03c2913e784c2db3866df6a580aa,5.7,145.0,44.26,3.1,-3.911645,6.5313787,-98.76,18.29,Rhyp,Ztor,original_table,False,10000,,,False,True,True,False,44.16309231448477,0.7511377644850402
2025-01-12__AR14,2025-01-12,AR14,,INSLAB,INSLAB/AR14/pre-pro-AR1420250112083253.npz,data/preprocessed/INSLAB/AR14/pre-pro-AR1420250112083253.npz,262429,06cda522341eea8a40fcbff570b29dc374ef0fcd661c9a4e770451d20f5814b5,6.1,478.0,24.16,3.0,-3.911645,6.5313787,-103.49,18.49,Rhyp,Ztor,original_table,False,12960,,,False,False,False,False,35.82866029936818,0.8467747496071155
2000-07-21__AU11,2000-07-21,AU11,,INSLAB,INSLAB/AU11/pre-pro-AU110007.211.npz,data/preprocessed/INSLAB/AU11/pre-pro-AU110007.211.npz,196124,4f51271b051ae6dde5bf2c1540960cd7cd92d6f5a2d665014dbd6daa4a1b5f11,5.8,152.0,43.74,3.97,-4.94272,-2.2168713,-98.97,18.09,Rhyp,Ztor,original_table,False,10000,,,False,True,True,False,56.117148070753714,0.6781350841941284
2007-04-13__AU11,2007-04-13,AU11,,INSLAB,INSLAB/AU11/pre-pro-AU110704.131.npz,data/preprocessed/INSLAB/AU11/pre-pro-AU110704.131.npz,295121,ef4668b97958682087df2d956d0f93d6c8ddee9bc78ecdd9506bb63480471d85,5.9,253.0,37.73,4.1,-4.94272,-2.2168713,-100.21,17.41,Rhyp,Ztor,original_table,True,14400,,,True,True,True,False,47.84470528800029,0.8194198705869021
2009-05-22__AU11,2009-05-22,AU11,,INSLAB,INSLAB/AU11/pre-pro-AU110905.221.npz,data/preprocessed/INSLAB/AU11/pre-pro-AU110905.221.npz,153870,d5fe26ff934e13c11b614725e181785c59050ab4a220a8b3b4119d3e2bbb13c9,5.6,166.0,41.27,4.04,-4.94272,-2.2168713,-98.44,18.13,Rhyp,Ztor,original_table,True,8000,,,True,True,True,True,34.143620721784416,0.7486852589298953
2006-08-11__AU11,2006-08-11,AU11,,INSLAB,INSLAB/AU11/pre-pro-AU1120060811143041.npz,data/preprocessed/INSLAB/AU11/pre-pro-AU1120060811143041.npz,180757,f569d9fda477a1ce0cdb1ee9dd8efc4b3aa11afbecf66a5ce57e88f515474be2,5.9,264.0,46.37,4.06,-4.94272,-2.2168713,-101.27,18.32,Rhyp,Ztor,original_table,True,9216,,,True,False,False,False,5.076093020907365,0.9685242573267976
2008-04-28__AU11,2008-04-28,AU11,,INSLAB,INSLAB/AU11/pre-pro-AU1120080428000629.npz,data/preprocessed/INSLAB/AU11/pre-pro-AU1120080428000629.npz,180548,24dd922e97615e0475abb9a6f2993cb14b4a662221e34fcb0b7522c75060f9bd,5.8,206.0,52.22,3.97,-4.94272,-2.2168713,-100.1,17.89,Rhyp,Ztor,original_table,True,9216,,,True,True,True,False,17.62231193092009,0.8907278977434111
2011-12-11__AU11,2011-12-11,AU11,,INSLAB,INSLAB/AU11/pre-pro-AU1120111211014725.npz,data/preprocessed/INSLAB/AU11/pre-pro-AU1120111211014725.npz,331425,a8655531d832eb72b7bd058ef420a03c6791ae9d541df49bd32006b0999fc149,6.5,205.0,49.53,3.81,-4.94272,-2.2168713,-99.94,17.82,ref_CU,Ztor,original_table,False,16000,,,False,True,True,False,97.5122628783768,0.6703996522616975
2012-11-15__AU11,2012-11-15,AU11,,INSLAB,INSLAB/AU11/pre-pro-AU1120121115092022.npz,data/preprocessed/INSLAB/AU11/pre-pro-AU1120121115092022.npz,333110,9bfb3b31261af073f00424f70d78b671dff724345e3f19b42a42978efde80d6f,6.1,198.0,47.88,3.85,-4.94272,-2.2168713,-100.48,18.3,Rhyp,Ztor,original_table,False,16000,,,False,True,True,False,96.2036649911612,0.6764523273318047
2013-06-16__AU11,2013-06-16,AU11,,INSLAB,INSLAB/AU11/pre-pro-AU1120130616051903.npz,data/preprocessed/INSLAB/AU11/pre-pro-AU1120130616051903.npz,273025,4aa656d64ecb084d9be529d94d18ada88881a1dbc2fda5934c3c062bbc1a4381,5.9,156.0,55.27,3.7,-4.94272,-2.2168713,-99.25,18.04,Rhyp,Ztor,original_table,False,13500,,,False,True,True,False,115.13560183447863,0.5276875668274249
2023-12-07__AU11,2023-12-07,AU11,,INSLAB,INSLAB/AU11/pre-pro-AU1120231207200340.npz,data/preprocessed/INSLAB/AU11/pre-pro-AU1120231207200340.npz,237034,34f2e2d26ab4850626566c55d6b81dad1180e4dae5b1b3b75e1bc8b868781b51,5.7,136.0,44.26,3.66,-4.94272,-2.2168713,-98.76,18.29,Rhyp,Ztor,original_table,False,11664,,,False,True,True,False,72.34786111563352,0.6567449773894125
2025-01-12__AU11,2025-01-12,AU11,,INSLAB,INSLAB/AU11/pre-pro-AU1120250112083253.npz,data/preprocessed/INSLAB/AU11/pre-pro-AU1120250112083253.npz,404302,4aca4387d81e6f910ac85382d21df4b7943d94a0ebc366845ca06a0dead19b0b,6.1,475.0,24.16,3.7,-4.94272,-2.2168713,-103.49,18.49,Rhyp,Ztor,original_table,False,19440,,,False,False,False,False,73.68217577153018,0.7964468319478143
1994-05-23__AU11,1994-05-23,AU11,,INSLAB,INSLAB/AU11/pre-pro-AU119405.231.npz,data/preprocessed/INSLAB/AU11/pre-pro-AU119405.231.npz,265259,43583eda61e34f561ba4fdbabb46a6fb1e56c639eca0a48eb6e8b3e2c6dd530c,6.2,227.0,44.44,4.32,-4.94272,-2.2168713,-100.57,17.98,Rhyp,Ztor,original_table,True,13122,,,True,True,True,False,41.74771376233062,0.8246483796945119
1994-12-10__AU11,1994-12-10,AU11,,INSLAB,INSLAB/AU11/pre-pro-AU119412.101.npz,data/preprocessed/INSLAB/AU11/pre-pro-AU119412.101.npz,316767,9ef2d0e63f5da04e0c29534119e53aa68918e5749f08a92cbd54a8d9710ab87a,6.4,305.0,45.78,4.23,-4.94272,-2.2168713,-101.56,18.02,Rhyp,Ztor,original_table,True,15552,,,True,True,True,True,71.88246946785594,0.7478781190843676
1997-01-11__AU11,1997-01-11,AU11,,INSLAB,INSLAB/AU11/pre-pro-AU119701.111.npz,data/preprocessed/INSLAB/AU11/pre-pro-AU119701.111.npz,637048,5ca6ee2afaafb634e991d4c4a702697532ba5c6f16d75ee2f7cf8c320a68ce22,7.1,389.0,25.4,4.32,-4.94272,-2.2168713,-102.58,18.34,ref_CU,Ztor,original_table,False,15552,,,False,True,True,False,82.59614585857892,0.7130484093295618
1997-05-22__AU11,1997-05-22,AU11,,INSLAB,INSLAB/AU11/pre-pro-AU119705.221.npz,data/preprocessed/INSLAB/AU11/pre-pro-AU119705.221.npz,179082,3601e9c72fde21fc7e80bac5e2ac2bb9fd0b292c18958c88de981e55c116f752,6.5,312.0,51.04,4.23,-4.94272,-2.2168713,-101.81,18.41,ref_CU,Ztor,original_table,True,9216,,,True,False,False,False,4.877174370203619,0.96951575492091
1998-04-20__AU11,1998-04-20,AU11,,INSLAB,INSLAB/AU11/pre-pro-AU119804.201.npz,data/preprocessed/INSLAB/AU11/pre-pro-AU119804.201.npz,118307,0e7179bc6579b2a991d10733155a2e4a7f11cc79722af0c0cb7c8936acb99dab,5.9,258.0,59.18,4.27,-4.94272,-2.2168713,-101.19,18.35,Rhyp,Ztor,original_table,True,6400,,,True,False,False,False,4.4007596862966665,0.9580680353854534
1999-06-15__AU11,1999-06-15,AU11,,INSLAB,INSLAB/AU11/pre-pro-AU119906.151.npz,data/preprocessed/INSLAB/AU11/pre-pro-AU119906.151.npz,308778,493af1cfba2536f8c405a98a16c19c3e8dd043660221c850e6f05e72c9fe7a76,6.9,214.0,51.27,4.06,-4.94272,-2.2168713,-97.54,18.13,ref_CU,Ztor,original_table,True,15000,,,True,True,True,False,71.58382403603318,0.7416492564023632
1999-06-21__AU11,1999-06-21,AU11,,INSLAB,INSLAB/AU11/pre-pro-AU119906.211.npz,data/preprocessed/INSLAB/AU11/pre-pro-AU119906.211.npz,128662,99c4beec080489c31111d369bc78cb8f4e6004ea416b020bf5177d3ef45d81cc,6.0,323.0,48.25,4.45,-4.94272,-2.2168713,-101.72,17.99,Rhyp,Ztor,original_table,True,6912,,,True,False,False,False,4.084879730420141,0.964139410671406
2007-04-13__AU46,2007-04-13,AU46,,INSLAB,INSLAB/AU46/pre-pro-AU460704.131.npz,data/preprocessed/INSLAB/AU46/pre-pro-AU460704.131.npz,123064,07d51188f42bba983f80f74a2e92d3919e6b9671b5dd7939f84218139567504a,5.9,248.0,37.73,0.95,-11.766069,-2.914224,-100.21,17.41,Rhyp,Ztor,original_table,True,6562,,,True,True,True,False,17.94129747349851,0.8347033584531186
2009-05-22__AU46,2009-05-22,AU46,,INSLAB,INSLAB/AU46/pre-pro-AU460905.221.npz,data/preprocessed/INSLAB/AU46/pre-pro-AU460905.221.npz,105005,d495d847f4ef56cd8b5ceaa536930138d178b2c4af1f91c1ca97b91a644c90b9,5.6,169.0,41.27,0.94,-11.761921,-2.9131966,-98.44,18.13,Rhyp,Ztor,original_table,True,5760,,,True,True,True,True,31.52335168313666,0.656944698192005
2006-08-11__AU46,2006-08-11,AU46,,INSLAB,INSLAB/AU46/pre-pro-AU4620060811143041.npz,data/preprocessed/INSLAB/AU46/pre-pro-AU4620060811143041.npz,137556,67d66954043117ca48c67404f3ed5d32afd97d59c5bbdf49c579fec4debae228,5.9,256.0,46.37,0.86,-11.698955,-2.897601,-101.27,18.32,Rhyp,Ztor,original_table,True,7200,,,True,False,False,False,11.801340764859034,0.9027816066821068
2008-04-28__AU46,2008-04-28,AU46,,INSLAB,INSLAB/AU46/pre-pro-AU4620080428000629.npz,data/preprocessed/INSLAB/AU46/pre-pro-AU4620080428000629.npz,129643,a6d54fa8ecb8042b29926740710bec9b672eec63fad067f9b61f2c644da465b5,5.8,201.0,52.22,0.83,-11.652177,-2.886015,-100.1,17.89,Rhyp,Ztor,original_table,True,6912,,,True,True,True,False,16.26505393093376,0.8577980946762217
2011-12-11__AU46,2011-12-11,AU46,,INSLAB,INSLAB/AU46/pre-pro-AU4620111211014725.npz,data/preprocessed/INSLAB/AU46/pre-pro-AU4620111211014725.npz,181367,d5da0d9332c5c2e7363ec3514bdb5bc9f5a10880f1679d4fbadcfe5899238621,6.5,200.0,49.53,0.81,-11.609147,-2.8753574,-99.94,17.82,ref_CU,Ztor,original_table,True,9216,,,True,True,True,True,65.12550096094796,0.5950158512471366
2012-11-15__AU46,2012-11-15,AU46,,INSLAB,INSLAB/AU46/pre-pro-AU4620121115092022.npz,data/preprocessed/INSLAB/AU46/pre-pro-AU4620121115092022.npz,161730,a9b7fc7f5580d9684f798e23c8cd1df7df5b83371aaaee5f78e03ff419bc1846,6.1,191.0,47.88,0.81,-11.609147,-2.8753574,-100.48,18.3,Rhyp,Ztor,original_table,True,8640,,,True,True,True,True,44.62628852240319,0.6884291801829003
2013-06-16__AU46,2013-06-16,AU46,,INSLAB,INSLAB/AU46/pre-pro-AU4620130616051903.npz,data/preprocessed/INSLAB/AU46/pre-pro-AU4620130616051903.npz,153101,269b06b894a2494fbe65784d88193ad57d165dc5c9e01e02e7999a15d8026156,5.9,155.0,55.27,0.83,-11.652177,-2.886015,-99.25,18.04,Rhyp,Ztor,original_table,False,8000,,,False,True,True,False,74.9377671314302,0.4444939426876931
2017-09-08__AU46,2017-09-08,AU46,,INSLAB,INSLAB/AU46/pre-pro-AU4620170908044918.npz,data/preprocessed/INSLAB/AU46/pre-pro-AU4620170908044918.npz,303587,e5a981f992a63db2791a8b43088c949352aa339fbc60decf857b412dac33c64f,8.2,573.0,22.47,0.91,-11.745605,-2.9091554,-94.11,14.85,ref_CU,Ztor,original_table,True,15000,,,True,True,True,True,99.12727654468134,0.6338789416632268
2023-12-07__AU46,2023-12-07,AU46,,INSLAB,INSLAB/AU46/pre-pro-AU4620231207200340.npz,data/preprocessed/INSLAB/AU46/pre-pro-AU4620231207200340.npz,190624,fa072e40b02eaa75cca713d39c7eb10343339cb941b4a18f917cc7ea3d00aa54,5.7,138.0,44.26,0.83,-11.652177,-2.886015,-98.76,18.29,Rhyp,Ztor,original_table,False,9600,,,False,True,True,False,106.70747035016912,0.3667964019097488
2025-01-12__AU46,2025-01-12,AU46,,INSLAB,INSLAB/AU46/pre-pro-AU4620250112083253.npz,data/preprocessed/INSLAB/AU46/pre-pro-AU4620250112083253.npz,160114,afd0885098d35fda6216231dc7b083bc703c7491ae92a46003c559fa7f6870ce,6.1,466.0,24.16,0.87,-11.710887,-2.9005563,-103.49,18.49,Rhyp,Ztor,original_table,False,8640,,,False,False,False,False,4.830073883288918,0.9659278083853772
1994-05-23__AU46,1994-05-23,AU46,,INSLAB,INSLAB/AU46/pre-pro-AU469405.231.npz,data/preprocessed/INSLAB/AU46/pre-pro-AU469405.231.npz,118213,c2ea0a275df906221a7ea64cc79a8d7606e4e010dcb2f5b40837f7d9d091a141,6.2,221.0,44.44,0.86,-11.698955,-2.897601,-100.57,17.98,Rhyp,Ztor,original_table,True,6400,,,True,True,True,False,21.330227023981067,0.7949016632309512
1994-12-10__AU46,1994-12-10,AU46,,INSLAB,INSLAB/AU46/pre-pro-AU469412.101.npz,data/preprocessed/INSLAB/AU46/pre-pro-AU469412.101.npz,118312,6b3335d351bd2544cb6fdfe66ca8c0cf3e17cc71da079adddb5323bc714e4bbd,6.4,297.0,45.78,0.83,-11.652177,-2.886015,-101.56,18.02,Rhyp,Ztor,original_table,True,6400,,,True,True,True,False,12.155388009372246,0.8831549744364872
1997-01-11__AU46,1997-01-11,AU46,,INSLAB,INSLAB/AU46/pre-pro-AU469701.111.npz,data/preprocessed/INSLAB/AU46/pre-pro-AU469701.111.npz,100609,285efb2c5ffcf3d6949ae9bc9f47be11e9ed573fc79b9f8a39d10eaa629cde64,7.1,380.0,25.4,0.87,-11.710887,-2.9005563,-102.58,18.34,ref_CU,Ztor,original_table,True,5626,,,True,True,True,False,10.49636184855028,0.8810340944287626
1998-04-20__AU46,1998-04-20,AU46,,INSLAB,INSLAB/AU46/pre-pro-AU469804.201.npz,data/preprocessed/INSLAB/AU46/pre-pro-AU469804.201.npz,125685,ca43ba2920999697c8455f1c83250fada3f7cef5eb0537c6e273a17c580e0ab3,5.9,250.0,59.18,0.81,-11.609147,-2.8753574,-101.19,18.35,Rhyp,Ztor,original_table,True,6750,,,True,True,True,False,12.061254391475458,0.8910849341568046
1999-06-15__AU46,1999-06-15,AU46,,INSLAB,INSLAB/AU46/pre-pro-AU469906.151.npz,data/preprocessed/INSLAB/AU46/pre-pro-AU469906.151.npz,177862,5c81ba0f0d6f910309995035322e6f56d55617a3929a221c108993aca082f62e,6.9,220.0,51.27,0.87,-11.710887,-2.9005563,-97.54,18.13,ref_CU,Ztor,original_table,True,9000,,,True,True,True,True,62.34482109067628,0.6037069597592405
2000-07-21__BA49,2000-07-21,BA49,,INSLAB,INSLAB/BA49/pre-pro-BA490007.211.npz,data/preprocessed/INSLAB/BA49/pre-pro-BA490007.211.npz,197089,afca649b0aac37e6a84483c25d4e07b73b753a6b8aff78f617ce6c8bc0be57f8,5.8,154.0,43.74,2.62,-11.144455,-0.47743973,-98.97,18.09,Rhyp,Ztor,original_table,True,10000,,,True,True,True,True,37.191711071996906,0.7873908930886817
2007-04-13__BA49,2007-04-13,BA49,,INSLAB,INSLAB/BA49/pre-pro-BA490704.131.npz,data/preprocessed/INSLAB/BA49/pre-pro-BA490704.131.npz,242151,0347447ea72bc5fded11f8fc132422ca10edac59058c3caee23fb60611f7ea65,5.9,252.0,37.73,2.44,-11.144455,-0.47743973,-100.21,17.41,Rhyp,Ztor,original_table,False,12000,,,False,True,True,False,59.83105721889439,0.7225805294250736
2009-05-22__BA49,2009-05-22,BA49,,INSLAB,INSLAB/BA49/pre-pro-BA490905.221.npz,data/preprocessed/INSLAB/BA49/pre-pro-BA490905.221.npz,178125,0a16eaf1b5038a3837bbf34aca41812d155c5c4bf50aad6472df0b9d34a8a2fe,5.6,170.0,41.27,2.52,-11.144455,-0.47743973,-98.44,18.13,Rhyp,Ztor,original_table,False,9216,,,False,True,True,False,49.4725074280492,0.686267312904755
2006-02-20__BA49,2006-02-20,BA49,,INSLAB,INSLAB/BA49/pre-pro-BA4920060220105423.npz,data/preprocessed/INSLAB/BA49/pre-pro-BA4920060220105423.npz,104536,6a3e9afd1184fc837b91a02f63817e1a62e405feb9d8c9deea93e72f5f919c3b,5.2,200.0,53.4,2.68,-11.144455,-0.47743973,-100.54,18.3,Rhyp,Ztor,original_table,True,5760,,,True,False,False,False,5.241926276206712,0.9431152872902148
2006-08-11__BA49,2006-08-11,BA49,,INSLAB,INSLAB/BA49/pre-pro-BA4920060811143041.npz,data/preprocessed/INSLAB/BA49/pre-pro-BA4920060811143041.npz,125926,9c7b65f0eb379a686956f799e4f45704ce167b2503d3f799bbff442d0f65a995,5.9,259.0,46.37,2.32,-11.144455,-0.47743973,-101.27,18.32,Rhyp,Ztor,original_table,True,6750,,,True,False,False,False,2.443794255785349,0.978053037666948
2008-04-28__BA49,2008-04-28,BA49,,INSLAB,INSLAB/BA49/pre-pro-BA4920080428000629.npz,data/preprocessed/INSLAB/BA49/pre-pro-BA4920080428000629.npz,210945,cf0d9ddb2fd3682b3681b1ed5f087c16047cf2c357265abe81bdd6cf499b2709,5.8,205.0,52.22,2.39,-11.144455,-0.47743973,-100.1,17.89,Rhyp,Ztor,original_table,True,10800,,,True,True,True,False,54.84130329229376,0.708523500971067
2011-12-11__BA49,2011-12-11,BA49,,INSLAB,INSLAB/BA49/pre-pro-BA4920111211014725.npz,data/preprocessed/INSLAB/BA49/pre-pro-BA4920111211014725.npz,303626,15517f8466c265d3fb4bd0cb08cc85924ef43a3d1b8e69f2198641d28999481c,6.5,204.0,49.53,2.39,-11.144455,-0.47743973,-99.94,17.82,ref_CU,Ztor,original_table,False,15000,,,False,True,True,False,126.16901948847834,0.5334676102334036
2012-11-15__BA49,2012-11-15,BA49,,INSLAB,INSLAB/BA49/pre-pro-BA4920121115092022.npz,data/preprocessed/INSLAB/BA49/pre-pro-BA4920121115092022.npz,270082,f89611c282bbaf1a40bf67b4e0b598eec8095afd92714a5495e64eaa2b0315de,6.1,194.0,47.88,2.34,-11.144455,-0.47743973,-100.48,18.3,Rhyp,Ztor,original_table,False,13500,,,False,True,True,False,98.9545078003306,0.587912764751049
2013-06-16__BA49,2013-06-16,BA49,,INSLAB,INSLAB/BA49/pre-pro-BA4920130616051903.npz,data/preprocessed/INSLAB/BA49/pre-pro-BA4920130616051903.npz,214274,2f13b82f80e01a14b218de7acf8809facd7177a375d84a4bccf28803c4fbbcab,5.9,158.0,55.27,2.34,-11.144455,-0.47743973,-99.25,18.04,Rhyp,Ztor,original_table,False,10800,,,False,True,True,False,68.23702121324925,0.640232924483317
2017-09-08__BA49,2017-09-08,BA49,,INSLAB,INSLAB/BA49/pre-pro-BA4920170908044918.npz,data/preprocessed/INSLAB/BA49/pre-pro-BA4920170908044918.npz,570487,962b91be398614a75abdea4222797fda6f6c11241c8c14469dda4b518a1d7090,8.2,573.0,22.47,2.32,-11.144455,-0.47743973,-94.11,14.85,ref_CU,Ztor,original_table,True,27000,,,True,True,True,True,310.0998111928174,0.3930560338354
2023-12-07__BA49,2023-12-07,BA49,,INSLAB,INSLAB/BA49/pre-pro-BA4920231207200340.npz,data/preprocessed/INSLAB/BA49/pre-pro-BA4920231207200340.npz,268950,01b91b4b1d2c49f1e86b21add8e4131ee71310fdaf25f7bd45114926bde926d9,5.7,139.0,44.26,2.29,-11.144455,-0.47743973,-98.76,18.29,Rhyp,Ztor,original_table,True,13122,,,True,True,True,True,111.88111111642294,0.5331283962759851
2025-01-12__BA49,2025-01-12,BA49,,INSLAB,INSLAB/BA49/pre-pro-BA4920250112083253.npz,data/preprocessed/INSLAB/BA49/pre-pro-BA4920250112083253.npz,321433,c4df08565c4560f0532a53a0516ef4235d3cedd8090f14287a887886a4f7c3f7,6.1,469.0,24.16,2.22,-11.144455,-0.47743973,-103.49,18.49,Rhyp,Ztor,original_table,False,15552,,,False,False,False,False,74.71004375220349,0.7398765929034383
1994-05-23__BA49,1994-05-23,BA49,,INSLAB,INSLAB/BA49/pre-pro-BA499405.231.npz,data/preprocessed/INSLAB/BA49/pre-pro-BA499405.231.npz,274868,111f8418ffa264829e0b31370ebfdd17d41dc8ecbb20a2c362c9f3ab81e5fa13,6.2,224.0,44.44,2.62,-11.144455,-0.47743973,-100.57,17.98,Rhyp,Ztor,original_table,True,13500,,,True,True,True,False,57.92735459742971,0.7647524585874362
1994-12-10__BA49,1994-12-10,BA49,,INSLAB,INSLAB/BA49/pre-pro-BA499412.101.npz,data/preprocessed/INSLAB/BA49/pre-pro-BA499412.101.npz,493556,8bdcdad6066cba7a056ce547b7c93258fb14b157f6ccee203858dca26ccb22d0,6.4,301.0,45.78,2.76,-11.144455,-0.47743973,-101.56,18.02,Rhyp,Ztor,original_table,False,12288,,,False,True,True,False,56.44896166270914,0.7462853986124809
1997-01-11__BA49,1997-01-11,BA49,,INSLAB,INSLAB/BA49/pre-pro-BA499701.111.npz,data/preprocessed/INSLAB/BA49/pre-pro-BA499701.111.npz,262340,bbe51d195cc9bad2beffa7140b75304c0c180d2b6b4def36845a7d1645294940,7.1,383.0,25.4,2.79,-11.144455,-0.47743973,-102.58,18.34,ref_CU,Ztor,original_table,False,12960,,,False,True,True,False,48.10634098717722,0.7947068621722476
1997-05-22__BA49,1997-05-22,BA49,,INSLAB,INSLAB/BA49/pre-pro-BA499705.221.npz,data/preprocessed/INSLAB/BA49/pre-pro-BA499705.221.npz,199983,2f6da2b9a2992f966bfdd11120006531f985a0cb59d633cf7251685c4f78fd8c,6.5,307.0,51.04,2.57,-11.144455,-0.47743973,-101.81,18.41,ref_CU,Ztor,original_table,True,10126,,,True,True,True,False,21.660037973739207,0.8782528358510527
1998-04-20__BA49,1998-04-20,BA49,,INSLAB,INSLAB/BA49/pre-pro-BA499804.201.npz,data/preprocessed/INSLAB/BA49/pre-pro-BA499804.201.npz,152958,ccc8115556854652f5a4d3116d0af406989f41efae0711ced35c440973c0dfb4,5.9,254.0,59.18,2.62,-11.144455,-0.47743973,-101.19,18.35,Rhyp,Ztor,original_table,True,8000,,,True,True,True,False,16.9213853144785,0.8752754086055982
1999-06-15__BA49,1999-06-15,BA49,,INSLAB,INSLAB/BA49/pre-pro-BA499906.151.npz,data/preprocessed/INSLAB/BA49/pre-pro-BA499906.151.npz,336902,de8f5bb8c31d78aa0af74df2a073b982295d8fe4bb96ce65ea7c86095aef8302,6.9,220.0,51.27,2.65,-11.144455,-0.47743973,-97.54,18.13,ref_CU,Ztor,original_table,False,16384,,,False,True,True,False,123.39485962317777,0.5914483341946901
1999-06-21__BA49,1999-06-21,BA49,,INSLAB,INSLAB/BA49/pre-pro-BA499906.211.npz,data/preprocessed/INSLAB/BA49/pre-pro-BA499906.211.npz,211639,81bb7c7097041b0661282994a20895f4560ca10d8a50cf5894fce7eaae4ca620,6.0,318.0,48.25,2.62,-11.144455,-0.47743973,-101.72,17.99,Rhyp,Ztor,original_table,True,10800,,,True,True,True,False,23.19391746628662,0.8775594284628273
1999-09-30__BA49,1999-09-30,BA49,,INSLAB,INSLAB/BA49/pre-pro-BA499909.301.npz,data/preprocessed/INSLAB/BA49/pre-pro-BA499909.301.npz,635022,0d370a0eb3a166c9c970634005461797366862d2b0f988d414992add196888a3,7.4,420.0,32.77,2.57,-11.144455,-0.47743973,-97.03,15.95,ref_CU,Ztor,original_table,False,15552,,,False,True,True,False,100.17484186668398,0.6493705219927057
2000-07-21__BL45,2000-07-21,BL45,,INSLAB,INSLAB/BL45/pre-pro-BL450007.211.npz,data/preprocessed/INSLAB/BL45/pre-pro-BL450007.211.npz,390446,114a51be03914dfaec00132846df987206c248995d5d2ea9d41078405b99f948,5.8,156.0,43.74,2.13,-11.437438,1.1097493,-98.97,18.09,Rhyp,Ztor,original_table,True,10000,,,True,True,True,True,65.45892366603026,0.6258100227740003
2007-04-13__BL45,2007-04-13,BL45,,INSLAB,INSLAB/BL45/pre-pro-BL450704.131.npz,data/preprocessed/INSLAB/BL45/pre-pro-BL450704.131.npz,434093,eee647b4e7f50586228465adbbb86bc91f18a7674ad742615b52314f200da70d,5.9,253.0,37.73,2.34,-11.437438,1.1097493,-100.21,17.41,Rhyp,Ztor,original_table,False,10936,,,False,True,True,False,51.93914918280157,0.7335087266146662
2009-05-22__BL45,2009-05-22,BL45,,INSLAB,INSLAB/BL45/pre-pro-BL450905.221.npz,data/preprocessed/INSLAB/BL45/pre-pro-BL450905.221.npz,150384,2b138a315a60e0be7b53166f73c58f6a1e68322a71807c069a0e39df902ab291,5.6,172.0,41.27,2.34,-11.437438,1.1097493,-98.44,18.13,Rhyp,Ztor,original_table,False,7776,,,False,True,True,False,55.71340839669264,0.5801551741017886
2006-02-20__BL45,2006-02-20,BL45,,INSLAB,INSLAB/BL45/pre-pro-BL4520060220105423.npz,data/preprocessed/INSLAB/BL45/pre-pro-BL4520060220105423.npz,88836,a8d38fa6976149f35e49c386f6fc52ded7d534f155a0709e38dac6c1741e632d,5.2,201.0,53.4,2.2,-11.437438,1.1097493,-100.54,18.3,Rhyp,Ztor,original_table,True,5120,,,True,False,False,False,2.9019003361142097,0.9628295076711386
2008-04-28__BL45,2008-04-28,BL45,,INSLAB,INSLAB/BL45/pre-pro-BL4520080428000629.npz,data/preprocessed/INSLAB/BL45/pre-pro-BL4520080428000629.npz,170490,387331cdb664d4b3528fc425c228209f65a19121219f8d8007a7ef8a8b02c451,5.8,206.0,52.22,2.2,-11.437438,1.1097493,-100.1,17.89,Rhyp,Ztor,original_table,True,8748,,,True,True,True,False,23.92440157900343,0.8411183319232074
2012-11-15__BL45,2012-11-15,BL45,,INSLAB,INSLAB/BL45/pre-pro-BL4520121115092022.npz,data/preprocessed/INSLAB/BL45/pre-pro-BL4520121115092022.npz,201770,dcc8d098e7c83d55dba0a060aeadd5cb3025943eb7cdb5e1618eaaae257deed4,6.1,195.0,47.88,2.32,-11.437438,1.1097493,-100.48,18.3,Rhyp,Ztor,original_table,True,10126,,,True,True,True,True,54.47555592103434,0.6950539861115408
2013-06-16__BL45,2013-06-16,BL45,,INSLAB,INSLAB/BL45/pre-pro-BL4520130616051903.npz,data/preprocessed/INSLAB/BL45/pre-pro-BL4520130616051903.npz,179088,aff9b46d96114191b3a18b706cc23883b88c2bcf778e01f1b5a37e1e2dea0376,5.9,159.0,55.27,2.11,-11.437438,1.1097493,-99.25,18.04,Rhyp,Ztor,original_table,False,9216,,,False,True,True,False,59.03931411237453,0.6270651625773829
2017-09-08__BL45,2017-09-08,BL45,,INSLAB,INSLAB/BL45/pre-pro-BL4520170908044918.npz,data/preprocessed/INSLAB/BL45/pre-pro-BL4520170908044918.npz,318565,ec5768378fdfdf22afa56f524bb57480e6e432666bda4b2346c0229d65ebc16f,8.2,575.0,22.47,2.16,-11.437438,1.1097493,-94.11,14.85,ref_CU,Ztor,original_table,False,15360,,,False,True,True,False,111.57839712145004,0.6073948025283249
2025-01-12__BL45,2025-01-12,BL45,,INSLAB,INSLAB/BL45/pre-pro-BL4520250112083253.npz,data/preprocessed/INSLAB/BL45/pre-pro-BL4520250112083253.npz,298692,0cdd058fa1fe0f52561a76fbfa56d88b50c73e2f5b8657f3dea39eaa792ae865,6.1,469.0,24.16,2.07,-11.437438,1.1097493,-103.49,18.49,Rhyp,Ztor,original_table,False,14580,,,False,False,False,False,30.26136294111356,0.8864020310780676
1994-05-23__BL45,1994-05-23,BL45,,INSLAB,INSLAB/BL45/pre-pro-BL459405.231.npz,data/preprocessed/INSLAB/BL45/pre-pro-BL459405.231.npz,221913,d613a084a4475fcc9e234859cd58197a78caf69c5ec07c9e02077967ae77dac3,6.2,225.0,44.44,2.52,-11.437438,1.1097493,-100.57,17.98,Rhyp,Ztor,original_table,True,11250,,,True,True,True,False,62.5600551734224,0.6827905122532076
1994-12-10__BL45,1994-12-10,BL45,,INSLAB,INSLAB/BL45/pre-pro-BL459412.101.npz,data/preprocessed/INSLAB/BL45/pre-pro-BL459412.101.npz,287929,d8c7d25fbae156b16aca3085ac5016dafc94fe49cc139e6f78e88988e927114a,6.4,301.0,45.78,2.37,-11.437438,1.1097493,-101.56,18.02,Rhyp,Ztor,original_table,False,14400,,,False,True,True,False,106.41355197380533,0.5852617040540754
1997-01-11__BL45,1997-01-11,BL45,,INSLAB,INSLAB/BL45/pre-pro-BL459701.111.npz,data/preprocessed/INSLAB/BL45/pre-pro-BL459701.111.npz,255421,4599edaec65e17becf30b35e6b40a9bd26388a08ea900f08bbc804ab299d2813,7.1,384.0,25.4,2.57,-11.437438,1.1097493,-102.58,18.34,ref_CU,Ztor,original_table,False,12800,,,False,True,True,False,72.07459861727514,0.6835641277724234
1997-05-22__BL45,1997-05-22,BL45,,INSLAB,INSLAB/BL45/pre-pro-BL459705.221.npz,data/preprocessed/INSLAB/BL45/pre-pro-BL459705.221.npz,194681,bc73157a3306a63595a2404570e6dda387046b1ecfd034eb7f063a02b61db0ac,6.5,307.0,51.04,2.37,-11.437438,1.1097493,-101.81,18.41,ref_CU,Ztor,original_table,True,10000,,,True,True,True,False,29.963803460004897,0.8265883242085486
1998-04-20__BL45,1998-04-20,BL45,,INSLAB,INSLAB/BL45/pre-pro-BL459804.201.npz,data/preprocessed/INSLAB/BL45/pre-pro-BL459804.201.npz,151735,4d651338ceb15c815839a653cd9564be33345a45bf337eb4415ccc26e61d7059,5.9,254.0,59.18,2.34,-11.437438,1.1097493,-101.19,18.35,Rhyp,Ztor,original_table,True,8000,,,True,True,True,False,27.85489028937613,0.7927309302077823
1999-06-15__BL45,1999-06-15,BL45,,INSLAB,INSLAB/BL45/pre-pro-BL459906.151.npz,data/preprocessed/INSLAB/BL45/pre-pro-BL459906.151.npz,593502,f85c15ed0d7e06baa6e79e21da9a3a12adb572464095afa42b7f4012c6768b68,6.9,222.0,51.27,2.42,-11.437438,1.1097493,-97.54,18.13,ref_CU,Ztor,original_table,True,14580,,,True,True,True,True,119.80327657145185,0.5503386383986344
1999-06-21__BL45,1999-06-21,BL45,,INSLAB,INSLAB/BL45/pre-pro-BL459906.211.npz,data/preprocessed/INSLAB/BL45/pre-pro-BL459906.211.npz,185610,6a6d74afaa828434e48808c764b8b39d4d8ef395951d39491fd60a33f9a1acd2,6.0,319.0,48.25,2.25,-11.437438,1.1097493,-101.72,17.99,Rhyp,Ztor,original_table,True,9600,,,True,True,True,False,29.66458681964505,0.8203344024005509
1999-09-30__BL45,1999-09-30,BL45,,INSLAB,INSLAB/BL45/pre-pro-BL459909.301.npz,data/preprocessed/INSLAB/BL45/pre-pro-BL459909.301.npz,310715,02a8832b4f94c5c184db0c82c03dbb7787ef76ac71508d10a844df508ab46879,7.4,422.0,32.77,2.39,-11.437438,1.1097493,-97.03,15.95,ref_CU,Ztor,original_table,False,15360,,,False,True,True,False,95.8968025915872,0.655059880610096
2007-04-13__BO39,2007-04-13,BO39,,INSLAB,INSLAB/BO39/pre-pro-BO390704.131.npz,data/preprocessed/INSLAB/BO39/pre-pro-BO390704.131.npz,258641,184cbaecc95873427cf4758744cd4e5251d2d146ea1d34bdb7accdaeba4cd478,5.9,259.0,37.73,2.42,-6.310373,4.730908,-100.21,17.41,Rhyp,Ztor,original_table,True,12800,,,True,True,True,True,63.3025156870475,0.7268028324757347
2009-05-22__BO39,2009-05-22,BO39,,INSLAB,INSLAB/BO39/pre-pro-BO390905.221.npz,data/preprocessed/INSLAB/BO39/pre-pro-BO390905.221.npz,221739,f5192d202fde4e0d1ecaed40b6bcbfe6df0fac598665373d8bba32678dab992f,5.6,174.0,41.27,2.47,-6.310373,4.730908,-98.44,18.13,Rhyp,Ztor,original_table,False,11250,,,False,True,True,False,83.6398535256078,0.5753675507660669
2006-02-20__BO39,2006-02-20,BO39,,INSLAB,INSLAB/BO39/pre-pro-BO3920060220105423.npz,data/preprocessed/INSLAB/BO39/pre-pro-BO3920060220105423.npz,88450,85110bbe3fc4c3b62ce8469e534c05c61d4987ec0464bcda384a11329d98bc54,5.2,207.0,53.4,2.57,-6.310373,4.730908,-100.54,18.3,Rhyp,Ztor,original_table,True,5120,,,True,False,False,False,4.812975207748991,0.9383505161041502
2006-08-11__BO39,2006-08-11,BO39,,INSLAB,INSLAB/BO39/pre-pro-BO3920060811143041.npz,data/preprocessed/INSLAB/BO39/pre-pro-BO3920060811143041.npz,241957,41ea47054468b31f126fc4cd83f4a73e5d958a49bc526e3b5fe0420a5b5a829f,5.9,266.0,46.37,2.44,-6.310373,4.730908,-101.27,18.32,Rhyp,Ztor,original_table,True,12000,,,True,True,True,False,48.056339231151696,0.7778357947799376
2008-04-28__BO39,2008-04-28,BO39,,INSLAB,INSLAB/BO39/pre-pro-BO3920080428000629.npz,data/preprocessed/INSLAB/BO39/pre-pro-BO3920080428000629.npz,195393,e263a315cbdb374bd6ee1852431ebbbd5016be6c6fdf9916e6c40320dc77d75f,5.8,212.0,52.22,2.54,-6.310373,4.730908,-100.1,17.89,Rhyp,Ztor,original_table,True,10000,,,True,True,True,False,34.53611160690468,0.8015964174935102
2012-11-15__BO39,2012-11-15,BO39,,INSLAB,INSLAB/BO39/pre-pro-BO3920121115092022.npz,data/preprocessed/INSLAB/BO39/pre-pro-BO3920121115092022.npz,263340,0db5827e6389562ad3e54ca21070f09854708e87fe1e74f77261ddb17fb01c4b,6.1,201.0,47.88,2.37,-6.310373,4.730908,-100.48,18.3,Rhyp,Ztor,original_table,False,12960,,,False,True,True,False,82.52246796936234,0.6475055829765395
2013-06-16__BO39,2013-06-16,BO39,,INSLAB,INSLAB/BO39/pre-pro-BO3920130616051903.npz,data/preprocessed/INSLAB/BO39/pre-pro-BO3920130616051903.npz,244117,aa6ab97aaec38da58442764c349cd844bf1a2977e605f5edefb20c560325704f,5.9,164.0,55.27,2.66,-6.310373,4.730908,-99.25,18.04,Rhyp,Ztor,original_table,False,12000,,,False,True,True,False,82.26050786726933,0.6205346071257989
2017-09-08__BO39,2017-09-08,BO39,,INSLAB,INSLAB/BO39/pre-pro-BO3920170908044918.npz,data/preprocessed/INSLAB/BO39/pre-pro-BO3920170908044918.npz,291015,4c54587ef9b026506348c682040a883659977a62b4177afde289f45341a2f340,8.2,574.0,22.47,2.22,-6.310373,4.730908,-94.11,14.85,ref_CU,Ztor,original_table,False,14400,,,False,True,True,False,79.34767518051265,0.6942286120211458
2023-12-07__BO39,2023-12-07,BO39,,INSLAB,INSLAB/BO39/pre-pro-BO3920231207200340.npz,data/preprocessed/INSLAB/BO39/pre-pro-BO3920231207200340.npz,334946,c34671dbc3206300daaf565ed66f9b85d5ba8ca6c143c00ba527e9bbee7e375b,5.7,144.0,44.26,2.53,-6.310373,4.730908,-98.76,18.29,Rhyp,Ztor,original_table,True,16200,,,True,False,False,False,8.267567169416793,0.9723483488764948
2025-01-12__BO39,2025-01-12,BO39,,INSLAB,INSLAB/BO39/pre-pro-BO3920250112083253.npz,data/preprocessed/INSLAB/BO39/pre-pro-BO3920250112083253.npz,193373,cb504495252ae661c7205f2d0ae4409f10060bc8de956eb394aece0c50ff8aa8,6.1,475.0,24.16,2.32,-6.310373,4.730908,-103.49,18.49,Rhyp,Ztor,original_table,True,9720,,,True,False,False,False,17.59766899114979,0.8975450105312658
1994-05-23__BO39,1994-05-23,BO39,,INSLAB,INSLAB/BO39/pre-pro-BO399405.231.npz,data/preprocessed/INSLAB/BO39/pre-pro-BO399405.231.npz,226472,3faf269e115f8da3b813b9a70fb24293693cd68d5d33c08278c4d88f1ebfc09b,6.2,231.0,44.44,2.6,-6.310373,4.730908,-100.57,17.98,Rhyp,Ztor,original_table,True,11250,,,True,True,True,False,42.09798461145402,0.7918311595141472
1994-12-10__BO39,1994-12-10,BO39,,INSLAB,INSLAB/BO39/pre-pro-BO399412.101.npz,data/preprocessed/INSLAB/BO39/pre-pro-BO399412.101.npz,321144,57b16bc828b80633542cff24390de078b18d4d4891f954fbf601ba91b9c7955f,6.4,307.0,45.78,2.85,-6.310373,4.730908,-101.56,18.02,Rhyp,Ztor,original_table,True,15552,,,True,True,True,True,134.38554345862923,0.5325232425692099
1997-01-11__BO39,1997-01-11,BO39,,INSLAB,INSLAB/BO39/pre-pro-BO399701.111.npz,data/preprocessed/INSLAB/BO39/pre-pro-BO399701.111.npz,548646,efd2c2e3002d7821b2c5fb098a8a8c489c1350aa8c460d90f3760a09fe8ab8ab,7.1,389.0,25.4,2.74,-6.310373,4.730908,-102.58,18.34,ref_CU,Ztor,original_table,True,13500,,,True,True,True,True,87.47952430550458,0.645724311813285
1997-05-22__BO39,1997-05-22,BO39,,INSLAB,INSLAB/BO39/pre-pro-BO399705.221.npz,data/preprocessed/INSLAB/BO39/pre-pro-BO399705.221.npz,201777,502e05be6054cc29bd074c42a36e531037c941d1d818f2ea990529564262b174,6.5,313.0,51.04,2.71,-6.310373,4.730908,-101.81,18.41,ref_CU,Ztor,original_table,True,10240,,,True,True,True,False,50.260800447956655,0.7209283706387748
1999-06-15__BO39,1999-06-15,BO39,,INSLAB,INSLAB/BO39/pre-pro-BO399906.151.npz,data/preprocessed/INSLAB/BO39/pre-pro-BO399906.151.npz,261157,96cfe48298ff306c4b57e153aa1c2e5b27611addb0cadfd920c4ac0d4ad4ae3b,6.9,221.0,51.27,2.6,-6.310373,4.730908,-97.54,18.13,ref_CU,Ztor,original_table,False,12800,,,False,True,True,False,68.18008726772288,0.7072810953644045
1999-06-21__BO39,1999-06-21,BO39,,INSLAB,INSLAB/BO39/pre-pro-BO399906.211.npz,data/preprocessed/INSLAB/BO39/pre-pro-BO399906.211.npz,205871,dba5bbd9abd0e3c2ef14e9d22ddc0f5bd7c724e26d2c0bece0b3a929e3c014ab,6.0,325.0,48.25,2.71,-6.310373,4.730908,-101.72,17.99,Rhyp,Ztor,original_table,True,10368,,,True,True,True,False,40.53947235316261,0.7785212393293126
1999-09-30__BO39,1999-09-30,BO39,,INSLAB,INSLAB/BO39/pre-pro-BO399909.301.npz,data/preprocessed/INSLAB/BO39/pre-pro-BO399909.301.npz,649832,44cd04257142d99d4d3971faec7728abe550c4ad8f7c983898d416b74f38f48c,7.4,423.0,32.77,2.71,-6.310373,4.730908,-97.03,15.95,ref_CU,Ztor,original_table,True,16000,,,True,True,True,True,105.9333809829244,0.6380635120251315
2000-07-21__CA59,2000-07-21,CA59,,INSLAB,INSLAB/CA59/pre-pro-CA590007.211.npz,data/preprocessed/INSLAB/CA59/pre-pro-CA590007.211.npz,212701,931306d11a21c0c392653c46d5a47bbb91f0577cd8c71f9ebf2adc4877c1d269,5.8,155.0,43.74,2.79,-7.599723,1.0941316,-98.97,18.09,Rhyp,Ztor,original_table,False,10800,,,False,True,True,False,46.03517380691409,0.7581297020600322
2007-04-13__CA59,2007-04-13,CA59,,INSLAB,INSLAB/CA59/pre-pro-CA590704.131.npz,data/preprocessed/INSLAB/CA59/pre-pro-CA590704.131.npz,250289,cf53fb4c36215f5b45f5eaabc6898cab664bea03ca16fc3dd42aac0a0a929740,5.9,255.0,37.73,2.74,-7.599723,1.0941316,-100.21,17.41,Rhyp,Ztor,original_table,True,12500,,,True,True,True,True,55.90389787768527,0.7500719873136389
2006-08-11__CA59,2006-08-11,CA59,,INSLAB,INSLAB/CA59/pre-pro-CA5920060811143041.npz,data/preprocessed/INSLAB/CA59/pre-pro-CA5920060811143041.npz,214418,053fc7d1b8caaf8ebe9cade9708396719e88f7a350268886eb5ad51893566421,5.9,263.0,46.37,2.68,-7.599723,1.0941316,-101.27,18.32,Rhyp,Ztor,original_table,True,10800,,,True,True,True,False,31.65486901341717,0.8340156834281518
2008-04-28__CA59,2008-04-28,CA59,,INSLAB,INSLAB/CA59/pre-pro-CA5920080428000629.npz,data/preprocessed/INSLAB/CA59/pre-pro-CA5920080428000629.npz,192767,ae9f85a24ec6e791df2877ff0eb8e0baaeef547044d3908e3db1b29cab23c6bb,5.8,207.0,52.22,2.85,-7.599723,1.0941316,-100.1,17.89,Rhyp,Ztor,original_table,True,9720,,,True,False,False,False,27.945849389271928,0.8370599417569126
2011-12-11__CA59,2011-12-11,CA59,,INSLAB,INSLAB/CA59/pre-pro-CA5920111211014725.npz,data/preprocessed/INSLAB/CA59/pre-pro-CA5920111211014725.npz,258552,4ae565782e15b7189d9bff73ff8e497783a1df9b2f3ebe064b9b4440c215f668,6.5,206.0,49.53,2.65,-7.599723,1.0941316,-99.94,17.82,ref_CU,Ztor,original_table,False,12800,,,False,True,True,False,62.63363895269112,0.7281290087998475
2012-11-15__CA59,2012-11-15,CA59,,INSLAB,INSLAB/CA59/pre-pro-CA5920121115092022.npz,data/preprocessed/INSLAB/CA59/pre-pro-CA5920121115092022.npz,300689,d3b34a980305bc4194d1fd9959183e822a6836842b1bcf42cd92b3aed8fe28e4,6.1,198.0,47.88,2.68,-7.599723,1.0941316,-100.48,18.3,Rhyp,Ztor,original_table,False,14580,,,False,True,True,False,101.04623631006616,0.6227084000072207
2013-06-16__CA59,2013-06-16,CA59,,INSLAB,INSLAB/CA59/pre-pro-CA5920130616051903.npz,data/preprocessed/INSLAB/CA59/pre-pro-CA5920130616051903.npz,224740,10305f2a113d85406377868c699d731c82c7cb7171c2048e1e454622f806ffcf,5.9,159.0,55.27,2.74,-7.599723,1.0941316,-99.25,18.04,Rhyp,Ztor,original_table,False,11250,,,False,True,True,False,61.836228720707055,0.6900595021767979
2017-09-08__CA59,2017-09-08,CA59,,INSLAB,INSLAB/CA59/pre-pro-CA5920170908044918.npz,data/preprocessed/INSLAB/CA59/pre-pro-CA5920170908044918.npz,409909,8791a9df49c58da5b3c34ebfe98bca5af4b79c85d9ef411666bba775e51300c2,8.2,572.0,22.47,2.68,-7.599723,1.0941316,-94.11,14.85,ref_CU,Ztor,original_table,False,19684,,,False,True,True,False,149.71441125666604,0.5915022885220572
2023-12-07__CA59,2023-12-07,CA59,,INSLAB,INSLAB/CA59/pre-pro-CA5920231207200340.npz,data/preprocessed/INSLAB/CA59/pre-pro-CA5920231207200340.npz,219409,73978bb2804236710eb546b21d4abaea4c4134177891bb63a4ddc6060268546d,5.7,140.0,44.26,2.57,-7.599723,1.0941316,-98.76,18.29,Rhyp,Ztor,original_table,False,10936,,,False,True,True,False,61.85086653058431,0.6820006862180755
2025-01-12__CA59,2025-01-12,CA59,,INSLAB,INSLAB/CA59/pre-pro-CA5920250112083253.npz,data/preprocessed/INSLAB/CA59/pre-pro-CA5920250112083253.npz,316996,70683c505cc38ed483713d7be27274d17a12aaae1192a49a0a87f93da3fbf4c0,6.1,472.0,24.16,2.46,-7.599723,1.0941316,-103.49,18.49,Rhyp,Ztor,original_table,False,15360,,,False,False,False,False,50.44152622155309,0.8217865806191595
1994-05-23__CA59,1994-05-23,CA59,,INSLAB,INSLAB/CA59/pre-pro-CA599405.231.npz,data/preprocessed/INSLAB/CA59/pre-pro-CA599405.231.npz,248580,3588656f2ef373e3d620924148cb0c06e0c73fd52c999ef0423f6b9b81b8fec2,6.2,227.0,44.44,2.97,-7.599723,1.0941316,-100.57,17.98,Rhyp,Ztor,original_table,True,12288,,,True,True,True,False,52.72128094357302,0.7624525504930476
1994-12-10__CA59,1994-12-10,CA59,,INSLAB,INSLAB/CA59/pre-pro-CA599412.101.npz,data/preprocessed/INSLAB/CA59/pre-pro-CA599412.101.npz,276007,138ad3c00885a5822892edc84bd806bc20249e3304a888918836d83fc25dfafa,6.4,304.0,45.78,3.0,-7.599723,1.0941316,-101.56,18.02,Rhyp,Ztor,original_table,False,13500,,,False,True,True,False,84.40856399683506,0.6578909577398976
1997-01-11__CA59,1997-01-11,CA59,,INSLAB,INSLAB/CA59/pre-pro-CA599701.111.npz,data/preprocessed/INSLAB/CA59/pre-pro-CA599701.111.npz,269123,503d35653e1d6c0167768046dc11f86e77dd9680657f08f1ed50c5a4db366edd,7.1,387.0,25.4,2.91,-7.599723,1.0941316,-102.58,18.34,ref_CU,Ztor,original_table,False,13500,,,False,True,True,False,92.58420114028334,0.6143128467390822
1997-05-22__CA59,1997-05-22,CA59,,INSLAB,INSLAB/CA59/pre-pro-CA599705.221.npz,data/preprocessed/INSLAB/CA59/pre-pro-CA599705.221.npz,200931,b139d79984fd8a07f00e2bd8676b243f077e95f0d839921c856e04ec4b0f4d7d,6.5,310.0,51.04,2.94,-7.599723,1.0941316,-101.81,18.41,ref_CU,Ztor,original_table,True,10126,,,True,True,True,False,31.729802954882416,0.8229264861047915
1998-04-20__CA59,1998-04-20,CA59,,INSLAB,INSLAB/CA59/pre-pro-CA599804.201.npz,data/preprocessed/INSLAB/CA59/pre-pro-CA599804.201.npz,157297,24e6b20cf9ca966e2e344b23704645141b1d82049b43b3dd20e0509893750b5a,5.9,257.0,59.18,2.85,-7.599723,1.0941316,-101.19,18.35,Rhyp,Ztor,original_table,True,8100,,,True,True,True,False,22.94095875371501,0.835560470548957
1999-06-15__CA59,1999-06-15,CA59,,INSLAB,INSLAB/CA59/pre-pro-CA599906.151.npz,data/preprocessed/INSLAB/CA59/pre-pro-CA599906.151.npz,341023,76ae92c74f16d0aa587d98652dc3a0369ef229354734de4a25a3fa4ff1499df3,6.9,219.0,51.27,2.94,-7.599723,1.0941316,-97.54,18.13,ref_CU,Ztor,original_table,False,16384,,,False,True,True,False,125.01739642378412,0.5888937966991643
1999-06-21__CA59,1999-06-21,CA59,,INSLAB,INSLAB/CA59/pre-pro-CA599906.211.npz,data/preprocessed/INSLAB/CA59/pre-pro-CA599906.211.npz,220010,17da4c1eae13739363af4fe496e384c66369ad2f094773d8ca523d765cc262c3,6.0,322.0,48.25,2.94,-7.599723,1.0941316,-101.72,17.99,Rhyp,Ztor,original_table,True,10936,,,True,True,True,False,38.829462478842686,0.801718518721122
1999-09-30__CA59,1999-09-30,CA59,,INSLAB,INSLAB/CA59/pre-pro-CA599909.301.npz,data/preprocessed/INSLAB/CA59/pre-pro-CA599909.301.npz,323868,c7726788098497efe47ec1c7a3e6b2dd8622ac6c6ad289ac85a9542885d3fbbc,7.4,420.0,32.77,2.94,-7.599723,1.0941316,-97.03,15.95,ref_CU,Ztor,original_table,False,16000,,,False,True,True,False,71.94551777742069,0.7521769219888371
2000-07-21__CDAO,2000-07-21,CDAO,,INSLAB,INSLAB/CDAO/pre-pro-CDAO0007.211.npz,data/preprocessed/INSLAB/CDAO/pre-pro-CDAO0007.211.npz,165675,4fb7e63609e36cfa579e7db48c5a599bb60ae3a59c55dbfd5d4f820d8688894f,5.8,150.0,43.74,2.88,-4.7739234,-3.4526398,-98.97,18.09,Rhyp,Ztor,original_table,True,8640,,,True,True,True,False,25.843542214867128,0.82373794697267
2007-04-13__CDAO,2007-04-13,CDAO,,INSLAB,INSLAB/CDAO/pre-pro-CDAO0704.131.npz,data/preprocessed/INSLAB/CDAO/pre-pro-CDAO0704.131.npz,105316,a9befccb8bbab7bf9e70ebbf556a258759ae486ae332a0173621293bc439c6cf,5.9,251.0,37.73,2.9,-4.7739234,-3.4526398,-100.21,17.41,Rhyp,Ztor,original_table,True,5760,,,True,False,False,False,12.45042865249981,0.8654880223368646
2008-04-28__CDAO,2008-04-28,CDAO,,INSLAB,INSLAB/CDAO/pre-pro-CDAO0804.281.npz,data/preprocessed/INSLAB/CDAO/pre-pro-CDAO0804.281.npz,74046,3cd67c2a254b91a433082dc9b63e8b048a92608a7fda1c14b3afbc2a83200072,5.8,204.0,52.22,2.79,-5.003512,-3.3938336,-100.1,17.89,Rhyp,Ztor,original_table,True,4374,,,True,False,False,False,3.977573715847512,0.9384562321546108
2009-05-22__CDAO,2009-05-22,CDAO,,INSLAB,INSLAB/CDAO/pre-pro-CDAO0905.221.npz,data/preprocessed/INSLAB/CDAO/pre-pro-CDAO0905.221.npz,83959,542e05b8de028906810c51531476fe2b4476d721966ed6a88eac95a21895a3b8,5.6,164.0,41.27,2.85,-4.7739234,-3.4526398,-98.44,18.13,Rhyp,Ztor,original_table,True,4800,,,True,True,True,False,12.70458891207234,0.8260360274945593
1994-05-23__CDAO,1994-05-23,CDAO,,INSLAB,INSLAB/CDAO/pre-pro-CDAO9405.231.npz,data/preprocessed/INSLAB/CDAO/pre-pro-CDAO9405.231.npz,167939,a90724111b33515a9e83eebf7031336c77fdfb394bb0cc79705e6168caf92464,6.2,225.0,44.44,3.03,-4.7739234,-3.4526398,-100.57,17.98,Rhyp,Ztor,original_table,True,8640,,,True,True,True,False,14.302305399737122,0.903629772928124
1994-12-10__CDAO,1994-12-10,CDAO,,INSLAB,INSLAB/CDAO/pre-pro-CDAO9412.101.npz,data/preprocessed/INSLAB/CDAO/pre-pro-CDAO9412.101.npz,235945,a11becd453f981c1b71d0a988d3454a4f8a39e591ad8e8aff4a5f01427dc4ea3,6.4,303.0,45.78,3.0,-4.7739234,-3.4526398,-101.56,18.02,Rhyp,Ztor,original_table,True,11664,,,True,True,True,False,50.82617665765207,0.758694503833015
1997-01-11__CDAO,1997-01-11,CDAO,,INSLAB,INSLAB/CDAO/pre-pro-CDAO9701.111.npz,data/preprocessed/INSLAB/CDAO/pre-pro-CDAO9701.111.npz,152733,347d6fe43d02f0b4db4e7f6129573c24d0546d03bbbc5bb4f5a368a327644e38,7.1,387.0,25.4,3.07,-4.7739234,-3.4526398,-102.58,18.34,ref_CU,Ztor,original_table,True,8000,,,True,True,True,False,17.89837593718039,0.8681130650859893
1997-05-22__CDAO,1997-05-22,CDAO,,INSLAB,INSLAB/CDAO/pre-pro-CDAO9705.221.npz,data/preprocessed/INSLAB/CDAO/pre-pro-CDAO9705.221.npz,97951,0b93a01990751832e19bb31386877a58cb444688a594370869346733b97f84f0,6.5,310.0,51.04,3.2,-4.7739234,-3.4526398,-101.81,18.41,ref_CU,Ztor,original_table,True,5626,,,True,False,False,False,5.889520800369809,0.9315410810139508
1998-04-20__CDAO,1998-04-20,CDAO,,INSLAB,INSLAB/CDAO/pre-pro-CDAO9804.201.npz,data/preprocessed/INSLAB/CDAO/pre-pro-CDAO9804.201.npz,104281,47926a48afe12bed4a435230ed7b1d46e24bfb1420a38652ba11caa53eae81b2,5.9,256.0,59.18,2.76,-4.7739234,-3.4526398,-101.19,18.35,Rhyp,Ztor,original_table,True,5760,,,True,True,True,False,9.81210950387576,0.8929276570943282
1999-06-21__CDAO,1999-06-21,CDAO,,INSLAB,INSLAB/CDAO/pre-pro-CDAO9906.211.npz,data/preprocessed/INSLAB/CDAO/pre-pro-CDAO9906.211.npz,179824,2a75de67139bb569788bbea0666270c27d95241e7857755c5ea7215d482fc1ec,6.0,321.0,48.25,2.97,-4.7739234,-3.4526398,-101.72,17.99,Rhyp,Ztor,original_table,True,9216,,,True,True,True,False,20.73755483618729,0.8700165799411603
1999-09-30__CDAO,1999-09-30,CDAO,,INSLAB,INSLAB/CDAO/pre-pro-CDAO9909.301.npz,data/preprocessed/INSLAB/CDAO/pre-pro-CDAO9909.301.npz,266996,110e00091e62ba09a7220f40399a327e11f38547327c3b6b09cf4863089149e2,7.4,414.0,32.77,3.0,-4.7739234,-3.4526398,-97.03,15.95,ref_CU,Ztor,original_table,False,13122,,,False,True,True,False,59.98306045924238,0.748234793455436
2000-07-21__CE23,2000-07-21,CE23,,INSLAB,INSLAB/CE23/pre-pro-CE230007.211.npz,data/preprocessed/INSLAB/CE23/pre-pro-CE230007.211.npz,152735,0e403d87578bf459e4031bcabe41172442cea95b850d2312d010419b19a62f29,5.8,159.0,43.74,4.64,-2.5394065,4.2388988,-98.97,18.09,Rhyp,Ztor,original_table,True,8000,,,True,False,False,False,8.388775787484875,0.9381677910556138
2007-04-13__CE23,2007-04-13,CE23,,INSLAB,INSLAB/CE23/pre-pro-CE230704.131.npz,data/preprocessed/INSLAB/CE23/pre-pro-CE230704.131.npz,224311,427e3e3872de012d72e6c8c19ba9ef4d24d1946698edfc26442f3f2f3e165140,5.9,261.0,37.73,4.5,-2.5394065,4.2388988,-100.21,17.41,Rhyp,Ztor,original_table,True,11250,,,True,True,True,False,34.32853382233802,0.8280736524147944
2009-05-22__CE23,2009-05-22,CE23,,INSLAB,INSLAB/CE23/pre-pro-CE230905.221.npz,data/preprocessed/INSLAB/CE23/pre-pro-CE230905.221.npz,146086,1a26597189ea6b0cc125c1c64c32ba8241612dcf9e2551a9bb3e570339119022,5.6,172.0,41.27,4.45,-2.5394065,4.2388988,-98.44,18.13,Rhyp,Ztor,original_table,True,7680,,,True,True,True,False,24.405879199132823,0.8104103223869119
2006-08-11__CE23,2006-08-11,CE23,,INSLAB,INSLAB/CE23/pre-pro-CE2320060811143041.npz,data/preprocessed/INSLAB/CE23/pre-pro-CE2320060811143041.npz,197004,035ffcd7f4d4a5f106a928f5f882d370d5e03f65aca4ea4c28c342e3e51b0b74,5.9,269.0,46.37,4.19,-2.5394065,4.2388988,-101.27,18.32,Rhyp,Ztor,original_table,True,10000,,,True,False,False,False,16.191507527041864,0.9076617762928892
2008-04-28__CE23,2008-04-28,CE23,,INSLAB,INSLAB/CE23/pre-pro-CE2320080428000629.npz,data/preprocessed/INSLAB/CE23/pre-pro-CE2320080428000629.npz,180038,a8e252e211f9efc04b80b1a39877b0d8eb0734c51b8af3de239cea92c9f5f10b,5.8,214.0,52.22,4.64,-2.5394065,4.2388988,-100.1,17.89,Rhyp,Ztor,original_table,True,9216,,,True,False,False,False,17.148366795416337,0.892816008529181
2011-12-11__CE23,2011-12-11,CE23,,INSLAB,INSLAB/CE23/pre-pro-CE2320111211014725.npz,data/preprocessed/INSLAB/CE23/pre-pro-CE2320111211014725.npz,363264,816c8e76aaf816f926eef4a49eb6b203f3a73921407bd7f41636ee28f5e4d7f5,6.5,213.0,49.53,4.55,-2.5394065,4.2388988,-99.94,17.82,ref_CU,Ztor,original_table,False,17496,,,False,True,True,False,129.2546953774387,0.6011642329750718
2012-11-15__CE23,2012-11-15,CE23,,INSLAB,INSLAB/CE23/pre-pro-CE2320121115092022.npz,data/preprocessed/INSLAB/CE23/pre-pro-CE2320121115092022.npz,280866,b693046db4a6ebeba301bf36ddd80e7134e0baae156ff6bd620a390cca894712,6.1,204.0,47.88,4.14,-2.5394065,4.2388988,-100.48,18.3,Rhyp,Ztor,original_table,True,13824,,,True,False,False,True,54.67038738748073,0.7813621780144742
2013-06-16__CE23,2013-06-16,CE23,,INSLAB,INSLAB/CE23/pre-pro-CE2320130616051903.npz,data/preprocessed/INSLAB/CE23/pre-pro-CE2320130616051903.npz,254410,8ce58c64ae0cd9826ce8ec78de82920b824d7b61f47411bc0fbe44e7238bef54,5.9,164.0,55.27,4.55,-2.5394065,4.2388988,-99.25,18.04,Rhyp,Ztor,original_table,False,12500,,,False,True,True,False,80.07942020863277,0.6459952247529607
2017-09-08__CE23,2017-09-08,CE23,,INSLAB,INSLAB/CE23/pre-pro-CE2320170908044918.npz,data/preprocessed/INSLAB/CE23/pre-pro-CE2320170908044918.npz,386372,eb4c597ccb3fc7b660b8f1165e689d2b9360e2c9b2e2f3d76b325b1996053a63,8.2,571.0,22.47,4.45,-2.5394065,4.2388988,-94.11,14.85,ref_CU,Ztor,original_table,False,18432,,,False,True,True,False,121.63277919688798,0.6477781275971158
2023-12-07__CE23,2023-12-07,CE23,,INSLAB,INSLAB/CE23/pre-pro-CE2320231207200340.npz,data/preprocessed/INSLAB/CE23/pre-pro-CE2320231207200340.npz,278360,29aba4f43fe60051b0136607ee731e13b4fc71eb29970d1b0c93756c57edfdaa,5.7,143.0,44.26,3.89,-2.5394065,4.2388988,-98.76,18.29,Rhyp,Ztor,original_table,True,13824,,,True,True,True,True,75.29428849192055,0.69581752316115
2025-01-12__CE23,2025-01-12,CE23,,INSLAB,INSLAB/CE23/pre-pro-CE2320250112083253.npz,data/preprocessed/INSLAB/CE23/pre-pro-CE2320250112083253.npz,347653,0b6d4a1fbbd6f4d19d79bfd07b4744e1377cb54a1709c0d6ba2a3ea1c29fd01f,6.1,479.0,24.16,4.1,-2.5394065,4.2388988,-103.49,18.49,Rhyp,Ztor,original_table,False,16876,,,False,False,False,False,38.27031259977673,0.8767144107989926
1994-05-23__CE23,1994-05-23,CE23,,INSLAB,INSLAB/CE23/pre-pro-CE239405.231.npz,data/preprocessed/INSLAB/CE23/pre-pro-CE239405.231.npz,215877,427c54ccd64ca3d9e65e560e50a36b0ef22abdeb35257ee704a9b30c575d24b6,6.2,234.0,44.44,4.99,-2.5394065,4.2388988,-100.57,17.98,Rhyp,Ztor,original_table,True,10800,,,True,False,False,False,13.806956899852764,0.9285613033587584
1994-12-10__CE23,1994-12-10,CE23,,INSLAB,INSLAB/CE23/pre-pro-CE239412.101.npz,data/preprocessed/INSLAB/CE23/pre-pro-CE239412.101.npz,304659,b1ac3e8ac10a11447299d269b1449a53a288969af3b1718ff9a4f0c8c9caa666,6.4,311.0,45.78,4.74,-2.5394065,4.2388988,-101.56,18.02,Rhyp,Ztor,original_table,True,15000,,,True,True,True,False,67.67262458569593,0.7525952378689872
1997-05-22__CE23,1997-05-22,CE23,,INSLAB,INSLAB/CE23/pre-pro-CE239705.221.npz,data/preprocessed/INSLAB/CE23/pre-pro-CE239705.221.npz,104229,7235e95996a1911d60f29114e48866729a1395fca2e353b77f0453f288a4c169,6.5,317.0,51.04,4.69,-2.5394065,4.2388988,-101.81,18.41,ref_CU,Ztor,original_table,True,5760,,,True,False,False,False,4.743084916568421,0.9485286498473312
1998-04-20__CE23,1998-04-20,CE23,,INSLAB,INSLAB/CE23/pre-pro-CE239804.201.npz,data/preprocessed/INSLAB/CE23/pre-pro-CE239804.201.npz,92764,69323455fa8b25defc06778e64e48b56da7d8059b6b5eb884f40bfed52e9e4d8,5.9,263.0,59.18,4.64,-2.5394065,4.2388988,-101.19,18.35,Rhyp,Ztor,original_table,True,5400,,,True,False,False,False,3.5210492791504464,0.9570131940037792
1999-06-15__CE23,1999-06-15,CE23,,INSLAB,INSLAB/CE23/pre-pro-CE239906.151.npz,data/preprocessed/INSLAB/CE23/pre-pro-CE239906.151.npz,354833,5157ea748c82750df5290067504b2925e6cde26c367d8cdae33fd7844f25f6f1,6.9,218.0,51.27,4.55,-2.5394065,4.2388988,-97.54,18.13,ref_CU,Ztor,original_table,True,17280,,,True,True,True,False,110.9316284064912,0.6506640579231895
1999-06-21__CE23,1999-06-21,CE23,,INSLAB,INSLAB/CE23/pre-pro-CE239906.211.npz,data/preprocessed/INSLAB/CE23/pre-pro-CE239906.211.npz,132864,57abcd1756ff29dce540a378f951fbe08310e7dbf3ebf5c580ea2f01dd2a4ac4,6.0,329.0,48.25,4.84,-2.5394065,4.2388988,-101.72,17.99,Rhyp,Ztor,original_table,True,7200,,,True,False,False,False,12.070045476120924,0.8974943059352788
1999-09-30__CE23,1999-09-30,CE23,,INSLAB,INSLAB/CE23/pre-pro-CE239909.301.npz,data/preprocessed/INSLAB/CE23/pre-pro-CE239909.301.npz,319872,ce11ced5782fc6fb5e3c709801889520cd8280535ef7f70b8f170e679f585b78,7.4,421.0,32.77,4.59,-2.5394065,4.2388988,-97.03,15.95,ref_CU,Ztor,original_table,False,15552,,,False,True,True,False,58.89634134848762,0.793953465755361
2000-07-21__CE32,2000-07-21,CE32,,INSLAB,INSLAB/CE32/pre-pro-CE320007.211.npz,data/preprocessed/INSLAB/CE32/pre-pro-CE320007.211.npz,133552,b691c8a9018078117451aef3fd4b9b74842f10d4c056ad7679f9acc2b1288ffa,5.8,151.0,43.74,3.93,-1.6327928,-2.4595625,-98.97,18.09,Rhyp,Ztor,original_table,True,7200,,,True,True,True,False,25.576696686836627,0.782492587066616
2007-04-13__CE32,2007-04-13,CE32,,INSLAB,INSLAB/CE32/pre-pro-CE320704.131.npz,data/preprocessed/INSLAB/CE32/pre-pro-CE320704.131.npz,144443,b5e7f361f499862055d1ddd585e2efe1dae3a9ea9c8e23a6f35dda96aaaf55c1,5.9,254.0,37.73,4.06,-1.6327928,-2.4595625,-100.21,17.41,Rhyp,Ztor,original_table,True,7680,,,True,False,False,False,4.4794367019127606,0.9649606015182044
2009-05-22__CE32,2009-05-22,CE32,,INSLAB,INSLAB/CE32/pre-pro-CE320905.221.npz,data/preprocessed/INSLAB/CE32/pre-pro-CE320905.221.npz,104883,0fe6f9cde5e6099f5dcbe957792eed0db9f996dfea480404971147b38e1e01b0,5.6,164.0,41.27,3.79,-1.6327928,-2.4595625,-98.44,18.13,Rhyp,Ztor,original_table,True,5760,,,True,True,True,False,15.902474005679151,0.8268081680932351
2006-08-11__CE32,2006-08-11,CE32,,INSLAB,INSLAB/CE32/pre-pro-CE3220060811143041.npz,data/preprocessed/INSLAB/CE32/pre-pro-CE3220060811143041.npz,126982,88fd84f1946a3b3860413a4e915a8755f2b822c1122c2ef883c7d87b24c3c59e,5.9,267.0,46.37,4.23,-1.6327928,-2.4595625,-101.27,18.32,Rhyp,Ztor,original_table,True,6750,,,True,False,False,False,3.255425800101847,0.9710448652485828
2008-04-28__CE32,2008-04-28,CE32,,INSLAB,INSLAB/CE32/pre-pro-CE3220080428000629.npz,data/preprocessed/INSLAB/CE32/pre-pro-CE3220080428000629.npz,112766,e031ae7a06e2d35da1e6ea4d4d498f897d1a5bacdf0929b89da1e04acac0cf34,5.8,207.0,52.22,3.97,-1.6327928,-2.4595625,-100.1,17.89,Rhyp,Ztor,original_table,True,6144,,,True,False,False,False,5.126121728524922,0.9483514183523938
2011-12-11__CE32,2011-12-11,CE32,,INSLAB,INSLAB/CE32/pre-pro-CE3220111211014725.npz,data/preprocessed/INSLAB/CE32/pre-pro-CE3220111211014725.npz,273629,63e9d44fcd71d6bc53f5a57ab6473b1a1e2e9774fbc1889117bcbf04de80e0ec,6.5,206.0,49.53,4.02,-1.6327928,-2.4595625,-99.94,17.82,ref_CU,Ztor,original_table,False,13500,,,False,True,True,False,69.96060442252912,0.7135227696550955
2013-06-16__CE32,2013-06-16,CE32,,INSLAB,INSLAB/CE32/pre-pro-CE3220130616051903.npz,data/preprocessed/INSLAB/CE32/pre-pro-CE3220130616051903.npz,196046,8dc5fcec568bb6766d9b6508ebe3a834d06c57c9f2cc6c5d898711c4535b51aa,5.9,156.0,55.27,3.83,-1.6327928,-2.4595625,-99.25,18.04,Rhyp,Ztor,original_table,True,10000,,,True,True,True,True,59.76013446889036,0.6558190723441205
2017-09-08__CE32,2017-09-08,CE32,,INSLAB,INSLAB/CE32/pre-pro-CE3220170908044918.npz,data/preprocessed/INSLAB/CE32/pre-pro-CE3220170908044918.npz,333782,6f71ca6e996f015f6190e3002cd201486cab771db7f2292511a15441c5d559df,8.2,564.0,22.47,3.93,-1.6327928,-2.4595625,-94.11,14.85,ref_CU,Ztor,original_table,False,16200,,,False,True,True,False,87.50929537906123,0.7065317570037183
2023-12-07__CE32,2023-12-07,CE32,,INSLAB,INSLAB/CE32/pre-pro-CE3220231207200340.npz,data/preprocessed/INSLAB/CE32/pre-pro-CE3220231207200340.npz,278378,4f8a41f7afe748dcfc00a736b760dbd7694e0900cf1299966da0a32f4dcfe392,5.7,135.0,44.26,3.93,-1.6327928,-2.4595625,-98.76,18.29,Rhyp,Ztor,original_table,True,13824,,,True,True,True,True,60.59723100999335,0.7554492473062135
2025-01-12__CE32,2025-01-12,CE32,,INSLAB,INSLAB/CE32/pre-pro-CE3220250112083253.npz,data/preprocessed/INSLAB/CE32/pre-pro-CE3220250112083253.npz,399542,b18e221041ba8eb161ccd46802111fcb468bd981ec5ce574fc037174e464d9a3,6.1,478.0,24.16,3.77,-1.6327928,-2.4595625,-103.49,18.49,Rhyp,Ztor,original_table,False,19200,,,False,False,False,False,47.330563374160135,0.867617924721953
1994-05-23__CE32,1994-05-23,CE32,,INSLAB,INSLAB/CE32/pre-pro-CE329405.231.npz,data/preprocessed/INSLAB/CE32/pre-pro-CE329405.231.npz,88579,ba84164f7910e30e1687177603fa89942cc84f9c0301595a75d4018f9e8f4fa1,6.2,229.0,44.44,4.35,-1.6327928,-2.4595625,-100.57,17.98,Rhyp,Ztor,original_table,True,5120,,,True,False,False,False,4.206191704511099,0.9458941123680076
1994-12-10__CE32,1994-12-10,CE32,,INSLAB,INSLAB/CE32/pre-pro-CE329412.101.npz,data/preprocessed/INSLAB/CE32/pre-pro-CE329412.101.npz,115497,f77683b5343366d2063206fdd4ca4230c875a4e3b37910afbf07d787392746e2,6.4,307.0,45.78,4.27,-1.6327928,-2.4595625,-101.56,18.02,Rhyp,Ztor,original_table,True,6250,,,True,False,False,False,9.097616340500124,0.9105973236979156
1997-01-11__CE32,1997-01-11,CE32,,INSLAB,INSLAB/CE32/pre-pro-CE329701.111.npz,data/preprocessed/INSLAB/CE32/pre-pro-CE329701.111.npz,218903,49da68f32d30ebadacbd4b7569e53d1e79fe9926563bc1c324907e648d5181cf,7.1,392.0,25.4,4.19,-1.6327928,-2.4595625,-102.58,18.34,ref_CU,Ztor,original_table,True,10936,,,True,True,True,False,31.19454684717161,0.840224611518277
1997-05-22__CE32,1997-05-22,CE32,,INSLAB,INSLAB/CE32/pre-pro-CE329705.221.npz,data/preprocessed/INSLAB/CE32/pre-pro-CE329705.221.npz,118182,4fcbd2a26500cb99df174d7bd3f86fcc07539e3fdf48144fdb700ca100f8e081,6.5,315.0,51.04,4.36,-1.6327928,-2.4595625,-101.81,18.41,ref_CU,Ztor,original_table,True,6400,,,True,False,False,False,11.0743975000632,0.8937605765534996
1998-04-20__CE32,1998-04-20,CE32,,INSLAB,INSLAB/CE32/pre-pro-CE329804.201.npz,data/preprocessed/INSLAB/CE32/pre-pro-CE329804.201.npz,125044,b065ca4b28364859db737549fce0ac2daddf805d0319f673796b7ad9d28cf08c,5.9,261.0,59.18,4.27,-1.6327928,-2.4595625,-101.19,18.35,Rhyp,Ztor,original_table,True,6750,,,True,False,False,False,5.31844736511016,0.9519735654225198
1999-06-15__CE32,1999-06-15,CE32,,INSLAB,INSLAB/CE32/pre-pro-CE329906.151.npz,data/preprocessed/INSLAB/CE32/pre-pro-CE329906.151.npz,267183,55dd388e3df75ed604e1bc405328547e9adb6d1c6183536f93c740e1762e86be,6.9,211.0,51.27,4.06,-1.6327928,-2.4595625,-97.54,18.13,ref_CU,Ztor,original_table,True,13122,,,True,True,True,True,48.54368855732761,0.7963515184069824
1999-06-21__CE32,1999-06-21,CE32,,INSLAB,INSLAB/CE32/pre-pro-CE329906.211.npz,data/preprocessed/INSLAB/CE32/pre-pro-CE329906.211.npz,114732,fd784d71ad22a48cc2ff1814f3955de8b83fc0d2c244fc8c88a9fc21967e1df3,6.0,325.0,48.25,4.14,-1.6327928,-2.4595625,-101.72,17.99,Rhyp,Ztor,original_table,True,6250,,,True,False,False,False,4.891552265979314,0.9516836006916306
1999-09-30__CE32,1999-09-30,CE32,,INSLAB,INSLAB/CE32/pre-pro-CE329909.301.npz,data/preprocessed/INSLAB/CE32/pre-pro-CE329909.301.npz,326272,26ccb866802d194706eefe75db25ba02ac4161b9ef69cbd85fc89c7f58043685,7.4,413.0,32.77,4.06,-1.6327928,-2.4595625,-97.03,15.95,ref_CU,Ztor,original_table,True,16000,,,True,True,True,True,43.028441190056384,0.8522374959132679
2000-07-21__CH84,2000-07-21,CH84,,INSLAB,INSLAB/CH84/pre-pro-CH840007.211.npz,data/preprocessed/INSLAB/CH84/pre-pro-CH840007.211.npz,114988,925e23b1fabff20700f403bebe420c69733adce0289bff2b9be8b0ce6484f25a,5.8,145.0,43.74,1.37,-7.6692295,-7.504866,-98.97,18.09,Rhyp,Ztor,original_table,True,6250,,,True,True,True,False,28.241805324311287,0.7196008208467902
2007-04-13__CH84,2007-04-13,CH84,,INSLAB,INSLAB/CH84/pre-pro-CH840704.131.npz,data/preprocessed/INSLAB/CH84/pre-pro-CH840704.131.npz,111751,99b860bed8aff100a9a29528a219074058edfb7142a663836a172924270344bd,5.9,245.0,37.73,1.3,-7.669121,-7.50476,-100.21,17.41,Rhyp,Ztor,original_table,True,6076,,,True,True,True,False,9.830090258184796,0.8999481907563889
2009-05-22__CH84,2009-05-22,CH84,,INSLAB,INSLAB/CH84/pre-pro-CH840905.221.npz,data/preprocessed/INSLAB/CH84/pre-pro-CH840905.221.npz,88227,2623b476082421ac3239047a82a113b80a303ca21602f535871701fc67da7ed8,5.6,162.0,41.27,1.28,-7.6690664,-7.5047064,-98.44,18.13,Rhyp,Ztor,original_table,True,5000,,,True,False,False,False,7.883957456343836,0.8975310962263603
2006-08-11__CH84,2006-08-11,CH84,,INSLAB,INSLAB/CH84/pre-pro-CH8420060811143041.npz,data/preprocessed/INSLAB/CH84/pre-pro-CH8420060811143041.npz,130732,762a23a98c67c0f763f878b61bfb97a9a925df2cc0c65ef061685fd261941292,5.9,257.0,46.37,1.32,-7.6691628,-7.504801,-101.27,18.32,Rhyp,Ztor,original_table,True,6912,,,True,True,True,False,15.049896262434316,0.8694944826358453
2008-04-28__CH84,2008-04-28,CH84,,INSLAB,INSLAB/CH84/pre-pro-CH8420080428000629.npz,data/preprocessed/INSLAB/CH84/pre-pro-CH8420080428000629.npz,111162,8b3d5406b32374ca7ac0b6c2adfe684e56b6605aa9894149e1bf9fd10d96314a,5.8,198.0,52.22,1.32,-7.6691628,-7.504801,-100.1,17.89,Rhyp,Ztor,original_table,True,6000,,,True,False,False,False,3.8575248863296,0.9604153423670642
2011-12-11__CH84,2011-12-11,CH84,,INSLAB,INSLAB/CH84/pre-pro-CH8420111211014725.npz,data/preprocessed/INSLAB/CH84/pre-pro-CH8420111211014725.npz,223528,2e75b8197383ac1228ed880a89f07035479f31640ebf71fc040687d22b599b27,6.5,197.0,49.53,1.28,-7.6690664,-7.5047064,-99.94,17.82,ref_CU,Ztor,original_table,True,11250,,,True,True,True,True,86.2368559493911,0.566779584299251
2012-11-15__CH84,2012-11-15,CH84,,INSLAB,INSLAB/CH84/pre-pro-CH8420121115092022.npz,data/preprocessed/INSLAB/CH84/pre-pro-CH8420121115092022.npz,183666,aefa856915ec665fd3ccc6f64a0e243f1153af54bad3a18f34a4165a2e013f54,6.1,190.0,47.88,1.3,-7.669121,-7.50476,-100.48,18.3,Rhyp,Ztor,original_table,True,9376,,,True,True,True,True,46.99891844467655,0.7110426163868642
2013-06-16__CH84,2013-06-16,CH84,,INSLAB,INSLAB/CH84/pre-pro-CH8420130616051903.npz,data/preprocessed/INSLAB/CH84/pre-pro-CH8420130616051903.npz,170530,59eb57ab3f2ea93b4dec4068687a90863f88027ecc008b447e4bca7f3804c5c8,5.9,149.0,55.27,1.31,-7.669143,-7.5047817,-99.25,18.04,Rhyp,Ztor,original_table,False,8748,,,False,True,True,False,62.951788658930056,0.5814097436070879
2017-09-08__CH84,2017-09-08,CH84,,INSLAB,INSLAB/CH84/pre-pro-CH8420170908044918.npz,data/preprocessed/INSLAB/CH84/pre-pro-CH8420170908044918.npz,259448,fed1ab3bc3f19d3e81db62e440c1054ff5f9fd1123f013dbbfb30f0a3dfcdc1a,8.2,566.0,22.47,1.31,-7.669143,-7.5047817,-94.11,14.85,ref_CU,Ztor,original_table,False,12800,,,False,True,True,False,76.43850514876286,0.6693121127027348
2023-12-07__CH84,2023-12-07,CH84,,INSLAB,INSLAB/CH84/pre-pro-CH8420231207200340.npz,data/preprocessed/INSLAB/CH84/pre-pro-CH8420231207200340.npz,127756,43182fd726f0f55c1aa86efd3d43a77e97c6fc70424105dff84df615b9d279ca,5.7,131.0,44.26,1.26,-7.668995,-7.5046372,-98.76,18.29,Rhyp,Ztor,original_table,False,6750,,,False,True,True,False,46.87400948189257,0.5830827227439956
2025-01-12__CH84,2025-01-12,CH84,,INSLAB,INSLAB/CH84/pre-pro-CH8420250112083253.npz,data/preprocessed/INSLAB/CH84/pre-pro-CH8420250112083253.npz,253747,d45ed1c5ded5587297f8ab92b5c98b0b35bb28e6b760ffa3320eaab25e2594c5,6.1,470.0,24.16,1.27,-7.669033,-7.504674,-103.49,18.49,Rhyp,Ztor,original_table,False,12500,,,False,False,False,False,22.47911274182056,0.9005612990276008
1994-05-23__CH84,1994-05-23,CH84,,INSLAB,INSLAB/CH84/pre-pro-CH849405.231.npz,data/preprocessed/INSLAB/CH84/pre-pro-CH849405.231.npz,108725,8c46608abce7a1917447b9685f7c4b126628914ed765ba0ce99c9d97fa3c28d6,6.2,220.0,44.44,1.38,-7.669238,-7.5048747,-100.57,17.98,Rhyp,Ztor,original_table,True,6000,,,True,False,False,False,0.5278690342362182,0.9944841271239684
1994-12-10__CH84,1994-12-10,CH84,,INSLAB,INSLAB/CH84/pre-pro-CH849412.101.npz,data/preprocessed/INSLAB/CH84/pre-pro-CH849412.101.npz,130246,a41bc5e53730f7e9c968943997c737b79188c0a7c34e2d19caa142b1728cff01,6.4,298.0,45.78,1.38,-7.669238,-7.5048747,-101.56,18.02,Rhyp,Ztor,original_table,True,6912,,,True,False,False,False,3.1284398254609727,0.9728598956757094
1997-05-22__CH84,1997-05-22,CH84,,INSLAB,INSLAB/CH84/pre-pro-CH849705.221.npz,data/preprocessed/INSLAB/CH84/pre-pro-CH849705.221.npz,132835,7a65f74673177772be261b467e1b3107af87cc47efe3f3cea4514645725e4591,6.5,306.0,51.04,1.37,-7.6692295,-7.504866,-101.81,18.41,ref_CU,Ztor,original_table,True,7200,,,True,False,False,False,14.158404590174158,0.8792357165628271
1998-04-20__CH84,1998-04-20,CH84,,INSLAB,INSLAB/CH84/pre-pro-CH849804.201.npz,data/preprocessed/INSLAB/CH84/pre-pro-CH849804.201.npz,125593,3a6ec7555df63327f1f7e7a34fca9faf8ff77a6f7f17ac0188e0bc1533f9f2bb,5.9,251.0,59.18,1.34,-7.6691947,-7.5048323,-101.19,18.35,Rhyp,Ztor,original_table,True,6750,,,True,False,False,False,6.465019059522334,0.9416198387256426
1999-06-15__CH84,1999-06-15,CH84,,INSLAB,INSLAB/CH84/pre-pro-CH849906.151.npz,data/preprocessed/INSLAB/CH84/pre-pro-CH849906.151.npz,199150,0e25052639a668ac04a184212bec5a6e64e55d58f57051726a9fc5d0b8e36ea9,6.9,213.0,51.27,1.34,-7.6691947,-7.5048323,-97.54,18.13,ref_CU,Ztor,original_table,False,10000,,,False,True,True,False,64.1035590804887,0.6374643191918974
1999-06-21__CH84,1999-06-21,CH84,,INSLAB,INSLAB/CH84/pre-pro-CH849906.211.npz,data/preprocessed/INSLAB/CH84/pre-pro-CH849906.211.npz,125423,242bd2b27173e2286be50f6b43d9dbcf66f4ca04dc0af6229977590b97002848,6.0,316.0,48.25,1.35,-7.669208,-7.504845,-101.72,17.99,Rhyp,Ztor,original_table,True,6750,,,True,False,False,False,5.843916540861031,0.9472284943032236
1999-09-30__CH84,1999-09-30,CH84,,INSLAB,INSLAB/CH84/pre-pro-CH849909.301.npz,data/preprocessed/INSLAB/CH84/pre-pro-CH849909.301.npz,207447,6dfa6a36bd255b174fd53b41d8c38cc5635cce92a200a95edb93fe66f2e96f07,7.4,412.0,32.77,1.32,-7.6691628,-7.504801,-97.03,15.95,ref_CU,Ztor,original_table,False,10368,,,False,True,True,False,57.88163214528369,0.6859550097917438
2000-07-21__CI05,2000-07-21,CI05,,INSLAB,INSLAB/CI05/pre-pro-CI050007.211.npz,data/preprocessed/INSLAB/CI05/pre-pro-CI050007.211.npz,392101,72aad090aad3f3d1e0146f4a86e45fc4f2eae49027c9062a7e275b7cc6b05808,5.8,155.0,43.74,1.96,-12.303858,0.4461728,-98.97,18.09,Rhyp,Ztor,original_table,False,10000,,,False,True,True,False,78.24406511645223,0.5535416101312246
2007-04-13__CI05,2007-04-13,CI05,,INSLAB,INSLAB/CI05/pre-pro-CI050704.131.npz,data/preprocessed/INSLAB/CI05/pre-pro-CI050704.131.npz,201592,650b353481a05f1086c3eb09e289e55b36cfc1ef27b53180551db6749f687ac3,5.9,252.0,37.73,1.9,-12.303858,0.4461728,-100.21,17.41,Rhyp,Ztor,original_table,False,10126,,,False,True,True,False,56.1395063877048,0.6880271942889425
2009-05-22__CI05,2009-05-22,CI05,,INSLAB,INSLAB/CI05/pre-pro-CI050905.221.npz,data/preprocessed/INSLAB/CI05/pre-pro-CI050905.221.npz,142902,876a489f7aa661bbc2d2b0a7f58a62094715bbef7260b01a3d3a6e73aef8aece,5.6,172.0,41.27,1.86,-12.303858,0.4461728,-98.44,18.13,Rhyp,Ztor,original_table,False,7500,,,False,True,True,False,55.6954505903623,0.5570233787452294
2006-02-20__CI05,2006-02-20,CI05,,INSLAB,INSLAB/CI05/pre-pro-CI0520060220105423.npz,data/preprocessed/INSLAB/CI05/pre-pro-CI0520060220105423.npz,101693,e69305c572f44f242e72815365d6bdf841b1a6a91947cf07eb368889d5f14123,5.2,199.0,53.4,1.83,-12.303858,0.4461728,-100.54,18.3,Rhyp,Ztor,original_table,True,5626,,,True,False,False,False,11.927087976355097,0.8668703206121766
2006-08-11__CI05,2006-08-11,CI05,,INSLAB,INSLAB/CI05/pre-pro-CI0520060811143041.npz,data/preprocessed/INSLAB/CI05/pre-pro-CI0520060811143041.npz,227531,8fa6b1045cf9c727c96672b7c1ae582b0114d32ff75ff9d85c852a62ad269b30,5.9,258.0,46.37,1.86,-12.303858,0.4461728,-101.27,18.32,Rhyp,Ztor,original_table,True,11520,,,True,False,False,False,6.940786463456675,0.9658946171517042
2008-04-28__CI05,2008-04-28,CI05,,INSLAB,INSLAB/CI05/pre-pro-CI0520080428000629.npz,data/preprocessed/INSLAB/CI05/pre-pro-CI0520080428000629.npz,157403,4c158fc745575ae72eefcf30b5fdc9e7f0a9689da95a109d9d6c55ed58143546,5.8,204.0,52.22,1.92,-12.303858,0.4461728,-100.1,17.89,Rhyp,Ztor,original_table,True,8100,,,True,True,True,False,27.199689276702685,0.804318782181995
2011-12-11__CI05,2011-12-11,CI05,,INSLAB,INSLAB/CI05/pre-pro-CI0520111211014725.npz,data/preprocessed/INSLAB/CI05/pre-pro-CI0520111211014725.npz,224074,1431486298d1dca82e13d6bb5a2f0de4727727bbd82636ef659c14872b63dd5d,6.5,204.0,49.53,1.92,-12.303858,0.4461728,-99.94,17.82,ref_CU,Ztor,original_table,False,11250,,,False,True,True,False,93.3760330725995,0.5304433617992583
2012-11-15__CI05,2012-11-15,CI05,,INSLAB,INSLAB/CI05/pre-pro-CI0520121115092022.npz,data/preprocessed/INSLAB/CI05/pre-pro-CI0520121115092022.npz,215500,4d5a2e3e1492336d8d51a2feb8d07a884376d9ef226ff8b2bd18d41c45c29101,6.1,193.0,47.88,1.83,-12.303858,0.4461728,-100.48,18.3,Rhyp,Ztor,original_table,False,10800,,,False,True,True,False,64.01561258039852,0.665172798889071
2013-06-16__CI05,2013-06-16,CI05,,INSLAB,INSLAB/CI05/pre-pro-CI0520130616051903.npz,data/preprocessed/INSLAB/CI05/pre-pro-CI0520130616051903.npz,185018,38962a5ab08b2b67fa4873d37ec47e133d1e19374e88443db0ec65f91c337856,5.9,158.0,55.27,1.92,-12.303858,0.4461728,-99.25,18.04,Rhyp,Ztor,original_table,False,9376,,,False,True,True,False,83.1969961101271,0.491523064966831
2017-09-08__CI05,2017-09-08,CI05,,INSLAB,INSLAB/CI05/pre-pro-CI0520170908044918.npz,data/preprocessed/INSLAB/CI05/pre-pro-CI0520170908044918.npz,302232,48e32dd212c1b880ffad42466d3138187955bcab22479d1cb4b6b14782b90063,8.2,575.0,22.47,1.83,-12.303858,0.4461728,-94.11,14.85,ref_CU,Ztor,original_table,False,15000,,,False,True,True,False,98.86181727613908,0.6330704922386554
2023-12-07__CI05,2023-12-07,CI05,,INSLAB,INSLAB/CI05/pre-pro-CI0520231207200340.npz,data/preprocessed/INSLAB/CI05/pre-pro-CI0520231207200340.npz,188521,e486d2d1c87a24c69976d8b0c0a15de7c50b24ef2ef36f17ecf789b922509978,5.7,141.0,44.26,1.77,-12.303858,0.4461728,-98.76,18.29,Rhyp,Ztor,original_table,False,9600,,,False,True,True,False,88.62042535616976,0.4683199822644003
2025-01-12__CI05,2025-01-12,CI05,,INSLAB,INSLAB/CI05/pre-pro-CI0520250112083253.npz,data/preprocessed/INSLAB/CI05/pre-pro-CI0520250112083253.npz,275377,b401d764c363fad5ebd5791a156b27abd100ff666df3554b56786da9ba388f59,6.1,467.0,24.16,1.73,-12.303857,0.4461728,-103.49,18.49,Rhyp,Ztor,original_table,False,13500,,,False,False,False,False,20.229718824854643,0.9175575889442716
1994-02-23__CI05,1994-02-23,CI05,,INSLAB,INSLAB/CI05/pre-pro-CI059402.231.npz,data/preprocessed/INSLAB/CI05/pre-pro-CI059402.231.npz,175686,7124602e6828bb33ed2e3a15afa432815e791251396e3d1ea103e302e7b8ed83,5.8,283.0,69.89,1.96,-12.303858,0.4461728,-97.27,17.75,Rhyp,Ztor,original_table,True,9000,,,True,False,False,False,19.34876529544087,0.8760885988124184
1994-05-23__CI05,1994-05-23,CI05,,INSLAB,INSLAB/CI05/pre-pro-CI059405.231.npz,data/preprocessed/INSLAB/CI05/pre-pro-CI059405.231.npz,413492,1bc6bfe77aabc2e092ff7dc6eaa38b14f818eb7c3a3920333665dfa64ac1c40f,6.2,224.0,44.44,2.0,-12.303858,0.4461728,-100.57,17.98,Rhyp,Ztor,original_table,False,10800,,,False,True,True,False,68.34576316400836,0.6305135117501913
1997-01-11__CI05,1997-01-11,CI05,,INSLAB,INSLAB/CI05/pre-pro-CI059701.111.npz,data/preprocessed/INSLAB/CI05/pre-pro-CI059701.111.npz,525270,166e16da635ed3e359b5904447062e06add2c47e994696a13e01d6ffea8ee81d,7.1,382.0,25.4,1.95,-12.303858,0.4461728,-102.58,18.34,ref_CU,Ztor,original_table,False,12960,,,False,True,True,False,92.22296907089331,0.6088269041784301
1997-05-22__CI05,1997-05-22,CI05,,INSLAB,INSLAB/CI05/pre-pro-CI059705.221.npz,data/preprocessed/INSLAB/CI05/pre-pro-CI059705.221.npz,234349,4f65a1dc1a8db9466f97d82a4249534349f91abd8edf117b83c48121eb343860,6.5,305.0,51.04,1.91,-12.303858,0.4461728,-101.81,18.41,ref_CU,Ztor,original_table,True,11664,,,True,True,True,False,66.56544603071185,0.6809402002074876
1998-04-20__CI05,1998-04-20,CI05,,INSLAB,INSLAB/CI05/pre-pro-CI059804.201.npz,data/preprocessed/INSLAB/CI05/pre-pro-CI059804.201.npz,358766,4b12f06806658437ae5e3f92c71e504ae6f362f657706ec4b19e2d1b2be08aa0,5.9,252.0,59.18,1.88,-12.303858,0.4461728,-101.19,18.35,Rhyp,Ztor,original_table,True,9216,,,True,True,True,False,34.15152625491888,0.7865462904783345
1999-06-15__CI05,1999-06-15,CI05,,INSLAB,INSLAB/CI05/pre-pro-CI059906.151.npz,data/preprocessed/INSLAB/CI05/pre-pro-CI059906.151.npz,551291,1c8d2ab2a7f12d907c5c44461695464601e5a669e2674b5bb47fdb96117a2f5d,6.9,223.0,51.27,1.96,-12.303858,0.4461728,-97.54,18.13,ref_CU,Ztor,original_table,False,13500,,,False,True,True,False,117.39970730319727,0.5244954037011795
1999-06-21__CI05,1999-06-21,CI05,,INSLAB,INSLAB/CI05/pre-pro-CI059906.211.npz,data/preprocessed/INSLAB/CI05/pre-pro-CI059906.211.npz,219090,6e484b543149f9707909d5e96f3811eb5f3ae32a418e242a7739189964f622ca,6.0,317.0,48.25,2.03,-12.303858,0.4461728,-101.72,17.99,Rhyp,Ztor,original_table,False,10936,,,False,True,True,False,59.3570163994377,0.6952455901861802
1999-09-30__CI05,1999-09-30,CI05,,INSLAB,INSLAB/CI05/pre-pro-CI059909.301.npz,data/preprocessed/INSLAB/CI05/pre-pro-CI059909.301.npz,258776,084ff817acf65a84f6fd248006b13c622d1301bc112deece6f7541d247c4c9f0,7.4,422.0,32.77,2.07,-12.303858,0.4461728,-97.03,15.95,ref_CU,Ztor,original_table,False,12800,,,False,True,True,False,86.9848690277193,0.623230090407072
2000-07-21__CJ03,2000-07-21,CJ03,,INSLAB,INSLAB/CJ03/pre-pro-CJ030007.211.npz,data/preprocessed/INSLAB/CJ03/pre-pro-CJ030007.211.npz,436407,fec316999695d1aee1cc91d31816de8f54331b838dc7823205d2db23d4a4bcfa,5.8,154.0,43.74,1.96,-11.90411,-0.45920208,-98.97,18.09,Rhyp,Ztor,original_table,False,10936,,,False,True,True,False,86.64455902443129,0.5557600542225631
2007-04-13__CJ03,2007-04-13,CJ03,,INSLAB,INSLAB/CJ03/pre-pro-CJ030704.131.npz,data/preprocessed/INSLAB/CJ03/pre-pro-CJ030704.131.npz,432661,a41ac922500b84c4d2522ee5d69c86fa2c39a268f4699fc6cb08ada351a85b30,5.9,251.0,37.73,1.85,-11.90411,-0.45920208,-100.21,17.41,Rhyp,Ztor,original_table,False,10936,,,False,True,True,False,72.69046507057307,0.6272474997663039
2009-05-22__CJ03,2009-05-22,CJ03,,INSLAB,INSLAB/CJ03/pre-pro-CJ030905.221.npz,data/preprocessed/INSLAB/CJ03/pre-pro-CJ030905.221.npz,150810,b1db3fd1eb6292b1f22ace3e5de500410c2397b2ab6b730c6b20bc56bfe81a97,5.6,171.0,41.27,1.81,-11.90411,-0.45920208,-98.44,18.13,Rhyp,Ztor,original_table,False,8000,,,False,True,True,False,47.96608685369333,0.6398401647868049
2006-02-20__CJ03,2006-02-20,CJ03,,INSLAB,INSLAB/CJ03/pre-pro-CJ0320060220105423.npz,data/preprocessed/INSLAB/CJ03/pre-pro-CJ0320060220105423.npz,101297,a4fee7bf9709d4080d23f9648f49f977a1ff10a6cf6989d313426bee0b94529a,5.2,199.0,53.4,1.67,-11.904108,-0.459202,-100.54,18.3,Rhyp,Ztor,original_table,True,5626,,,True,False,False,False,7.599232692406019,0.9151776683513112
2006-08-11__CJ03,2006-08-11,CJ03,,INSLAB,INSLAB/CJ03/pre-pro-CJ0320060811143041.npz,data/preprocessed/INSLAB/CJ03/pre-pro-CJ0320060811143041.npz,202676,e5f7ce250caa6ce4ee0dfd40813d980192998e6d34342366ac5c528f2e434877,5.9,258.0,46.37,1.65,-11.904107,-0.45920193,-101.27,18.32,Rhyp,Ztor,original_table,True,10240,,,True,True,True,False,48.24794715367861,0.7330237541297111
2008-04-28__CJ03,2008-04-28,CJ03,,INSLAB,INSLAB/CJ03/pre-pro-CJ0320080428000629.npz,data/preprocessed/INSLAB/CJ03/pre-pro-CJ0320080428000629.npz,156325,889f0d2a45c11609b40e151098476cb1b5c6c3bfc8d1e295183b70a03d800311,5.8,204.0,52.22,1.73,-11.904109,-0.459202,-100.1,17.89,Rhyp,Ztor,original_table,True,8100,,,True,True,True,False,24.76165219261358,0.8207885055177421
2011-12-11__CJ03,2011-12-11,CJ03,,INSLAB,INSLAB/CJ03/pre-pro-CJ0320111211014725.npz,data/preprocessed/INSLAB/CJ03/pre-pro-CJ0320111211014725.npz,230534,3c3afe6caed9c9b287dca6ae103a6d4b0fb1c6ed9e3ff46a1c6198e8a079944f,6.5,203.0,49.53,1.75,-11.904109,-0.459202,-99.94,17.82,ref_CU,Ztor,original_table,False,11520,,,False,True,True,False,94.82979297278948,0.5368508279717241
2012-11-15__CJ03,2012-11-15,CJ03,,INSLAB,INSLAB/CJ03/pre-pro-CJ0320121115092022.npz,data/preprocessed/INSLAB/CJ03/pre-pro-CJ0320121115092022.npz,236880,1690a1b9f79ea991bea257a7beb70e633255f99f7be6c32694de87487ebebf71,6.1,193.0,47.88,1.65,-11.904107,-0.45920193,-100.48,18.3,Rhyp,Ztor,original_table,True,11664,,,True,True,True,True,80.96334068583457,0.6153760537490044
2013-06-16__CJ03,2013-06-16,CJ03,,INSLAB,INSLAB/CJ03/pre-pro-CJ0320130616051903.npz,data/preprocessed/INSLAB/CJ03/pre-pro-CJ0320130616051903.npz,179976,24a8cc95972f02c216b4644cce9f37fb7691b81369ee730a8b3dd347ef90c921,5.9,157.0,55.27,1.85,-11.90411,-0.45920208,-99.25,18.04,Rhyp,Ztor,original_table,False,9216,,,False,True,True,False,59.8092826502936,0.6243607420531743
2017-09-08__CJ03,2017-09-08,CJ03,,INSLAB,INSLAB/CJ03/pre-pro-CJ0320170908044918.npz,data/preprocessed/INSLAB/CJ03/pre-pro-CJ0320170908044918.npz,313357,e649c794a517900278e45e70264c444dbd342c8ba5f0feebb736ec99b3dd5a78,8.2,574.0,22.47,1.88,-11.90411,-0.45920208,-94.11,14.85,ref_CU,Ztor,original_table,False,15360,,,False,True,True,False,99.04302215188868,0.6457055190417146
2023-12-07__CJ03,2023-12-07,CJ03,,INSLAB,INSLAB/CJ03/pre-pro-CJ0320231207200340.npz,data/preprocessed/INSLAB/CJ03/pre-pro-CJ0320231207200340.npz,197104,41566b5b9e84be84e9b7b0973d5af0b23e326d773e17a906da4293362cd9ff1a,5.7,140.0,44.26,1.81,-11.90411,-0.45920208,-98.76,18.29,Rhyp,Ztor,original_table,False,10000,,,False,True,True,False,93.91127058176308,0.4618882043217793
2025-01-12__CJ03,2025-01-12,CJ03,,INSLAB,INSLAB/CJ03/pre-pro-CJ0320250112083253.npz,data/preprocessed/INSLAB/CJ03/pre-pro-CJ0320250112083253.npz,266038,d3ebc1ef7cae22c9ab5dd6c758de712891d5e6b019f7f27ec954e7974e85d8db,6.1,468.0,24.16,1.79,-11.90411,-0.45920208,-103.49,18.49,Rhyp,Ztor,original_table,False,13122,,,False,False,False,False,17.377403230336313,0.9267270904438508
1994-12-10__CJ03,1994-12-10,CJ03,,INSLAB,INSLAB/CJ03/pre-pro-CJ039412.101.npz,data/preprocessed/INSLAB/CJ03/pre-pro-CJ039412.101.npz,262032,95636c4d96ae39a1b85e8b4c56fc79c231e69c63e77dcd336b50591475f39ba7,6.4,300.0,45.78,1.85,-11.90411,-0.45920208,-101.56,18.02,Rhyp,Ztor,original_table,False,12960,,,False,True,True,False,74.44702307005642,0.6827045856452439
1997-01-11__CJ03,1997-01-11,CJ03,,INSLAB,INSLAB/CJ03/pre-pro-CJ039701.111.npz,data/preprocessed/INSLAB/CJ03/pre-pro-CJ039701.111.npz,538132,92620bf562447806a8ff01dced8dc80d47154bce8570b318aeb92fd9f6aa8708,7.1,382.0,25.4,1.83,-11.90411,-0.45920208,-102.58,18.34,ref_CU,Ztor,original_table,False,13500,,,False,True,True,False,87.1521598417618,0.6405651839742574
1997-05-22__CJ03,1997-05-22,CJ03,,INSLAB,INSLAB/CJ03/pre-pro-CJ039705.221.npz,data/preprocessed/INSLAB/CJ03/pre-pro-CJ039705.221.npz,226935,92fe25080de30a9e3c8a45fd47909b1af5b1d20e029a7c28e52ca859cd4dff70,6.5,306.0,51.04,1.9,-11.90411,-0.45920208,-101.81,18.41,ref_CU,Ztor,original_table,True,11520,,,True,True,True,False,46.07305915639131,0.7736078858218697
1998-04-20__CJ03,1998-04-20,CJ03,,INSLAB,INSLAB/CJ03/pre-pro-CJ039804.201.npz,data/preprocessed/INSLAB/CJ03/pre-pro-CJ039804.201.npz,155827,483f124fc5225f13def87cf7c5f616d294e99028ad71071239b30b913881dc09,5.9,252.0,59.18,1.75,-11.904109,-0.459202,-101.19,18.35,Rhyp,Ztor,original_table,True,8100,,,True,False,False,False,20.56507799547376,0.8525906530322288
1999-06-15__CJ03,1999-06-15,CJ03,,INSLAB,INSLAB/CJ03/pre-pro-CJ039906.151.npz,data/preprocessed/INSLAB/CJ03/pre-pro-CJ039906.151.npz,261388,263a51b24c572c75ba68fd6701b17ae52fd4b8d44a1cf8fd21ee54641c53181b,6.9,221.0,51.27,1.83,-11.90411,-0.45920208,-97.54,18.13,ref_CU,Ztor,original_table,False,12960,,,False,True,True,False,98.48165187006228,0.5785979808726475
1999-06-21__CJ03,1999-06-21,CJ03,,INSLAB,INSLAB/CJ03/pre-pro-CJ039906.211.npz,data/preprocessed/INSLAB/CJ03/pre-pro-CJ039906.211.npz,194033,ccb6f78f2c2296c76a70c6d0e7a110c15d0f338666c8bd7318205c1e9282278f,6.0,317.0,48.25,1.99,-11.90411,-0.45920208,-101.72,17.99,Rhyp,Ztor,original_table,False,10000,,,False,True,True,False,51.77359303220889,0.7011107664691786
1999-09-30__CJ03,1999-09-30,CJ03,,INSLAB,INSLAB/CJ03/pre-pro-CJ039909.301.npz,data/preprocessed/INSLAB/CJ03/pre-pro-CJ039909.301.npz,301019,85e2f158e3cf70b92af603c6e276798056b57a35e375f7be89b7f010e0a6ca5d,7.4,421.0,32.77,1.79,-11.90411,-0.45920208,-97.03,15.95,ref_CU,Ztor,original_table,False,15000,,,False,True,True,False,110.89052134523388,0.5885629216932551
2000-07-21__CJ04,2000-07-21,CJ04,,INSLAB,INSLAB/CJ04/pre-pro-CJ040007.211.npz,data/preprocessed/INSLAB/CJ04/pre-pro-CJ040007.211.npz,154168,c82f219ce0124b17993c932bfdb2205f3501e3f9ea174fb46b1d7ff94cc2ff63,5.8,154.0,43.74,1.96,-11.90411,-0.45920208,-98.97,18.09,Rhyp,Ztor,original_table,False,8000,,,False,True,True,False,32.36042636816404,0.7621606176086724
2007-04-13__CJ04,2007-04-13,CJ04,,INSLAB,INSLAB/CJ04/pre-pro-CJ040704.131.npz,data/preprocessed/INSLAB/CJ04/pre-pro-CJ040704.131.npz,175865,7af9b1ae37ba937fe2f5d4a3914ca98b66d338ac2a9b032acb270ccf80a22a99,5.9,251.0,37.73,1.85,-11.90411,-0.45920208,-100.21,17.41,Rhyp,Ztor,original_table,True,9000,,,True,True,True,True,36.38378226715274,0.7663212442700531
2009-05-22__CJ04,2009-05-22,CJ04,,INSLAB,INSLAB/CJ04/pre-pro-CJ040905.221.npz,data/preprocessed/INSLAB/CJ04/pre-pro-CJ040905.221.npz,106562,beabbd1cd20d7b982f4bf88b284a037a7afe04a15bd2d92d7bc6848e3a11dd6f,5.6,171.0,41.27,1.81,-11.90411,-0.45920208,-98.44,18.13,Rhyp,Ztor,original_table,True,5832,,,True,True,True,False,18.79587464095742,0.7987809159516388
2006-08-11__CJ04,2006-08-11,CJ04,,INSLAB,INSLAB/CJ04/pre-pro-CJ0420060811143041.npz,data/preprocessed/INSLAB/CJ04/pre-pro-CJ0420060811143041.npz,131782,2b3b7e532846810a1b953a64b5eb5f1239598d01604259651c940a4fb0afca50,5.9,258.0,46.37,1.68,-11.904108,-0.459202,-101.27,18.32,Rhyp,Ztor,original_table,True,7200,,,True,True,True,False,12.042729260549804,0.8961923173816929
2008-04-28__CJ04,2008-04-28,CJ04,,INSLAB,INSLAB/CJ04/pre-pro-CJ0420080428000629.npz,data/preprocessed/INSLAB/CJ04/pre-pro-CJ0420080428000629.npz,108664,ecc6be4c65851ab6ccc464b3a27148b22bee06af811828fd203aacfc9459f6f5,5.8,204.0,52.22,1.74,-11.904109,-0.459202,-100.1,17.89,Rhyp,Ztor,original_table,True,6000,,,True,False,False,False,1.973636748013604,0.9793163199747056
2011-12-11__CJ04,2011-12-11,CJ04,,INSLAB,INSLAB/CJ04/pre-pro-CJ0420111211014725.npz,data/preprocessed/INSLAB/CJ04/pre-pro-CJ0420111211014725.npz,213476,0756da7a50070ce812b5edb8f4e160e921fd6a0c01db48a1d0973e37d019e65d,6.5,203.0,49.53,1.75,-11.904109,-0.459202,-99.94,17.82,ref_CU,Ztor,original_table,False,10800,,,False,True,True,False,78.80144842998305,0.5843805462553636
2012-11-15__CJ04,2012-11-15,CJ04,,INSLAB,INSLAB/CJ04/pre-pro-CJ0420121115092022.npz,data/preprocessed/INSLAB/CJ04/pre-pro-CJ0420121115092022.npz,197680,41b78b2cf3d4dc3db72864f5f72d2e78b69de4b6b8d81c61f5e51c34d73515ab,6.1,193.0,47.88,1.65,-11.904107,-0.45920193,-100.48,18.3,Rhyp,Ztor,original_table,False,10000,,,False,True,True,False,50.0063895193787,0.7149821059026578
2013-06-16__CJ04,2013-06-16,CJ04,,INSLAB,INSLAB/CJ04/pre-pro-CJ0420130616051903.npz,data/preprocessed/INSLAB/CJ04/pre-pro-CJ0420130616051903.npz,184187,aced8954b829179cd07e3a0e99edaf57b4e6d18a873e8d7a8898deeaf040e033,5.9,157.0,55.27,1.85,-11.90411,-0.45920208,-99.25,18.04,Rhyp,Ztor,original_table,False,9376,,,False,True,True,False,59.7774433656126,0.6327038810100608
2017-09-08__CJ04,2017-09-08,CJ04,,INSLAB,INSLAB/CJ04/pre-pro-CJ0420170908044918.npz,data/preprocessed/INSLAB/CJ04/pre-pro-CJ0420170908044918.npz,313919,76fda54c190000f8e5a996736d267612dd8562f8bac05dab278c27e4b107cf34,8.2,574.0,22.47,1.83,-11.90411,-0.45920208,-94.11,14.85,ref_CU,Ztor,original_table,False,15360,,,False,True,True,False,99.54242993756353,0.6446309309286941
2023-12-07__CJ04,2023-12-07,CJ04,,INSLAB,INSLAB/CJ04/pre-pro-CJ0420231207200340.npz,data/preprocessed/INSLAB/CJ04/pre-pro-CJ0420231207200340.npz,191765,dbf6df31af968c7067cba1817450a848fefd14ea9350a533cf075f78e66624ab,5.7,140.0,44.26,1.81,-11.90411,-0.45920208,-98.76,18.29,Rhyp,Ztor,original_table,False,9720,,,False,True,True,False,91.2271186262589,0.4629275955124285
2025-01-12__CJ04,2025-01-12,CJ04,,INSLAB,INSLAB/CJ04/pre-pro-CJ0420250112083253.npz,data/preprocessed/INSLAB/CJ04/pre-pro-CJ0420250112083253.npz,268678,7e011aaa0a67ae7602f229884b9d8df54d8281c78308e5b8feb0fde7b9815b3b,6.1,468.0,24.16,1.81,-11.90411,-0.45920208,-103.49,18.49,Rhyp,Ztor,original_table,False,13122,,,False,False,False,False,37.0583266208304,0.8451903808971911
1994-05-23__CJ04,1994-05-23,CJ04,,INSLAB,INSLAB/CJ04/pre-pro-CJ049405.231.npz,data/preprocessed/INSLAB/CJ04/pre-pro-CJ049405.231.npz,134878,fc76a399d6174e544a23bd72e593504e8b3ebc937b3246bd85bc7f1fabd7e81d,6.2,223.0,44.44,1.98,-11.90411,-0.45920208,-100.57,17.98,Rhyp,Ztor,original_table,True,7200,,,True,False,False,False,12.964985340975916,0.8913791442612607
1994-12-10__CJ04,1994-12-10,CJ04,,INSLAB,INSLAB/CJ04/pre-pro-CJ049412.101.npz,data/preprocessed/INSLAB/CJ04/pre-pro-CJ049412.101.npz,172286,8e5f81b2ef5eb92962ed62b175ffcdbb5b283435b0b9afe07901bab72774dedc,6.4,300.0,45.78,1.85,-11.90411,-0.45920208,-101.56,18.02,Rhyp,Ztor,original_table,True,9000,,,True,True,True,False,26.64906561736157,0.8257661613771718
1997-01-11__CJ04,1997-01-11,CJ04,,INSLAB,INSLAB/CJ04/pre-pro-CJ049701.111.npz,data/preprocessed/INSLAB/CJ04/pre-pro-CJ049701.111.npz,175930,bc1bdda9bdcb9ab3f1a6d641c85168403287230f325817a71e4627784e51a5c1,7.1,382.0,25.4,1.81,-11.90411,-0.45920208,-102.58,18.34,ref_CU,Ztor,original_table,True,9000,,,True,True,True,False,16.23071920764471,0.8961167485429806
1997-05-22__CJ04,1997-05-22,CJ04,,INSLAB,INSLAB/CJ04/pre-pro-CJ049705.221.npz,data/preprocessed/INSLAB/CJ04/pre-pro-CJ049705.221.npz,218540,db1898e235bb5edde4949566644e7ccd453d418d67d20f9cf81554700a46f311,6.5,306.0,51.04,1.9,-11.90411,-0.45920208,-101.81,18.41,ref_CU,Ztor,original_table,True,10936,,,True,False,False,False,39.17924163705095,0.7993277932951703
1998-04-20__CJ04,1998-04-20,CJ04,,INSLAB,INSLAB/CJ04/pre-pro-CJ049804.201.npz,data/preprocessed/INSLAB/CJ04/pre-pro-CJ049804.201.npz,125553,132f095f83839d12b5aea34de2a663b7c7086aeec6fa9250c3578f9357350ed1,5.9,252.0,59.18,1.75,-11.904109,-0.459202,-101.19,18.35,Rhyp,Ztor,original_table,True,6750,,,True,False,False,False,11.989327155896332,0.8917344486554422
1999-06-15__CJ04,1999-06-15,CJ04,,INSLAB,INSLAB/CJ04/pre-pro-CJ049906.151.npz,data/preprocessed/INSLAB/CJ04/pre-pro-CJ049906.151.npz,226570,78659edcf9f399e11c87940e2ec77a9026730777dcc5c13a960e05c8c395c4ef,6.9,221.0,51.27,1.79,-11.90411,-0.45920208,-97.54,18.13,ref_CU,Ztor,original_table,False,11250,,,False,True,True,False,72.25004622511551,0.6416701570941055
1999-06-21__CJ04,1999-06-21,CJ04,,INSLAB,INSLAB/CJ04/pre-pro-CJ049906.211.npz,data/preprocessed/INSLAB/CJ04/pre-pro-CJ049906.211.npz,161913,6e1ca6b16b3617f681934b277a6f57fe9c5ba806ffe5655157ab0a7d74f56e22,6.0,317.0,48.25,1.94,-11.90411,-0.45920208,-101.72,17.99,Rhyp,Ztor,original_table,True,8640,,,True,True,True,False,33.80352424558477,0.7640077894053005
1999-09-30__CJ04,1999-09-30,CJ04,,INSLAB,INSLAB/CJ04/pre-pro-CJ049909.301.npz,data/preprocessed/INSLAB/CJ04/pre-pro-CJ049909.301.npz,254038,71d44a86840609732e9f2a00f766d747b74c1fc8455c1b236eb3608dfd172327,7.4,421.0,32.77,1.79,-11.90411,-0.45920208,-97.03,15.95,ref_CU,Ztor,original_table,False,12500,,,False,True,True,False,72.88100343067595,0.6778170574657356
2007-04-13__CO47,2007-04-13,CO47,,INSLAB,INSLAB/CO47/pre-pro-CO470704.131.npz,data/preprocessed/INSLAB/CO47/pre-pro-CO470704.131.npz,167840,94c47f41360fbde67d8de6e8760151196b9de503d2f1fdf7d98167383c9ca402,5.9,247.0,37.73,0.57,-8.247299,-2.7792144,-100.21,17.41,Rhyp,Ztor,original_table,True,8640,,,True,True,True,False,30.45277293682352,0.7966425847290582
2009-05-22__CO47,2009-05-22,CO47,,INSLAB,INSLAB/CO47/pre-pro-CO470905.221.npz,data/preprocessed/INSLAB/CO47/pre-pro-CO470905.221.npz,117105,294c7852627a77a4f2a1c1e7cf991dab732be526853744d51792cf8eb63d482d,5.6,168.0,41.27,0.51,-6.127686,-2.064937,-98.44,18.13,Rhyp,Ztor,original_table,False,6400,,,False,True,True,False,48.905841297498725,0.5237062592764051
2006-08-11__CO47,2006-08-11,CO47,,INSLAB,INSLAB/CO47/pre-pro-CO4720060811143041.npz,data/preprocessed/INSLAB/CO47/pre-pro-CO4720060811143041.npz,118615,4e36a20b97c5652917fb304db01e3179e6c1150262ed5397c8b26fb146ce89fa,5.9,255.0,46.37,0.54,-7.241988,-2.44044,-101.27,18.32,Rhyp,Ztor,original_table,True,6400,,,True,False,False,False,4.422893235711129,0.957857139250013
2008-04-28__CO47,2008-04-28,CO47,,INSLAB,INSLAB/CO47/pre-pro-CO4720080428000629.npz,data/preprocessed/INSLAB/CO47/pre-pro-CO4720080428000629.npz,138330,8c782695e677bb1e4404f1f806e3b34f768f021fccdb11283167fa4d3c6dc469,5.8,200.0,52.22,0.55,-7.5924034,-2.5585246,-100.1,17.89,Rhyp,Ztor,original_table,True,7290,,,True,False,False,False,27.989314154733847,0.7722038401991222
2011-12-11__CO47,2011-12-11,CO47,,INSLAB,INSLAB/CO47/pre-pro-CO4720111211014725.npz,data/preprocessed/INSLAB/CO47/pre-pro-CO4720111211014725.npz,169302,d3be452e4cf8f3a9ac9b15d14f5088dd66080496e0cbd77d22fe6f217f2c1057,6.5,199.0,49.53,0.57,-8.247299,-2.7792144,-99.94,17.82,ref_CU,Ztor,original_table,False,8640,,,False,True,True,False,68.19853094196242,0.5452824980533243
2012-11-15__CO47,2012-11-15,CO47,,INSLAB,INSLAB/CO47/pre-pro-CO4720121115092022.npz,data/preprocessed/INSLAB/CO47/pre-pro-CO4720121115092022.npz,142574,e2baeeff32af6131180851d47b01992f396c46dbb341b89818fbc72bbd640e72,6.1,190.0,47.88,0.52,-6.5067606,-2.1926794,-100.48,18.3,Rhyp,Ztor,original_table,False,7500,,,False,True,True,False,45.11782764551073,0.6402087109608395
2013-06-16__CO47,2013-06-16,CO47,,INSLAB,INSLAB/CO47/pre-pro-CO4720130616051903.npz,data/preprocessed/INSLAB/CO47/pre-pro-CO4720130616051903.npz,166745,6dde2e4c5190fe403476ad6e4b1e794e7d12d7f451cdfbf0705656df80e493f5,5.9,153.0,55.27,0.54,-7.241988,-2.44044,-99.25,18.04,Rhyp,Ztor,original_table,True,8640,,,True,True,True,True,94.68420994257264,0.3575504821375178
2017-09-08__CO47,2017-09-08,CO47,,INSLAB,INSLAB/CO47/pre-pro-CO4720170908044918.npz,data/preprocessed/INSLAB/CO47/pre-pro-CO4720170908044918.npz,279539,e24a4d94603ae5cfdbb9885c6d56647a998b2d84847e2cf48643f46bd6e53b0c,8.2,572.0,22.47,0.62,-9.560285,-3.2216706,-94.11,14.85,ref_CU,Ztor,original_table,False,13824,,,False,True,True,False,75.6819228171455,0.6959710648891435
2023-12-07__CO47,2023-12-07,CO47,,INSLAB,INSLAB/CO47/pre-pro-CO4720231207200340.npz,data/preprocessed/INSLAB/CO47/pre-pro-CO4720231207200340.npz,214044,5a41f18eeb33f33f7328a973aeeed2bc8b33ffef3170dad0b09172b1e2bb4c5c,5.7,136.0,44.26,0.58,-8.548481,-2.8807082,-98.76,18.29,Rhyp,Ztor,original_table,False,10800,,,False,True,True,False,129.41425541716524,0.3179389932688666
2025-01-12__CO47,2025-01-12,CO47,,INSLAB,INSLAB/CO47/pre-pro-CO4720250112083253.npz,data/preprocessed/INSLAB/CO47/pre-pro-CO4720250112083253.npz,227425,ab0d732e531b660cae86905f3063f339656ed819729e7eeb8b6c37b45946ab4e,6.1,466.0,24.16,0.56,-7.928133,-2.6716604,-103.49,18.49,Rhyp,Ztor,original_table,False,11250,,,False,False,False,False,15.145301762780662,0.925164039120562
1994-12-10__CO47,1994-12-10,CO47,,INSLAB,INSLAB/CO47/pre-pro-CO479412.101.npz,data/preprocessed/INSLAB/CO47/pre-pro-CO479412.101.npz,221401,92d60f41cd91246b5365401ef5b97413530d2ce10ee19a8926fb29ed7239440d,6.4,296.0,45.78,0.56,-7.928133,-2.6716604,-101.56,18.02,Rhyp,Ztor,original_table,True,11250,,,True,True,True,False,35.44101280975718,0.8201967794137427
1997-01-11__CO47,1997-01-11,CO47,,INSLAB,INSLAB/CO47/pre-pro-CO479701.111.npz,data/preprocessed/INSLAB/CO47/pre-pro-CO479701.111.npz,188513,1b3213923dcd01a5d661525d523d8d85c842cf5b4004648e33c94bc9972c9e66,7.1,380.0,25.4,0.54,-7.241988,-2.44044,-102.58,18.34,ref_CU,Ztor,original_table,True,9600,,,True,True,True,False,39.4532400186763,0.7646970834455997
1997-05-22__CO47,1997-05-22,CO47,,INSLAB,INSLAB/CO47/pre-pro-CO479705.221.npz,data/preprocessed/INSLAB/CO47/pre-pro-CO479705.221.npz,148034,b9defc51a93b9efa19e8dd7a5a5fcc177d40778989416c08ab49319c7c5eeaa0,6.5,303.0,51.04,0.6,-9.093462,-3.0643587,-101.81,18.41,ref_CU,Ztor,original_table,True,7776,,,True,False,False,False,17.890133885886257,0.8642939096875806
1998-04-20__CO47,1998-04-20,CO47,,INSLAB,INSLAB/CO47/pre-pro-CO479804.201.npz,data/preprocessed/INSLAB/CO47/pre-pro-CO479804.201.npz,111278,5c1a20f718b736471ce1317e306800b871a55792066d32333dd8942916c0457c,5.9,249.0,59.18,0.55,-7.5924034,-2.5585246,-101.19,18.35,Rhyp,Ztor,original_table,True,6076,,,True,False,False,False,9.101798747685804,0.907642833610494
1999-06-15__CO47,1999-06-15,CO47,,INSLAB,INSLAB/CO47/pre-pro-CO479906.151.npz,data/preprocessed/INSLAB/CO47/pre-pro-CO479906.151.npz,187969,5da346f2389a2c24986431da62d7aaf4e96ee88f8640d894ed8a041d5454708e,6.9,220.0,51.27,0.56,-7.928133,-2.6716604,-97.54,18.13,ref_CU,Ztor,original_table,False,9600,,,False,True,True,False,71.60358925325124,0.5703354980302956
1999-06-21__CO47,1999-06-21,CO47,,INSLAB,INSLAB/CO47/pre-pro-CO479906.211.npz,data/preprocessed/INSLAB/CO47/pre-pro-CO479906.211.npz,119681,33ebc11f2663fc54f40a9106dc12868340c8b6ea23e278bdd2260e24b3add9cb,6.0,314.0,48.25,0.52,-6.5067606,-2.1926794,-101.72,17.99,Rhyp,Ztor,original_table,True,6480,,,True,False,False,False,13.2131499276352,0.8750293206503812
1999-09-30__CO47,1999-09-30,CO47,,INSLAB,INSLAB/CO47/pre-pro-CO479909.301.npz,data/preprocessed/INSLAB/CO47/pre-pro-CO479909.301.npz,219950,c90c6d963a5964ef35f8ef8890d7911ed556cea64df84dcd09bdf2c27ac67e89,7.4,418.0,32.77,0.57,-8.247299,-2.7792144,-97.03,15.95,ref_CU,Ztor,original_table,False,10936,,,False,True,True,False,52.72349387919897,0.7304938205837603
2006-02-20__CO47,2006-02-20,CO47,,INSLAB,INSLAB/CO47/pre-pro-co4720060220105423.npz,data/preprocessed/INSLAB/CO47/pre-pro-co4720060220105423.npz,88570,43440d0732854ef0e73c61c15ce9ab7676b78edff70be171ea700f83b74a5411,5.2,195.0,53.4,0.51,-6.127686,-2.064937,-100.54,18.3,Rhyp,Ztor,original_table,True,5120,,,True,False,False,False,19.617925442519063,0.7487136487444721
2000-07-21__CO56,2000-07-21,CO56,,INSLAB,INSLAB/CO56/pre-pro-CO560007.211.npz,data/preprocessed/INSLAB/CO56/pre-pro-CO560007.211.npz,181744,6491b5c87c145edd6679311600fb950f23c00b0a9947d6ebd5ff9a7b1b9d68e9,5.8,155.0,43.74,2.06,-12.105676,0.7658253,-98.97,18.09,Rhyp,Ztor,original_table,True,9216,,,True,True,True,True,48.18713496874325,0.7004591597641372
2007-04-13__CO56,2007-04-13,CO56,,INSLAB,INSLAB/CO56/pre-pro-CO560704.131.npz,data/preprocessed/INSLAB/CO56/pre-pro-CO560704.131.npz,195723,7b612d30ade2d27b5b51a10e02e2f8c63f38ef4be37ea424ce3f328c85b5be5a,5.9,252.0,37.73,2.14,-12.105676,0.7658253,-100.21,17.41,Rhyp,Ztor,original_table,True,10000,,,True,True,True,True,36.61374724123576,0.7894430545676246
2009-05-22__CO56,2009-05-22,CO56,,INSLAB,INSLAB/CO56/pre-pro-CO560905.221.npz,data/preprocessed/INSLAB/CO56/pre-pro-CO560905.221.npz,105815,19194cad9f6e70726f36f2a218e390dfdf80c28d376ad19d0cf0b79a5020a3e7,5.6,172.0,41.27,2.05,-12.105676,0.7658253,-98.44,18.13,Rhyp,Ztor,original_table,True,5760,,,True,True,True,False,18.933171013895503,0.7956043289010525
2006-08-11__CO56,2006-08-11,CO56,,INSLAB,INSLAB/CO56/pre-pro-CO5620060811143041.npz,data/preprocessed/INSLAB/CO56/pre-pro-CO5620060811143041.npz,164565,ad270cab808fc84e7b2fc5c93a4e322641d890944d0ac4bb9623f30bbd42aa12,5.9,259.0,46.37,2.09,-12.105676,0.7658253,-101.27,18.32,Rhyp,Ztor,original_table,True,8640,,,True,True,True,False,16.45627649295625,0.8871234207218859
2008-04-28__CO56,2008-04-28,CO56,,INSLAB,INSLAB/CO56/pre-pro-CO5620080428000629.npz,data/preprocessed/INSLAB/CO56/pre-pro-CO5620080428000629.npz,114394,5192d9ee64439a4a77decca29ad88ab3b657601bd0a3090099f283b76ce17471,5.8,205.0,52.22,2.0,-12.105676,0.7658253,-100.1,17.89,Rhyp,Ztor,original_table,True,6250,,,True,False,False,False,3.382677585226176,0.9663682880768922
2011-12-11__CO56,2011-12-11,CO56,,INSLAB,INSLAB/CO56/pre-pro-CO5620111211014725.npz,data/preprocessed/INSLAB/CO56/pre-pro-CO5620111211014725.npz,212475,7c16f416992f75a74684e8c5deff634b93f20d4f9a8524c0e9c15856bb86e516,6.5,204.0,49.53,2.07,-12.105676,0.7658253,-99.94,17.82,ref_CU,Ztor,original_table,False,10800,,,False,True,True,False,60.61916903393293,0.6789238928287451
2012-11-15__CO56,2012-11-15,CO56,,INSLAB,INSLAB/CO56/pre-pro-CO5620121115092022.npz,data/preprocessed/INSLAB/CO56/pre-pro-CO5620121115092022.npz,201246,b16ff28d0bfe9282f27c528879e68e7cd3b6423e3d0c32d8257903ff77d09726,6.1,194.0,47.88,1.98,-12.105676,0.7658253,-100.48,18.3,Rhyp,Ztor,original_table,True,10126,,,True,True,True,False,29.729588051251994,0.8334103549744929
2013-06-16__CO56,2013-06-16,CO56,,INSLAB,INSLAB/CO56/pre-pro-CO5620130616051903.npz,data/preprocessed/INSLAB/CO56/pre-pro-CO5620130616051903.npz,171583,fd13c955ea68549340b10fedfc5d1e630e8ed4d284ad39837e16b58fbf2784d8,5.9,159.0,55.27,2.03,-12.105676,0.7658253,-99.25,18.04,Rhyp,Ztor,original_table,False,8748,,,False,True,True,False,46.25757971362415,0.6949312160283311
2017-09-08__CO56,2017-09-08,CO56,,INSLAB,INSLAB/CO56/pre-pro-CO5620170908044918.npz,data/preprocessed/INSLAB/CO56/pre-pro-CO5620170908044918.npz,388455,b3432ae89708c03eb57baf6b0860c9a41ce2aa38c88cae2e22009c325e22d0bc,8.2,575.0,22.47,2.01,-12.105676,0.7658253,-94.11,14.85,ref_CU,Ztor,original_table,True,18750,,,True,True,True,True,169.11296256188984,0.5116999319669395
2023-12-07__CO56,2023-12-07,CO56,,INSLAB,INSLAB/CO56/pre-pro-CO5620231207200340.npz,data/preprocessed/INSLAB/CO56/pre-pro-CO5620231207200340.npz,204853,ed44470333f58f2bdb986ab1313085832265bc78813cf79f3a8de37c562de787,5.7,141.0,44.26,2.0,-12.105676,0.7658253,-98.76,18.29,Rhyp,Ztor,original_table,False,10240,,,False,True,True,False,77.68322696233453,0.5714501739817149
2025-01-12__CO56,2025-01-12,CO56,,INSLAB,INSLAB/CO56/pre-pro-CO5620250112083253.npz,data/preprocessed/INSLAB/CO56/pre-pro-CO5620250112083253.npz,268081,38e8a4d5dee44275d701eec5b420d44620d35b01099571d59b8f5fdea3f91ad6,6.1,468.0,24.16,2.01,-12.105676,0.7658253,-103.49,18.49,Rhyp,Ztor,original_table,False,13122,,,False,False,False,False,41.92097957259424,0.8246057505016767
1994-05-23__CO56,1994-05-23,CO56,,INSLAB,INSLAB/CO56/pre-pro-CO569405.231.npz,data/preprocessed/INSLAB/CO56/pre-pro-CO569405.231.npz,129846,5be7aa750fe105c8d37cb42f984473911d8485942a4c7f3a8d6ec26b276cce70,6.2,224.0,44.44,2.29,-12.105676,0.7658253,-100.57,17.98,Rhyp,Ztor,original_table,True,6912,,,True,True,True,False,11.88563790070988,0.8963672691541558
1994-12-10__CO56,1994-12-10,CO56,,INSLAB,INSLAB/CO56/pre-pro-CO569412.101.npz,data/preprocessed/INSLAB/CO56/pre-pro-CO569412.101.npz,191378,632b8d60de46145efc88b8236b858c63e7eea664bcc1c7bbbdfdca881be24302,6.4,300.0,45.78,2.22,-12.105676,0.7658253,-101.56,18.02,Rhyp,Ztor,original_table,True,9720,,,True,False,False,False,33.11431759503026,0.8049919463221821
1997-01-11__CO56,1997-01-11,CO56,,INSLAB,INSLAB/CO56/pre-pro-CO569701.111.npz,data/preprocessed/INSLAB/CO56/pre-pro-CO569701.111.npz,270080,d9727e780a681bdc7d84b04dfdbfd068de12e127f9925c61b2c28ff5c0307e01,7.1,382.0,25.4,2.25,-12.105676,0.7658253,-102.58,18.34,ref_CU,Ztor,original_table,False,13500,,,False,True,True,False,78.26683661030651,0.6753356427166113
1997-05-22__CO56,1997-05-22,CO56,,INSLAB,INSLAB/CO56/pre-pro-CO569705.221.npz,data/preprocessed/INSLAB/CO56/pre-pro-CO569705.221.npz,190457,0f70313f315a93ce7ac004742f0b92442c83f805613c702371ea61a0f3dd8f5e,6.5,306.0,51.04,2.18,-12.105676,0.7658253,-101.81,18.41,ref_CU,Ztor,original_table,True,9600,,,True,False,False,False,21.981874502032184,0.8701141898958155
1998-04-20__CO56,1998-04-20,CO56,,INSLAB,INSLAB/CO56/pre-pro-CO569804.201.npz,data/preprocessed/INSLAB/CO56/pre-pro-CO569804.201.npz,125433,8c218fcae6758f2df41018fb8678628563270f61f321c7dc1761548fbf6c561c,5.9,253.0,59.18,2.18,-12.105676,0.7658253,-101.19,18.35,Rhyp,Ztor,original_table,True,6750,,,True,False,False,False,13.132648404595102,0.8811417467228246
1999-06-15__CO56,1999-06-15,CO56,,INSLAB,INSLAB/CO56/pre-pro-CO569906.151.npz,data/preprocessed/INSLAB/CO56/pre-pro-CO569906.151.npz,248651,f59202b674a12fed96ae2f8a35393b75a695f10d81998d174b78076c7c659d3b,6.9,222.0,51.27,2.22,-12.105676,0.7658253,-97.54,18.13,ref_CU,Ztor,original_table,False,12288,,,False,True,True,False,65.63400514631897,0.7030672948501675
1999-06-21__CO56,1999-06-21,CO56,,INSLAB,INSLAB/CO56/pre-pro-CO569906.211.npz,data/preprocessed/INSLAB/CO56/pre-pro-CO569906.211.npz,154637,592b466ddf4a525416cf4c2609a707290ced79fa1b18239cc2fde1f108569fc1,6.0,318.0,48.25,2.13,-12.105676,0.7658253,-101.72,17.99,Rhyp,Ztor,original_table,True,8000,,,True,True,True,False,15.223118328781853,0.8886710667779593
1999-09-30__CO56,1999-09-30,CO56,,INSLAB,INSLAB/CO56/pre-pro-CO569909.301.npz,data/preprocessed/INSLAB/CO56/pre-pro-CO569909.301.npz,250764,9deadd7d07953f0d941ff275888b5858051fa9efaca96a141e30960fcc0282ad,7.4,422.0,32.77,2.2,-12.105676,0.7658253,-97.03,15.95,ref_CU,Ztor,original_table,False,12288,,,False,True,True,False,46.19015536961339,0.7930548594551371
2023-12-07__CP28,2023-12-07,CP28,,INSLAB,INSLAB/CP28/pre-pro-CP2820231207200340.npz,data/preprocessed/INSLAB/CP28/pre-pro-CP2820231207200340.npz,111874,db02481c325cbe2589e60832362f252ced703b178b410deb5cede21695ba39dd,5.7,141.0,44.26,0.5,-1.3233285,0.68257666,-98.76,18.29,Rhyp,Ztor,original_table,False,6076,,,False,True,True,False,53.48702385089615,0.455658214421981
2025-01-12__CP28,2025-01-12,CP28,,INSLAB,INSLAB/CP28/pre-pro-CP2820250112083253.npz,data/preprocessed/INSLAB/CP28/pre-pro-CP2820250112083253.npz,620529,1c6c598d58e5dc80acec3915137c45b4c35173e303ee0e70ac4ef2d93054b4e7,6.1,476.0,24.16,0.5,-1.3233285,0.68257666,-103.49,18.49,Rhyp,Ztor,original_table,True,29160,,,True,False,False,False,21.963176501963066,0.9604985944462094
2023-12-07__CS66,2023-12-07,CS66,,INSLAB,INSLAB/CS66/pre-pro-CS6620231207200340.npz,data/preprocessed/INSLAB/CS66/pre-pro-CS6620231207200340.npz,329906,96f1acddeaf2ce8e8f381dc404773870407c2c4d8f5fae0da740df955a2d65a6,5.7,134.0,44.26,2.63,-5.041222,-3.4489145,-98.76,18.29,Rhyp,Ztor,original_table,False,8640,,,False,True,True,False,55.39250947521957,0.6231673902158607
2025-01-12__CS66,2025-01-12,CS66,,INSLAB,INSLAB/CS66/pre-pro-CS6620250112083253.npz,data/preprocessed/INSLAB/CS66/pre-pro-CS6620250112083253.npz,733364,a42fe6447a7d0983cf7a4c3ba8fe2ab1d7591b688b417dc6d31dda29ece34d12,6.1,473.0,24.16,2.63,-5.041222,-3.4489145,-103.49,18.49,Rhyp,Ztor,original_table,True,18000,,,True,False,False,True,56.08409019867474,0.8295394124928203
1994-05-23__CS78,1994-05-23,CS78,,INSLAB,INSLAB/CS78/pre-pro-ACS789405.231.npz,data/preprocessed/INSLAB/CS78/pre-pro-ACS789405.231.npz,91194,b215560d0b40cacab75aa337bbadef4c068f48d179e14423f662d66e148322ae,6.2,215.0,44.44,0.5,-1.8137256,-0.4820648,-100.57,17.98,Rhyp,Ztor,original_table,True,5184,,,True,False,False,False,8.783764041124869,0.8902029494859391
1994-12-10__CS78,1994-12-10,CS78,,INSLAB,INSLAB/CS78/pre-pro-ACS789412.101.npz,data/preprocessed/INSLAB/CS78/pre-pro-ACS789412.101.npz,92494,d1a15b559e8074f10bb33dee792347af6ff2faf43f46b02c0565f73a58132787,6.4,291.0,45.78,0.5,-1.8137256,-0.4820648,-101.56,18.02,Rhyp,Ztor,original_table,True,5184,,,True,False,False,False,7.617857793522504,0.9059987932684784
1997-01-11__CS78,1997-01-11,CS78,,INSLAB,INSLAB/CS78/pre-pro-ACS789701.111.npz,data/preprocessed/INSLAB/CS78/pre-pro-ACS789701.111.npz,89244,cd15ba5a958ba93d57fac6b4d577383d582733357094346200e3969985e165d8,7.1,374.0,25.4,0.5,-1.8137256,-0.4820648,-102.58,18.34,MANUAL_REF,Ztor,original_table,True,5120,,,True,False,False,False,4.469100995248084,0.9428795885065429
1997-05-22__CS78,1997-05-22,CS78,,INSLAB,INSLAB/CS78/pre-pro-ACS789705.221.npz,data/preprocessed/INSLAB/CS78/pre-pro-ACS789705.221.npz,89289,08942df9b7e86a8142ba87552eb8b5a8e1a3f2d9b1b1b5a80284d659500c9e72,6.5,297.0,51.04,0.5,-1.8137256,-0.4820648,-101.81,18.41,ref_CU,Ztor,original_table,True,5120,,,True,False,False,False,8.20244802219868,0.8951629854013461
1999-06-15__CS78,1999-06-15,CS78,,INSLAB,INSLAB/CS78/pre-pro-ACS789906.151.npz,data/preprocessed/INSLAB/CS78/pre-pro-ACS789906.151.npz,158416,3fb0b738ca7afbc892fb9470d1393d0566c13d41db05344c0d27a1e1da77645b,6.9,224.0,51.27,0.5,-1.8137256,-0.4820648,-97.54,18.13,MANUAL_REF,Ztor,original_table,True,8192,,,True,True,True,True,47.11700824391683,0.6629443576513568
1999-06-21__CS78,1999-06-21,CS78,,INSLAB,INSLAB/CS78/pre-pro-ACS789906.211.npz,data/preprocessed/INSLAB/CS78/pre-pro-ACS789906.211.npz,125208,a9f40ab074363c6971f260b9d7afb6af17db542729dbb205dda49ebf7f9ad18c,6.0,309.0,48.25,0.5,-1.8137256,-0.4820648,-101.72,17.99,Rhyp,Ztor,original_table,True,6750,,,True,False,False,False,20.64284871591451,0.8131699817547786
1999-09-30__CS78,1999-09-30,CS78,,INSLAB,INSLAB/CS78/pre-pro-ACS789909.301.npz,data/preprocessed/INSLAB/CS78/pre-pro-ACS789909.301.npz,205982,891e6554bdbc98b26fb8e711411b33e5c177931441cab6f774a3cb4c62f9c88b,7.4,421.0,32.77,0.5,-1.8137256,-0.4820648,-97.03,15.95,ref_CU,Ztor,original_table,False,10368,,,False,True,True,False,48.28570522826075,0.7361581048671616
2000-07-21__CS78,2000-07-21,CS78,,INSLAB,INSLAB/CS78/pre-pro-BCS780007.211.npz,data/preprocessed/INSLAB/CS78/pre-pro-BCS780007.211.npz,90165,7ccc99915e5356f2f67f25d4818581480b67161ecccffadf5a1029893c8e554d,5.8,151.0,43.74,0.5,-1.8137256,-0.4820648,-98.97,18.09,Rhyp,Ztor,original_table,True,5120,,,True,True,True,False,26.327107138289044,0.6663231034437384
2007-04-13__CS78,2007-04-13,CS78,,INSLAB,INSLAB/CS78/pre-pro-BCS780704.131.npz,data/preprocessed/INSLAB/CS78/pre-pro-BCS780704.131.npz,119742,d756ae1cc9c41fe4a152850b448d26c688000145f9fd66e5279c10f121c14f1e,5.9,244.0,37.73,0.5,-1.8137256,-0.4820648,-100.21,17.41,Rhyp,Ztor,original_table,True,6400,,,True,True,True,False,22.27083050440916,0.7887017978708808
2008-04-28__CS78,2008-04-28,CS78,,INSLAB,INSLAB/CS78/pre-pro-BCS7820080428000629.npz,data/preprocessed/INSLAB/CS78/pre-pro-BCS7820080428000629.npz,121119,f7becd8ca5271dc9b675247272b7facf224db9516bd69b87d7356d258869a13c,5.8,196.0,52.22,0.5,-1.8137256,-0.4820648,-100.1,17.89,Rhyp,Ztor,original_table,True,6480,,,True,False,False,False,23.041047753114285,0.7841992343063193
2009-05-22__CS78,2009-05-22,CS78,,INSLAB,INSLAB/CS78/pre-pro-BDCS780905.221.npz,data/preprocessed/INSLAB/CS78/pre-pro-BDCS780905.221.npz,89356,150e836d2208961ce1c2c59fc412c26ebb0fc80320a79e2cbdeef3e16feb00cc,5.6,170.0,41.27,0.5,-1.8137256,-0.4820648,-98.44,18.13,Rhyp,Ztor,original_table,False,5120,,,False,True,True,False,32.18809267475703,0.5887031347462685
2023-12-07__CS78,2023-12-07,CS78,,INSLAB,INSLAB/CS78/pre-pro-CS7820231207200340.npz,data/preprocessed/INSLAB/CS78/pre-pro-CS7820231207200340.npz,101360,0fb4ab22833a6429961842dd9308cf12c11e60c27b5317c369a4a39d56b5065d,5.7,138.0,44.26,0.5,-1.8137256,-0.4820648,-98.76,18.29,Rhyp,Ztor,original_table,False,5626,,,False,True,True,False,46.28481685368916,0.4777748295871696
2025-01-12__CS78,2025-01-12,CS78,,INSLAB,INSLAB/CS78/pre-pro-CS7820250112083253.npz,data/preprocessed/INSLAB/CS78/pre-pro-CS7820250112083253.npz,626765,32493ac45ae93cd65ff940e4cd994ebfe4b99b2015af65b9cfd8b149efa9f194,6.1,460.0,24.16,0.5,-1.8137256,-0.4820648,-103.49,18.49,Rhyp,Ztor,original_table,True,30000,,,True,False,False,False,30.85470208645268,0.9450602694281572
2011-12-11__CS78,2011-12-11,CS78,,INSLAB,INSLAB/CS78/pre-pro-DCS7820111211014725.npz,data/preprocessed/INSLAB/CS78/pre-pro-DCS7820111211014725.npz,154998,7a2c330d8b713b92706cfda191e0556a3b56d40b1d843ccecd91e4b9f4eede42,6.5,196.0,49.53,0.5,-1.8137256,-0.4820648,-99.94,17.82,MANUAL_REF,Ztor,original_table,True,8000,,,True,True,True,True,60.41729875960164,0.5602176535186953
2013-06-16__CS78,2013-06-16,CS78,,INSLAB,INSLAB/CS78/pre-pro-DCS7820130616051903.npz,data/preprocessed/INSLAB/CS78/pre-pro-DCS7820130616051903.npz,135393,fb5344d9aef5d519d89cd08a3c95d827ffde7f5c7f6764b50124bf77b9fd6724,5.9,153.0,55.27,0.5,-1.8137256,-0.4820648,-99.25,18.04,Rhyp,Ztor,original_table,True,7200,,,True,True,True,True,73.45754901080304,0.3848291683208857
2017-09-08__CS78,2017-09-08,CS78,,INSLAB,INSLAB/CS78/pre-pro-DCS7820170908044918.npz,data/preprocessed/INSLAB/CS78/pre-pro-DCS7820170908044918.npz,284975,cfd3982ef0d2cfad322cbdb3f6bd17606928ae94e019740e297d4252cd311466,8.2,576.0,22.47,0.5,-1.8137256,-0.4820648,-94.11,14.85,MANUAL_REF,Ztor,original_table,True,14400,,,True,True,True,True,78.09234535439637,0.6925740282088167
1964-07-06__CU,1964-07-06,CU,supplemental,INSLAB,INSLAB/CU/pre-pro-CU016407.061.npz,data/preprocessed/INSLAB/CU/pre-pro-CU016407.061.npz,54957,ea66ab4216e6cb56608bd351c2aaa2f6f1cf38c3ac286568baaa880058cb2dbb,7.3,217.0,39.96,0.5,-3.0260952,-1.807429,-100.77,18.03,original_duration_table_unspecified,Ztor,same_station_same_Ts_nearest_geographic_row,True,3600,1993-08-05__CU,0.0,True,False,False,False,1.542669058817431,0.967454239265455
1993-08-05__CU,1993-08-05,CU,supplemental,INSLAB,INSLAB/CU/pre-pro-CUP49308.051.npz,data/preprocessed/INSLAB/CU/pre-pro-CUP49308.051.npz,201244,6d4d18c71d2e5ea332e35058dc0feaf3f0c0c8162eacf2747983aa2168010b69,5.2,237.0,51.21,0.5,-3.0260952,-1.807429,-97.94,17.62,,Ztor,original_table,True,10126,,,True,False,False,False,41.51791581454637,0.7676279408152104
1994-02-23__CU,1994-02-23,CU,supplemental,INSLAB,INSLAB/CU/pre-pro-CUP49402.231.npz,data/preprocessed/INSLAB/CU/pre-pro-CUP49402.231.npz,341294,4c093379d762e6c7ebdc4b571b1d7d4ac990eb26710044d662ac4c4884ad3656,5.8,278.0,69.89,0.5,-3.0260952,-1.807429,-97.27,17.75,,Ztor,original_table,True,16384,,,True,False,False,False,70.90500289820793,0.766744513131759
1994-05-06__CU,1994-05-06,CU,supplemental,INSLAB,INSLAB/CU/pre-pro-CUP49405.061.npz,data/preprocessed/INSLAB/CU/pre-pro-CUP49405.061.npz,54943,32554be4a1081014a60e3da327afecdc6b1e79ca0939e01481ade34d483ffadd,5.2,160.0,59.01,0.5,-3.0655992,-1.8559812,-98.2,18.38,original_duration_table_unspecified,Ztor,same_station_same_Ts_nearest_geographic_row,True,3600,2006-02-20__CU,0.0003605551275524,True,False,False,False,0.1313468383720817,0.9972101351237876
1994-05-23__CU,1994-05-23,CU,supplemental,INSLAB,INSLAB/CU/pre-pro-CUP49405.231.npz,data/preprocessed/INSLAB/CU/pre-pro-CUP49405.231.npz,242750,e8f4ee26ce774169c6b5d678a30e6e39434a57e9385a070ad077bd7cf371cdb1,6.2,209.0,44.44,0.5,-3.0260952,-1.807429,-100.57,17.98,,Ztor,original_table,False,12000,,,False,True,True,False,121.18539572837908,0.4367661473862285
1994-12-10__CU,1994-12-10,CU,supplemental,INSLAB,INSLAB/CU/pre-pro-CUP49412.101.npz,data/preprocessed/INSLAB/CU/pre-pro-CUP49412.101.npz,269195,c5f2390a8ca1bd226d457ebc477081d030581749ed1deef7d32b104b2f162a7c,6.4,293.0,45.78,0.5,-3.0260952,-1.807429,-101.56,18.02,Rhyp,Ztor,original_table,False,13122,,,False,True,True,False,111.72491356680412,0.5336634378211699
1997-04-03__CU,1997-04-03,CU,supplemental,INSLAB,INSLAB/CU/pre-pro-CUP49704.031.npz,data/preprocessed/INSLAB/CU/pre-pro-CUP49704.031.npz,175843,5b3686153a00842d8e27a754dcc3f9dba88063da6c3d0d576dc25836310ceecb,5.2,154.0,49.01,0.5,-3.0260952,-1.807429,-98.1,18.51,original_duration_table_unspecified,Ztor,same_station_same_Ts_nearest_geographic_row,True,9000,1993-08-05__CU,0.0,True,False,False,False,76.18140094964733,0.5101819523587261
2000-07-21__CU,2000-07-21,CU,supplemental,INSLAB,INSLAB/CU/pre-pro-CUP50007.211.npz,data/preprocessed/INSLAB/CU/pre-pro-CUP50007.211.npz,267715,35afe4b035470673e92754bbcb3c31461441aca3be26ebfd25f2859ffb324274,5.8,146.0,43.74,0.5,-3.0260952,-1.807429,-98.97,18.09,Rhyp,Ztor,original_table,True,6000,,,True,True,True,True,36.07228278435559,0.6201798131622416
2003-11-19__CU,2003-11-19,CU,supplemental,INSLAB,INSLAB/CU/pre-pro-CUP50311.191.npz,data/preprocessed/INSLAB/CU/pre-pro-CUP50311.191.npz,191022,611f176a639b194cea60eb3bfc41736fde8661c53d4a06faef2728968d0c5a8a,5.2,173.0,66.61,0.5,-3.0260952,-1.807429,-99.03,17.91,original_duration_table_unspecified,Ztor,same_station_same_Ts_nearest_geographic_row,True,4608,1993-08-05__CU,0.0,True,False,False,False,3.973460001001918,0.9412001302089216
2006-02-20__CU,2006-02-20,CU,supplemental,INSLAB,INSLAB/CU/pre-pro-CUP50602.201.npz,data/preprocessed/INSLAB/CU/pre-pro-CUP50602.201.npz,124189,1b3fe3fff49b1ce5fbb207cb7ef72ea98a3a76ba2d8b26a99264deed93a79984,5.2,191.0,53.4,0.5,-3.0655992,-1.8559812,-100.54,18.3,,Ztor,original_table,True,6562,,,True,False,False,False,28.72167445622281,0.7358197713739624
2006-08-11__CU,2006-08-11,CU,,INSLAB,INSLAB/CU/pre-pro-CUP50608.111.npz,data/preprocessed/INSLAB/CU/pre-pro-CUP50608.111.npz,152976,b4dd87073c86ab17c805eca59b3e3b97ad322331b2fae22f092c3d79b100710b,5.9,252.0,46.37,0.5,-3.0655992,-1.8559812,-101.27,18.32,,Ztor,original_table,True,8000,,,True,False,False,False,27.83409840164842,0.7939893538476174
2007-04-13__CU,2007-04-13,CU,supplemental,INSLAB,INSLAB/CU/pre-pro-CUP50704.131.npz,data/preprocessed/INSLAB/CU/pre-pro-CUP50704.131.npz,171588,57118a2136638eacc61a8faa6ec29ca4a5cbe7110ebef6cde3c5237fa938b013,5.9,244.0,37.73,0.5,-3.0655992,-1.8559812,-100.21,17.41,,Ztor,original_table,False,8748,,,False,True,True,False,37.85077281486504,0.7499948955425031
2008-04-28__CU,2008-04-28,CU,supplemental,INSLAB,INSLAB/CU/pre-pro-CUP50804.281.npz,data/preprocessed/INSLAB/CU/pre-pro-CUP50804.281.npz,222672,e9dd48e49227606ae353dc69b543d65c4ea5b9bb1c3ffaa0e73a75f8e37ec839,5.8,195.0,52.22,0.5,-3.0655992,-1.8559812,-100.1,17.89,,Ztor,original_table,False,11250,,,False,False,False,False,108.86905630711033,0.4482893817102807
2009-05-22__CU,2009-05-22,CU,supplemental,INSLAB,INSLAB/CU/pre-pro-CUP50905.221.npz,data/preprocessed/INSLAB/CU/pre-pro-CUP50905.221.npz,129646,da4666398ee5602936dd620d3125e848332185b2315cf36f0aba424c133db597,5.6,165.0,41.27,0.5,-3.0655992,-1.8559812,-98.44,18.13,Rhyp,Ztor,original_table,True,6912,,,True,True,True,True,58.460943522146856,0.4858768488070806
2011-12-11__CU,2011-12-11,CU,supplemental,INSLAB,INSLAB/CU/pre-pro-CUP51112.111.npz,data/preprocessed/INSLAB/CU/pre-pro-CUP51112.111.npz,176237,04833afd47369d657df371815cd94328b1734cb5fb9f99ce006fe6362949fe21,6.5,194.0,49.53,0.5,-3.0655992,-1.8559812,-99.94,17.82,,Ztor,original_table,False,9000,,,False,True,True,False,80.07288316462594,0.4849624804487944
2012-11-15__CU,2012-11-15,CU,,INSLAB,INSLAB/CU/pre-pro-CUP51211.151.npz,data/preprocessed/INSLAB/CU/pre-pro-CUP51211.151.npz,148037,15ccb34ccceedbc5f20b794a2c774fffd8cbf0002adcbc9bc14f7894936f7edc,6.1,185.0,47.88,0.5,-3.0655992,-1.8559812,-100.48,18.3,,Ztor,original_table,True,7680,,,True,True,True,True,46.88752054628847,0.6411211592323883
2013-06-16__CU,2013-06-16,CU,supplemental,INSLAB,INSLAB/CU/pre-pro-CUP51306.161.npz,data/preprocessed/INSLAB/CU/pre-pro-CUP51306.161.npz,126558,db153941b45c748d403eb108286aa96bd32e39fb5eb8969ddaaaf573d0476e77,5.9,149.0,55.27,0.5,-3.0655992,-1.8559812,-99.25,18.04,Rhyp,Ztor,original_table,False,6750,,,False,True,True,False,59.286929173759134,0.4650159793019388
2017-09-08__CU,2017-09-08,CU,,INSLAB,INSLAB/CU/pre-pro-CUP51709.081.npz,data/preprocessed/INSLAB/CU/pre-pro-CUP51709.081.npz,263214,2a718d4245f3b98056c6a306c8c63b21ab5cccddd0ad72cbcc0ad0c3574ae64a,8.2,570.0,22.47,0.5,-3.0655992,-1.8559812,-94.11,14.85,,Ztor,original_table,True,12960,,,True,True,True,True,50.73351470833612,0.7836247080294446
1997-05-22__CU,1997-05-22,CU,supplemental,INSLAB,INSLAB/CU/pre-pro-CUP59705.221.npz,data/preprocessed/INSLAB/CU/pre-pro-CUP59705.221.npz,258327,d5c32b6b4d6eb930c7da90ec7b6f466c4a6013bd8cd0e0dc068dffb2433e028c,6.5,300.0,51.04,0.5,-3.0260952,-1.807429,-101.81,18.41,MANUAL_REF,Ztor,original_table,True,5760,,,True,False,False,False,5.84509833946494,0.9364663223971202
1998-04-20__CU,1998-04-20,CU,supplemental,INSLAB,INSLAB/CU/pre-pro-CUP59804.201.npz,data/preprocessed/INSLAB/CU/pre-pro-CUP59804.201.npz,332713,e4992269a56f36397dcfd38d9b4b3e5f6f6357a5b56809ffdabaf919e2c5cded,5.9,246.0,59.18,0.5,-3.0260952,-1.807429,-101.19,18.35,,Ztor,original_table,True,7200,,,True,False,False,False,17.93200778327028,0.8487618262661909
1999-06-15__CU,1999-06-15,CU,supplemental,INSLAB,INSLAB/CU/pre-pro-CUP59906.151.npz,data/preprocessed/INSLAB/CU/pre-pro-CUP59906.151.npz,433934,a587c0ba322843d7e75bd817540b431609cee8b7de15a2ec11185735c22d4ce6,6.9,218.0,51.27,0.5,-3.0260952,-1.807429,-97.54,18.13,,Ztor,original_table,False,9000,,,False,True,True,False,53.14263939933616,0.6576213831091114
1999-06-21__CU,1999-06-21,CU,supplemental,INSLAB,INSLAB/CU/pre-pro-CUP59906.211.npz,data/preprocessed/INSLAB/CU/pre-pro-CUP59906.211.npz,256065,3cddb2d857f9f58ee61bce25a0c6bde9e6bed4f845a4b2627516fd0d4d187997,6.0,310.0,48.25,0.5,-3.0260952,-1.807429,-101.72,17.99,,Ztor,original_table,True,5760,,,True,False,False,False,8.561998801240676,0.9062130438456746
1999-09-30__CU,1999-09-30,CU,supplemental,INSLAB,INSLAB/CU/pre-pro-CUP59909.301.npz,data/preprocessed/INSLAB/CU/pre-pro-CUP59909.301.npz,540964,4bd1d7e0cd76c86a9a177c4bc01be1da37da7fdfc8181dd8c6991c246bb27a97,7.4,415.0,32.77,0.5,-3.0260952,-1.807429,-97.03,15.95,MANUAL_REF,Ztor,original_table,True,10936,,,True,True,True,True,51.47886741703982,0.7343273016337072
2023-12-07__CU80,2023-12-07,CU80,,INSLAB,INSLAB/CU80/pre-pro-CU8020231207200340.npz,data/preprocessed/INSLAB/CU80/pre-pro-CU8020231207200340.npz,178120,98b0c9488ddbbbf5a4294e610f0a66995dfd1226c1470674134e9cf963f9966e,5.7,127.0,44.26,2.35,-6.5336466,-11.849455,-98.76,18.29,Rhyp,Ztor,original_table,False,9216,,,False,False,False,False,38.73895016831359,0.7542880237960574
2025-01-12__CU80,2025-01-12,CU80,,INSLAB,INSLAB/CU80/pre-pro-CU8020250112083253.npz,data/preprocessed/INSLAB/CU80/pre-pro-CU8020250112083253.npz,238677,c66c8db238bd5d3b24a72e053aca0506e0981e9f9c0b0f8455ef264176f990df,6.1,471.0,24.16,2.22,-6.5336466,-11.849455,-103.49,18.49,Rhyp,Ztor,original_table,False,12000,,,False,False,False,False,26.43163294307078,0.8754986672488423
2023-12-07__D270,2023-12-07,D270,,INSLAB,INSLAB/D270/pre-pro-D27020231207200340.npz,data/preprocessed/INSLAB/D270/pre-pro-D27020231207200340.npz,141400,dc078850e7e0fa122e15b9fdf9a9ad1b8e4d5ff906a00d56be3f3fcbb683ebea,5.7,135.0,44.26,0.76,-6.076889,-2.707054,-98.76,18.29,Rhyp,Ztor,original_table,False,7500,,,False,True,True,False,78.76439988450954,0.3678619591933422
2025-01-12__D270,2025-01-12,D270,,INSLAB,INSLAB/D270/pre-pro-D27020250112083253.npz,data/preprocessed/INSLAB/D270/pre-pro-D27020250112083253.npz,329350,19450d9f68cd5dbc589b6b25fa71dc9a847f5f2adff09212c10d74891fbdb9d6,6.1,462.0,24.16,0.75,-6.0507603,-2.6954143,-103.49,18.49,Rhyp,Ztor,original_table,False,16000,,,False,False,False,False,64.25988192087021,0.7810491603772864
2000-07-21__DM12,2000-07-21,DM12,,INSLAB,INSLAB/DM12/pre-pro-DM120007.211.npz,data/preprocessed/INSLAB/DM12/pre-pro-DM120007.211.npz,149988,c86e83271ed55a820b3c796244a8d527bf1ea057b9324a036b463996bd139300,5.8,156.0,43.74,3.55,-4.320086,1.2092564,-98.97,18.09,Rhyp,Ztor,original_table,True,7776,,,True,True,True,False,24.8618745821704,0.8121363564895693
2007-04-13__DM12,2007-04-13,DM12,,INSLAB,INSLAB/DM12/pre-pro-DM120704.131.npz,data/preprocessed/INSLAB/DM12/pre-pro-DM120704.131.npz,170874,3502d2e42a0bb4d00f6fd21d3a346472317fc185374f4430e5ced5edab897c83,5.9,256.0,37.73,3.33,-4.320086,1.2092564,-100.21,17.41,Rhyp,Ztor,original_table,True,8748,,,True,True,True,False,19.0799082808214,0.8742509175454992
2009-05-22__DM12,2009-05-22,DM12,,INSLAB,INSLAB/DM12/pre-pro-DM120905.221.npz,data/preprocessed/INSLAB/DM12/pre-pro-DM120905.221.npz,106817,fd71d74ff486d893985c088d8cd26f45270df020e02126e2d6bf0ae993c63370,5.6,170.0,41.27,3.33,-4.320086,1.2092564,-98.44,18.13,Rhyp,Ztor,original_table,True,5832,,,True,True,True,False,15.970448656695936,0.8295030569371631
2006-08-11__DM12,2006-08-11,DM12,,INSLAB,INSLAB/DM12/pre-pro-DM1220060811143041.npz,data/preprocessed/INSLAB/DM12/pre-pro-DM1220060811143041.npz,163847,2e14ec40f0f76f8795a770ebc6ea2fbfc1b8a346e3109957bc26987d9f1fc1f4,5.9,265.0,46.37,3.26,-4.320086,1.2092564,-101.27,18.32,Rhyp,Ztor,original_table,True,8640,,,True,False,False,False,10.600793809357016,0.92697166017252
2008-04-28__DM12,2008-04-28,DM12,,INSLAB,INSLAB/DM12/pre-pro-DM1220080428000629.npz,data/preprocessed/INSLAB/DM12/pre-pro-DM1220080428000629.npz,114766,e26ba7c3ef19e135ea3706969d28ac6fdba7f661de1ad2c659f3627ed217cd43,5.8,209.0,52.22,3.26,-4.320086,1.2092564,-100.1,17.89,Rhyp,Ztor,original_table,True,6250,,,True,False,False,False,4.329767703494966,0.9570502162137192
2011-12-11__DM12,2011-12-11,DM12,,INSLAB,INSLAB/DM12/pre-pro-DM1220111211014725.npz,data/preprocessed/INSLAB/DM12/pre-pro-DM1220111211014725.npz,224293,7933e4a6a6c5015360654620a8a7550efa5549fdafd03a654cb2de6682585387,6.5,208.0,49.53,3.16,-4.320086,1.2092564,-99.94,17.82,ref_CU,Ztor,original_table,True,11250,,,True,True,True,True,51.90552301214544,0.7399392604231403
2012-11-15__DM12,2012-11-15,DM12,,INSLAB,INSLAB/DM12/pre-pro-DM1220121115092022.npz,data/preprocessed/INSLAB/DM12/pre-pro-DM1220121115092022.npz,267209,0d047a9a2c1d733c8fe9eb8a00e7d37490f859287ac9f4dc3236c701322b62db,6.1,200.0,47.88,3.07,-4.320086,1.2092564,-100.48,18.3,Rhyp,Ztor,original_table,True,13122,,,True,True,True,True,57.26980246502589,0.759218825036679
2013-06-16__DM12,2013-06-16,DM12,,INSLAB,INSLAB/DM12/pre-pro-DM1220130616051903.npz,data/preprocessed/INSLAB/DM12/pre-pro-DM1220130616051903.npz,245151,6d5541dd0119649591c9cecf21bad13643272a828479c49297a2d48666b0d133,5.9,160.0,55.27,3.13,-4.320086,1.2092564,-99.25,18.04,Rhyp,Ztor,original_table,False,12000,,,False,True,True,False,89.45718448335677,0.5882672044766568
2017-09-08__DM12,2017-09-08,DM12,,INSLAB,INSLAB/DM12/pre-pro-DM1220170908044918.npz,data/preprocessed/INSLAB/DM12/pre-pro-DM1220170908044918.npz,374257,c1ff94155faf9b1531d0ef6146df7ec7051e878908db78a24d14e2bef0e95766,8.2,571.0,22.47,3.1,-4.320086,1.2092564,-94.11,14.85,ref_CU,Ztor,original_table,False,18000,,,False,True,True,False,138.81342242705512,0.5854707127331349
2023-12-07__DM12,2023-12-07,DM12,,INSLAB,INSLAB/DM12/pre-pro-DM1220231207200340.npz,data/preprocessed/INSLAB/DM12/pre-pro-DM1220231207200340.npz,203663,7330258404f8e7e479b7f80bcdd3af11376f08cbf9d2aedfd22171d7564a6efd,5.7,140.0,44.26,2.88,-4.320086,1.2092564,-98.76,18.29,Rhyp,Ztor,original_table,False,10240,,,False,True,True,False,61.66751822057189,0.6576879366052074
2025-01-12__DM12,2025-01-12,DM12,,INSLAB,INSLAB/DM12/pre-pro-DM1220250112083253.npz,data/preprocessed/INSLAB/DM12/pre-pro-DM1220250112083253.npz,316823,797b44bff5d80a20630e5c83885c39909448b191a7ce82da0cf4307ef93f51d3,6.1,475.0,24.16,2.79,-4.320086,1.2092564,-103.49,18.49,Rhyp,Ztor,original_table,False,15360,,,False,False,False,False,48.24250462954643,0.8296160746289947
1994-05-23__DM12,1994-05-23,DM12,,INSLAB,INSLAB/DM12/pre-pro-DM129405.231.npz,data/preprocessed/INSLAB/DM12/pre-pro-DM129405.231.npz,152087,b099475d311ce5bd7694a5492fb25ece42f318f8b0fb0940b3b2fc7482e638c0,6.2,229.0,44.44,3.55,-4.320086,1.2092564,-100.57,17.98,Rhyp,Ztor,original_table,True,8000,,,True,True,True,False,13.001062507875504,0.9036601518497556
1994-12-10__DM12,1994-12-10,DM12,,INSLAB,INSLAB/DM12/pre-pro-DM129412.101.npz,data/preprocessed/INSLAB/DM12/pre-pro-DM129412.101.npz,236675,809478ebe3aaa44b3af3369a99b054dbd04ad09cbf1e125ce03ef36712024b70,6.4,306.0,45.78,3.73,-4.320086,1.2092564,-101.56,18.02,Rhyp,Ztor,original_table,True,12000,,,True,False,False,False,20.042181849068697,0.905008854215514
1997-01-11__DM12,1997-01-11,DM12,,INSLAB,INSLAB/DM12/pre-pro-DM129701.111.npz,data/preprocessed/INSLAB/DM12/pre-pro-DM129701.111.npz,233670,a10054063763f23886b36a837be7966d381709d8d70d18bb37a1951ba4bab426,7.1,389.0,25.4,3.66,-4.320086,1.2092564,-102.58,18.34,ref_CU,Ztor,original_table,False,11664,,,False,True,True,False,52.99242951961122,0.7454856658200316
1997-05-22__DM12,1997-05-22,DM12,,INSLAB,INSLAB/DM12/pre-pro-DM129705.221.npz,data/preprocessed/INSLAB/DM12/pre-pro-DM129705.221.npz,233837,2fe732bc49cfe8ae46aab06dbc1aa2b377b93d8440a27af309947663206d0d9b,6.5,313.0,51.04,3.55,-4.320086,1.2092564,-101.81,18.41,ref_CU,Ztor,original_table,True,11664,,,True,False,False,False,37.72375655768309,0.8188448109984485
1998-04-20__DM12,1998-04-20,DM12,,INSLAB,INSLAB/DM12/pre-pro-DM129804.201.npz,data/preprocessed/INSLAB/DM12/pre-pro-DM129804.201.npz,176173,87f3a3c84848c9b415314c150f08509a4dbef259d6c5b6ee96a894300cfe3ad6,5.9,259.0,59.18,3.47,-4.320086,1.2092564,-101.19,18.35,Rhyp,Ztor,original_table,True,9000,,,True,False,False,False,13.867924167250209,0.9112396046642972
1999-06-15__DM12,1999-06-15,DM12,,INSLAB,INSLAB/DM12/pre-pro-DM129906.151.npz,data/preprocessed/INSLAB/DM12/pre-pro-DM129906.151.npz,281466,7ce4e71853a2e6c43a3ec1c2f3decd8809f70534ee3ed29dd61863c58d72df78,6.9,218.0,51.27,3.62,-4.320086,1.2092564,-97.54,18.13,ref_CU,Ztor,original_table,False,13824,,,False,True,True,False,64.6544781072038,0.7418261465990345
1999-06-21__DM12,1999-06-21,DM12,,INSLAB,INSLAB/DM12/pre-pro-DM129906.211.npz,data/preprocessed/INSLAB/DM12/pre-pro-DM129906.211.npz,132722,f24becc0f4c71e6037b62aa5ecf74a1fee3f88bda3c67b8850778590e60dcac8,6.0,324.0,48.25,3.55,-4.320086,1.2092564,-101.72,17.99,Rhyp,Ztor,original_table,True,7200,,,True,False,False,False,8.66739810165383,0.926071322913222
1999-09-30__DM12,1999-09-30,DM12,,INSLAB,INSLAB/DM12/pre-pro-DM129909.301.npz,data/preprocessed/INSLAB/DM12/pre-pro-DM129909.301.npz,318870,2c2c2c0f83fd51d957362240119e805f973075277fb46d0af557eb371c2f6d43,7.4,420.0,32.77,3.55,-4.320086,1.2092564,-97.03,15.95,ref_CU,Ztor,original_table,False,15552,,,False,True,True,False,86.08495268904377,0.6980640710987206
2000-07-21__DR16,2000-07-21,DR16,,INSLAB,INSLAB/DR16/pre-pro-DR160007.211.npz,data/preprocessed/INSLAB/DR16/pre-pro-DR160007.211.npz,115520,17f4667d932498ecdc6fafc6c1f3946cbb4196d6730e4681f3e90ff057804f47,5.8,164.0,43.74,0.59,-10.59823,6.491883,-98.97,18.09,Rhyp,Ztor,original_table,True,6250,,,True,True,True,False,25.66372082108317,0.7476030603748705
2007-04-13__DR16,2007-04-13,DR16,,INSLAB,INSLAB/DR16/pre-pro-DR160704.131.npz,data/preprocessed/INSLAB/DR16/pre-pro-DR160704.131.npz,122747,2d5bc4fda331cb63a1f23d1653fda1064edda9aae2fe160fe989bd0b0fc9bfbb,5.9,259.0,37.73,0.57,-9.894921,5.990978,-100.21,17.41,Rhyp,Ztor,original_table,True,6562,,,True,True,True,False,17.326156114393058,0.8398247562689003
2008-04-28__DR16,2008-04-28,DR16,,INSLAB,INSLAB/DR16/pre-pro-DR1620080428000629.npz,data/preprocessed/INSLAB/DR16/pre-pro-DR1620080428000629.npz,106619,b830331bfb17a11497a7b9132ef1348fb8b6d37327d4e0c625a816de7d187569,5.8,211.0,52.22,0.57,-9.894921,5.990978,-100.1,17.89,Rhyp,Ztor,original_table,True,5832,,,True,False,False,False,6.62406364251558,0.9291392421639326
2011-12-11__DR16,2011-12-11,DR16,,INSLAB,INSLAB/DR16/pre-pro-DR1620111211014725.npz,data/preprocessed/INSLAB/DR16/pre-pro-DR1620111211014725.npz,181319,8e9dbc1ba08a7c18ae7d77c51d8298130df9f126e526baf530dda2c03cf040a6,6.5,211.0,49.53,0.58,-10.256272,6.209761,-99.94,17.82,ref_CU,Ztor,original_table,False,9216,,,False,True,True,False,59.82645213140904,0.6271798334180281
2013-06-16__DR16,2013-06-16,DR16,,INSLAB,INSLAB/DR16/pre-pro-DR1620130616051903.npz,data/preprocessed/INSLAB/DR16/pre-pro-DR1620130616051903.npz,139708,bbddf894809d86be8ca56b94b019888c7de14320b5882d6354813b953ad19481,5.9,167.0,55.27,0.6,-10.910129,6.605645,-99.25,18.04,Rhyp,Ztor,original_table,False,7290,,,False,True,True,False,64.58687029115443,0.4757984717867508
2017-09-08__DR16,2017-09-08,DR16,,INSLAB,INSLAB/DR16/pre-pro-DR1620170908044918.npz,data/preprocessed/INSLAB/DR16/pre-pro-DR1620170908044918.npz,270597,b3af40ab84dba772623b99d88434fde50b2a87730e7790b8abade65c6b90e725,8.2,583.0,22.47,0.56,-9.511992,5.7591305,-94.11,14.85,ref_CU,Ztor,original_table,True,13500,,,True,True,True,True,90.70081595527176,0.6238197670968779
2023-12-07__DR16,2023-12-07,DR16,,INSLAB,INSLAB/DR16/pre-pro-DR1620231207200340.npz,data/preprocessed/INSLAB/DR16/pre-pro-DR1620231207200340.npz,238222,6b294103882bffa571fb0625693907f9dabba588cad596b2bbbe460e3211bca2,5.7,150.0,44.26,0.54,-8.688771,5.2607026,-98.76,18.29,Rhyp,Ztor,original_table,False,12000,,,False,True,True,False,127.74147912244698,0.3956784978595563
2025-01-12__DR16,2025-01-12,DR16,,INSLAB,INSLAB/DR16/pre-pro-DR1620250112083253.npz,data/preprocessed/INSLAB/DR16/pre-pro-DR1620250112083253.npz,173585,abc4ebb569bbc2ef77bcd762ac34932052706d41516a577d8cd591a9a2330b12,6.1,468.0,24.16,0.54,-8.688771,5.2607026,-103.49,18.49,Rhyp,Ztor,original_table,False,9000,,,False,False,False,False,6.531384866698204,0.9575636094685324
1993-08-05__DR16,1993-08-05,DR16,,INSLAB,INSLAB/DR16/pre-pro-DR169308.051.npz,data/preprocessed/INSLAB/DR16/pre-pro-DR169308.051.npz,34890,e07508c0f0f0d301c7d658d5a27500e6f5bffb51e9bfc64bee1b29225ec220d5,5.2,253.0,51.21,0.58,-10.259508,6.2844005,-97.94,17.62,Rhyp,Ztor,original_table,True,2700,,,True,False,False,False,0.7480552630586921,0.9746507874260016
1994-02-23__DR16,1994-02-23,DR16,,INSLAB,INSLAB/DR16/pre-pro-DR169402.231.npz,data/preprocessed/INSLAB/DR16/pre-pro-DR169402.231.npz,61012,c3bdba981e84c8abc0832a67f0b33a4e454b98ff239e715f56c6e9311f227df7,5.8,290.0,69.89,0.58,-10.259508,6.2844005,-97.27,17.75,Rhyp,Ztor,original_table,True,3840,,,True,False,False,False,0.2699644537453096,0.9948957373086535
1994-05-23__DR16,1994-05-23,DR16,,INSLAB,INSLAB/DR16/pre-pro-DR169405.231.npz,data/preprocessed/INSLAB/DR16/pre-pro-DR169405.231.npz,118609,749f5496296e6e635bed970f7d042184295ddcd206aa61128b4e51b4b7ff033f,6.2,229.0,44.44,0.58,-10.259508,6.2844005,-100.57,17.98,Rhyp,Ztor,original_table,True,6400,,,True,True,True,False,21.891307437500476,0.7901322266561166
1994-12-10__DR16,1994-12-10,DR16,,INSLAB,INSLAB/DR16/pre-pro-DR169412.101.npz,data/preprocessed/INSLAB/DR16/pre-pro-DR169412.101.npz,106822,090c6a947c8b7267f824be0fb23336333e7875a44c81b0ed049e80e43423988e,6.4,303.0,45.78,0.58,-10.259508,6.2844005,-101.56,18.02,Rhyp,Ztor,original_table,True,5832,,,True,True,True,False,18.602962398618477,0.8019908206639864
1997-01-11__DR16,1997-01-11,DR16,,INSLAB,INSLAB/DR16/pre-pro-DR169701.111.npz,data/preprocessed/INSLAB/DR16/pre-pro-DR169701.111.npz,125545,7e0815bc288ee4565df4de8044be15ceee4dcd3a8381309562f3ae1d71d7d978,7.1,383.0,25.4,0.6,-10.91357,6.6850424,-102.58,18.34,ref_CU,Ztor,original_table,True,6750,,,True,True,True,False,17.22616702374448,0.8444449428955709
1997-05-22__DR16,1997-05-22,DR16,,INSLAB,INSLAB/DR16/pre-pro-DR169705.221.npz,data/preprocessed/INSLAB/DR16/pre-pro-DR169705.221.npz,96500,b258af7f9c25b9563e93dc9440b757d54d9761fe2f5f00d81141ea6e449c63e2,6.5,307.0,51.04,0.57,-9.898043,6.062987,-101.81,18.41,ref_CU,Ztor,original_table,True,5400,,,True,False,False,False,7.429592283077852,0.9123248491494236
1998-04-20__DR16,1998-04-20,DR16,,INSLAB,INSLAB/DR16/pre-pro-DR169804.201.npz,data/preprocessed/INSLAB/DR16/pre-pro-DR169804.201.npz,117518,89858dbf3a09245a0c5bafcbb25a46bfdc81ec6310aea184296f7686e8c6d2af,5.9,255.0,59.18,0.58,-10.259508,6.2844005,-101.19,18.35,Rhyp,Ztor,original_table,True,6400,,,True,False,False,False,8.412472959735638,0.918452181468247
1999-06-15__DR16,1999-06-15,DR16,,INSLAB,INSLAB/DR16/pre-pro-DR169906.151.npz,data/preprocessed/INSLAB/DR16/pre-pro-DR169906.151.npz,194393,7189a4b0a8e7da261bdd1a6070fbeff536335a7948758a14fbab97fe8da0aecc,6.9,230.0,51.27,0.58,-10.259508,6.2844005,-97.54,18.13,ref_CU,Ztor,original_table,False,10000,,,False,True,True,False,74.08852585989074,0.5693278738598457
1999-06-21__DR16,1999-06-21,DR16,,INSLAB,INSLAB/DR16/pre-pro-DR169906.211.npz,data/preprocessed/INSLAB/DR16/pre-pro-DR169906.211.npz,113480,7d7f54138fbc9127caee304043688472c1b75ebc5c1f00d10d8ec72d1e1207bb,6.0,320.0,48.25,0.55,-9.112066,5.5815415,-101.72,17.99,Rhyp,Ztor,original_table,True,6144,,,True,True,True,False,15.1332313553676,0.8486979468569527
1999-09-30__DR16,1999-09-30,DR16,,INSLAB,INSLAB/DR16/pre-pro-DR169909.301.npz,data/preprocessed/INSLAB/DR16/pre-pro-DR169909.301.npz,200377,1c85d93090f58c9e497aea18f557f3d0642919e84c070d85e8b8a3d1a29e263b,7.4,431.0,32.77,0.54,-8.691513,5.3239346,-97.03,15.95,ref_CU,Ztor,original_table,False,10126,,,False,True,True,False,51.718462393642056,0.7091036481599524
2000-07-21__DX37,2000-07-21,DX37,,INSLAB,INSLAB/DX37/pre-pro-DX370007.211.npz,data/preprocessed/INSLAB/DX37/pre-pro-DX370007.211.npz,318327,084c86eef85e1a3b561d5e7468da0a7f10bcfee654332bdb7c79f7825de8ce07,5.8,146.0,43.74,0.99,-7.2896333,-5.76066,-98.97,18.09,Rhyp,Ztor,original_table,False,8640,,,False,True,True,False,62.33617288764191,0.5613063592129075
2007-04-13__DX37,2007-04-13,DX37,,INSLAB,INSLAB/DX37/pre-pro-DX370704.131.npz,data/preprocessed/INSLAB/DX37/pre-pro-DX370704.131.npz,186209,b1f71a61e948a547817cfbcd314f23497d7b7132494bd8e1dbc59a99321fdc3b,5.9,244.0,37.73,1.0,-7.2909546,-5.7617044,-100.21,17.41,Rhyp,Ztor,original_table,True,9600,,,True,True,True,False,28.32068485829953,0.8284946111651454
2009-05-22__DX37,2009-05-22,DX37,,INSLAB,INSLAB/DX37/pre-pro-DX370905.221.npz,data/preprocessed/INSLAB/DX37/pre-pro-DX370905.221.npz,138546,0697e8dd8db1244c2c59e3833510f7764750741c2843547482b23542d87c36f1,5.6,163.0,41.27,0.91,-7.2695174,-5.7447634,-98.44,18.13,Rhyp,Ztor,original_table,False,7290,,,False,True,True,False,57.6687669030006,0.5275375479026659
2006-02-20__DX37,2006-02-20,DX37,,INSLAB,INSLAB/DX37/pre-pro-DX3720060220105423.npz,data/preprocessed/INSLAB/DX37/pre-pro-DX3720060220105423.npz,101992,575b31354e0d81edbf60956449f6bb1a1162516f7b79ae0c9b6733fd4e299c73,5.2,195.0,53.4,1.01,-7.292112,-5.7626185,-100.54,18.3,Rhyp,Ztor,original_table,True,5626,,,True,False,False,False,2.062895764022443,0.9769740399149186
2006-08-11__DX37,2006-08-11,DX37,,INSLAB,INSLAB/DX37/pre-pro-DX3720060811143041.npz,data/preprocessed/INSLAB/DX37/pre-pro-DX3720060811143041.npz,169106,22a53f5e1f65669c5d9728558e6f4f40987e04f2b71299898220b32d97a48fe1,5.9,256.0,46.37,0.95,-7.2821827,-5.754772,-101.27,18.32,Rhyp,Ztor,original_table,True,8640,,,True,True,True,False,18.438525810549294,0.8768712800631099
2011-12-11__DX37,2011-12-11,DX37,,INSLAB,INSLAB/DX37/pre-pro-DX3720111211014725.npz,data/preprocessed/INSLAB/DX37/pre-pro-DX3720111211014725.npz,241809,79ecb22096a83a6cb4310a90ce58e245161932a69eac37f9b369d559adefc0d6,6.5,196.0,49.53,0.98,-7.2881236,-5.759467,-99.94,17.82,ref_CU,Ztor,original_table,True,12000,,,True,True,True,True,128.85966561428106,0.4004017234457165
2012-11-15__DX37,2012-11-15,DX37,,INSLAB,INSLAB/DX37/pre-pro-DX3720121115092022.npz,data/preprocessed/INSLAB/DX37/pre-pro-DX3720121115092022.npz,200145,d832eccc518de00e2186a8c65e08af2aad2e00cdbea492f25607200293d1e498,6.1,189.0,47.88,0.9,-7.2651577,-5.741318,-100.48,18.3,Rhyp,Ztor,original_table,False,10000,,,False,True,True,False,82.60342327776326,0.5331821233243106
2013-06-16__DX37,2013-06-16,DX37,,INSLAB,INSLAB/DX37/pre-pro-DX3720130616051903.npz,data/preprocessed/INSLAB/DX37/pre-pro-DX3720130616051903.npz,135010,509ec3f9e7f61f46e6042542a0d47341523f29f35478d18b10cebd1392971bab,5.9,150.0,55.27,0.99,-7.2896333,-5.76066,-99.25,18.04,Rhyp,Ztor,original_table,False,7200,,,False,True,True,False,59.41723895134344,0.5004435938175261
2017-09-08__DX37,2017-09-08,DX37,,INSLAB,INSLAB/DX37/pre-pro-DX3720170908044918.npz,data/preprocessed/INSLAB/DX37/pre-pro-DX3720170908044918.npz,249356,c9db11fc36c41769f0bfc9067709e7a449de759344a3d670014120b9b5907984,8.2,567.0,22.47,1.03,-7.294011,-5.7641196,-94.11,14.85,ref_CU,Ztor,original_table,False,12288,,,False,True,True,False,62.12332888028851,0.7202281968912925
2023-12-07__DX37,2023-12-07,DX37,,INSLAB,INSLAB/DX37/pre-pro-DX3720231207200340.npz,data/preprocessed/INSLAB/DX37/pre-pro-DX3720231207200340.npz,155415,8f24a4c1e2a2a0aa07338dad70ba015acfb0f4d752f44033186539fa614fc417,5.7,132.0,44.26,0.97,-7.2864,-5.758105,-98.76,18.29,Rhyp,Ztor,original_table,False,8000,,,False,True,True,False,75.84552520386708,0.4465850039849173
2025-01-12__DX37,2025-01-12,DX37,,INSLAB,INSLAB/DX37/pre-pro-DX3720250112083253.npz,data/preprocessed/INSLAB/DX37/pre-pro-DX3720250112083253.npz,228061,987a80cc22e97b6ade09fa817965e047a346f4ea89625c4c1a4b2cc3f628e324,6.1,468.0,24.16,0.95,-7.2821827,-5.754772,-103.49,18.49,Rhyp,Ztor,original_table,False,11520,,,False,False,False,False,20.5751025325184,0.8987046941093029
1994-02-23__DX37,1994-02-23,DX37,,INSLAB,INSLAB/DX37/pre-pro-DX379402.231.npz,data/preprocessed/INSLAB/DX37/pre-pro-DX379402.231.npz,169327,251b9534214e2e9103f6296293a82a54598a1a1132e57ca0fd096ce14be6491c,5.8,275.0,69.89,1.04,-7.2947874,-5.764733,-97.27,17.75,Rhyp,Ztor,original_table,True,8748,,,True,False,False,False,10.057620360783716,0.9334064731458404
1997-01-11__DX37,1997-01-11,DX37,,INSLAB,INSLAB/DX37/pre-pro-DX379701.111.npz,data/preprocessed/INSLAB/DX37/pre-pro-DX379701.111.npz,239693,54c8ed6869ac4fc34fc5c30fb57f196dc2ecaf2d4babf0f14d057a0381811df2,7.1,381.0,25.4,0.95,-7.2821827,-5.754772,-102.58,18.34,ref_CU,Ztor,original_table,False,12000,,,False,True,True,False,61.5780885116246,0.7117940255002125
1997-05-22__DX37,1997-05-22,DX37,,INSLAB,INSLAB/DX37/pre-pro-DX379705.221.npz,data/preprocessed/INSLAB/DX37/pre-pro-DX379705.221.npz,219061,ef3c789b6feae7e925f6c1f358708c6faf57f24366955f95d0dceb705dc92a47,6.5,304.0,51.04,0.98,-7.2881236,-5.759467,-101.81,18.41,ref_CU,Ztor,original_table,True,10936,,,True,True,True,True,32.63613709084373,0.8335570323804379
1998-04-20__DX37,1998-04-20,DX37,,INSLAB,INSLAB/DX37/pre-pro-DX379804.201.npz,data/preprocessed/INSLAB/DX37/pre-pro-DX379804.201.npz,175141,927e8e59414a26e578b312b0b7bbc343c8cb7359bb84724d1c0b5919f42053d1,5.9,250.0,59.18,0.97,-7.2864,-5.758105,-101.19,18.35,Rhyp,Ztor,original_table,True,9000,,,True,True,True,False,23.379358711549827,0.8502762810659633
1999-06-21__DX37,1999-06-21,DX37,,INSLAB,INSLAB/DX37/pre-pro-DX379906.211.npz,data/preprocessed/INSLAB/DX37/pre-pro-DX379906.211.npz,183154,531d08b86602fa4ea7cd7837c979a3d6ff56fc50204f502739b204e2643aec89,6.0,314.0,48.25,0.97,-7.2864,-5.758105,-101.72,17.99,Rhyp,Ztor,original_table,True,9376,,,True,True,True,False,25.92315405155111,0.8405219683078985
1999-09-30__DX37,1999-09-30,DX37,,INSLAB,INSLAB/DX37/pre-pro-DX379909.301.npz,data/preprocessed/INSLAB/DX37/pre-pro-DX379909.301.npz,589849,9849807b421bbb7b7e9fa3e2b688937eb531345871214dfaf9cc19533f6024f6,7.4,413.0,32.77,1.0,-7.2909546,-5.7617044,-97.03,15.95,ref_CU,Ztor,original_table,True,14400,,,True,True,True,True,108.40787428790055,0.5900861199481952
2000-07-21__EO30,2000-07-21,EO30,,INSLAB,INSLAB/EO30/pre-pro-EO300007.211.npz,data/preprocessed/INSLAB/EO30/pre-pro-EO300007.211.npz,106895,75b8d2b7040ae9b20af7976116360cf29018f48482424a23c3577db76d4dd60c,5.8,152.0,43.74,0.57,-8.352231,-1.5686786,-98.97,18.09,Rhyp,Ztor,original_table,True,5832,,,True,True,True,True,34.66693909166504,0.6311635376990633
2007-04-13__EO30,2007-04-13,EO30,,INSLAB,INSLAB/EO30/pre-pro-EO300704.131.npz,data/preprocessed/INSLAB/EO30/pre-pro-EO300704.131.npz,129590,02f98e7dcb199b917ad20afa7ebcdcd896fa1c75210e4726bc8a722f6bd0260d,5.9,248.0,37.73,0.6,-9.20916,-1.7296232,-100.21,17.41,Rhyp,Ztor,original_table,True,6912,,,True,True,True,False,16.901483178843918,0.8520398916322864
2009-05-22__EO30,2009-05-22,EO30,,INSLAB,INSLAB/EO30/pre-pro-EO300905.221.npz,data/preprocessed/INSLAB/EO30/pre-pro-EO300905.221.npz,105221,dedd7fdc1caef6ce4b6c0e5518cde6d3ef4dc71f3db64945281e17dc8235323d,5.6,170.0,41.27,0.54,-7.334129,-1.3774633,-98.44,18.13,Rhyp,Ztor,original_table,True,5760,,,True,True,True,True,39.2883757055523,0.5728595813703816
2011-12-11__EO30,2011-12-11,EO30,,INSLAB,INSLAB/EO30/pre-pro-EO3020111211014725.npz,data/preprocessed/INSLAB/EO30/pre-pro-EO3020111211014725.npz,158320,2309c575a516cb972490dcfb96651a4f6b9e0f476f488bf8d27529fbf70a59ca,6.5,200.0,49.53,0.58,-8.657245,-1.625965,-99.94,17.82,ref_CU,Ztor,original_table,False,8192,,,False,True,True,False,57.308208539767335,0.5911521114377732
2012-11-15__EO30,2012-11-15,EO30,,INSLAB,INSLAB/EO30/pre-pro-EO3020121115092022.npz,data/preprocessed/INSLAB/EO30/pre-pro-EO3020121115092022.npz,140102,1863e457670cd732ab17561031ed8053ec3fa73491db60e34009434a3002d485,6.1,190.0,47.88,0.56,-8.029004,-1.5079716,-100.48,18.3,Rhyp,Ztor,original_table,True,7500,,,True,True,True,True,33.49699801128418,0.7284834399668949
2013-06-16__EO30,2013-06-16,EO30,,INSLAB,INSLAB/EO30/pre-pro-EO3020130616051903.npz,data/preprocessed/INSLAB/EO30/pre-pro-EO3020130616051903.npz,150427,8045cc298b0f06f0040a5d516520353763a0464a677d2b4ae17227570483a1df,5.9,155.0,55.27,0.55,-7.6890025,-1.4441141,-99.25,18.04,Rhyp,Ztor,original_table,True,7776,,,True,True,True,True,80.27442699827442,0.3947947301095112
2017-09-08__EO30,2017-09-08,EO30,,INSLAB,INSLAB/EO30/pre-pro-EO3020170908044918.npz,data/preprocessed/INSLAB/EO30/pre-pro-EO3020170908044918.npz,255977,08d8bf3c38bffcafd623482e910d2f31bff007f80298ddf6592e687098834494,8.2,574.0,22.47,0.55,-7.6890025,-1.4441141,-94.11,14.85,ref_CU,Ztor,original_table,True,12800,,,True,True,True,True,55.422530521048174,0.7569507059551455
2023-12-07__EO30,2023-12-07,EO30,,INSLAB,INSLAB/EO30/pre-pro-EO3020231207200340.npz,data/preprocessed/INSLAB/EO30/pre-pro-EO3020231207200340.npz,188108,9c7c7b4a7086635213450cc325e570bdcee1e7d137702307093724a6f94a5bf7,5.7,138.0,44.26,0.57,-8.352231,-1.5686786,-98.76,18.29,Rhyp,Ztor,original_table,False,9600,,,False,True,True,False,104.18177328832638,0.3739828548952867
2025-01-12__EO30,2025-01-12,EO30,,INSLAB,INSLAB/EO30/pre-pro-EO3020250112083253.npz,data/preprocessed/INSLAB/EO30/pre-pro-EO3020250112083253.npz,636740,441b172a8a84b7d3aaf4da0d64f2e8e5bbd6cba1e538a5fe2b3dd139d91a9ebf,6.1,465.0,24.16,0.58,-8.657245,-1.625965,-103.49,18.49,Rhyp,Ztor,original_table,True,30000,,,True,False,False,False,24.858545336639395,0.9564084008406
1997-01-11__EO30,1997-01-11,EO30,,INSLAB,INSLAB/EO30/pre-pro-EO309701.111.npz,data/preprocessed/INSLAB/EO30/pre-pro-EO309701.111.npz,67520,6c2cea60faeb984b353db62862b290ff855df28887016934e30acbbc764ba307,7.1,380.0,25.4,0.59,-8.943068,-1.679647,-102.58,18.34,ref_CU,Ztor,original_table,True,4096,,,True,False,False,False,3.198083688882108,0.9455552657663924
1998-04-20__EO30,1998-04-20,EO30,,INSLAB,INSLAB/EO30/pre-pro-EO309804.201.npz,data/preprocessed/INSLAB/EO30/pre-pro-EO309804.201.npz,125305,1bd1d2310e61ac73df7fbb2f31c6c9d488947c3e55cb8c917fc2174876698736,5.9,250.0,59.18,0.55,-7.6890025,-1.4441141,-101.19,18.35,Rhyp,Ztor,original_table,True,6750,,,True,False,False,False,13.864060709646552,0.8748053033262908
1999-06-15__EO30,1999-06-15,EO30,,INSLAB,INSLAB/EO30/pre-pro-EO309906.151.npz,data/preprocessed/INSLAB/EO30/pre-pro-EO309906.151.npz,155742,53dfaf3b9fdb60ec28ca127ab95dea396977c7f91eda87a651031c1ff5b29a67,6.9,222.0,51.27,0.55,-7.6890025,-1.4441141,-97.54,18.13,ref_CU,Ztor,original_table,True,8000,,,True,True,True,True,38.4848770806383,0.7198247154874906
1999-06-21__EO30,1999-06-21,EO30,,INSLAB,INSLAB/EO30/pre-pro-EO309906.211.npz,data/preprocessed/INSLAB/EO30/pre-pro-EO309906.211.npz,125467,8bf4d080b59a9f71c2117b995c3578f8fe1c62e8dfb6cf80f6c1608f301901cf,6.0,314.0,48.25,0.54,-7.334129,-1.3774633,-101.72,17.99,Rhyp,Ztor,original_table,True,6750,,,True,True,True,False,16.52042707451895,0.8508178880755016
1999-09-30__EO30,1999-09-30,EO30,,INSLAB,INSLAB/EO30/pre-pro-EO309909.301.npz,data/preprocessed/INSLAB/EO30/pre-pro-EO309909.301.npz,176254,9ac5efcf410fda011a8b838bf92938cc300afdc9ac459240b585c9fce57a96f9,7.4,420.0,32.77,0.6,-9.20916,-1.7296232,-97.03,15.95,ref_CU,Ztor,original_table,True,9000,,,True,True,True,False,24.6905761890896,0.8419701984825295
2000-07-21__ES57,2000-07-21,ES57,,INSLAB,INSLAB/ES57/pre-pro-ES570007.211.npz,data/preprocessed/INSLAB/ES57/pre-pro-ES570007.211.npz,151520,19db07b7328dfd7d586d47ac175f3ba970b34787a51b03ac741f73d7846aa4cc,5.8,154.0,43.74,0.87,-11.860172,-1.0912559,-98.97,18.09,Rhyp,Ztor,original_table,False,8000,,,False,True,True,False,57.8422272649988,0.5694661163751485
2007-04-13__ES57,2007-04-13,ES57,,INSLAB,INSLAB/ES57/pre-pro-ES570704.131.npz,data/preprocessed/INSLAB/ES57/pre-pro-ES570704.131.npz,177502,a4b5e43f153b5763fc04b1c8995b87302c50958dc5c44585844c8cff68da54c3,5.9,250.0,37.73,0.8,-11.730739,-1.0793467,-100.21,17.41,Rhyp,Ztor,original_table,True,9000,,,True,True,True,True,63.00598068558887,0.5996824405261524
2009-05-22__ES57,2009-05-22,ES57,,INSLAB,INSLAB/ES57/pre-pro-ES570905.221.npz,data/preprocessed/INSLAB/ES57/pre-pro-ES570905.221.npz,128947,cbb238b3aa12f9f824b941a34ffe6ec02dcea61383fbab6eee439e7b1985bdf9,5.6,171.0,41.27,0.83,-11.800713,-1.085785,-98.44,18.13,Rhyp,Ztor,original_table,False,6912,,,False,True,True,False,52.65579059703924,0.5363582759792266
2008-04-28__ES57,2008-04-28,ES57,,INSLAB,INSLAB/ES57/pre-pro-ES5720080428000629.npz,data/preprocessed/INSLAB/ES57/pre-pro-ES5720080428000629.npz,132154,e15cef1877c25338629c9eb04d1054d80503f90a1a959c8ba72cb410ec212992,5.8,202.0,52.22,0.85,-11.83431,-1.0888762,-100.1,17.89,Rhyp,Ztor,original_table,True,7200,,,True,False,False,False,11.50146398581316,0.9014779511237524
2012-11-15__ES57,2012-11-15,ES57,,INSLAB,INSLAB/ES57/pre-pro-ES5720121115092022.npz,data/preprocessed/INSLAB/ES57/pre-pro-ES5720121115092022.npz,139468,9540606ad6c05bf95d17ac4587ee5090af0921b1c67ca023b1c6f78831793455,6.1,191.0,47.88,0.79,-11.700722,-1.0765848,-100.48,18.3,Rhyp,Ztor,original_table,True,7290,,,True,True,True,False,20.993620611349,0.8293340329131859
2013-06-16__ES57,2013-06-16,ES57,,INSLAB,INSLAB/ES57/pre-pro-ES5720130616051903.npz,data/preprocessed/INSLAB/ES57/pre-pro-ES5720130616051903.npz,140059,ca708e5de4db5b463d0fd858daa7be2ee9be15f54b254a55f4e7f3ffb29d1ab0,5.9,157.0,55.27,0.84,-11.818605,-1.0874313,-99.25,18.04,Rhyp,Ztor,original_table,True,7500,,,True,True,True,True,64.33205567219287,0.4785014942267115
2017-09-08__ES57,2017-09-08,ES57,,INSLAB,INSLAB/ES57/pre-pro-ES5720170908044918.npz,data/preprocessed/INSLAB/ES57/pre-pro-ES5720170908044918.npz,274920,53c6410881a7b15cd3a84211d75243838e513dd24865f19a0ad321fc8eef6bc9,8.2,575.0,22.47,0.85,-11.83431,-1.0888762,-94.11,14.85,ref_CU,Ztor,original_table,False,13500,,,False,True,True,False,85.40073538512536,0.6510410027984908
2023-12-07__ES57,2023-12-07,ES57,,INSLAB,INSLAB/ES57/pre-pro-ES5720231207200340.npz,data/preprocessed/INSLAB/ES57/pre-pro-ES5720231207200340.npz,193299,0d49ea77004684b975f4212a6b7357fc3d3e8a07c7ec587c3d8eaf2e4b6b40a3,5.7,140.0,44.26,0.83,-11.800713,-1.085785,-98.76,18.29,Rhyp,Ztor,original_table,False,9720,,,False,True,True,False,112.79110716631072,0.3395531844108752
2025-01-12__ES57,2025-01-12,ES57,,INSLAB,INSLAB/ES57/pre-pro-ES5720250112083253.npz,data/preprocessed/INSLAB/ES57/pre-pro-ES5720250112083253.npz,181307,0833de763707a31495c206c09a8555c61a3458eb69cbedbfe0fdf3a91f8e6080,6.1,466.0,24.16,0.83,-11.800713,-1.085785,-103.49,18.49,Rhyp,Ztor,original_table,False,9216,,,False,False,False,False,10.49221079595094,0.9348066932027406
1994-05-23__ES57,1994-05-23,ES57,,INSLAB,INSLAB/ES57/pre-pro-ES579405.231.npz,data/preprocessed/INSLAB/ES57/pre-pro-ES579405.231.npz,179681,0b7256311d03b89727e2c87c7e328c273539740590b5a573b97c09a7fa04973d,6.2,221.0,44.44,0.86,-11.848087,-1.090144,-100.57,17.98,Rhyp,Ztor,original_table,True,9216,,,True,True,True,False,60.92443695540025,0.6180764985243214
1994-12-10__ES57,1994-12-10,ES57,,INSLAB,INSLAB/ES57/pre-pro-ES579412.101.npz,data/preprocessed/INSLAB/ES57/pre-pro-ES579412.101.npz,211564,733ed4e773fd5740e612fa606511fde92f3b50a73dd20a9419037c9671248e52,6.4,297.0,45.78,0.82,-11.780334,-1.08391,-101.56,18.02,Rhyp,Ztor,original_table,True,10800,,,True,True,True,False,49.77934067679488,0.7354273681807342
1997-01-11__ES57,1997-01-11,ES57,,INSLAB,INSLAB/ES57/pre-pro-ES579701.111.npz,data/preprocessed/INSLAB/ES57/pre-pro-ES579701.111.npz,185044,b0dbaabbe10d30230c69673bed661b9f73d36344d50b3f14c3bc03aa91698ee5,7.1,380.0,25.4,0.83,-11.800713,-1.085785,-102.58,18.34,ref_CU,Ztor,original_table,True,9376,,,True,True,True,True,35.85601421112332,0.7816985436156876
1997-05-22__ES57,1997-05-22,ES57,,INSLAB,INSLAB/ES57/pre-pro-ES579705.221.npz,data/preprocessed/INSLAB/ES57/pre-pro-ES579705.221.npz,168353,4a243ff5756a74e3a8a0fb8b8e55f88e3d38db7efff744ef668913fa1fc067bb,6.5,303.0,51.04,0.87,-11.860172,-1.0912559,-101.81,18.41,ref_CU,Ztor,original_table,True,8640,,,True,False,False,False,37.141901770822855,0.7519739447691295
1998-04-20__ES57,1998-04-20,ES57,,INSLAB,INSLAB/ES57/pre-pro-ES579804.201.npz,data/preprocessed/INSLAB/ES57/pre-pro-ES579804.201.npz,113495,c3f0771a4550d9ce809721e5c5e7c11efc6cff3ebbeff7d73d277cc2bb3cd399,5.9,250.0,59.18,0.86,-11.848087,-1.090144,-101.19,18.35,Rhyp,Ztor,original_table,True,6144,,,True,False,False,False,4.634460965234837,0.9537432781192252
1999-06-15__ES57,1999-06-15,ES57,,INSLAB,INSLAB/ES57/pre-pro-ES579906.151.npz,data/preprocessed/INSLAB/ES57/pre-pro-ES579906.151.npz,196824,142c055ff5f9ffa117292be364d48d205b6671368fdd1071ec91ceab69b5933f,6.9,222.0,51.27,0.81,-11.757134,-1.0817754,-97.54,18.13,ref_CU,Ztor,original_table,False,10000,,,False,True,True,False,67.72989119555649,0.6122186465386666
1999-06-21__ES57,1999-06-21,ES57,,INSLAB,INSLAB/ES57/pre-pro-ES579906.211.npz,data/preprocessed/INSLAB/ES57/pre-pro-ES579906.211.npz,125935,171938d4e87df6794d8779843c0b7c829777652d692ad956aab94841417ed654,6.0,315.0,48.25,0.83,-11.800713,-1.085785,-101.72,17.99,Rhyp,Ztor,original_table,True,6750,,,True,True,True,False,22.372192513556755,0.7990822405607835
1999-09-30__ES57,1999-09-30,ES57,,INSLAB,INSLAB/ES57/pre-pro-ES579909.301.npz,data/preprocessed/INSLAB/ES57/pre-pro-ES579909.301.npz,423876,8338c8d86609a3eada812db55ab72fbd3c2b15853b28782fb8adf1639f608069,7.4,421.0,32.77,0.88,-11.870768,-1.0922308,-97.03,15.95,ref_CU,Ztor,original_table,True,10800,,,True,True,True,True,58.03783683548971,0.6936104693916341
2025-01-12__FJ74,2025-01-12,FJ74,,INSLAB,INSLAB/FJ74/pre-pro-FJ7420250112083253.npz,data/preprocessed/INSLAB/FJ74/pre-pro-FJ7420250112083253.npz,144086,05f8c45703a146ff3666ae9a64f22aa04c8a09d18cf3f23cec01c91ab14d83d4,6.1,460.0,24.16,0.5,-0.63337046,-0.4375783,-103.49,18.49,Rhyp,Ztor,original_table,False,7500,,,False,False,False,False,9.62152580489004,0.9244006772618052
2000-07-21__GA62,2000-07-21,GA62,,INSLAB,INSLAB/GA62/pre-pro-GA620007.211.npz,data/preprocessed/INSLAB/GA62/pre-pro-GA620007.211.npz,167063,d421ce560645f56d2889d8df49ad473881ed1844ee3ccf6de6c6f2e9262fca19,5.8,157.0,43.74,2.0,-10.518057,2.5618527,-98.97,18.09,Rhyp,Ztor,original_table,True,8640,,,True,True,True,True,37.7634961476905,0.7441844184548808
2007-04-13__GA62,2007-04-13,GA62,,INSLAB,INSLAB/GA62/pre-pro-GA620704.131.npz,data/preprocessed/INSLAB/GA62/pre-pro-GA620704.131.npz,171688,85bde76edf5284a2d6bb7e905a944d4c2c0fad2db4715d9828875fc2669b23d0,5.9,255.0,37.73,1.88,-10.518057,2.5618527,-100.21,17.41,Rhyp,Ztor,original_table,True,8748,,,True,True,True,False,26.629505850239997,0.8247366996825063
2006-08-11__GA62,2006-08-11,GA62,,INSLAB,INSLAB/GA62/pre-pro-GA6220060811143041.npz,data/preprocessed/INSLAB/GA62/pre-pro-GA6220060811143041.npz,131651,16cf68343333dfbea374295d54133b5d4055b144f8b3c03a18454fda459ab60b,5.9,261.0,46.37,1.98,-10.518057,2.5618527,-101.27,18.32,Rhyp,Ztor,original_table,True,7200,,,True,False,False,False,4.3334649634030455,0.9627260883932304
2008-04-28__GA62,2008-04-28,GA62,,INSLAB,INSLAB/GA62/pre-pro-GA6220080428000629.npz,data/preprocessed/INSLAB/GA62/pre-pro-GA6220080428000629.npz,109714,22c2e7e453c7d82a53a19418c3119c9dc1131e5f153e03a3062a38ae214e13b1,5.8,207.0,52.22,1.83,-10.518057,2.5618525,-100.1,17.89,Rhyp,Ztor,original_table,True,6000,,,True,False,False,False,1.679510032142403,0.9825704645896388
2011-12-11__GA62,2011-12-11,GA62,,INSLAB,INSLAB/GA62/pre-pro-GA6220111211014725.npz,data/preprocessed/INSLAB/GA62/pre-pro-GA6220111211014725.npz,186560,f8cf4c09abf973aed7953e17c91eef64a6c51b4647bf4fb82af173adb7c524f6,6.5,207.0,49.53,1.94,-10.518057,2.5618527,-99.94,17.82,ref_CU,Ztor,original_table,True,9600,,,True,True,True,True,44.81227204361984,0.7292800577320133
2013-06-16__GA62,2013-06-16,GA62,,INSLAB,INSLAB/GA62/pre-pro-GA6220130616051903.npz,data/preprocessed/INSLAB/GA62/pre-pro-GA6220130616051903.npz,183220,f4fa04e42d3ea0fa1a1a1e9a3c1f7b1dd18660439711dfbd2f0727f7713fc5cc,5.9,161.0,55.27,1.85,-10.518057,2.5618527,-99.25,18.04,Rhyp,Ztor,original_table,False,9376,,,False,True,True,False,69.99984242304653,0.568115483569555
2017-09-08__GA62,2017-09-08,GA62,,INSLAB,INSLAB/GA62/pre-pro-GA6220170908044918.npz,data/preprocessed/INSLAB/GA62/pre-pro-GA6220170908044918.npz,308593,cab186c5907e99a76022670b9fc3cd7d77aa5e1096f6af850075b1eeb12f70be,8.2,575.0,22.47,2.01,-10.518057,2.5618527,-94.11,14.85,ref_CU,Ztor,original_table,False,15000,,,False,True,True,False,86.7389389067317,0.6847117919859994
2023-12-07__GA62,2023-12-07,GA62,,INSLAB,INSLAB/GA62/pre-pro-GA6220231207200340.npz,data/preprocessed/INSLAB/GA62/pre-pro-GA6220231207200340.npz,195164,09cbce9648161866c6a1d9a662217d6d462357f8fa8a2cd78e9b180f7ec7b90c,5.7,142.0,44.26,1.86,-10.518057,2.5618527,-98.76,18.29,Rhyp,Ztor,original_table,False,10000,,,False,True,True,False,67.46877788844472,0.6089446595464862
2025-01-12__GA62,2025-01-12,GA62,,INSLAB,INSLAB/GA62/pre-pro-GA6220250112083253.npz,data/preprocessed/INSLAB/GA62/pre-pro-GA6220250112083253.npz,208633,a34afb5590b850072b97384b7467e51fcbade3c03756f07d4ee5104312c75991,6.1,470.0,24.16,1.83,-10.518057,2.5618525,-103.49,18.49,Rhyp,Ztor,original_table,False,10800,,,False,False,False,False,27.652384420343797,0.8510670306439178
1994-05-23__GA62,1994-05-23,GA62,,INSLAB,INSLAB/GA62/pre-pro-GA629405.231.npz,data/preprocessed/INSLAB/GA62/pre-pro-GA629405.231.npz,161195,bfe8838f10208cb763dfe6e051b2bd2388f3bcd2457a0d8fbc2b25906f359e9e,6.2,227.0,44.44,1.98,-10.518057,2.5618527,-100.57,17.98,Rhyp,Ztor,original_table,True,8640,,,True,False,False,False,23.18740849606388,0.8376686607668449
1994-12-10__GA62,1994-12-10,GA62,,INSLAB,INSLAB/GA62/pre-pro-GA629412.101.npz,data/preprocessed/INSLAB/GA62/pre-pro-GA629412.101.npz,189874,df0d16fb0aac65ef891ef9730d3d65b766105d43da19d138c67ff5cb7e511647,6.4,303.0,45.78,2.16,-10.518057,2.5618527,-101.56,18.02,Rhyp,Ztor,original_table,True,9600,,,True,True,True,False,50.617552678785216,0.6994564025722289
1997-01-11__GA62,1997-01-11,GA62,,INSLAB,INSLAB/GA62/pre-pro-GA629701.111.npz,data/preprocessed/INSLAB/GA62/pre-pro-GA629701.111.npz,231831,fa81aa67cb4ecb66f2ba6a5946f07ca320a4be46e552114ff02add434261961d,7.1,385.0,25.4,2.12,-10.518057,2.5618527,-102.58,18.34,ref_CU,Ztor,original_table,True,11520,,,True,True,True,True,55.88345633942902,0.7295612836845285
1997-05-22__GA62,1997-05-22,GA62,,INSLAB,INSLAB/GA62/pre-pro-GA629705.221.npz,data/preprocessed/INSLAB/GA62/pre-pro-GA629705.221.npz,190692,77e9ea2d30d42da15cff39dda0950e240fa0b6f2d5e074b5ab81bd7ff99ba865,6.5,309.0,51.04,1.98,-10.518057,2.5618527,-101.81,18.41,ref_CU,Ztor,original_table,True,9600,,,True,True,True,False,24.12179119270704,0.8574699173203318
1998-04-20__GA62,1998-04-20,GA62,,INSLAB,INSLAB/GA62/pre-pro-GA629804.201.npz,data/preprocessed/INSLAB/GA62/pre-pro-GA629804.201.npz,125761,16a4752453184b9e412cc485ed0b0005baa75cdd61ede6668e59abb18c377e17,5.9,255.0,59.18,1.92,-10.518057,2.5618527,-101.19,18.35,Rhyp,Ztor,original_table,True,6750,,,True,True,True,False,13.940227913902175,0.8741175012289852
1999-06-15__GA62,1999-06-15,GA62,,INSLAB,INSLAB/GA62/pre-pro-GA629906.151.npz,data/preprocessed/INSLAB/GA62/pre-pro-GA629906.151.npz,239503,bb2fa83e48701e2169205bfaee5a5dd970e21adabddc9949e6df90d1cf8bc8a6,6.9,222.0,51.27,1.92,-10.518057,2.5618527,-97.54,18.13,ref_CU,Ztor,original_table,False,12000,,,False,True,True,False,68.48304152873757,0.6780450306579965
1999-06-21__GA62,1999-06-21,GA62,,INSLAB,INSLAB/GA62/pre-pro-GA629906.211.npz,data/preprocessed/INSLAB/GA62/pre-pro-GA629906.211.npz,177753,465c94f31fb7f9b2c06c276b83d64cc8de83272036b41a592f0bd34cf45c37aa,6.0,320.0,48.25,2.09,-10.518057,2.5618527,-101.72,17.99,Rhyp,Ztor,original_table,True,9216,,,True,True,True,False,28.943402574660126,0.8166165964983836
1999-09-30__GA62,1999-09-30,GA62,,INSLAB,INSLAB/GA62/pre-pro-GA629909.301.npz,data/preprocessed/INSLAB/GA62/pre-pro-GA629909.301.npz,313576,5aeef7ea31d57f9fe3a652bd4e6992bee05b970dd6bd1a7ab5e5c38d94df9220,7.4,423.0,32.77,2.05,-10.518057,2.5618527,-97.03,15.95,ref_CU,Ztor,original_table,True,15360,,,True,True,True,True,102.078078718996,0.6352660924036302
2017-09-08__GC38,2017-09-08,GC38,,INSLAB,INSLAB/GC38/pre-pro-GA6220170908044918.npz,data/preprocessed/INSLAB/GC38/pre-pro-GA6220170908044918.npz,362885,2151761c7405267b2af0fea18fb146dfc8712725115b86a92760f08770185a1e,8.2,575.0,22.47,1.63,-5.6351147,-8.124046,-94.11,14.85,ref_CU,Ztor,original_table,True,17496,,,True,True,True,True,127.97420983541228,0.6048959251762511
2000-07-21__GC38,2000-07-21,GC38,,INSLAB,INSLAB/GC38/pre-pro-GC380007.211.npz,data/preprocessed/INSLAB/GC38/pre-pro-GC380007.211.npz,110807,be014f3205260f902bc93897703f339b9b4ea2687e97ab3d44e8ad73827d13e3,5.8,144.0,43.74,1.7,-5.6351156,-8.124047,-98.97,18.09,Rhyp,Ztor,original_table,True,6000,,,True,True,True,False,15.84938637425249,0.8371080537075798
2007-04-13__GC38,2007-04-13,GC38,,INSLAB,INSLAB/GC38/pre-pro-GC380704.131.npz,data/preprocessed/INSLAB/GC38/pre-pro-GC380704.131.npz,130222,821a4168709a7ca7f261e5831eaaf5dc555a911480a27c178ced958ac5d12b2c,5.9,245.0,37.73,1.58,-5.635113,-8.124043,-100.21,17.41,Rhyp,Ztor,original_table,True,6912,,,True,True,True,False,19.58768522369472,0.8295537310851486
2009-05-22__GC38,2009-05-22,GC38,,INSLAB,INSLAB/GC38/pre-pro-GC380905.221.npz,data/preprocessed/INSLAB/GC38/pre-pro-GC380905.221.npz,104038,72734e3e2b5babd7d9ed8087c4f0240978d4eded5cefe18876ba97944fb84111,5.6,160.0,41.27,1.6,-5.6351137,-8.124044,-98.44,18.13,Rhyp,Ztor,original_table,True,5760,,,True,True,True,False,16.911993181641193,0.8143171587435091
2006-08-11__GC38,2006-08-11,GC38,,INSLAB,INSLAB/GC38/pre-pro-GC3820060811143041.npz,data/preprocessed/INSLAB/GC38/pre-pro-GC3820060811143041.npz,115732,877115809d32663c837d20221326568b4eab3ce24729eee0b915eab0f6130c29,5.9,258.0,46.37,1.56,-5.635112,-8.1240425,-101.27,18.32,Rhyp,Ztor,original_table,True,6250,,,True,False,False,False,8.253981373046457,0.918927596768034
2008-04-28__GC38,2008-04-28,GC38,,INSLAB,INSLAB/GC38/pre-pro-GC3820080428000629.npz,data/preprocessed/INSLAB/GC38/pre-pro-GC3820080428000629.npz,111197,923a81b952febb2ef4b12cc8467d91946523b9585782b87de9b4cd0daabdbd76,5.8,198.0,52.22,1.58,-5.635113,-8.124043,-100.1,17.89,Rhyp,Ztor,original_table,True,6076,,,True,True,True,False,9.405464066157506,0.9035831464258584
2011-12-11__GC38,2011-12-11,GC38,,INSLAB,INSLAB/GC38/pre-pro-GC3820111211014725.npz,data/preprocessed/INSLAB/GC38/pre-pro-GC3820111211014725.npz,223299,bac2be36f5359c03aedde6e91e8a487746e7f67476422fc6d03214615ef74f25,6.5,196.0,49.53,1.63,-5.6351147,-8.124046,-99.94,17.82,ref_CU,Ztor,original_table,False,11250,,,False,True,True,False,92.80944384016804,0.5330812303659103
2013-06-16__GC38,2013-06-16,GC38,,INSLAB,INSLAB/GC38/pre-pro-GC3820130616051903.npz,data/preprocessed/INSLAB/GC38/pre-pro-GC3820130616051903.npz,167540,5cde73f7b85594f5dfdd141e8982c0f4c13866750615a7d7044cfc213245bdbe,5.9,148.0,55.27,1.52,-5.635109,-8.124038,-99.25,18.04,Rhyp,Ztor,original_table,False,8640,,,False,True,True,False,60.5829929602379,0.5912078747622275
2023-12-07__GC38,2023-12-07,GC38,,INSLAB,INSLAB/GC38/pre-pro-GC3820231207200340.npz,data/preprocessed/INSLAB/GC38/pre-pro-GC3820231207200340.npz,231772,03187715ecfe4c4cf924e02155d05da02cbb670fb824b7685d51eb07d205a84a,5.7,129.0,44.26,1.55,-5.6351113,-8.124042,-98.76,18.29,Rhyp,Ztor,original_table,False,11520,,,False,True,True,False,115.22257247910112,0.4402595458872911
2025-01-12__GC38,2025-01-12,GC38,,INSLAB,INSLAB/GC38/pre-pro-GC3820250112083253.npz,data/preprocessed/INSLAB/GC38/pre-pro-GC3820250112083253.npz,259761,a04c65d351fd5102532914fa4975b16906d6be641b97ee6d8e153923457f04d7,6.1,471.0,24.16,1.53,-5.63511,-8.12404,-103.49,18.49,Rhyp,Ztor,original_table,False,12800,,,False,False,False,False,20.21224901097611,0.9127428379771364
1994-12-10__GC38,1994-12-10,GC38,,INSLAB,INSLAB/GC38/pre-pro-GC389412.101.npz,data/preprocessed/INSLAB/GC38/pre-pro-GC389412.101.npz,89414,fefb259bfba3acc9bd5403014be9391399b51048301b7af55a30669aeaf7ea05,6.4,299.0,45.78,1.75,-5.6351156,-8.124048,-101.56,18.02,Rhyp,Ztor,original_table,True,5120,,,True,False,False,False,9.767875684756248,0.8757583861007855
1997-01-11__GC38,1997-01-11,GC38,,INSLAB,INSLAB/GC38/pre-pro-GC389701.111.npz,data/preprocessed/INSLAB/GC38/pre-pro-GC389701.111.npz,147505,64d3dfa521232e9e0e3323f16f7cfa91e5926edc446d01479c6ea5aa447ece6d,7.1,384.0,25.4,1.75,-5.6351156,-8.124048,-102.58,18.34,ref_CU,Ztor,original_table,True,7680,,,True,True,True,False,16.198295742551934,0.8756273361290545
1997-05-22__GC38,1997-05-22,GC38,,INSLAB,INSLAB/GC38/pre-pro-GC389705.221.npz,data/preprocessed/INSLAB/GC38/pre-pro-GC389705.221.npz,147204,8b61c256d65a407fafbf8ce3e5d7da25b7769a1655857c201de229751fcb0d70,6.5,307.0,51.04,1.72,-5.6351156,-8.124047,-101.81,18.41,ref_CU,Ztor,original_table,True,7680,,,True,True,True,False,24.428778847235733,0.812432594846163
1998-04-20__GC38,1998-04-20,GC38,,INSLAB,INSLAB/GC38/pre-pro-GC389804.201.npz,data/preprocessed/INSLAB/GC38/pre-pro-GC389804.201.npz,125614,7564c3e1c4e865c1e280632d9f3a4ffc0b866bbf1e380df8ef33f00cc9ec0f06,5.9,252.0,59.18,1.68,-5.635115,-8.124047,-101.19,18.35,Rhyp,Ztor,original_table,True,6750,,,True,False,False,False,3.732255363238778,0.966297134158942
1999-06-15__GC38,1999-06-15,GC38,,INSLAB,INSLAB/GC38/pre-pro-GC389906.151.npz,data/preprocessed/INSLAB/GC38/pre-pro-GC389906.151.npz,201254,506268fdc985bd1c9a07191e47055e593aa4684c3e6e32f3734546b56256f0e4,6.9,211.0,51.27,1.68,-5.635115,-8.124047,-97.54,18.13,ref_CU,Ztor,original_table,False,10126,,,False,True,True,False,52.90196031413508,0.7038461607001338
1999-06-21__GC38,1999-06-21,GC38,,INSLAB,INSLAB/GC38/pre-pro-GC389906.211.npz,data/preprocessed/INSLAB/GC38/pre-pro-GC389906.211.npz,123754,0d407d532e73fe54d37cd9b1cff02afdbb8034ff76c6471f03a9c2f23d1ad667,6.0,317.0,48.25,1.65,-5.6351147,-8.124046,-101.72,17.99,Rhyp,Ztor,original_table,True,6750,,,True,True,True,False,15.47338182698256,0.8580163165077761
1999-09-30__GC38,1999-09-30,GC38,,INSLAB,INSLAB/GC38/pre-pro-GC389909.301.npz,data/preprocessed/INSLAB/GC38/pre-pro-GC389909.301.npz,250708,80ec8b4ee276732f19021cbe79d5f118931c74cbff7bd0fafdc9508a98e19ca8,7.4,409.0,32.77,1.66,-5.635115,-8.124046,-97.03,15.95,ref_CU,Ztor,original_table,True,12288,,,True,True,True,True,79.7104133531522,0.6420405364058192
2007-04-13__GR27,2007-04-13,GR27,,INSLAB,INSLAB/GR27/pre-pro-GR270704.131.npz,data/preprocessed/INSLAB/GR27/pre-pro-GR270704.131.npz,197307,c8f42aebaa0cf1c9a05cb7892f44c2948d91083204a0c609e3f370710d7374fe,5.9,257.0,37.73,0.73,-12.840912,5.613726,-100.21,17.41,Rhyp,Ztor,original_table,True,10000,,,True,True,True,True,42.92828310984831,0.7548356190185704
2009-05-22__GR27,2009-05-22,GR27,,INSLAB,INSLAB/GR27/pre-pro-GR270905.221.npz,data/preprocessed/INSLAB/GR27/pre-pro-GR270905.221.npz,146141,71554fb611b1fca4a3df9baee516a6186c50907311b345336b241bf1d989b916,5.6,178.0,41.27,0.76,-13.032118,5.697316,-98.44,18.13,Rhyp,Ztor,original_table,False,7680,,,False,True,True,False,59.90328149462941,0.5350568030531713
2006-02-20__GR27,2006-02-20,GR27,,INSLAB,INSLAB/GR27/pre-pro-GR2720060220105423.npz,data/preprocessed/INSLAB/GR27/pre-pro-GR2720060220105423.npz,105696,99349109111888ecdbc695f20cfe406f29dec856075eeea8d61d173150e308a7,5.2,202.0,53.4,0.73,-12.840912,5.613726,-100.54,18.3,Rhyp,Ztor,original_table,True,5832,,,True,False,False,False,6.12919741829954,0.9343979726180076
2006-08-11__GR27,2006-08-11,GR27,,INSLAB,INSLAB/GR27/pre-pro-GR2720060811143041.npz,data/preprocessed/INSLAB/GR27/pre-pro-GR2720060811143041.npz,169759,f9d3521317af1a0d0795e44fa5c44175b990763a4a1cce537601b4d32a9752bb,5.9,260.0,46.37,0.76,-13.032118,5.697316,-101.27,18.32,Rhyp,Ztor,original_table,True,8748,,,True,True,True,False,21.53597600589092,0.8574059722843745
2008-04-28__GR27,2008-04-28,GR27,,INSLAB,INSLAB/GR27/pre-pro-GR2720080428000629.npz,data/preprocessed/INSLAB/GR27/pre-pro-GR2720080428000629.npz,165751,db8dc9030f3aa2793e2b31aeed6ca0f2e3a589f5820591cfabd08ac5c0eaeb28,5.8,209.0,52.22,0.73,-12.840912,5.613726,-100.1,17.89,Rhyp,Ztor,original_table,True,8640,,,True,True,True,False,40.47192177749013,0.7250361996230035
2011-12-11__GR27,2011-12-11,GR27,,INSLAB,INSLAB/GR27/pre-pro-GR2720111211014725.npz,data/preprocessed/INSLAB/GR27/pre-pro-GR2720111211014725.npz,207884,f316557407f0ceea1dc4158c78bd49f8cd6b506345f004eb0c15854d862db870,6.5,209.0,49.53,0.76,-13.032118,5.697316,-99.94,17.82,ref_CU,Ztor,original_table,False,10368,,,False,True,True,False,89.88817644073573,0.5113710782738871
2012-11-15__GR27,2012-11-15,GR27,,INSLAB,INSLAB/GR27/pre-pro-GR2720121115092022.npz,data/preprocessed/INSLAB/GR27/pre-pro-GR2720121115092022.npz,96872,f7f9875c72a9b4310e0788f59bf5308168f8899996b787f182f68cf2e45435e7,6.1,196.0,47.88,0.73,-12.840912,5.613726,-100.48,18.3,Rhyp,Ztor,original_table,True,5400,,,True,False,False,False,4.119889371362604,0.9513130539900424
2013-06-16__GR27,2013-06-16,GR27,,INSLAB,INSLAB/GR27/pre-pro-GR2720130616051903.npz,data/preprocessed/INSLAB/GR27/pre-pro-GR2720130616051903.npz,113670,0c9ef60b3ee672ece4a18c766bb665daab9a5dfcf9d914247b8a501629316517,5.9,164.0,55.27,0.74,-12.912644,5.645086,-99.25,18.04,Rhyp,Ztor,original_table,True,6144,,,True,True,True,True,38.624095487638336,0.6123246463149821
2017-09-08__GR27,2017-09-08,GR27,,INSLAB,INSLAB/GR27/pre-pro-GR2720170908044918.npz,data/preprocessed/INSLAB/GR27/pre-pro-GR2720170908044918.npz,307689,fe441f14fcf0120424659ab8445e2cb26cd6c0da3629d75c5c1dd3985a1549a9,8.2,581.0,22.47,0.75,-12.976084,5.6728196,-94.11,14.85,ref_CU,Ztor,original_table,False,15000,,,False,True,True,False,101.67352809808366,0.629510155237825
2023-12-07__GR27,2023-12-07,GR27,,INSLAB,INSLAB/GR27/pre-pro-GR2720231207200340.npz,data/preprocessed/INSLAB/GR27/pre-pro-GR2720231207200340.npz,188206,ea08429c537c15b475cea6143370ae4ec2df271dd7f31218bcafcb81952e494d,5.7,147.0,44.26,0.73,-12.840912,5.613726,-98.76,18.29,Rhyp,Ztor,original_table,False,9600,,,False,True,True,False,104.56925491974542,0.3710876591102098
2025-01-12__GR27,2025-01-12,GR27,,INSLAB,INSLAB/GR27/pre-pro-GR2720250112083253.npz,data/preprocessed/INSLAB/GR27/pre-pro-GR2720250112083253.npz,205951,90c00e070ce949247ba53c66ce1135cac5d43704f35f5bbaf05f68c8d0a48333,6.1,467.0,24.16,0.78,-13.125132,5.7379794,-103.49,18.49,Rhyp,Ztor,original_table,False,10368,,,False,False,False,False,17.48091659756531,0.9045488882954826
1993-08-05__GR27,1993-08-05,GR27,,INSLAB,INSLAB/GR27/pre-pro-GR279308.051.npz,data/preprocessed/INSLAB/GR27/pre-pro-GR279308.051.npz,120680,de16b9baf57560f1e21b524d2a697944dfd85fe300b1c5e4a04ac962eefeb6ef,5.2,250.0,51.21,0.73,-12.840912,5.613726,-97.94,17.62,Rhyp,Ztor,original_table,True,6480,,,True,False,False,False,7.949165076658105,0.9255626455973583
1994-05-23__GR27,1994-05-23,GR27,,INSLAB,INSLAB/GR27/pre-pro-GR279405.231.npz,data/preprocessed/INSLAB/GR27/pre-pro-GR279405.231.npz,203843,1d77634ecba200d7a4d1e85f033030c6830ed37cbeaf16700d51d652f0c94d2b,6.2,227.0,44.44,0.76,-13.032118,5.697316,-100.57,17.98,Rhyp,Ztor,original_table,True,10240,,,True,True,True,False,65.32081989781494,0.6404622418658359
1994-12-10__GR27,1994-12-10,GR27,,INSLAB,INSLAB/GR27/pre-pro-GR279412.101.npz,data/preprocessed/INSLAB/GR27/pre-pro-GR279412.101.npz,385830,f471b3f7df0fc16ffa859be72e5bb84b87b86301ca5fbf1342d37bdac540a7f7,6.4,301.0,45.78,0.77,-13.081555,5.7189293,-101.56,18.02,Rhyp,Ztor,original_table,False,10000,,,False,True,True,False,72.00788242872237,0.583961853312212
1997-01-11__GR27,1997-01-11,GR27,,INSLAB,INSLAB/GR27/pre-pro-GR279701.111.npz,data/preprocessed/INSLAB/GR27/pre-pro-GR279701.111.npz,207726,0f5bc45beec7e8d2f36bf2d5226e7c1840e893ac4c776c12abf506225594bb1b,7.1,382.0,25.4,0.75,-12.976084,5.6728196,-102.58,18.34,ref_CU,Ztor,original_table,True,10800,,,True,True,True,False,54.13025469248274,0.7074830873143327
1997-05-22__GR27,1997-05-22,GR27,,INSLAB,INSLAB/GR27/pre-pro-GR279705.221.npz,data/preprocessed/INSLAB/GR27/pre-pro-GR279705.221.npz,180702,ecad8052bb8cff75d6b50943ee8e3ad340178a01654eea6d68297de3694d253d,6.5,306.0,51.04,0.75,-12.976084,5.6728196,-101.81,18.41,ref_CU,Ztor,original_table,True,9216,,,True,True,True,False,33.77073724073283,0.790595044083011
1998-04-20__GR27,1998-04-20,GR27,,INSLAB,INSLAB/GR27/pre-pro-GR279804.201.npz,data/preprocessed/INSLAB/GR27/pre-pro-GR279804.201.npz,164671,5c0e884950611973e5ec5cea3acc69010397b60c1da98e4251ea54f13d53068a,5.9,254.0,59.18,0.76,-13.032118,5.697316,-101.19,18.35,Rhyp,Ztor,original_table,True,8640,,,True,False,False,False,18.550882288631115,0.8728607889203542
1999-06-15__GR27,1999-06-15,GR27,,INSLAB,INSLAB/GR27/pre-pro-GR279906.151.npz,data/preprocessed/INSLAB/GR27/pre-pro-GR279906.151.npz,194488,139b76d2c4780840228aa81090fef20722f36bc99c86330aa2ca343f2f56bfb9,6.9,228.0,51.27,0.72,-12.759918,5.5783176,-97.54,18.13,ref_CU,Ztor,original_table,False,10000,,,False,True,True,False,65.6551841244064,0.6197209144256797
1999-06-21__GR27,1999-06-21,GR27,,INSLAB,INSLAB/GR27/pre-pro-GR279906.211.npz,data/preprocessed/INSLAB/GR27/pre-pro-GR279906.211.npz,175340,10ade1045b72b0a96ca7dda51a06da08e19e47e9f16cacab1f3616c0dd997bcf,6.0,319.0,48.25,0.77,-13.081555,5.7189293,-101.72,17.99,Rhyp,Ztor,original_table,True,9000,,,True,True,True,False,28.63662619907663,0.8169364814992225
1999-09-30__GR27,1999-09-30,GR27,,INSLAB,INSLAB/GR27/pre-pro-GR279909.301.npz,data/preprocessed/INSLAB/GR27/pre-pro-GR279909.301.npz,238584,14a2769409f732f8b0434b1df6336fd68ce4ace7d39e8be14400344611837552,7.4,428.0,32.77,0.76,-13.032118,5.697316,-97.03,15.95,ref_CU,Ztor,original_table,False,12000,,,False,True,True,False,90.9878553561372,0.5715597525256053
1994-05-23__HA41,1994-05-23,HA41,,INSLAB,INSLAB/HA41/pre-pro-HA419405.231.npz,data/preprocessed/INSLAB/HA41/pre-pro-HA419405.231.npz,255054,7ccc7cca65c8db3b24bf8714d39d40226aa0f1db32b285db8113b408b1ddbad3,6.2,230.0,44.44,4.64,-3.6121554,0.29191905,-100.57,17.98,Rhyp,Ztor,original_table,True,12800,,,True,True,True,False,40.48797744428566,0.8222886474815184
1994-12-10__HA41,1994-12-10,HA41,,INSLAB,INSLAB/HA41/pre-pro-HA419412.101.npz,data/preprocessed/INSLAB/HA41/pre-pro-HA419412.101.npz,587285,6a8cbd495e736806da4e2bf24c9d168945b59758f11a9f52ebbe8cf8c7f38bdd,6.4,307.0,45.78,4.56,-3.6121554,0.29191905,-101.56,18.02,Rhyp,Ztor,original_table,True,14400,,,True,True,True,True,123.93781949192284,0.532062903073613
2000-07-21__HJ72,2000-07-21,HJ72,,INSLAB,INSLAB/HJ72/pre-pro-HJ720007.211.npz,data/preprocessed/INSLAB/HJ72/pre-pro-HJ720007.211.npz,125747,37fcc359bb68bbc92d0fb5ffb2aa49d77e6737691782020e0765babe16854478,5.8,155.0,43.74,1.98,-9.270843,1.0668378,-98.97,18.09,Rhyp,Ztor,original_table,True,6750,,,True,True,True,False,22.498773815919648,0.796667204555629
2007-04-13__HJ72,2007-04-13,HJ72,,INSLAB,INSLAB/HJ72/pre-pro-HJ720704.131.npz,data/preprocessed/INSLAB/HJ72/pre-pro-HJ720704.131.npz,132072,e6d541a267f035eae9fcb92b438a86e5360295d768ee3c5269daa16dcdd7220e,5.9,254.0,37.73,1.86,-9.270843,1.0668378,-100.21,17.41,Rhyp,Ztor,original_table,True,7200,,,True,True,True,False,14.664347759310886,0.874104157286136
2009-05-22__HJ72,2009-05-22,HJ72,,INSLAB,INSLAB/HJ72/pre-pro-HJ720905.221.npz,data/preprocessed/INSLAB/HJ72/pre-pro-HJ720905.221.npz,106951,88448fe3aa671ab25ec887874d7b1fc2e8074225f9ee771962e7b1a6a40ad9d7,5.6,171.0,41.27,2.47,-9.270843,1.0668378,-98.44,18.13,Rhyp,Ztor,original_table,True,5832,,,True,True,True,False,21.76732545335057,0.7674927851596821
2006-08-11__HJ72,2006-08-11,HJ72,,INSLAB,INSLAB/HJ72/pre-pro-HJ7220060811143041.npz,data/preprocessed/INSLAB/HJ72/pre-pro-HJ7220060811143041.npz,124436,dc841d2c0a8b42d0ba3925dee328c847ebc9cfa1e2cf6dd3ff0793c8ab595a9e,5.9,262.0,46.37,2.16,-9.270843,1.0668378,-101.27,18.32,Rhyp,Ztor,original_table,True,6750,,,True,False,False,False,8.971529841985799,0.9182175948770666
2008-04-28__HJ72,2008-04-28,HJ72,,INSLAB,INSLAB/HJ72/pre-pro-HJ7220080428000629.npz,data/preprocessed/INSLAB/HJ72/pre-pro-HJ7220080428000629.npz,109958,8be016ce7ce3912600fc4b4c0d026bef223ed8de2bf741dd425f6b58f4737f20,5.8,207.0,52.22,2.11,-9.270843,1.0668378,-100.1,17.89,Rhyp,Ztor,original_table,True,6000,,,True,False,False,False,5.14464602700977,0.9466654983722812
2011-12-11__HJ72,2011-12-11,HJ72,,INSLAB,INSLAB/HJ72/pre-pro-HJ7220111211014725.npz,data/preprocessed/INSLAB/HJ72/pre-pro-HJ7220111211014725.npz,215994,6e63c5319d9edf006eea61fb0a40fae86420561baf98707e1f0080d5acdb84a3,6.5,206.0,49.53,1.92,-9.270843,1.0668378,-99.94,17.82,ref_CU,Ztor,original_table,False,10800,,,False,True,True,False,79.63287261818233,0.5841408291911727
2013-06-16__HJ72,2013-06-16,HJ72,,INSLAB,INSLAB/HJ72/pre-pro-HJ7220130616051903.npz,data/preprocessed/INSLAB/HJ72/pre-pro-HJ7220130616051903.npz,204851,533acee8a71734691fa22e0417d05617d8c5c80d5920eca5806ce1c175d7f9f2,5.9,159.0,55.27,1.86,-9.270843,1.0668378,-99.25,18.04,Rhyp,Ztor,original_table,False,10240,,,False,True,True,False,93.8198568052391,0.482487413507424
2017-09-08__HJ72,2017-09-08,HJ72,,INSLAB,INSLAB/HJ72/pre-pro-HJ7220170908044918.npz,data/preprocessed/INSLAB/HJ72/pre-pro-HJ7220170908044918.npz,348150,d1c35f4050116f878d0d05c6371541737b9c7ca0e23da40d560d7dcbccac8fd7,8.2,573.0,22.47,2.47,-9.270843,1.0668378,-94.11,14.85,ref_CU,Ztor,original_table,False,16876,,,False,True,True,False,119.93970714851083,0.6140811893931245
2023-12-07__HJ72,2023-12-07,HJ72,,INSLAB,INSLAB/HJ72/pre-pro-HJ7220231207200340.npz,data/preprocessed/INSLAB/HJ72/pre-pro-HJ7220231207200340.npz,193737,5fedfb304e89673566bd7b44ee235adfd679bc8bacc863d06b1c16f70466ab4d,5.7,141.0,44.26,1.92,-9.270843,1.0668378,-98.76,18.29,Rhyp,Ztor,original_table,False,9720,,,False,True,True,False,66.97435792731532,0.6092283217963981
2025-01-12__HJ72,2025-01-12,HJ72,,INSLAB,INSLAB/HJ72/pre-pro-HJ7220250112083253.npz,data/preprocessed/INSLAB/HJ72/pre-pro-HJ7220250112083253.npz,311345,26d0e2e4d5cc82845d752f023aece13f98c3c7521d9769e32b6312bd836412d4,6.1,471.0,24.16,2.42,-9.270843,1.0668378,-103.49,18.49,Rhyp,Ztor,original_table,False,15360,,,False,False,False,False,47.800134997858976,0.8279208906405826
1994-05-23__HJ72,1994-05-23,HJ72,,INSLAB,INSLAB/HJ72/pre-pro-HJ729405.231.npz,data/preprocessed/INSLAB/HJ72/pre-pro-HJ729405.231.npz,124650,f3ec1e8ed3bc76b13cf8dfd0e38e04bb77cd543923520a3e92ead04fc7ffb16e,6.2,227.0,44.44,2.55,-9.270843,1.0668378,-100.57,17.98,Rhyp,Ztor,original_table,True,6750,,,True,True,True,False,18.8351649543944,0.8287245161917396
1994-12-10__HJ72,1994-12-10,HJ72,,INSLAB,INSLAB/HJ72/pre-pro-HJ729412.101.npz,data/preprocessed/INSLAB/HJ72/pre-pro-HJ729412.101.npz,159170,dee3613158f60f3a32e19dbec885fee5d7c4f0e3c4d952b1b8700e999c07ef99,6.4,303.0,45.78,2.74,-9.270843,1.0668378,-101.56,18.02,Rhyp,Ztor,original_table,True,8192,,,True,True,True,False,24.528261290483897,0.8258183405021737
1997-05-22__HJ72,1997-05-22,HJ72,,INSLAB,INSLAB/HJ72/pre-pro-HJ729705.221.npz,data/preprocessed/INSLAB/HJ72/pre-pro-HJ729705.221.npz,205299,ea478918d31f6cbbf889a12b8c007a0071d72061bac9bbbffb62b115cc2db9e3,6.5,309.0,51.04,2.65,-9.270843,1.0668378,-101.81,18.41,ref_CU,Ztor,original_table,True,10240,,,True,True,True,False,38.80357043399047,0.7870743501207722
1998-04-20__HJ72,1998-04-20,HJ72,,INSLAB,INSLAB/HJ72/pre-pro-HJ729804.201.npz,data/preprocessed/INSLAB/HJ72/pre-pro-HJ729804.201.npz,125643,a418d9c7cd670e7eaac83591aa0337f244426889b05941eb83340a08890cf070,5.9,256.0,59.18,2.6,-9.270843,1.0668378,-101.19,18.35,Rhyp,Ztor,original_table,True,6750,,,True,False,False,False,8.745129029403515,0.921030079199896
1999-06-15__HJ72,1999-06-15,HJ72,,INSLAB,INSLAB/HJ72/pre-pro-HJ729906.151.npz,data/preprocessed/INSLAB/HJ72/pre-pro-HJ729906.151.npz,226205,9f86673028c4ef4318f62b988468a2c8b26c34285a22bde052f4146f9ba664f7,6.9,220.0,51.27,2.6,-9.270843,1.0668378,-97.54,18.13,ref_CU,Ztor,original_table,False,11250,,,False,True,True,False,51.84733691583344,0.7418989599968466
1999-06-21__HJ72,1999-06-21,HJ72,,INSLAB,INSLAB/HJ72/pre-pro-HJ729906.211.npz,data/preprocessed/INSLAB/HJ72/pre-pro-HJ729906.211.npz,132695,977500eff0b1e45abad63883724733f5f3519fc48263067af896a5e8ba10bd0f,6.0,321.0,48.25,2.18,-9.270843,1.0668378,-101.72,17.99,Rhyp,Ztor,original_table,True,7200,,,True,True,True,False,10.96337406930344,0.9062879385477096
1999-09-30__HJ72,1999-09-30,HJ72,,INSLAB,INSLAB/HJ72/pre-pro-HJ729909.301.npz,data/preprocessed/INSLAB/HJ72/pre-pro-HJ729909.301.npz,264957,3950bd07b4574b832028ca0aa6ef3589d50cf8e12c9fb85b6451fcbb34093b0e,7.4,421.0,32.77,2.62,-9.270843,1.0668378,-97.03,15.95,ref_CU,Ztor,original_table,False,12960,,,False,True,True,False,48.736916753787966,0.7935313842245797
2000-07-21__IB22,2000-07-21,IB22,,INSLAB,INSLAB/IB22/pre-pro-IB220007.211.npz,data/preprocessed/INSLAB/IB22/pre-pro-IB220007.211.npz,158712,f1b3caeaace4bea976c3008425cb0927cf36e570ae5884413f7d77a7a53af381,5.8,147.0,43.74,1.42,-8.120329,-6.1961484,-98.97,18.09,Rhyp,Ztor,original_table,False,8192,,,False,True,True,False,59.37542113400912,0.5761017981437202
2007-04-13__IB22,2007-04-13,IB22,,INSLAB,INSLAB/IB22/pre-pro-IB220704.131.npz,data/preprocessed/INSLAB/IB22/pre-pro-IB220704.131.npz,118337,cdf41d58842859b3e88f2cb16ed6b04489ea6d42362d7b9b6573e7643c03f037,5.9,246.0,37.73,1.38,-8.120302,-6.196128,-100.21,17.41,Rhyp,Ztor,original_table,True,6400,,,True,True,True,False,15.01812960001648,0.8554976464926731
2009-05-22__IB22,2009-05-22,IB22,,INSLAB,INSLAB/IB22/pre-pro-IB220905.221.npz,data/preprocessed/INSLAB/IB22/pre-pro-IB220905.221.npz,104163,e8db9825f9ea60415e49dc0edc7e4525b0ceb5eff984beb4aa92f31f620be1f6,5.6,163.0,41.27,1.33,-8.12024,-6.1960807,-98.44,18.13,Rhyp,Ztor,original_table,True,5760,,,True,True,True,False,18.312365521207795,0.7993385325311441
2006-08-11__IB22,2006-08-11,IB22,,INSLAB,INSLAB/IB22/pre-pro-IB2220060811143041.npz,data/preprocessed/INSLAB/IB22/pre-pro-IB2220060811143041.npz,117092,f8797b82e652660677a309999f8a564b88bef39e34f9942a6e095496e919a0fd,5.9,258.0,46.37,1.34,-8.120256,-6.1960926,-101.27,18.32,Rhyp,Ztor,original_table,True,6400,,,True,False,False,False,9.36501815841963,0.909015659589822
2008-04-28__IB22,2008-04-28,IB22,,INSLAB,INSLAB/IB22/pre-pro-IB2220080428000629.npz,data/preprocessed/INSLAB/IB22/pre-pro-IB2220080428000629.npz,107632,4ebe7a439bbaaeedadf9296a41de71024dd29df5e62b515394525d5aba3f3386,5.8,199.0,52.22,1.41,-8.120323,-6.196144,-100.1,17.89,Rhyp,Ztor,original_table,True,6000,,,True,False,False,False,9.115800083800876,0.9035058739938512
2011-12-11__IB22,2011-12-11,IB22,,INSLAB,INSLAB/IB22/pre-pro-IB2220111211014725.npz,data/preprocessed/INSLAB/IB22/pre-pro-IB2220111211014725.npz,197114,98a43e2860e640674be8872215ec0539db694016efe8a0d27a730a9231233282,6.5,198.0,49.53,1.34,-8.120256,-6.1960926,-99.94,17.82,ref_CU,Ztor,original_table,False,10000,,,False,True,True,False,56.76527597072976,0.676034265661855
2012-11-15__IB22,2012-11-15,IB22,,INSLAB,INSLAB/IB22/pre-pro-IB2220121115092022.npz,data/preprocessed/INSLAB/IB22/pre-pro-IB2220121115092022.npz,165532,be2d143c49912fea4afe3685f9cb53a692c7e7d4379ef562f3634e89e3548ad2,6.1,191.0,47.88,1.36,-8.120282,-6.1961126,-100.48,18.3,Rhyp,Ztor,original_table,True,8640,,,True,True,True,True,30.847109372466733,0.7891949062224648
2013-06-16__IB22,2013-06-16,IB22,,INSLAB,INSLAB/IB22/pre-pro-IB2220130616051903.npz,data/preprocessed/INSLAB/IB22/pre-pro-IB2220130616051903.npz,152530,950267c8f4b0fed129cee52fc159a4d02485d69fa45746b54991ed2b1f15ca1c,5.9,151.0,55.27,1.32,-8.120222,-6.196067,-99.25,18.04,Rhyp,Ztor,original_table,False,8000,,,False,True,True,False,64.59348432297709,0.5198938284303769
2017-09-08__IB22,2017-09-08,IB22,,INSLAB,INSLAB/IB22/pre-pro-IB2220170908044918.npz,data/preprocessed/INSLAB/IB22/pre-pro-IB2220170908044918.npz,369558,26bd94384f05fe2771c7a6c50a4ce36377fd772bbbeb9028f84afc99d85f6c64,8.2,567.0,22.47,1.41,-8.120323,-6.196144,-94.11,14.85,ref_CU,Ztor,original_table,True,18000,,,True,True,True,True,151.75652371421754,0.540159615434769
2025-01-12__IB22,2025-01-12,IB22,,INSLAB,INSLAB/IB22/pre-pro-IB2220250112083253.npz,data/preprocessed/INSLAB/IB22/pre-pro-IB2220250112083253.npz,255442,343d73649e013f8213071f59ffb47722ee2cc03478ea7838e96bb652484414fd,6.1,469.0,24.16,1.31,-8.120201,-6.196051,-103.49,18.49,Rhyp,Ztor,original_table,False,12800,,,False,False,False,False,25.299348699050967,0.8888575816058912
1997-05-22__IB22,1997-05-22,IB22,,INSLAB,INSLAB/IB22/pre-pro-IB229705.221.npz,data/preprocessed/INSLAB/IB22/pre-pro-IB229705.221.npz,183438,e8a7da30fce5b2ac783c5f545d9ead889739c9d3e90cb340506151149bc9d612,6.5,306.0,51.04,1.39,-8.12031,-6.196134,-101.81,18.41,ref_CU,Ztor,original_table,True,9376,,,True,False,False,False,39.64361399861701,0.7563990782928781
1999-06-15__IB22,1999-06-15,IB22,,INSLAB,INSLAB/IB22/pre-pro-IB229906.151.npz,data/preprocessed/INSLAB/IB22/pre-pro-IB229906.151.npz,213823,673648b417591f5af6b8011be5c72416b9fb67a9c51906f1bbfa5336bfc58dbe,6.9,215.0,51.27,1.41,-8.120323,-6.196144,-97.54,18.13,ref_CU,Ztor,original_table,False,10800,,,False,True,True,False,65.87038983102714,0.652966704435872
1999-06-21__IB22,1999-06-21,IB22,,INSLAB,INSLAB/IB22/pre-pro-IB229906.211.npz,data/preprocessed/INSLAB/IB22/pre-pro-IB229906.211.npz,132716,e29d7961624d84dddf1b4fb02836a4e12894bdb193150297ea261b40a126e949,6.0,316.0,48.25,1.39,-8.12031,-6.196134,-101.72,17.99,Rhyp,Ztor,original_table,True,7200,,,True,True,True,False,17.15170378584976,0.8537043348187499
1999-09-30__IB22,1999-09-30,IB22,,INSLAB,INSLAB/IB22/pre-pro-IB229909.301.npz,data/preprocessed/INSLAB/IB22/pre-pro-IB229909.301.npz,221415,4bc31613a3a3dba4a116710f89ac26bd9e286a802ed6685c53d3e4195b948612,7.4,413.0,32.77,1.45,-8.120341,-6.196158,-97.03,15.95,ref_CU,Ztor,original_table,True,11250,,,True,True,True,True,46.75209451666254,0.7624747522396863
2023-12-07__IM40,2023-12-07,IM40,,INSLAB,INSLAB/IM40/pre-pro-IM4020231207200340.npz,data/preprocessed/INSLAB/IM40/pre-pro-IM4020231207200340.npz,167268,8ef61a26c365b3de8db462d4bb9dd0d2eb4fc57b3f65a6cb8e9e1a0581388d7d,5.7,135.0,44.26,0.5,-3.1333077,-1.3957853,-98.76,18.29,Rhyp,Ztor,original_table,False,4860,,,False,True,True,False,35.592139871163,0.5183417028058326
2025-01-12__IM40,2025-01-12,IM40,,INSLAB,INSLAB/IM40/pre-pro-IM4020250112083253.npz,data/preprocessed/INSLAB/IM40/pre-pro-IM4020250112083253.npz,374205,572ce0c3bb9c3acb036119db80868df3d2f4f92a35c251010733878b589cfd6f,6.1,462.0,24.16,0.5,-3.1333077,-1.3957853,-103.49,18.49,Rhyp,Ztor,original_table,False,9600,,,False,False,False,False,31.738086860127797,0.8100312033271815
2000-07-21__JA43,2000-07-21,JA43,,INSLAB,INSLAB/JA43/pre-pro-JA430007.211.npz,data/preprocessed/INSLAB/JA43/pre-pro-JA430007.211.npz,316877,736a907d04202d5ddc9d5ed0345d23cf46919af7d2df47fd5292162d9cbfb055,5.8,153.0,43.74,2.79,-8.989972,-0.9920574,-98.97,18.09,Rhyp,Ztor,original_table,True,8640,,,True,True,True,True,42.53464404064255,0.7001752085388042
2007-04-13__JA43,2007-04-13,JA43,,INSLAB,INSLAB/JA43/pre-pro-JA430704.131.npz,data/preprocessed/INSLAB/JA43/pre-pro-JA430704.131.npz,170371,2a27c513a33156e881994da928a64ebd869f1cf124a287888cfa43410e8e81c6,5.9,252.0,37.73,2.88,-8.989972,-0.9920574,-100.21,17.41,Rhyp,Ztor,original_table,True,8748,,,True,True,True,False,13.208678984492082,0.9125426803648806
2009-05-22__JA43,2009-05-22,JA43,,INSLAB,INSLAB/JA43/pre-pro-JA430905.221.npz,data/preprocessed/INSLAB/JA43/pre-pro-JA430905.221.npz,152205,4671cc9550b8c1d6e329f6778026c3a2bd037a9c6170a6ad2e9a4445450a4241,5.6,169.0,41.27,2.57,-8.989972,-0.9920574,-98.44,18.13,Rhyp,Ztor,original_table,False,8000,,,False,True,True,False,65.26007135669401,0.5141447933539754
2006-02-20__JA43,2006-02-20,JA43,,INSLAB,INSLAB/JA43/pre-pro-JA4320060220105423.npz,data/preprocessed/INSLAB/JA43/pre-pro-JA4320060220105423.npz,89294,f81a3e308a0c2e0561f964eccc861d9da3220cc26bbfd0de8758b9163a3e10b7,5.2,201.0,53.4,2.71,-8.989972,-0.9920574,-100.54,18.3,Rhyp,Ztor,original_table,True,5120,,,True,False,False,False,16.427674554083417,0.7895776283580964
2006-08-11__JA43,2006-08-11,JA43,,INSLAB,INSLAB/JA43/pre-pro-JA4320060811143041.npz,data/preprocessed/INSLAB/JA43/pre-pro-JA4320060811143041.npz,144159,ec8d962b0ac4a0bfd1af4d7101d8fb19708101e5cba45ca2a32b304036431c26,5.9,261.0,46.37,2.68,-8.989972,-0.9920574,-101.27,18.32,Rhyp,Ztor,original_table,True,7680,,,True,False,False,False,6.416244066299754,0.9498691767614676
2008-04-28__JA43,2008-04-28,JA43,,INSLAB,INSLAB/JA43/pre-pro-JA4320080428000629.npz,data/preprocessed/INSLAB/JA43/pre-pro-JA4320080428000629.npz,134589,b523ac0197cc718484852e25f808855cb72baf0ed1998171c8517e2ffc39cacf,5.8,205.0,52.22,2.6,-8.989972,-0.9920574,-100.1,17.89,Rhyp,Ztor,original_table,True,7200,,,True,False,False,False,8.300196953477382,0.9302680252585284
2011-12-11__JA43,2011-12-11,JA43,,INSLAB,INSLAB/JA43/pre-pro-JA4320111211014725.npz,data/preprocessed/INSLAB/JA43/pre-pro-JA4320111211014725.npz,265662,7029b1e66e03bba9a5146afae314cb3079ec56c046ad46fab0acd36ff6836573,6.5,204.0,49.53,2.74,-8.989972,-0.9920574,-99.94,17.82,ref_CU,Ztor,original_table,True,12960,,,True,True,True,True,87.9545738652379,0.6282248124725763
2012-11-15__JA43,2012-11-15,JA43,,INSLAB,INSLAB/JA43/pre-pro-JA4320121115092022.npz,data/preprocessed/INSLAB/JA43/pre-pro-JA4320121115092022.npz,202442,259af8438305455c81297968fd22186b9905b307783b162c9272edc9d64b9036,6.1,196.0,47.88,2.76,-8.989972,-0.9920574,-100.48,18.3,Rhyp,Ztor,original_table,True,10126,,,True,True,True,True,38.601040602443845,0.7848325495961882
2013-06-16__JA43,2013-06-16,JA43,,INSLAB,INSLAB/JA43/pre-pro-JA4320130616051903.npz,data/preprocessed/INSLAB/JA43/pre-pro-JA4320130616051903.npz,167978,1e2a0e4149b55347b26efd254b3c143fd3e024bc6313fc01c7540573f1cfa662,5.9,157.0,55.27,2.74,-8.989972,-0.9920574,-99.25,18.04,Rhyp,Ztor,original_table,False,8640,,,False,True,True,False,48.290693008988725,0.6747444398936572
2017-09-08__JA43,2017-09-08,JA43,,INSLAB,INSLAB/JA43/pre-pro-JA4320170908044918.npz,data/preprocessed/INSLAB/JA43/pre-pro-JA4320170908044918.npz,386768,532df58b1b886788aa942433ed2e70bd5d0a910fcc240a50a9091d769cbb9fd8,8.2,571.0,22.47,2.76,-8.989972,-0.9920574,-94.11,14.85,ref_CU,Ztor,original_table,True,18432,,,True,True,True,True,142.26420660799354,0.588593965853113
2023-12-07__JA43,2023-12-07,JA43,,INSLAB,INSLAB/JA43/pre-pro-JA4320231207200340.npz,data/preprocessed/INSLAB/JA43/pre-pro-JA4320231207200340.npz,244338,ad3fee1f0a799895192f5dfff29827de25d0fc9ad00388c82e34820f45f85cad,5.7,138.0,44.26,2.54,-8.989972,-0.9920574,-98.76,18.29,Rhyp,Ztor,original_table,False,12000,,,False,True,True,False,97.84436372057723,0.5486467214661074
2025-01-12__JA43,2025-01-12,JA43,,INSLAB,INSLAB/JA43/pre-pro-JA4320250112083253.npz,data/preprocessed/INSLAB/JA43/pre-pro-JA4320250112083253.npz,520995,9c21a18017261b3a3f9c6056fa13f7e2e05acb4a450524da977562e4e2e8fe31,6.1,471.0,24.16,2.44,-8.989972,-0.9920574,-103.49,18.49,Rhyp,Ztor,original_table,False,24576,,,False,False,False,False,73.15770288259921,0.8431539504693112
1994-05-23__JA43,1994-05-23,JA43,,INSLAB,INSLAB/JA43/pre-pro-JA439405.231.npz,data/preprocessed/INSLAB/JA43/pre-pro-JA439405.231.npz,189353,9a9b95e3575aea6d5d4f2479957c3223464a8c2ea45622ee4c0cee908d6609af,6.2,225.0,44.44,3.07,-8.989972,-0.9920574,-100.57,17.98,Rhyp,Ztor,original_table,True,9600,,,True,False,False,False,12.750083411489555,0.9239572767251772
1994-12-10__JA43,1994-12-10,JA43,,INSLAB,INSLAB/JA43/pre-pro-JA439412.101.npz,data/preprocessed/INSLAB/JA43/pre-pro-JA439412.101.npz,687044,997b76a144e5ac20e3ea2c56ea4dea7e11e8a1918b5a26091cf02e2bbf14b54a,6.4,302.0,45.78,2.97,-8.989972,-0.9920574,-101.56,18.02,Rhyp,Ztor,original_table,True,16876,,,True,True,True,True,127.56554536809917,0.5881062773668518
1997-01-11__JA43,1997-01-11,JA43,,INSLAB,INSLAB/JA43/pre-pro-JA439701.111.npz,data/preprocessed/INSLAB/JA43/pre-pro-JA439701.111.npz,245176,0f1811a61d81dad1516874fe7731e75506d73c169eb46a41af68c35e26d1dda3,7.1,385.0,25.4,3.13,-8.989972,-0.9920574,-102.58,18.34,ref_CU,Ztor,original_table,False,12150,,,False,True,True,False,60.62668256848275,0.7229634318749646
1997-05-22__JA43,1997-05-22,JA43,,INSLAB,INSLAB/JA43/pre-pro-JA439705.221.npz,data/preprocessed/INSLAB/JA43/pre-pro-JA439705.221.npz,167045,4882c275b01d67e5d654992ded4e1ef89d33fb19358300a00f94875fc3cb9c30,6.5,309.0,51.04,2.88,-8.989972,-0.9920574,-101.81,18.41,ref_CU,Ztor,original_table,True,8640,,,True,False,False,False,8.877888174147273,0.9402041612841162
1998-04-20__JA43,1998-04-20,JA43,,INSLAB,INSLAB/JA43/pre-pro-JA439804.201.npz,data/preprocessed/INSLAB/JA43/pre-pro-JA439804.201.npz,121541,5838300f3f0b2450c33cee73133fbc2b166ae3d20e657751c4012e83b46e6fee,5.9,255.0,59.18,3.03,-8.989972,-0.9920574,-101.19,18.35,Rhyp,Ztor,original_table,True,6562,,,True,False,False,False,7.19601866515589,0.9330665178573538
1999-06-15__JA43,1999-06-15,JA43,,INSLAB,INSLAB/JA43/pre-pro-JA439906.151.npz,data/preprocessed/INSLAB/JA43/pre-pro-JA439906.151.npz,290554,278a835b77e3db48e46d09e7be755c86649c2b0cddef3f09773fa592a31a948a,6.9,218.0,51.27,2.94,-8.989972,-0.9920574,-97.54,18.13,ref_CU,Ztor,original_table,True,14400,,,True,True,True,True,97.71348532537078,0.6232369950824339
1999-06-21__JA43,1999-06-21,JA43,,INSLAB,INSLAB/JA43/pre-pro-JA439906.211.npz,data/preprocessed/INSLAB/JA43/pre-pro-JA439906.211.npz,137197,7772e9624ca379664ca46834405ae6394e3b5d4c5c105b6f697d2570b2443772,6.0,320.0,48.25,2.97,-8.989972,-0.9920574,-101.72,17.99,Rhyp,Ztor,original_table,True,7290,,,True,False,False,False,9.135313101684249,0.9248678912601016
1999-09-30__JA43,1999-09-30,JA43,,INSLAB,INSLAB/JA43/pre-pro-JA439909.301.npz,data/preprocessed/INSLAB/JA43/pre-pro-JA439909.301.npz,268753,4d944eebcadf61fe028aaa65803e567867e90237264e3717e4a6fd515c082e71,7.4,419.0,32.77,3.0,-8.989972,-0.9920574,-97.03,15.95,ref_CU,Ztor,original_table,False,13122,,,False,True,True,False,61.97270411319664,0.7415327017008106
2000-07-21__JC54,2000-07-21,JC54,,INSLAB,INSLAB/JC54/pre-pro-JC540007.211.npz,data/preprocessed/INSLAB/JC54/pre-pro-JC540007.211.npz,147728,7db097d2b2b4189bae0312586f69b2416b61bcfb584df2141c735de5858ce040,5.8,144.0,43.74,1.11,-7.667303,-8.816798,-98.97,18.09,Rhyp,Ztor,original_table,True,7680,,,True,True,True,True,52.25080451382473,0.5996720463237456
2007-04-13__JC54,2007-04-13,JC54,,INSLAB,INSLAB/JC54/pre-pro-JC540704.131.npz,data/preprocessed/INSLAB/JC54/pre-pro-JC540704.131.npz,148130,f5048e65cf618f21ff81f4760234bc330913bdd582966ba7e31bae182166ae39,5.9,243.0,37.73,1.07,-7.665718,-8.814975,-100.21,17.41,Rhyp,Ztor,original_table,True,7680,,,True,True,True,True,30.381236795441808,0.7681883351484678
2009-05-22__JC54,2009-05-22,JC54,,INSLAB,INSLAB/JC54/pre-pro-JC540905.221.npz,data/preprocessed/INSLAB/JC54/pre-pro-JC540905.221.npz,115336,b70b57a2100efb9db9bbfe9563a1e8ccf4f02a04db20271f4c8cf968cd17283e,5.6,160.0,41.27,1.13,-7.66783,-8.817404,-98.44,18.13,Rhyp,Ztor,original_table,True,6250,,,True,True,True,False,24.600812591453572,0.7572447938479023
2006-08-11__JC54,2006-08-11,JC54,,INSLAB,INSLAB/JC54/pre-pro-JC5420060811143041.npz,data/preprocessed/INSLAB/JC54/pre-pro-JC5420060811143041.npz,117727,77ab2a9aec547152a7aa71ec59747c7f9f947568bd1f3d5cf19fcd65a7904990,5.9,256.0,46.37,1.11,-7.667303,-8.816798,-101.27,18.32,Rhyp,Ztor,original_table,True,6400,,,True,False,False,False,7.647912580008878,0.9261142635493298
2008-04-28__JC54,2008-04-28,JC54,,INSLAB,INSLAB/JC54/pre-pro-JC5420080428000629.npz,data/preprocessed/INSLAB/JC54/pre-pro-JC5420080428000629.npz,136683,a4d25ea54a804757ff80e7b7956182136ca98251b7508e201a858e92cc0ecc5a,5.8,197.0,52.22,1.08,-7.6661963,-8.815526,-100.1,17.89,Rhyp,Ztor,original_table,True,7200,,,True,True,True,False,13.466225929217558,0.8884692237103068
2011-12-11__JC54,2011-12-11,JC54,,INSLAB,INSLAB/JC54/pre-pro-JC5420111211014725.npz,data/preprocessed/INSLAB/JC54/pre-pro-JC5420111211014725.npz,197267,7925158b9c9ae572e6e32eedc5a882a8aee08f37fef6a31c4afe812b5fb8a8bd,6.5,195.0,49.53,1.07,-7.665718,-8.814975,-99.94,17.82,ref_CU,Ztor,original_table,False,10000,,,False,True,True,False,73.28632395783755,0.5809336461697303
2012-11-15__JC54,2012-11-15,JC54,,INSLAB,INSLAB/JC54/pre-pro-JC5420121115092022.npz,data/preprocessed/INSLAB/JC54/pre-pro-JC5420121115092022.npz,194170,c0966d77301100a720eff35f129f63c3efc87939c986597b93ac2b165290f0e5,6.1,189.0,47.88,1.11,-7.667303,-8.816798,-100.48,18.3,Rhyp,Ztor,original_table,False,10000,,,False,True,True,False,66.3096995108611,0.6144112373619753
2013-06-16__JC54,2013-06-16,JC54,,INSLAB,INSLAB/JC54/pre-pro-JC5420130616051903.npz,data/preprocessed/INSLAB/JC54/pre-pro-JC5420130616051903.npz,171383,304cbc0e5b4f0caa0fc18d7860b2e37453364ff3d46c0e86e889a82a9431563c,5.9,148.0,55.27,1.1,-7.666982,-8.816429,-99.25,18.04,Rhyp,Ztor,original_table,False,8748,,,False,True,True,False,64.89312045341491,0.5706991237535399
2017-09-08__JC54,2017-09-08,JC54,,INSLAB,INSLAB/JC54/pre-pro-JC5420170908044918.npz,data/preprocessed/INSLAB/JC54/pre-pro-JC5420170908044918.npz,292025,bed14f8d90d2ebc5c35c2accf70bb83c62de0ff0eddd89ea1fc5892770094ad3,8.2,565.0,22.47,1.11,-7.667303,-8.816798,-94.11,14.85,ref_CU,Ztor,original_table,False,14400,,,False,True,True,False,101.91711763554004,0.6082521616100091
2025-01-12__JC54,2025-01-12,JC54,,INSLAB,INSLAB/JC54/pre-pro-JC5420250112083253.npz,data/preprocessed/INSLAB/JC54/pre-pro-JC5420250112083253.npz,194224,0fa9978681e167eb3c7a595ecd6c68897a66d8ddb89acda68ea7fe6858e49d5c,6.1,469.0,24.16,1.09,-7.6666155,-8.816008,-103.49,18.49,Rhyp,Ztor,original_table,False,10000,,,False,False,False,False,16.627605105119386,0.9036806748240782
1994-05-23__JC54,1994-05-23,JC54,,INSLAB,INSLAB/JC54/pre-pro-JC549405.231.npz,data/preprocessed/INSLAB/JC54/pre-pro-JC549405.231.npz,131830,02a3e8ce979e398757f2ce33f88b8a8558395274e31a83e6723c8ed4c042c46e,6.2,218.0,44.44,1.13,-7.66783,-8.817404,-100.57,17.98,Rhyp,Ztor,original_table,True,7200,,,True,True,True,False,25.72583661458789,0.7798764728793712
1994-12-10__JC54,1994-12-10,JC54,,INSLAB,INSLAB/JC54/pre-pro-JC549412.101.npz,data/preprocessed/INSLAB/JC54/pre-pro-JC549412.101.npz,156699,7da9dadd59b1c5313176039bb7ba943644f1f3344574ca183dfdfc29f3bb806f,6.4,297.0,45.78,1.16,-7.6683984,-8.818057,-101.56,18.02,Rhyp,Ztor,original_table,True,8100,,,True,True,True,False,28.598491259496768,0.7942850578370252
1997-01-11__JC54,1997-01-11,JC54,,INSLAB,INSLAB/JC54/pre-pro-JC549701.111.npz,data/preprocessed/INSLAB/JC54/pre-pro-JC549701.111.npz,161838,b768f615c9328d7242675d531403209b426d57b1ba8e592f177758dfc7abbaed,7.1,382.0,25.4,1.09,-7.6666155,-8.816008,-102.58,18.34,ref_CU,Ztor,original_table,True,8640,,,True,True,True,False,29.332576261697117,0.7952207744924804
1997-05-22__JC54,1997-05-22,JC54,,INSLAB,INSLAB/JC54/pre-pro-JC549705.221.npz,data/preprocessed/INSLAB/JC54/pre-pro-JC549705.221.npz,175852,432adc0c8b4986af7d41929262958bcd6714a6e10afc42614f089f2a877b7a82,6.5,305.0,51.04,1.12,-7.667584,-8.8171215,-101.81,18.41,ref_CU,Ztor,original_table,True,9000,,,True,True,True,False,42.68205715582499,0.7268173505131529
1998-04-20__JC54,1998-04-20,JC54,,INSLAB,INSLAB/JC54/pre-pro-JC549804.201.npz,data/preprocessed/INSLAB/JC54/pre-pro-JC549804.201.npz,128036,e6a0a2dc48068a49dd4af26ff23e45a2560f4286d9cfa31f1c4af47833ce58a2,5.9,250.0,59.18,1.11,-7.667303,-8.816798,-101.19,18.35,Rhyp,Ztor,original_table,True,6912,,,True,True,True,False,9.67076477618896,0.9144407256817751
1999-06-15__JC54,1999-06-15,JC54,,INSLAB,INSLAB/JC54/pre-pro-JC549906.151.npz,data/preprocessed/INSLAB/JC54/pre-pro-JC549906.151.npz,203340,ee6cbedb417599b225e9dff79bdee789c1f1cb8da544cb6266bba8a71ee765c8,6.9,212.0,51.27,1.13,-7.66783,-8.817404,-97.54,18.13,ref_CU,Ztor,original_table,False,10240,,,False,True,True,False,73.69705301061109,0.5917965381045137
1999-06-21__JC54,1999-06-21,JC54,,INSLAB,INSLAB/JC54/pre-pro-JC549906.211.npz,data/preprocessed/INSLAB/JC54/pre-pro-JC549906.211.npz,147377,f50d03c9eaa97d2a80ffcb72481c8da5316070d589d297ee68e0211e35931132,6.0,315.0,48.25,1.11,-7.667303,-8.816798,-101.72,17.99,Rhyp,Ztor,original_table,True,7680,,,True,True,True,False,24.87792889068629,0.8089839612201606
1999-09-30__JC54,1999-09-30,JC54,,INSLAB,INSLAB/JC54/pre-pro-JC549909.301.npz,data/preprocessed/INSLAB/JC54/pre-pro-JC549909.301.npz,222932,89ca6454d4fa6c53fb0280e2db84a09ff98909aefbde639f847012c29b838fd0,7.4,410.0,32.77,1.16,-7.6683984,-8.818057,-97.03,15.95,ref_CU,Ztor,original_table,False,11250,,,False,True,True,False,68.09511798551418,0.6564149655102973
2000-07-21__LI33,2000-07-21,LI33,,INSLAB,INSLAB/LI33/pre-pro-LI330007.211.npz,data/preprocessed/INSLAB/LI33/pre-pro-LI330007.211.npz,150996,04b8a37ae16ba6c87f2b304f2688053f8483dd48b49d69f8de839d838b597483,5.8,143.0,43.74,2.85,5.290781,-8.520587,-98.97,18.09,Rhyp,Ztor,original_table,True,8000,,,True,True,True,True,32.50912441412163,0.755900852874894
2009-05-22__LI33,2009-05-22,LI33,,INSLAB,INSLAB/LI33/pre-pro-LI330905.221.npz,data/preprocessed/INSLAB/LI33/pre-pro-LI330905.221.npz,141029,414e70c34ee5a3e32933cf5e7e335ccb1b5a0f5add40e3520388acb57ef7198a,5.6,149.0,41.27,2.49,5.290781,-8.520587,-98.44,18.13,Rhyp,Ztor,original_table,False,7500,,,False,True,True,False,57.3824736204532,0.537908893376927
2013-06-16__LI33,2013-06-16,LI33,,INSLAB,INSLAB/LI33/pre-pro-LI3320130616051903.npz,data/preprocessed/INSLAB/LI33/pre-pro-LI3320130616051903.npz,180778,d548a5f176b6cbc4f4c3b2c5c809acae8bae9788327b1097e193b220377463aa,5.9,156.0,55.27,2.6,5.290781,-8.520587,-99.25,18.04,Rhyp,Ztor,original_table,False,9216,,,False,True,True,False,70.88778207437461,0.555785298443573
2025-01-12__LI33,2025-01-12,LI33,,INSLAB,INSLAB/LI33/pre-pro-LI3320250112083253.npz,data/preprocessed/INSLAB/LI33/pre-pro-LI3320250112083253.npz,225286,2ed4d5ab095a7a51dba3fdd72ffb382b2c009e2c5cf25ed062fc2ca9b979429c,6.1,486.0,24.16,2.33,5.290781,-8.520587,-103.49,18.49,Rhyp,Ztor,original_table,False,11250,,,False,False,False,False,45.76160413550875,0.7716144925113103
2025-08-02__LI33,2025-08-02,LI33,,INSLAB,INSLAB/LI33/pre-pro-LI3320250802175846.npz,data/preprocessed/INSLAB/LI33/pre-pro-LI3320250802175846.npz,211971,ec377125b43f0a4657ac1c98ba2e56d29e5ae75f3b18d5884a4bcc73ddbe2fee,5.9,385.0,69.48,2.63,5.290781,-8.520587,-96.36,16.97,Rhyp,Ztor,original_table,False,10800,,,False,False,False,False,23.81409114667053,0.8734437415811738
1994-12-10__LI33,1994-12-10,LI33,,INSLAB,INSLAB/LI33/pre-pro-LI339412.101.npz,data/preprocessed/INSLAB/LI33/pre-pro-LI339412.101.npz,305468,2151c99ea9243d8938b631954411efe98ee092ed17ac187c3d3be4b059dea3f3,6.4,309.0,45.78,2.62,5.290781,-8.520587,-101.56,18.02,Rhyp,Ztor,original_table,False,15000,,,False,True,True,False,125.99030646376724,0.5391891062369071
1997-05-22__LI33,1997-05-22,LI33,,INSLAB,INSLAB/LI33/pre-pro-LI339705.221.npz,data/preprocessed/INSLAB/LI33/pre-pro-LI339705.221.npz,144587,b69f4e2002ce5ab47075d70aa38ec021739398110456cf1e3eb3dbaff7da9248,6.5,318.0,51.04,2.42,5.290781,-8.520587,-101.81,18.41,ref_CU,Ztor,original_table,True,7680,,,True,False,False,False,23.24062711435168,0.8184184146077688
1999-09-30__LI33,1999-09-30,LI33,,INSLAB,INSLAB/LI33/pre-pro-LI339909.301.npz,data/preprocessed/INSLAB/LI33/pre-pro-LI339909.301.npz,298163,8ea6ddf7c03e6c5b9af25c608e11d26d81b5ac193bd4cdf8121f503252cf0a15,7.4,405.0,32.77,2.71,5.290781,-8.520587,-97.03,15.95,ref_CU,Ztor,original_table,False,14580,,,False,True,True,False,91.14773538822894,0.6582258975281078
2000-07-21__LI58,2000-07-21,LI58,,INSLAB,INSLAB/LI58/pre-pro-LI580007.211.npz,data/preprocessed/INSLAB/LI58/pre-pro-LI580007.211.npz,171304,37856e7a6a8ad7a7c60785b23660f04ad5785fd6233356c56d561d206321ec91,5.8,156.0,43.74,2.03,-12.034031,1.1861167,-98.97,18.09,Rhyp,Ztor,original_table,True,8748,,,True,True,True,True,39.322633592505625,0.7401187390621531
2007-04-13__LI58,2007-04-13,LI58,,INSLAB,INSLAB/LI58/pre-pro-LI580704.131.npz,data/preprocessed/INSLAB/LI58/pre-pro-LI580704.131.npz,165823,268db04bb14b96bc415ba56b7d907d3431b47d8e9e04e9afb95384268c71f734,5.9,253.0,37.73,1.97,-12.034031,1.1861167,-100.21,17.41,Rhyp,Ztor,original_table,True,8640,,,True,True,True,True,34.35423443177403,0.7660590096576504
2009-05-22__LI58,2009-05-22,LI58,,INSLAB,INSLAB/LI58/pre-pro-LI580905.221.npz,data/preprocessed/INSLAB/LI58/pre-pro-LI580905.221.npz,106843,7f8b41dc1f6a78b215203193ca68ac5b3580d15d608663c44cc243040b65158f,5.6,172.0,41.27,1.98,-12.034031,1.1861167,-98.44,18.13,Rhyp,Ztor,original_table,True,5832,,,True,True,True,False,23.834915060660947,0.7449993039407196
2006-08-11__LI58,2006-08-11,LI58,,INSLAB,INSLAB/LI58/pre-pro-LI5820060811143041.npz,data/preprocessed/INSLAB/LI58/pre-pro-LI5820060811143041.npz,158575,44820eb158a2dead65850c577b75d94d9e0b2bdff51ca6c1d83ada80432288cf,5.9,259.0,46.37,2.13,-12.034031,1.1861167,-101.27,18.32,Rhyp,Ztor,original_table,True,8192,,,True,False,False,False,10.13732036844587,0.927719640866696
2008-04-28__LI58,2008-04-28,LI58,,INSLAB,INSLAB/LI58/pre-pro-LI5820080428000629.npz,data/preprocessed/INSLAB/LI58/pre-pro-LI5820080428000629.npz,138072,4db9d5dbb18e54d7bf73f089e7d200777a3925fbe4bf6f547994686304ff2530,5.8,205.0,52.22,1.99,-12.034031,1.1861167,-100.1,17.89,Rhyp,Ztor,original_table,True,7290,,,True,False,False,False,5.228124464002633,0.9570867235984352
2011-12-11__LI58,2011-12-11,LI58,,INSLAB,INSLAB/LI58/pre-pro-LI5820111211014725.npz,data/preprocessed/INSLAB/LI58/pre-pro-LI5820111211014725.npz,218105,192f58c77fca20a4fbeb2d3d9c46f21441ad95efe0658ce2d294b01ab6d6913d,6.5,205.0,49.53,2.0,-12.034031,1.1861167,-99.94,17.82,ref_CU,Ztor,original_table,False,10936,,,False,True,True,False,68.73512133598949,0.644944876615582
2013-06-16__LI58,2013-06-16,LI58,,INSLAB,INSLAB/LI58/pre-pro-LI5820130616051903.npz,data/preprocessed/INSLAB/LI58/pre-pro-LI5820130616051903.npz,204964,c458dc5ee10795aec57c6518d26468aab25631f8e78a4673c42f472403143a55,5.9,159.0,55.27,1.94,-12.034031,1.1861167,-99.25,18.04,Rhyp,Ztor,original_table,False,10240,,,False,True,True,False,96.59136865723175,0.4678747870359643
2017-09-08__LI58,2017-09-08,LI58,,INSLAB,INSLAB/LI58/pre-pro-LI5820170908044918.npz,data/preprocessed/INSLAB/LI58/pre-pro-LI5820170908044918.npz,323393,066eb39e493f6df367abde281d29265b9496fe9e6059ab1f8ddc81a414d5d166,8.2,575.0,22.47,2.05,-12.034031,1.1861167,-94.11,14.85,ref_CU,Ztor,original_table,False,15552,,,False,True,True,False,106.20129637588232,0.6319483750619224
2023-12-07__LI58,2023-12-07,LI58,,INSLAB,INSLAB/LI58/pre-pro-LI5820231207200340.npz,data/preprocessed/INSLAB/LI58/pre-pro-LI5820231207200340.npz,201195,828c818317e3cc7565bb97cdcf300d814952f5b9303dea79b3247f6c8a102aab,5.7,141.0,44.26,1.86,-12.034031,1.1861163,-98.76,18.29,Rhyp,Ztor,original_table,False,10126,,,False,True,True,False,75.38157694715905,0.5769358123966829
2025-01-12__LI58,2025-01-12,LI58,,INSLAB,INSLAB/LI58/pre-pro-LI5820250112083253.npz,data/preprocessed/INSLAB/LI58/pre-pro-LI5820250112083253.npz,257857,725df9bdbe95791bf0821941dd48a004a7f8597e6e19143945653540f2282a5c,6.1,468.0,24.16,1.88,-12.034031,1.1861167,-103.49,18.49,Rhyp,Ztor,original_table,False,12800,,,False,False,False,False,47.7737386574868,0.7920711235311333
1997-01-11__LI58,1997-01-11,LI58,,INSLAB,INSLAB/LI58/pre-pro-LI589701.111.npz,data/preprocessed/INSLAB/LI58/pre-pro-LI589701.111.npz,218893,fe608dcfd1b614385616c7b6c7bdd1c279afd068547e1fbbd466db2c1652ec46,7.1,383.0,25.4,2.18,-12.034031,1.1861167,-102.58,18.34,ref_CU,Ztor,original_table,True,10936,,,True,True,True,False,26.757063273487887,0.8629529641800456
1997-05-22__LI58,1997-05-22,LI58,,INSLAB,INSLAB/LI58/pre-pro-LI589705.221.npz,data/preprocessed/INSLAB/LI58/pre-pro-LI589705.221.npz,147381,b18f41fd3e59d3438c6d36adcb50eb74a6d02346431107b8adc84d4c536f777c,6.5,306.0,51.04,2.06,-12.034031,1.1861167,-101.81,18.41,ref_CU,Ztor,original_table,True,7680,,,True,False,False,False,5.277978015798169,0.9594749845224342
1998-04-20__LI58,1998-04-20,LI58,,INSLAB,INSLAB/LI58/pre-pro-LI589804.201.npz,data/preprocessed/INSLAB/LI58/pre-pro-LI589804.201.npz,126614,a40f57020ff060b77b0dc839504a2906b1379a692aecc3dd85a5acf75961304e,5.9,253.0,59.18,2.09,-12.034031,1.1861167,-101.19,18.35,Rhyp,Ztor,original_table,True,6750,,,True,True,True,False,11.218266571294834,0.8994778981066771
1999-06-15__LI58,1999-06-15,LI58,,INSLAB,INSLAB/LI58/pre-pro-LI589906.151.npz,data/preprocessed/INSLAB/LI58/pre-pro-LI589906.151.npz,280462,319f1f4f6a83e9bdd136555a72a80c84e38ae3be3af63e4e232170c14730f122,6.9,223.0,51.27,2.06,-12.034031,1.1861167,-97.54,18.13,ref_CU,Ztor,original_table,False,13824,,,False,True,True,False,87.83509783470114,0.648124758293802
1999-06-21__LI58,1999-06-21,LI58,,INSLAB,INSLAB/LI58/pre-pro-LI589906.211.npz,data/preprocessed/INSLAB/LI58/pre-pro-LI589906.211.npz,188700,91b1a604681ffd9cf85e21985e456405c4264498225cb4a89a52162b0dda7455,6.0,318.0,48.25,2.13,-12.034031,1.1861167,-101.72,17.99,Rhyp,Ztor,original_table,True,9600,,,True,True,True,True,33.771165381443296,0.7981883268707822
1999-09-30__LI58,1999-09-30,LI58,,INSLAB,INSLAB/LI58/pre-pro-LI589909.301.npz,data/preprocessed/INSLAB/LI58/pre-pro-LI589909.301.npz,273865,c0e0a5708106266fb9cb19f97f4b4f13aba936e3c53d39eec2b2cbf1cfe04243,7.4,423.0,32.77,2.11,-12.034031,1.1861167,-97.03,15.95,ref_CU,Ztor,original_table,False,13500,,,False,True,True,False,69.51876291368083,0.7149000864760464
2000-07-21__LV17,2000-07-21,LV17,,INSLAB,INSLAB/LV17/pre-pro-LV170007.211.npz,data/preprocessed/INSLAB/LV17/pre-pro-LV170007.211.npz,183834,04f830f73def9993dbd2bb72fbf4fdb62fb838244996555769b6b5fd404d8948,5.8,163.0,43.74,1.94,-7.4061904,6.522901,-98.97,18.09,Rhyp,Ztor,original_table,False,9376,,,False,True,True,False,69.1246102418863,0.576908983707392
2007-04-13__LV17,2007-04-13,LV17,,INSLAB,INSLAB/LV17/pre-pro-LV170704.131.npz,data/preprocessed/INSLAB/LV17/pre-pro-LV170704.131.npz,432510,becc20c254a0b183616a562e33afd8f592d0eff686197dc5307e8b1064e9ad2e,5.9,261.0,37.73,1.82,-7.2495975,6.4536133,-100.21,17.41,Rhyp,Ztor,original_table,False,10936,,,False,True,True,False,76.56458273715072,0.6073006988913642
2006-02-20__LV17,2006-02-20,LV17,,INSLAB,INSLAB/LV17/pre-pro-LV1720060220105423.npz,data/preprocessed/INSLAB/LV17/pre-pro-LV1720060220105423.npz,113610,d4078d1abb12aaac127c0522e5de170fb18219a9a64f15059b0240cea404eff5,5.2,207.0,53.4,1.86,-7.4061904,6.522901,-100.54,18.3,Rhyp,Ztor,original_table,True,6250,,,True,False,False,False,7.842330471203894,0.9224376375115824
2006-08-11__LV17,2006-08-11,LV17,,INSLAB,INSLAB/LV17/pre-pro-LV1720060811143041.npz,data/preprocessed/INSLAB/LV17/pre-pro-LV1720060811143041.npz,195154,0cffa501c23b7ecc443d95039f70b37efb74c83a896c41d034c17d3b5abfc0e7,5.9,265.0,46.37,1.9,-7.2495975,6.4536133,-101.27,18.32,Rhyp,Ztor,original_table,True,10000,,,True,True,True,False,27.852229196797936,0.8399940874544842
2008-04-28__LV17,2008-04-28,LV17,,INSLAB,INSLAB/LV17/pre-pro-LV1720080428000629.npz,data/preprocessed/INSLAB/LV17/pre-pro-LV1720080428000629.npz,383583,1f19ed2e08d398bcfc1c1290ec741dcf5e51fd2d29a46823745fda2d72d7c293,5.8,213.0,52.22,1.52,-7.2495885,6.4536057,-100.1,17.89,Rhyp,Ztor,original_table,True,9720,,,True,True,True,False,35.4335263989324,0.7934085858441978
2011-12-11__LV17,2011-12-11,LV17,,INSLAB,INSLAB/LV17/pre-pro-LV1720111211014725.npz,data/preprocessed/INSLAB/LV17/pre-pro-LV1720111211014725.npz,224814,0b4a9cac7f4a4726e2225d54a8199dc97915ec4f572a15968593ad9c83458bca,6.5,213.0,49.53,1.68,-7.2495966,6.4536123,-99.94,17.82,ref_CU,Ztor,original_table,False,11250,,,False,True,True,False,90.85394580164387,0.5453438132330287
2012-11-15__LV17,2012-11-15,LV17,,INSLAB,INSLAB/LV17/pre-pro-LV1720121115092022.npz,data/preprocessed/INSLAB/LV17/pre-pro-LV1720121115092022.npz,116194,b024aa149bec5c913e3cade5530998e46a7c069326776c8184204112ecc09bdc,6.1,202.0,47.88,1.81,-7.2495975,6.4536133,-100.48,18.3,Rhyp,Ztor,original_table,True,6250,,,True,True,True,False,12.132811766579948,0.8805002288330548
2013-06-16__LV17,2013-06-16,LV17,,INSLAB,INSLAB/LV17/pre-pro-LV1720130616051903.npz,data/preprocessed/INSLAB/LV17/pre-pro-LV1720130616051903.npz,185644,1341a8abdf73491ebaca2bf879abfded505dec98d26e445bbaaeeaa5889c6016,5.9,166.0,55.27,1.44,-7.2495713,6.4535904,-99.25,18.04,Rhyp,Ztor,original_table,False,9376,,,False,True,True,False,79.65103222001218,0.5154751978830088
2017-09-08__LV17,2017-09-08,LV17,,INSLAB,INSLAB/LV17/pre-pro-LV1720170908044918.npz,data/preprocessed/INSLAB/LV17/pre-pro-LV1720170908044918.npz,310766,b3da78033ec0d29446912428b896a675a23ac87b233d6fe655e552d8c4be8935,8.2,578.0,22.47,1.79,-7.2495975,6.4536133,-94.11,14.85,ref_CU,Ztor,original_table,False,15000,,,False,True,True,False,111.48278164082484,0.5978109540718466
2025-01-12__LV17,2025-01-12,LV17,,INSLAB,INSLAB/LV17/pre-pro-LV1720250112083253.npz,data/preprocessed/INSLAB/LV17/pre-pro-LV1720250112083253.npz,250297,35fa001f12dea753bb4081133791e63b24ccb4e6b0883731feb6442701b7ab28,6.1,473.0,24.16,1.7,-7.2495966,6.453613,-103.49,18.49,Rhyp,Ztor,original_table,False,12288,,,False,False,False,False,36.05187503308082,0.8382526132483251
1994-05-23__LV17,1994-05-23,LV17,,INSLAB,INSLAB/LV17/pre-pro-LV179405.231.npz,data/preprocessed/INSLAB/LV17/pre-pro-LV179405.231.npz,212393,b531ef17188ec461ed5dc439939e49e31a91f2d3dc255fa80c2339b5d2a08c12,6.2,232.0,44.44,1.98,-7.4061904,6.522901,-100.57,17.98,Rhyp,Ztor,original_table,False,10800,,,False,True,True,False,80.0759572570316,0.5773240577617756
1994-12-10__LV17,1994-12-10,LV17,,INSLAB,INSLAB/LV17/pre-pro-LV179412.101.npz,data/preprocessed/INSLAB/LV17/pre-pro-LV179412.101.npz,236303,148690347f555dfce121a951a6cd8735494d6e53f3501857071c1b179007b79f,6.4,307.0,45.78,1.93,-7.4061904,6.522901,-101.56,18.02,Rhyp,Ztor,original_table,False,11664,,,False,True,True,False,85.37582696147565,0.59385458845214
1997-01-11__LV17,1997-01-11,LV17,,INSLAB,INSLAB/LV17/pre-pro-LV179701.111.npz,data/preprocessed/INSLAB/LV17/pre-pro-LV179701.111.npz,507000,6f00e754227c4793c316c224b7330db2959c336d3c6f2b802c910735c4ac1e38,7.1,388.0,25.4,1.79,-7.40619,6.522901,-102.58,18.34,ref_CU,Ztor,original_table,False,12500,,,False,True,True,False,108.3240494559326,0.523462818309691
1997-05-22__LV17,1997-05-22,LV17,,INSLAB,INSLAB/LV17/pre-pro-LV179705.221.npz,data/preprocessed/INSLAB/LV17/pre-pro-LV179705.221.npz,230250,c78f5202c7b60e9bba9b07ca62027a7e3daf65fba7398192c0327a30406e109e,6.5,312.0,51.04,1.88,-7.4061904,6.522901,-101.81,18.41,ref_CU,Ztor,original_table,True,11520,,,True,True,True,False,39.87468797551824,0.8064993061798503
1998-04-20__LV17,1998-04-20,LV17,,INSLAB,INSLAB/LV17/pre-pro-LV179804.201.npz,data/preprocessed/INSLAB/LV17/pre-pro-LV179804.201.npz,375279,0dd0b240a1faeed715581e672c9d3db8807b1b0adb05456dc143bd668ba712c6,5.9,259.0,59.18,1.86,-7.4061904,6.522901,-101.19,18.35,Rhyp,Ztor,original_table,True,9600,,,True,True,True,True,33.66618441010488,0.8005321459289911
1999-06-15__LV17,1999-06-15,LV17,,INSLAB,INSLAB/LV17/pre-pro-LV179906.151.npz,data/preprocessed/INSLAB/LV17/pre-pro-LV179906.151.npz,508576,c5ebefca169d6d293f43b2be7632d8a95efd5c9106eb529b0b4844a22dd6f4d0,6.9,225.0,51.27,1.76,-7.40619,6.522901,-97.54,18.13,ref_CU,Ztor,original_table,False,12800,,,False,True,True,False,92.20066640001116,0.5964518376189467
1999-09-30__LV17,1999-09-30,LV17,,INSLAB,INSLAB/LV17/pre-pro-LV179909.301.npz,data/preprocessed/INSLAB/LV17/pre-pro-LV179909.301.npz,264999,35faa485ba3f1205c8856a7bed279935117301aa9b623ffc237f32c23a3fe83d,7.4,427.0,32.77,1.92,-7.4061904,6.522901,-97.03,15.95,ref_CU,Ztor,original_table,False,12960,,,False,True,True,False,94.7404092191394,0.5991520659228289
2023-12-07__ME52,2023-12-07,ME52,,INSLAB,INSLAB/ME52/pre-pro-ME5220231207200340.npz,data/preprocessed/INSLAB/ME52/pre-pro-ME5220231207200340.npz,90851,4aff36fee50de43b30005eae74b8ed4d3f103163ce5e66fef707cde41998045e,5.7,143.0,44.26,0.65,-11.062481,1.8537651,-98.76,18.29,Rhyp,Ztor,original_table,True,5120,,,True,True,True,False,21.26655679180364,0.7312792924967951
2025-01-12__ME52,2025-01-12,ME52,,INSLAB,INSLAB/ME52/pre-pro-ME5220250112083253.npz,data/preprocessed/INSLAB/ME52/pre-pro-ME5220250112083253.npz,202926,354c96b8659808fea7328fe8a238e42baff699b3a92e929b0a23d162c3543da9,6.1,466.0,24.16,0.65,-11.062481,1.8537651,-103.49,18.49,Rhyp,Ztor,original_table,False,10240,,,False,False,False,False,9.61885260542718,0.9466153146551938
2000-07-21__MI15,2000-07-21,MI15,,INSLAB,INSLAB/MI15/pre-pro-MI150007.211.npz,data/preprocessed/INSLAB/MI15/pre-pro-MI150007.211.npz,161047,be362d1c46ca1936b7212881defa18f8f13d66a6bade4404556abb2524991e11,5.8,141.0,43.74,1.32,-6.650638,-10.122893,-98.97,18.09,Rhyp,Ztor,original_table,True,8640,,,True,True,True,True,57.13753184482259,0.5986405461869726
2007-04-13__MI15,2007-04-13,MI15,,INSLAB,INSLAB/MI15/pre-pro-MI150704.131.npz,data/preprocessed/INSLAB/MI15/pre-pro-MI150704.131.npz,357779,2db4197d1409e3eb0d988d34afcb3e77f4986eaf3e1cf9ccd68d0a5f08450b10,5.9,241.0,37.73,1.26,-6.6504927,-10.122671,-100.21,17.41,Rhyp,Ztor,original_table,True,9216,,,True,True,True,False,19.285140131038247,0.8796145938947018
2009-05-22__MI15,2009-05-22,MI15,,INSLAB,INSLAB/MI15/pre-pro-MI150905.221.npz,data/preprocessed/INSLAB/MI15/pre-pro-MI150905.221.npz,163228,69f30bce323bfc091de445e0a243d47096f25c2d5de81ead19bf25b1721963b2,5.6,157.0,41.27,1.26,-6.6504927,-10.122671,-98.44,18.13,Rhyp,Ztor,original_table,False,8640,,,False,True,True,False,64.64883185305303,0.551548058732984
2006-08-11__MI15,2006-08-11,MI15,,INSLAB,INSLAB/MI15/pre-pro-MI1520060811143041.npz,data/preprocessed/INSLAB/MI15/pre-pro-MI1520060811143041.npz,172217,507e65cb833863a9843852520c7a738c3eb046481d82a28e495e7a9ebae2309c,5.9,255.0,46.37,1.37,-6.650696,-10.122981,-101.27,18.32,Rhyp,Ztor,original_table,True,8748,,,True,False,False,False,0.3776093387897674,0.9975207843293956
2008-04-28__MI15,2008-04-28,MI15,,INSLAB,INSLAB/MI15/pre-pro-MI1520080428000629.npz,data/preprocessed/INSLAB/MI15/pre-pro-MI1520080428000629.npz,106161,97aa007663294829b5c2e6627e762b460fc50bda41677b201fc27bd4bc756ebd,5.8,194.0,52.22,1.37,-6.650696,-10.122981,-100.1,17.89,Rhyp,Ztor,original_table,True,5832,,,True,True,True,False,10.62509292907862,0.8862775026321458
2011-12-11__MI15,2011-12-11,MI15,,INSLAB,INSLAB/MI15/pre-pro-MI1520111211014725.npz,data/preprocessed/INSLAB/MI15/pre-pro-MI1520111211014725.npz,177607,af0d01887f9e7129e6b3538218673a239755c7ba4e11921ae3db25736616b5d8,6.5,192.0,49.53,1.22,-6.6503067,-10.122388,-99.94,17.82,ref_CU,Ztor,original_table,True,9000,,,True,True,True,True,60.93671374793051,0.6126821728346119
2012-11-15__MI15,2012-11-15,MI15,,INSLAB,INSLAB/MI15/pre-pro-MI1520121115092022.npz,data/preprocessed/INSLAB/MI15/pre-pro-MI1520121115092022.npz,155992,ffc4551aa9571698914e97fe3efe0914e760f2f159148d23e852488c5b1da233,6.1,187.0,47.88,1.36,-6.650687,-10.122968,-100.48,18.3,Rhyp,Ztor,original_table,True,8100,,,True,True,True,True,36.63449016468228,0.7338770146398207
2013-06-16__MI15,2013-06-16,MI15,,INSLAB,INSLAB/MI15/pre-pro-MI1520130616051903.npz,data/preprocessed/INSLAB/MI15/pre-pro-MI1520130616051903.npz,135773,f1edad9dc53417e612ec2117b00da61e57c09a0e93d5329ea29cbd14b4118d60,5.9,145.0,55.27,1.41,-6.650721,-10.123019,-99.25,18.04,Rhyp,Ztor,original_table,False,7200,,,False,True,True,False,44.82565015465745,0.6251409085578069
2017-09-08__MI15,2017-09-08,MI15,,INSLAB,INSLAB/MI15/pre-pro-MI1520170908044918.npz,data/preprocessed/INSLAB/MI15/pre-pro-MI1520170908044918.npz,270929,96a066bc0f216496a4613f538df66da6e93c961b68243cf465df0f66c7129798,8.2,562.0,22.47,1.3,-6.650602,-10.122838,-94.11,14.85,ref_CU,Ztor,original_table,False,13500,,,False,True,True,False,94.2891235069526,0.6087101153382056
2023-12-07__MI15,2023-12-07,MI15,,INSLAB,INSLAB/MI15/pre-pro-MI1520231207200340.npz,data/preprocessed/INSLAB/MI15/pre-pro-MI1520231207200340.npz,276891,8276e5ac79d1036d21d7ea360456d3f2281f7701fb97578061146cc6bdea0084,5.7,126.0,44.26,1.44,-6.650733,-10.123037,-98.76,18.29,Rhyp,Ztor,original_table,True,13500,,,True,True,True,True,42.55475493878771,0.8270905085580118
1994-02-23__MI15,1994-02-23,MI15,,INSLAB,INSLAB/MI15/pre-pro-MI159402.231.npz,data/preprocessed/INSLAB/MI15/pre-pro-MI159402.231.npz,194560,e2c650601b05dec39d7980bb430f0b06b86ebc2354bf19faf31b0047723ee5f0,5.8,270.0,69.89,1.28,-6.6505547,-10.122766,-97.27,17.75,Rhyp,Ztor,original_table,True,10000,,,True,False,False,False,5.618593170273982,0.9674812294809932
1994-05-23__MI15,1994-05-23,MI15,,INSLAB,INSLAB/MI15/pre-pro-MI159405.231.npz,data/preprocessed/INSLAB/MI15/pre-pro-MI159405.231.npz,227137,d5d0fcffd0658681706cb689417b48ade2d971a116c262fd121118569bb25ba9,6.2,216.0,44.44,1.42,-6.650726,-10.123026,-100.57,17.98,Rhyp,Ztor,original_table,False,11250,,,False,True,True,False,64.48900050598539,0.6811263819917653
1994-12-10__MI15,1994-12-10,MI15,,INSLAB,INSLAB/MI15/pre-pro-MI159412.101.npz,data/preprocessed/INSLAB/MI15/pre-pro-MI159412.101.npz,237405,edf147327278093e15ba4cb4ae48c0fa304f6293d070a9939e60295879723fdf,6.4,295.0,45.78,1.37,-6.650696,-10.122981,-101.56,18.02,Rhyp,Ztor,original_table,True,12000,,,True,True,True,True,40.94249254310131,0.8062810856725748
1997-01-11__MI15,1997-01-11,MI15,,INSLAB,INSLAB/MI15/pre-pro-MI159701.111.npz,data/preprocessed/INSLAB/MI15/pre-pro-MI159701.111.npz,236988,aff91897d64af4fbd25cb1f529c549c7e9fcf0243ca223a23150643ab64472ac,7.1,381.0,25.4,1.35,-6.650677,-10.122952,-102.58,18.34,ref_CU,Ztor,original_table,True,12000,,,True,True,True,True,67.40332018604875,0.6809914326941704
1997-05-22__MI15,1997-05-22,MI15,,INSLAB,INSLAB/MI15/pre-pro-MI159705.221.npz,data/preprocessed/INSLAB/MI15/pre-pro-MI159705.221.npz,157074,252e57704c8ca9cae55330d43f95a249532f5e3604a6f8973e5fbee941b6696e,6.5,304.0,51.04,1.41,-6.650721,-10.123019,-101.81,18.41,ref_CU,Ztor,original_table,True,8100,,,True,True,True,False,26.908547786151782,0.8071210107795012
1998-04-20__MI15,1998-04-20,MI15,,INSLAB,INSLAB/MI15/pre-pro-MI159804.201.npz,data/preprocessed/INSLAB/MI15/pre-pro-MI159804.201.npz,127602,b8c2bad7591184cac01afaee13a25cd8612d25542d214f2847f36fe8c70de73c,5.9,249.0,59.18,1.32,-6.650638,-10.122893,-101.19,18.35,Rhyp,Ztor,original_table,True,6912,,,True,True,True,False,14.66297478341967,0.869812884813818
1999-06-15__MI15,1999-06-15,MI15,,INSLAB,INSLAB/MI15/pre-pro-MI159906.151.npz,data/preprocessed/INSLAB/MI15/pre-pro-MI159906.151.npz,455649,8fcc43b62b22e2ecc4599036abce0f35dd26fa963e82f87c491e5d98bb7b3f2a,6.9,210.0,51.27,1.38,-6.6507034,-10.122992,-97.54,18.13,ref_CU,Ztor,original_table,False,11520,,,False,True,True,False,82.10416803458293,0.5974003087523823
1999-06-21__MI15,1999-06-21,MI15,,INSLAB,INSLAB/MI15/pre-pro-MI159906.211.npz,data/preprocessed/INSLAB/MI15/pre-pro-MI159906.211.npz,136222,4d02f476a2014e36bf03e809000a3fc165c48c4bfe393ad2bafa1e2f00565492,6.0,314.0,48.25,1.32,-6.650638,-10.122893,-101.72,17.99,Rhyp,Ztor,original_table,True,7200,,,True,False,False,False,13.867248331033096,0.8847373590638093
1999-09-30__MI15,1999-09-30,MI15,,INSLAB,INSLAB/MI15/pre-pro-MI159909.301.npz,data/preprocessed/INSLAB/MI15/pre-pro-MI159909.301.npz,462865,e1ac9686a60025c22178c698bbde7f3eb1104c57b706182eaffdfb5c6c09419f,7.4,407.0,32.77,1.3,-6.650602,-10.122838,-97.03,15.95,ref_CU,Ztor,original_table,True,11520,,,True,True,True,True,63.84445990290021,0.691505593472493
2000-07-21__MT50,2000-07-21,MT50,,INSLAB,INSLAB/MT50/pre-pro-MT500007.211.npz,data/preprocessed/INSLAB/MT50/pre-pro-MT500007.211.npz,123566,e426d6b6c9c58d98f132508ae3c832b169d31094ecd33a0a036450f958945af9,5.8,156.0,43.74,0.6,-9.224622,0.656464,-98.97,18.09,Rhyp,Ztor,original_table,False,6562,,,False,True,True,False,41.82300537450098,0.6147830397485403
2007-04-13__MT50,2007-04-13,MT50,,INSLAB,INSLAB/MT50/pre-pro-MT500704.131.npz,data/preprocessed/INSLAB/MT50/pre-pro-MT500704.131.npz,111536,9d2b25cd7aec8ac521b625e7068efc132798833bdd98766580709d45f5ebc874,5.9,251.0,37.73,0.56,-8.042484,0.5723379,-100.21,17.41,Rhyp,Ztor,original_table,True,6076,,,True,True,True,False,13.693544390490317,0.8602699551990785
2006-08-11__MT50,2006-08-11,MT50,,INSLAB,INSLAB/MT50/pre-pro-MT5020060811143041.npz,data/preprocessed/INSLAB/MT50/pre-pro-MT5020060811143041.npz,134425,d8307cb6dcd686a0d4f09a85d7f9c783d894f9a570f5dc88c86264814b0e0bbf,5.9,256.0,46.37,0.51,-6.2160683,0.4423623,-101.27,18.32,Rhyp,Ztor,original_table,True,7200,,,True,False,False,False,10.113424190725226,0.9148558327098398
2008-04-28__MT50,2008-04-28,MT50,,INSLAB,INSLAB/MT50/pre-pro-MT5020080428000629.npz,data/preprocessed/INSLAB/MT50/pre-pro-MT5020080428000629.npz,115968,a16af35c0dd77d3db42362b844d6565f12a9441ff8b3b600c077480be5ce595a,5.8,204.0,52.22,0.58,-8.67178,0.61712134,-100.1,17.89,Rhyp,Ztor,original_table,True,6250,,,True,False,False,False,8.946984265634413,0.9120084159556018
2011-12-11__MT50,2011-12-11,MT50,,INSLAB,INSLAB/MT50/pre-pro-MT5020111211014725.npz,data/preprocessed/INSLAB/MT50/pre-pro-MT5020111211014725.npz,168030,c2faddadc4407441e42e5ea8181e661e0a4cbc63f3988c1b98c236671dcea04c,6.5,203.0,49.53,0.51,-6.2160683,0.4423623,-99.94,17.82,MANUAL_REF,Ztor,original_table,False,8640,,,False,True,True,False,59.08239215817896,0.6026204455328291
2012-11-15__MT50,2012-11-15,MT50,,INSLAB,INSLAB/MT50/pre-pro-MT5020121115092022.npz,data/preprocessed/INSLAB/MT50/pre-pro-MT5020121115092022.npz,158259,46eee36f33b20bbc1818cb822791e3684e049d9d926050491d0156ebf1ca0a1b,6.1,192.0,47.88,0.55,-7.701912,0.54810137,-100.48,18.3,Rhyp,Ztor,original_table,True,8192,,,True,True,True,True,45.17408213566118,0.6787278135576333
2017-09-08__MT50,2017-09-08,MT50,,INSLAB,INSLAB/MT50/pre-pro-MT5020170908044918.npz,data/preprocessed/INSLAB/MT50/pre-pro-MT5020170908044918.npz,286666,67d844e946769756d5ca05740a1fae50a7fa9a92cfed19f2eaf2ecc8b67f3d6f,8.2,578.0,22.47,0.57,-8.366254,0.5953788,-94.11,14.85,MANUAL_REF,Ztor,original_table,False,14400,,,False,True,True,False,86.66287888651675,0.6604651352197275
2023-12-07__MT50,2023-12-07,MT50,,INSLAB,INSLAB/MT50/pre-pro-MT5020231207200340.npz,data/preprocessed/INSLAB/MT50/pre-pro-MT5020231207200340.npz,218982,ab9c14272cc27fcad2dcc4e209c7e84c0d3f8a030fd427f62e931414b0392ff1,5.7,142.0,44.26,0.51,-6.2160683,0.4423623,-98.76,18.29,Rhyp,Ztor,original_table,False,10936,,,False,True,True,False,124.16013823783165,0.360427866698441
2025-01-12__MT50,2025-01-12,MT50,,INSLAB,INSLAB/MT50/pre-pro-MT5020250112083253.npz,data/preprocessed/INSLAB/MT50/pre-pro-MT5020250112083253.npz,155059,d6179fce1d454ae92631384f351fc3401c7b265114d294a112e0b89c218f24c5,6.1,465.0,24.16,0.51,-6.2160683,0.4423623,-103.49,18.49,Rhyp,Ztor,original_table,False,8000,,,False,False,False,False,9.211567726414074,0.932874971023726
1997-05-22__MT50,1997-05-22,MT50,,INSLAB,INSLAB/MT50/pre-pro-MT509705.221.npz,data/preprocessed/INSLAB/MT50/pre-pro-MT509705.221.npz,89047,edb8d8ea8a5295a16f08e911a5bbc7aefadaeace651e489cf1ce226b88461a4a,6.5,303.0,51.04,0.58,-8.67178,0.61712134,-101.81,18.41,ref_CU,Ztor,original_table,True,5120,,,True,False,False,False,4.865967462403475,0.937807164335334
1998-04-20__MT50,1998-04-20,MT50,,INSLAB,INSLAB/MT50/pre-pro-MT509804.201.npz,data/preprocessed/INSLAB/MT50/pre-pro-MT509804.201.npz,125549,785d4e23ebf8f131b8fe41b0a75eb7e0f737c1732da1aa068fabe48103734b3a,5.9,250.0,59.18,0.59,-8.958083,0.63749593,-101.19,18.35,Rhyp,Ztor,original_table,True,6750,,,True,False,False,False,7.043888457658241,0.9363925550148252
1999-06-15__MT50,1999-06-15,MT50,,INSLAB,INSLAB/MT50/pre-pro-MT509906.151.npz,data/preprocessed/INSLAB/MT50/pre-pro-MT509906.151.npz,205901,47e3a04f8895ba0b6531726aae835cb08876628ef864f462f58a645d29481581,6.9,225.0,51.27,0.55,-7.701912,0.54810137,-97.54,18.13,MANUAL_REF,Ztor,original_table,False,10368,,,False,True,True,False,78.18202865190321,0.5716287948501276
1999-06-21__MT50,1999-06-21,MT50,,INSLAB,INSLAB/MT50/pre-pro-MT509906.211.npz,data/preprocessed/INSLAB/MT50/pre-pro-MT509906.211.npz,122317,696c1deaa0b9a7b22c7a6b158dc48952d0944a0d8cd5914dd7e603f1c737837d,6.0,315.0,48.25,0.55,-7.701912,0.54810137,-101.72,17.99,Rhyp,Ztor,original_table,True,6562,,,True,True,True,False,18.508440294623057,0.8282119890976141
1999-09-30__MT50,1999-09-30,MT50,,INSLAB,INSLAB/MT50/pre-pro-MT509909.301.npz,data/preprocessed/INSLAB/MT50/pre-pro-MT509909.301.npz,259093,b8177736034e67c782d45a8b948d2865c84a5d7132a7ab2fc455454552635114,7.4,424.0,32.77,0.56,-8.042484,0.5723379,-97.03,15.95,ref_CU,Ztor,original_table,True,12800,,,True,True,True,True,78.40284283124669,0.6602996411124494
2000-07-21__MY19,2000-07-21,MY19,,INSLAB,INSLAB/MY19/pre-pro-MY190007.211.npz,data/preprocessed/INSLAB/MY19/pre-pro-MY190007.211.npz,185059,e9fda435f62e4cf290538f93c098f00ac9bdb32a26ae970b746de5bd032144c3,5.8,146.0,43.74,2.76,-0.6569393,-5.279427,-98.97,18.09,Rhyp,Ztor,original_table,True,9376,,,True,True,True,True,41.24026356683099,0.7493754872875662
2007-04-13__MY19,2007-04-13,MY19,,INSLAB,INSLAB/MY19/pre-pro-MY190704.131.npz,data/preprocessed/INSLAB/MY19/pre-pro-MY190704.131.npz,207565,00ca029e13daa73a8476846fee8c87736b1c373dcc22a1e6135f70238750ab3a,5.9,251.0,37.73,2.62,-0.6569393,-5.279427,-100.21,17.41,Rhyp,Ztor,original_table,True,10368,,,True,False,False,False,37.142505267888566,0.7984780789545409
2009-05-22__MY19,2009-05-22,MY19,,INSLAB,INSLAB/MY19/pre-pro-MY190905.221.npz,data/preprocessed/INSLAB/MY19/pre-pro-MY190905.221.npz,83653,dabc2ef01ed71182d87dfa52adf73abddb70ab5e89dfdee95e5686ae2d918fc4,5.6,160.0,41.27,2.6,-0.6569393,-5.279427,-98.44,18.13,Rhyp,Ztor,original_table,True,4800,,,True,False,False,False,8.963243010745899,0.8767769726320332
2006-08-11__MY19,2006-08-11,MY19,,INSLAB,INSLAB/MY19/pre-pro-MY1920060811143041.npz,data/preprocessed/INSLAB/MY19/pre-pro-MY1920060811143041.npz,131470,227f3886855a24d059d4c203b89642e0b411b68941644d41cc9e9e3f92d84655,5.9,266.0,46.37,2.62,-0.6569393,-5.279427,-101.27,18.32,Rhyp,Ztor,original_table,True,7200,,,True,False,False,False,3.049437370912159,0.9738178297337328
2008-04-28__MY19,2008-04-28,MY19,,INSLAB,INSLAB/MY19/pre-pro-MY1920080428000629.npz,data/preprocessed/INSLAB/MY19/pre-pro-MY1920080428000629.npz,322832,84775bdc823df7f263cd6c561d33b24b29677ca6b29bc109fcff9095b4d248ad,5.8,204.0,52.22,2.65,-0.6569393,-5.279427,-100.1,17.89,Rhyp,Ztor,original_table,True,8640,,,True,False,False,False,5.622000422584534,0.9610961149914572
2011-12-11__MY19,2011-12-11,MY19,,INSLAB,INSLAB/MY19/pre-pro-MY1920111211014725.npz,data/preprocessed/INSLAB/MY19/pre-pro-MY1920111211014725.npz,236733,00600695c61ebc85e8e4963caea49b5c7ff476d1ac328f0f2aec376b72c00af9,6.5,202.0,49.53,2.6,-0.6569393,-5.279427,-99.94,17.82,ref_CU,Ztor,original_table,False,11664,,,False,True,True,False,61.058472263519945,0.7099084366043332
2012-11-15__MY19,2012-11-15,MY19,,INSLAB,INSLAB/MY19/pre-pro-MY1920121115092022.npz,data/preprocessed/INSLAB/MY19/pre-pro-MY1920121115092022.npz,247134,0e363a4625c4756e3b51503720b67632b4346b47dd31c1a3d26600d0c630693a,6.1,198.0,47.88,2.57,-0.6569393,-5.279427,-100.48,18.3,Rhyp,Ztor,original_table,False,12150,,,False,True,True,False,66.7196231578092,0.6959550530540959
2013-06-16__MY19,2013-06-16,MY19,,INSLAB,INSLAB/MY19/pre-pro-MY1920130616051903.npz,data/preprocessed/INSLAB/MY19/pre-pro-MY1920130616051903.npz,199538,eb57d6c84f0b2f82f53ed73dfc6c1f7af51fa7753adcd1340a1fd23f56347b39,5.9,152.0,55.27,2.65,-0.6569393,-5.279427,-99.25,18.04,Rhyp,Ztor,original_table,False,10000,,,False,True,True,False,73.26368815239192,0.5852607520385399
2017-09-08__MY19,2017-09-08,MY19,,INSLAB,INSLAB/MY19/pre-pro-MY1920170908044918.npz,data/preprocessed/INSLAB/MY19/pre-pro-MY1920170908044918.npz,277353,712033d8bb208bd412dbce0c37fdd2fa73ab206c1b8509e332f488081e0462f6,8.2,561.0,22.47,2.65,-0.6569393,-5.279427,-94.11,14.85,ref_CU,Ztor,original_table,False,13500,,,False,True,True,False,91.55983905705006,0.6295223797966737
2025-01-12__MY19,2025-01-12,MY19,,INSLAB,INSLAB/MY19/pre-pro-MY1920250112083253.npz,data/preprocessed/INSLAB/MY19/pre-pro-MY1920250112083253.npz,276548,acf26559ce62df4bdf487dee6f787f28bce36ffc57d6e19daed797c249b68c96,6.1,478.0,24.16,2.57,-0.6569393,-5.279427,-103.49,18.49,Rhyp,Ztor,original_table,False,13500,,,False,False,False,False,40.45601977232855,0.8360245631796022
1994-02-23__MY19,1994-02-23,MY19,,INSLAB,INSLAB/MY19/pre-pro-MY199402.231.npz,data/preprocessed/INSLAB/MY19/pre-pro-MY199402.231.npz,148624,6a4e7b8de13f3f9ad07f0ed6630287678ddd08ecce7ad80b8d35f1a2b3e85d18,5.8,268.0,69.89,2.68,-0.6569393,-5.279427,-97.27,17.75,Rhyp,Ztor,original_table,True,7776,,,True,False,False,False,5.603037886511771,0.9574980058673156
1994-05-23__MY19,1994-05-23,MY19,,INSLAB,INSLAB/MY19/pre-pro-MY199405.231.npz,data/preprocessed/INSLAB/MY19/pre-pro-MY199405.231.npz,261583,540c5340d11d18eed9d23bfb5ddc407eba226f1ab4a58df61ff8709c3188f489,6.2,227.0,44.44,2.68,-0.6569393,-5.279427,-100.57,17.98,Rhyp,Ztor,original_table,True,12800,,,True,True,True,False,65.71275928201754,0.7182491133987157
1994-12-10__MY19,1994-12-10,MY19,,INSLAB,INSLAB/MY19/pre-pro-MY199412.101.npz,data/preprocessed/INSLAB/MY19/pre-pro-MY199412.101.npz,608804,fbe28994cb85ba5848ad17897bdd93d4eb24410b4bf810fe524f91b563ba4f1d,6.4,306.0,45.78,2.82,-0.6569393,-5.279427,-101.56,18.02,Rhyp,Ztor,original_table,True,15000,,,True,True,True,True,107.2203634058699,0.6072298353174354
1997-05-22__MY19,1997-05-22,MY19,,INSLAB,INSLAB/MY19/pre-pro-MY199705.221.npz,data/preprocessed/INSLAB/MY19/pre-pro-MY199705.221.npz,197215,c0b5b31972c7801aec6bc70f0c31912a2ab2e9933c555df1a06872d64f639b48,6.5,314.0,51.04,2.65,-0.6569393,-5.279427,-101.81,18.41,ref_CU,Ztor,original_table,True,10000,,,True,False,False,False,42.24147608073599,0.7591019328158769
1998-04-20__MY19,1998-04-20,MY19,,INSLAB,INSLAB/MY19/pre-pro-MY199804.201.npz,data/preprocessed/INSLAB/MY19/pre-pro-MY199804.201.npz,148467,4667b385c26bef262fd6444122facf842d1d9dc69806f04451e739d20bc6d2a9,5.9,260.0,59.18,2.62,-0.6569393,-5.279427,-101.19,18.35,Rhyp,Ztor,original_table,True,7776,,,True,False,False,False,7.281883823999195,0.9447630749905244
1999-06-15__MY19,1999-06-15,MY19,,INSLAB,INSLAB/MY19/pre-pro-MY199906.151.npz,data/preprocessed/INSLAB/MY19/pre-pro-MY199906.151.npz,307394,b6f889603de00f7d875ce48ed960b2e634db7f705ddde8173e2b7891d87f1414,6.9,208.0,51.27,2.71,-0.6569393,-5.279427,-97.54,18.13,ref_CU,Ztor,original_table,False,15000,,,False,True,True,False,83.3703606337204,0.6954618620919039
1999-06-21__MY19,1999-06-21,MY19,,INSLAB,INSLAB/MY19/pre-pro-MY199906.211.npz,data/preprocessed/INSLAB/MY19/pre-pro-MY199906.211.npz,423779,0abd0d2da27de970d3c52424be402dfd05a6cd6eb4e4cd6dbf2f972125ebea69,6.0,324.0,48.25,2.62,-0.6569393,-5.279427,-101.72,17.99,Rhyp,Ztor,original_table,True,10800,,,True,True,True,False,26.89878088649897,0.858449819046998
1999-09-30__MY19,1999-09-30,MY19,,INSLAB,INSLAB/MY19/pre-pro-MY199909.301.npz,data/preprocessed/INSLAB/MY19/pre-pro-MY199909.301.npz,304646,17ee3325090c8836942b95bfe91483ff162452a372ddb30174d704f23dd83db0,7.4,409.0,32.77,2.76,-0.6569393,-5.279427,-97.03,15.95,ref_CU,Ztor,original_table,False,15000,,,False,True,True,False,95.28560087487708,0.6498011655155388
2000-07-21__NZ20,2000-07-21,NZ20,,INSLAB,INSLAB/NZ20/pre-pro-NZ200007.211.npz,data/preprocessed/INSLAB/NZ20/pre-pro-NZ200007.211.npz,111721,ef3ba73f2d94a4ab1af01f8d3fa731501671eeec3df308bbbef3ee7baca5cb1b,5.8,152.0,43.74,4.84,2.9546626,-1.0588037,-98.97,18.09,Rhyp,Ztor,original_table,True,6076,,,True,True,True,False,15.931793676649932,0.8379762668905733
2008-04-28__NZ20,2008-04-28,NZ20,,INSLAB,INSLAB/NZ20/pre-pro-NZ2020080428000629.npz,data/preprocessed/INSLAB/NZ20/pre-pro-NZ2020080428000629.npz,108906,480cdcd312f082d435a3c7b0be9a75a92858f02a67a191b210bed1920c26da3d,5.8,212.0,52.22,4.19,2.9546626,-1.0588037,-100.1,17.89,Rhyp,Ztor,original_table,True,6000,,,True,False,False,False,3.982261137280503,0.9583793777458142
2011-12-11__NZ20,2011-12-11,NZ20,,INSLAB,INSLAB/NZ20/pre-pro-NZ2020111211014725.npz,data/preprocessed/INSLAB/NZ20/pre-pro-NZ2020111211014725.npz,215092,0d9c03efadd3cd3bc0a0637981fb72342ed5b3f851f9e672d8f680395b03b63c,6.5,210.0,49.53,4.31,2.9546626,-1.0588037,-99.94,17.82,ref_CU,Ztor,original_table,True,10800,,,True,True,True,True,61.94337297125304,0.6756551839394018
2013-06-16__NZ20,2013-06-16,NZ20,,INSLAB,INSLAB/NZ20/pre-pro-NZ2020130616051903.npz,data/preprocessed/INSLAB/NZ20/pre-pro-NZ2020130616051903.npz,186487,24bfe9693097ab66e71635b299dd36d1030fd082e7dc702afa4d7a572d3cf8e0,5.9,159.0,55.27,4.64,2.9546626,-1.0588037,-99.25,18.04,Rhyp,Ztor,original_table,False,9376,,,False,True,True,False,54.48707223162117,0.669434737416604
2017-09-08__NZ20,2017-09-08,NZ20,,INSLAB,INSLAB/NZ20/pre-pro-NZ2020170908044918.npz,data/preprocessed/INSLAB/NZ20/pre-pro-NZ2020170908044918.npz,495914,763de13a257689dafa3a3c08deecea5b84f8b48765fb966333ac0844eeab2cb8,8.2,562.0,22.47,4.27,2.9546626,-1.0588037,-94.11,14.85,ref_CU,Ztor,original_table,False,24000,,,False,True,True,False,173.72301023959324,0.6090225502676091
2023-12-07__NZ20,2023-12-07,NZ20,,INSLAB,INSLAB/NZ20/pre-pro-NZ2020231207200340.npz,data/preprocessed/INSLAB/NZ20/pre-pro-NZ2020231207200340.npz,247263,d6fc1d275d3dd90607ba18ac74e7ca1067deffe7f7b37a935b6058e300c1dbb0,5.7,135.0,44.26,4.5,2.9546626,-1.0588037,-98.76,18.29,Rhyp,Ztor,original_table,False,12150,,,False,True,True,False,79.2709200617671,0.6388897591938453
2025-01-12__NZ20,2025-01-12,NZ20,,INSLAB,INSLAB/NZ20/pre-pro-NZ2020250112083253.npz,data/preprocessed/INSLAB/NZ20/pre-pro-NZ2020250112083253.npz,436447,e378249cdd30324fb18a6dc57773e98404868d40d53e3f2a76f4f0cbabff6cbf,6.1,484.0,24.16,4.1,2.9546626,-1.0588037,-103.49,18.49,Rhyp,Ztor,original_table,False,20736,,,False,False,False,False,124.31619592622816,0.681583433414712
1994-05-23__NZ20,1994-05-23,NZ20,,INSLAB,INSLAB/NZ20/pre-pro-NZ209405.231.npz,data/preprocessed/INSLAB/NZ20/pre-pro-NZ209405.231.npz,125037,e8956ee4c7b2f5c91e7043132b21a2f8ef96f60561fe09e94e2303f412015cfc,6.2,234.0,44.44,5.04,2.9546626,-1.0588037,-100.57,17.98,Rhyp,Ztor,original_table,True,6750,,,True,False,False,False,9.630542021036405,0.9127826297678282
1994-12-10__NZ20,1994-12-10,NZ20,,INSLAB,INSLAB/NZ20/pre-pro-NZ209412.101.npz,data/preprocessed/INSLAB/NZ20/pre-pro-NZ209412.101.npz,116502,583925f3b2eae752a5da998af3bfa81e3d6bbc7b4ddb0d53f330941a123bb755,6.4,313.0,45.78,5.0,2.9546626,-1.0588037,-101.56,18.02,Rhyp,Ztor,original_table,True,6400,,,True,False,False,False,5.79147803310822,0.943629764131709
1997-01-11__NZ20,1997-01-11,NZ20,,INSLAB,INSLAB/NZ20/pre-pro-NZ209701.111.npz,data/preprocessed/INSLAB/NZ20/pre-pro-NZ209701.111.npz,248854,ceaa7306cf3301b6a1b31e79f1577db7804c8eeacbb6d51b6eeb1e70c6ed6ebb,7.1,398.0,25.4,4.64,2.9546626,-1.0588037,-102.58,18.34,ref_CU,Ztor,original_table,True,12288,,,True,False,False,False,11.628508448345002,0.9475555475202048
1997-05-22__NZ20,1997-05-22,NZ20,,INSLAB,INSLAB/NZ20/pre-pro-NZ209705.221.npz,data/preprocessed/INSLAB/NZ20/pre-pro-NZ209705.221.npz,183157,221e0874511176d0a6b7d3f81aeac2020c131a719e6f1f1cbca0a2ccb8ef53ee,6.5,321.0,51.04,4.59,2.9546626,-1.0588037,-101.81,18.41,ref_CU,Ztor,original_table,True,9376,,,True,False,False,False,15.3124534508637,0.9059084831580207
1998-04-20__NZ20,1998-04-20,NZ20,,INSLAB,INSLAB/NZ20/pre-pro-NZ209804.201.npz,data/preprocessed/INSLAB/NZ20/pre-pro-NZ209804.201.npz,125607,970a987e133ac48378f266a6a8b5f6fb490bbfd214ba0c0a4cde7cd7c2214ec8,5.9,266.0,59.18,4.84,2.9546626,-1.0588037,-101.19,18.35,Rhyp,Ztor,original_table,True,6750,,,True,False,False,False,5.835308777720471,0.9473062237879676
1999-06-15__NZ20,1999-06-15,NZ20,,INSLAB,INSLAB/NZ20/pre-pro-NZ209906.151.npz,data/preprocessed/INSLAB/NZ20/pre-pro-NZ209906.151.npz,280692,f6aa1d1f80062d35800e390d915997424076bfeac7214d957952da02c20999a7,6.9,208.0,51.27,4.5,2.9546626,-1.0588037,-97.54,18.13,ref_CU,Ztor,original_table,False,13824,,,False,True,True,False,76.26455359046031,0.6951125226254885
1999-09-30__NZ20,1999-09-30,NZ20,,INSLAB,INSLAB/NZ20/pre-pro-NZ209909.301.npz,data/preprocessed/INSLAB/NZ20/pre-pro-NZ209909.301.npz,328420,baf7bd6bf53b362f8f8259bfa638136f59ce4adc0618e42f950b694efe4ff8d2,7.4,412.0,32.77,4.41,2.9546626,-1.0588037,-97.03,15.95,ref_CU,Ztor,original_table,False,16000,,,False,True,True,False,88.3009592886032,0.699349815156271
2000-07-21__NZ31,2000-07-21,NZ31,,INSLAB,INSLAB/NZ31/pre-pro-NZ310007.211.npz,data/preprocessed/INSLAB/NZ31/pre-pro-NZ310007.211.npz,417221,7b62e0b0d88b704f20ede43b410b04309336becd81418ad543d16fd74c625edf,5.8,154.0,43.74,5.15,0.8442842,0.23984684,-98.97,18.09,Rhyp,Ztor,original_table,True,10800,,,True,True,True,True,47.12235298562055,0.7495822878404648
2007-04-13__NZ31,2007-04-13,NZ31,,INSLAB,INSLAB/NZ31/pre-pro-NZ310704.131.npz,data/preprocessed/INSLAB/NZ31/pre-pro-NZ310704.131.npz,243902,669b399190d38c5bb86018c98c6eaa8855235b24dcf965e5a476e376377422ff,5.9,258.0,37.73,5.04,0.8442842,0.23984684,-100.21,17.41,Rhyp,Ztor,original_table,True,12150,,,True,True,True,True,38.32613165123925,0.8243853938267997
2006-08-11__NZ31,2006-08-11,NZ31,,INSLAB,INSLAB/NZ31/pre-pro-NZ3120060811143041.npz,data/preprocessed/INSLAB/NZ31/pre-pro-NZ3120060811143041.npz,210754,c6c263f9175082bf87f72d0cfbf7af5ef9fd27e3cabae76a5f6357db3b2bd3ee,5.9,271.0,46.37,4.94,0.8442842,0.23984684,-101.27,18.32,Rhyp,Ztor,original_table,True,10800,,,True,False,False,False,7.086334750776956,0.962336780490157
2008-04-28__NZ31,2008-04-28,NZ31,,INSLAB,INSLAB/NZ31/pre-pro-NZ3120080428000629.npz,data/preprocessed/INSLAB/NZ31/pre-pro-NZ3120080428000629.npz,192035,9eebe8e84580f6d0d78ac1a4783f39b015e55d35a122b20bb9827e1cc4e1c0c7,5.8,212.0,52.22,5.04,0.8442842,0.23984684,-100.1,17.89,Rhyp,Ztor,original_table,True,9720,,,True,False,False,False,13.818897339662982,0.918822197381995
2011-12-11__NZ31,2011-12-11,NZ31,,INSLAB,INSLAB/NZ31/pre-pro-NZ3120111211014725.npz,data/preprocessed/INSLAB/NZ31/pre-pro-NZ3120111211014725.npz,346443,f2ff898e624a3ebf824bf4e460899f927c5858f6c495a5b4e29795b19c342f1d,6.5,210.0,49.53,4.84,0.8442842,0.23984684,-99.94,17.82,ref_CU,Ztor,original_table,False,16876,,,False,True,True,False,108.6621060552545,0.6486042555532953
2012-11-15__NZ31,2012-11-15,NZ31,,INSLAB,INSLAB/NZ31/pre-pro-NZ3120121115092022.npz,data/preprocessed/INSLAB/NZ31/pre-pro-NZ3120121115092022.npz,316064,d2023c097612adbada302ae41d9712c6957463d2e12584d690be5dbdd41a4f23,6.1,204.0,47.88,4.99,0.8442842,0.23984684,-100.48,18.3,Rhyp,Ztor,original_table,False,15360,,,False,True,True,False,62.41064460605739,0.7784263691338894
2013-06-16__NZ31,2013-06-16,NZ31,,INSLAB,INSLAB/NZ31/pre-pro-NZ3120130616051903.npz,data/preprocessed/INSLAB/NZ31/pre-pro-NZ3120130616051903.npz,247533,4267d3da3cd1d5575771768f127d5659433e08a6cc299497d8581e1697312fac,5.9,160.0,55.27,5.04,0.8442842,0.23984684,-99.25,18.04,Rhyp,Ztor,original_table,False,12150,,,False,True,True,False,98.53926498105696,0.5515846872306851
2017-09-08__NZ31,2017-09-08,NZ31,,INSLAB,INSLAB/NZ31/pre-pro-NZ3120170908044918.npz,data/preprocessed/INSLAB/NZ31/pre-pro-NZ3120170908044918.npz,425194,4ba677aea74f7e86e87606826d551e3f1243a31ea4da9af6b6486f491fcca18e,8.2,565.0,22.47,5.1,0.8442842,0.23984684,-94.11,14.85,ref_CU,Ztor,original_table,False,20250,,,False,True,True,False,104.5648082945952,0.7256164992663277
2023-12-07__NZ31,2023-12-07,NZ31,,INSLAB,INSLAB/NZ31/pre-pro-NZ3120231207200340.npz,data/preprocessed/INSLAB/NZ31/pre-pro-NZ3120231207200340.npz,246734,29ad44ed5f02304c017265cd613195ff9d05de30ed7fe9ddd1b5d0bc4c1ee15e,5.7,137.0,44.26,4.84,0.8442842,0.23984684,-98.76,18.29,Rhyp,Ztor,original_table,False,12150,,,False,True,True,False,69.63205803603117,0.6826684681400393
2025-01-12__NZ31,2025-01-12,NZ31,,INSLAB,INSLAB/NZ31/pre-pro-NZ3120250112083253.npz,data/preprocessed/INSLAB/NZ31/pre-pro-NZ3120250112083253.npz,399799,7eb9d97a7a90d4e1d98316fc9221435b208554ff64c72d1d1e22671efd0344ae,6.1,482.0,24.16,4.74,0.8442842,0.23984684,-103.49,18.49,Rhyp,Ztor,original_table,False,19200,,,False,False,False,False,52.37343221199802,0.8537667675219935
1994-02-23__NZ31,1994-02-23,NZ31,,INSLAB,INSLAB/NZ31/pre-pro-NZ319402.231.npz,data/preprocessed/INSLAB/NZ31/pre-pro-NZ319402.231.npz,155146,8d259457a07d64dbebed6ee8ce1508078d64e37d4554e072e114c07513b39b82,5.8,272.0,69.89,5.04,0.8442842,0.23984684,-97.27,17.75,Rhyp,Ztor,original_table,True,8100,,,True,False,False,False,2.6425323884703573,0.9808830761161084
1994-05-23__NZ31,1994-05-23,NZ31,,INSLAB,INSLAB/NZ31/pre-pro-NZ319405.231.npz,data/preprocessed/INSLAB/NZ31/pre-pro-NZ319405.231.npz,298223,17b4e0659f992e78f6aad7bffd92125049b9489a970074c314df3752d3c47b59,6.2,233.0,44.44,5.15,0.8442842,0.23984684,-100.57,17.98,Rhyp,Ztor,original_table,True,14580,,,True,True,True,False,55.62694680850584,0.7920565705636954
1994-12-10__NZ31,1994-12-10,NZ31,,INSLAB,INSLAB/NZ31/pre-pro-NZ319412.101.npz,data/preprocessed/INSLAB/NZ31/pre-pro-NZ319412.101.npz,573704,b4d441c20ad6d2ae86e6cdc55fd7bd56be793b2d546d38319c9592fffa4688a5,6.4,312.0,45.78,5.1,0.8442842,0.23984684,-101.56,18.02,Rhyp,Ztor,original_table,True,14400,,,True,True,True,True,65.89395969133471,0.7438574189371063
1997-01-11__NZ31,1997-01-11,NZ31,,INSLAB,INSLAB/NZ31/pre-pro-NZ319701.111.npz,data/preprocessed/INSLAB/NZ31/pre-pro-NZ319701.111.npz,948874,171378ec87e95763b88616d5e047cc665b3cd656e91f6a7d5336cc2a4962b9e9,7.1,396.0,25.4,5.15,0.8442842,0.23984684,-102.58,18.34,ref_CU,Ztor,original_table,True,23040,,,True,True,True,True,124.0589849106579,0.7106428490211832
1997-05-22__NZ31,1997-05-22,NZ31,,INSLAB,INSLAB/NZ31/pre-pro-NZ319705.221.npz,data/preprocessed/INSLAB/NZ31/pre-pro-NZ319705.221.npz,262103,4c45d7a28283bd6a3081355475a1059274aea1218bb80eba9f4868e6ae442587,6.5,319.0,51.04,5.15,0.8442842,0.23984684,-101.81,18.41,ref_CU,Ztor,original_table,True,12960,,,True,True,True,False,29.08275705181296,0.8765115831522527
1998-04-20__NZ31,1998-04-20,NZ31,,INSLAB,INSLAB/NZ31/pre-pro-NZ319804.201.npz,data/preprocessed/INSLAB/NZ31/pre-pro-NZ319804.201.npz,183967,8ee73061ede27e27915518e666208090a6183fdc7c481dac358029c27b073c88,5.9,265.0,59.18,4.99,0.8442842,0.23984684,-101.19,18.35,Rhyp,Ztor,original_table,True,9376,,,True,False,False,False,17.591945671340568,0.8926207308103488
1999-06-15__NZ31,1999-06-15,NZ31,,INSLAB,INSLAB/NZ31/pre-pro-NZ319906.151.npz,data/preprocessed/INSLAB/NZ31/pre-pro-NZ319906.151.npz,348478,0e1e1ebeee689ba1db29d69d09dab5b4d93b6e135d787685e123a89a09c26f4a,6.9,211.0,51.27,5.15,0.8442842,0.23984684,-97.54,18.13,ref_CU,Ztor,original_table,False,16876,,,False,True,True,False,125.68388577867636,0.596843991086844
1999-06-21__NZ31,1999-06-21,NZ31,,INSLAB,INSLAB/NZ31/pre-pro-NZ319906.211.npz,data/preprocessed/INSLAB/NZ31/pre-pro-NZ319906.211.npz,199694,5ddb7fff7367561ad967cc98f806c4f11808e1fc97fa9c7abbdb709c42fb5cc7,6.0,330.0,48.25,5.04,0.8442842,0.23984684,-101.72,17.99,Rhyp,Ztor,original_table,True,10126,,,True,False,False,False,14.63229052221206,0.917754535876499
1999-09-30__NZ31,1999-09-30,NZ31,,INSLAB,INSLAB/NZ31/pre-pro-NZ319909.301.npz,data/preprocessed/INSLAB/NZ31/pre-pro-NZ319909.301.npz,953198,a6321c2e43f18d3cf48165adcdb7b605e743133adb2f887bf084c6d5b19f04c0,7.4,415.0,32.77,5.15,0.8442842,0.23984684,-97.03,15.95,ref_CU,Ztor,original_table,True,23040,,,True,True,True,True,180.81290773283715,0.579543977925688
1994-05-23__PA34,1994-05-23,PA34,,INSLAB,INSLAB/PA34/pre-pro-APA349405.231.npz,data/preprocessed/INSLAB/PA34/pre-pro-APA349405.231.npz,103872,5f0e1261ebabab736a42dc9479622bcb15d282d7b97fedf8d6e325aa69fa33d3,6.2,216.0,44.44,0.5,-0.06876244,-1.0244392,-100.57,17.98,Rhyp,Ztor,original_table,False,5760,,,False,True,True,False,16.709990875733823,0.8168366669326557
1994-12-10__PA34,1994-12-10,PA34,,INSLAB,INSLAB/PA34/pre-pro-APA349412.101.npz,data/preprocessed/INSLAB/PA34/pre-pro-APA349412.101.npz,123021,5026c59e010e3b5b40a2aaaee1bf0218281536cbce8a323ada007e4c63c7165f,6.4,298.0,45.78,0.5,-0.06876244,-1.0244392,-101.56,18.02,Rhyp,Ztor,original_table,True,6562,,,True,True,True,False,11.981890993303594,0.8895678249465107
1997-01-11__PA34,1997-01-11,PA34,,INSLAB,INSLAB/PA34/pre-pro-APA349701.111.npz,data/preprocessed/INSLAB/PA34/pre-pro-APA349701.111.npz,118355,d51c82fa5bba1ba9eecf86eaab30bbf32d36d4154cbc2771e2647172803950b5,7.1,387.0,25.4,0.5,-0.06876244,-1.0244392,-102.58,18.34,MANUAL_REF,Ztor,original_table,True,6400,,,True,True,True,False,10.278827680235976,0.90139267382736
1998-04-20__PA34,1998-04-20,PA34,,INSLAB,INSLAB/PA34/pre-pro-APA349804.201.npz,data/preprocessed/INSLAB/PA34/pre-pro-APA349804.201.npz,125396,f3acbe759a63e9ea5b44d6f245eccf2fa9a370205b40e42a43aefd828878c5d5,5.9,253.0,59.18,0.5,-0.06876244,-1.0244392,-101.19,18.35,Rhyp,Ztor,original_table,True,6750,,,True,False,False,False,16.648441480375112,0.8496618974139867
1999-06-15__PA34,1999-06-15,PA34,,INSLAB,INSLAB/PA34/pre-pro-APA349906.151.npz,data/preprocessed/INSLAB/PA34/pre-pro-APA349906.151.npz,169442,7504f6d48db3c01922e3bc986c78e3fcd801724ae3cc0f7d72b0407649db1377,6.9,198.0,51.27,0.5,-0.06876244,-1.0244392,-97.54,18.13,MANUAL_REF,Ztor,original_table,True,8640,,,True,True,True,True,59.83707811766557,0.6001798869593373
1999-06-21__PA34,1999-06-21,PA34,,INSLAB,INSLAB/PA34/pre-pro-APA349906.211.npz,data/preprocessed/INSLAB/PA34/pre-pro-APA349906.211.npz,125358,8bdb4bed07bc6f3882a9231460b06734fcb601ad1cf2a88efdda22a817a9ab9b,6.0,317.0,48.25,0.5,-0.06876244,-1.0244392,-101.72,17.99,Rhyp,Ztor,original_table,True,6750,,,True,False,False,False,19.5412677899368,0.823539210854824
1999-09-30__PA34,1999-09-30,PA34,,INSLAB,INSLAB/PA34/pre-pro-APA349909.301.npz,data/preprocessed/INSLAB/PA34/pre-pro-APA349909.301.npz,198846,dd5d7d6bcf5fa29e001f33d591c1ebcc7fb0879508af9729ea6e4414ab1e5a41,7.4,395.0,32.77,0.5,-0.06876244,-1.0244392,-97.03,15.95,ref_CU,Ztor,original_table,True,10000,,,True,True,True,True,40.23626639189144,0.7720195682934363
2000-07-21__PA34,2000-07-21,PA34,,INSLAB,INSLAB/PA34/pre-pro-BPA340007.211.npz,data/preprocessed/INSLAB/PA34/pre-pro-BPA340007.211.npz,111185,b451ab2c25fbffae26696e69eaf55e273253b7155ae863e3b5237fccebe14e26,5.8,132.0,43.74,0.5,-0.06876244,-1.0244392,-98.97,18.09,Rhyp,Ztor,original_table,True,6000,,,True,True,True,False,22.906843146444288,0.7644540550494161
2006-08-11__PA34,2006-08-11,PA34,,INSLAB,INSLAB/PA34/pre-pro-BPA3420060811143041.npz,data/preprocessed/INSLAB/PA34/pre-pro-BPA3420060811143041.npz,139898,2f8e09b5b57c0f3b811e5fd89a1d2d6f10026f8c4524ec89057f0a2297116aa8,5.9,259.0,46.37,0.5,-0.06876244,-1.0244392,-101.27,18.32,Rhyp,Ztor,original_table,True,7500,,,True,False,False,False,10.42066140085548,0.9157040818568558
2007-04-13__PA34,2007-04-13,PA34,,INSLAB,INSLAB/PA34/pre-pro-DPA340704.131.npz,data/preprocessed/INSLAB/PA34/pre-pro-DPA340704.131.npz,124037,c7981db750be74ebdc428ecab3a79999a9c909542d33639f43bfe2d0e37d1c3b,5.9,237.0,37.73,0.5,-0.06876244,-1.0244392,-100.21,17.41,Rhyp,Ztor,original_table,True,6750,,,True,True,True,False,20.718590379592825,0.8104949201537288
2008-04-28__PA34,2008-04-28,PA34,,INSLAB,INSLAB/PA34/pre-pro-DPA3420080428000629.npz,data/preprocessed/INSLAB/PA34/pre-pro-DPA3420080428000629.npz,110922,2c900ca4f2cbd45459a62d43b9b70fbcfd1a4f5d197c6ce0467a87ced66da3e2,5.8,192.0,52.22,0.5,-0.06876244,-1.0244392,-100.1,17.89,Rhyp,Ztor,original_table,True,6076,,,True,False,False,False,15.49065106474916,0.8413980642495222
2009-05-22__PA34,2009-05-22,PA34,,INSLAB,INSLAB/PA34/pre-pro-PA340905.221.npz,data/preprocessed/INSLAB/PA34/pre-pro-PA340905.221.npz,104690,0aad71b106ebf5ea02af759a131345f1d9758066d0be0722a8650b6ac4e502bb,5.6,146.0,41.27,0.5,-0.06876244,-1.0244392,-98.44,18.13,Rhyp,Ztor,original_table,True,5760,,,True,True,True,True,47.77894993065851,0.4784526805953661
2013-06-16__PA34,2013-06-16,PA34,,INSLAB,INSLAB/PA34/pre-pro-PA3420130616051903.npz,data/preprocessed/INSLAB/PA34/pre-pro-PA3420130616051903.npz,110292,b3c5d2129d2b526a270e8d69cd54c6b8004f0c078bd1346a25e5ebf78a73c2ab,5.9,138.0,55.27,0.5,-0.06876244,-1.0244392,-99.25,18.04,Rhyp,Ztor,original_table,False,6000,,,False,True,True,False,40.36470779679637,0.5839118874673088
2017-09-08__PA34,2017-09-08,PA34,,INSLAB,INSLAB/PA34/pre-pro-PA3420170908044918.npz,data/preprocessed/INSLAB/PA34/pre-pro-PA3420170908044918.npz,274339,105dbc7f2f79c8a1922900b7b88f0678dd0900652f3932fa03091ed36cc50cdb,8.2,550.0,22.47,0.5,-0.06876244,-1.0244392,-94.11,14.85,MANUAL_REF,Ztor,original_table,False,13500,,,False,True,True,False,82.76818422497297,0.6619222930113023
2023-12-07__PA34,2023-12-07,PA34,,INSLAB,INSLAB/PA34/pre-pro-PA3420231207200340.npz,data/preprocessed/INSLAB/PA34/pre-pro-PA3420231207200340.npz,143376,1e327d28ed8009c80d81e5b6dbe4662a2f49ab88c2a44ca45828d7a7e9c1b53c,5.7,116.0,44.26,0.5,-0.06876244,-1.0244392,-98.76,18.29,Rhyp,Ztor,original_table,False,7500,,,False,True,True,False,74.66394377305888,0.4090704885393045
2025-01-12__PA34,2025-01-12,PA34,,INSLAB,INSLAB/PA34/pre-pro-PA3420250112083253.npz,data/preprocessed/INSLAB/PA34/pre-pro-PA3420250112083253.npz,178172,89699d281e41e918fc81067479ca342989fbb16ce39d8ed79b45716848d97c18,6.1,475.0,24.16,0.5,-0.06876244,-1.0244392,-103.49,18.49,Rhyp,Ztor,original_table,False,9216,,,False,False,False,False,13.221635042266456,0.9163399453159552
2000-07-21__PD42,2000-07-21,PD42,,INSLAB,INSLAB/PD42/pre-pro-PD420007.211.npz,data/preprocessed/INSLAB/PD42/pre-pro-PD420007.211.npz,111667,6eab05dae1bb59e4599916c80655d4eb5726990be61c4890656e24b8c104e5f0,5.8,153.0,43.74,3.97,-6.0602336,-0.8268638,-98.97,18.09,Rhyp,Ztor,original_table,True,6076,,,True,False,False,False,8.920848452409714,0.9089802218915446
2007-04-13__PD42,2007-04-13,PD42,,INSLAB,INSLAB/PD42/pre-pro-PD420704.131.npz,data/preprocessed/INSLAB/PD42/pre-pro-PD420704.131.npz,169683,a64d827dfa4ce8d99bd397fc0beb7ed967bbd0fac70bbb8535d462d8ac6596dd,5.9,254.0,37.73,3.97,-6.098303,-0.92946535,-100.21,17.41,Rhyp,Ztor,original_table,True,8748,,,True,True,True,False,14.448049512564694,0.9039677666163862
2009-05-22__PD42,2009-05-22,PD42,,INSLAB,INSLAB/PD42/pre-pro-PD420905.221.npz,data/preprocessed/INSLAB/PD42/pre-pro-PD420905.221.npz,105443,af4177ac822b3588b945f07caacd07bd7093729a18c56b91d016ee79c70acc69,5.6,168.0,41.27,3.85,-6.098303,-0.92946535,-98.44,18.13,Rhyp,Ztor,original_table,True,5760,,,True,True,True,False,19.245066712614477,0.791652411901976
2006-08-11__PD42,2006-08-11,PD42,,INSLAB,INSLAB/PD42/pre-pro-PD4220060811143041.npz,data/preprocessed/INSLAB/PD42/pre-pro-PD4220060811143041.npz,144818,16693adbe348fa30034c45f212287a01c1116c7e7df3cda3270641ed5c50d2a6,5.9,263.0,46.37,3.86,-6.098303,-0.92946535,-101.27,18.32,Rhyp,Ztor,original_table,True,7680,,,True,True,True,False,15.630703445244508,0.8782276141691765
2008-04-28__PD42,2008-04-28,PD42,,INSLAB,INSLAB/PD42/pre-pro-PD4220080428000629.npz,data/preprocessed/INSLAB/PD42/pre-pro-PD4220080428000629.npz,129164,c5a7e106f2584e32114410c3207f6c26d487cb206b8ada53262eb78e60288591,5.8,206.0,52.22,3.97,-6.098303,-0.92946535,-100.1,17.89,Rhyp,Ztor,original_table,True,6912,,,True,False,False,False,3.395112392232903,0.970228758398519
2011-12-11__PD42,2011-12-11,PD42,,INSLAB,INSLAB/PD42/pre-pro-PD4220111211014725.npz,data/preprocessed/INSLAB/PD42/pre-pro-PD4220111211014725.npz,182255,c5eb91d3f381b85c272661143c400d05b47e172fcfde587710ee6222dc4c990b,6.5,205.0,49.53,3.85,-6.098303,-0.92946535,-99.94,17.82,ref_CU,Ztor,original_table,True,9376,,,True,True,True,False,24.19352531780476,0.850528077858614
2013-06-16__PD42,2013-06-16,PD42,,INSLAB,INSLAB/PD42/pre-pro-PD4220130616051903.npz,data/preprocessed/INSLAB/PD42/pre-pro-PD4220130616051903.npz,145875,e11ff2b389da55bed82af8cd1cdcde438b484398cd62a3e509ab40d5445277f2,5.9,157.0,55.27,3.81,-6.098303,-0.92946535,-99.25,18.04,Rhyp,Ztor,original_table,True,7680,,,True,True,True,False,18.310827739422862,0.8574478182995495
2017-09-08__PD42,2017-09-08,PD42,,INSLAB,INSLAB/PD42/pre-pro-PD4220170908044918.npz,data/preprocessed/INSLAB/PD42/pre-pro-PD4220170908044918.npz,396155,0131d46ad11c7deaccb510bc1912b2285f1a896ce955357b4d41525acbd2fb01,8.2,569.0,22.47,3.89,-6.098303,-0.92946535,-94.11,14.85,ref_CU,Ztor,original_table,False,19200,,,False,True,True,False,118.44779485333956,0.6665227206471478
2023-12-07__PD42,2023-12-07,PD42,,INSLAB,INSLAB/PD42/pre-pro-PD4220231207200340.npz,data/preprocessed/INSLAB/PD42/pre-pro-PD4220231207200340.npz,256621,a84ba74e52f34c31a0e5fa9fcdc731d2289f9e0f5a21f53cc938241059313265,5.7,138.0,44.26,3.58,-6.098303,-0.92946535,-98.76,18.29,Rhyp,Ztor,original_table,False,12800,,,False,True,True,False,87.95424060602605,0.6145400972652028
2025-01-12__PD42,2025-01-12,PD42,,INSLAB,INSLAB/PD42/pre-pro-PD4220250112083253.npz,data/preprocessed/INSLAB/PD42/pre-pro-PD4220250112083253.npz,485542,bc977c0853327fdf7d054eb13e5157dabb1f7a9d45d40deb6b2c3d39b0a6aa99,6.1,474.0,24.16,3.55,-6.098303,-0.92946535,-103.49,18.49,Rhyp,Ztor,original_table,False,23040,,,False,False,False,False,143.6298266934391,0.6696798061417619
1997-01-11__PD42,1997-01-11,PD42,,INSLAB,INSLAB/PD42/pre-pro-PD429701.111.npz,data/preprocessed/INSLAB/PD42/pre-pro-PD429701.111.npz,204993,cee93b68e23091f6e25f9488f2efe3b5145d6279389c07cbd0630fc5fd624417,7.1,388.0,25.4,4.19,-6.0602336,-0.8268638,-102.58,18.34,ref_CU,Ztor,original_table,True,10240,,,True,True,True,False,18.69861141879022,0.8973956792208614
1999-06-15__PD42,1999-06-15,PD42,,INSLAB,INSLAB/PD42/pre-pro-PD429906.151.npz,data/preprocessed/INSLAB/PD42/pre-pro-PD429906.151.npz,318385,3dadbcd58efdb2ed33ee4f8009e6c717ce13c59df417cb6645e6605c0446981f,6.9,217.0,51.27,4.14,-6.0602336,-0.8268638,-97.54,18.13,ref_CU,Ztor,original_table,True,15360,,,True,True,True,True,73.90198852220041,0.7396625620100736
1999-09-30__PD42,1999-09-30,PD42,,INSLAB,INSLAB/PD42/pre-pro-PD429909.301.npz,data/preprocessed/INSLAB/PD42/pre-pro-PD429909.301.npz,311205,ef400634ccf5fc0cccdb19003d016bb4a67b203baae43d0c59c0f9339308ae8a,7.4,418.0,32.77,3.97,-6.0602336,-0.8268638,-97.03,15.95,ref_CU,Ztor,original_table,False,15360,,,False,True,True,False,39.21363108021433,0.859090764741046
2000-07-21__PE10,2000-07-21,PE10,,INSLAB,INSLAB/PE10/pre-pro-PE100007.211.npz,data/preprocessed/INSLAB/PE10/pre-pro-PE100007.211.npz,141679,0a136f1a48e18be4e6cd80b73bd46a70521bca4aeb13535779b9b6981b82b096,5.8,152.0,43.74,2.11,-9.756742,-2.5731807,-98.97,18.09,Rhyp,Ztor,original_table,True,7500,,,True,True,True,False,19.385162230826936,0.8445580768917734
2007-04-13__PE10,2007-04-13,PE10,,INSLAB,INSLAB/PE10/pre-pro-PE100704.131.npz,data/preprocessed/INSLAB/PE10/pre-pro-PE100704.131.npz,129910,fa45554136c4fc0f8290c23be193af371e84c2c406d8d6af2ac410964b7d6470,5.9,250.0,37.73,2.03,-9.526261,-3.434275,-100.21,17.41,Rhyp,Ztor,original_table,True,6912,,,True,True,True,False,13.792910369684025,0.8795484204900531
2009-05-22__PE10,2009-05-22,PE10,,INSLAB,INSLAB/PE10/pre-pro-PE100905.221.npz,data/preprocessed/INSLAB/PE10/pre-pro-PE100905.221.npz,105078,9f0e0656ce3a6919e202f7990eb9946f49d3f006b46ac105f29cff5c805642b3,5.6,167.0,41.27,2.09,-9.526261,-3.434275,-98.44,18.13,Rhyp,Ztor,original_table,True,5760,,,True,True,True,False,12.711209658471605,0.8619697072595113
2006-08-11__PE10,2006-08-11,PE10,,INSLAB,INSLAB/PE10/pre-pro-PE1020060811143041.npz,data/preprocessed/INSLAB/PE10/pre-pro-PE1020060811143041.npz,136249,39a54afebbfb47f86cadc810c56c45e244b360a2ff7dee1a04154834e7617237,5.9,259.0,46.37,2.11,-9.526261,-3.434275,-101.27,18.32,Rhyp,Ztor,original_table,True,7200,,,True,False,False,False,3.244358797440597,0.9730624477130472
2008-04-28__PE10,2008-04-28,PE10,,INSLAB,INSLAB/PE10/pre-pro-PE1020080428000629.npz,data/preprocessed/INSLAB/PE10/pre-pro-PE1020080428000629.npz,124266,9a85e72374dbeb2cfe228997288ade0d94fed696276b4d8ada6ecd084cb3a8c0,5.8,203.0,52.22,2.05,-9.526261,-3.434275,-100.1,17.89,Rhyp,Ztor,original_table,True,6750,,,True,True,True,False,17.03570838342604,0.8441808434699896
2011-12-11__PE10,2011-12-11,PE10,,INSLAB,INSLAB/PE10/pre-pro-PE1020111211014725.npz,data/preprocessed/INSLAB/PE10/pre-pro-PE1020111211014725.npz,215105,821eeca960f3611071184edd44a2460c8758cb42986482be1cad8801cfd12090,6.5,201.0,49.53,2.07,-9.526261,-3.434275,-99.94,17.82,ref_CU,Ztor,original_table,False,10800,,,False,True,True,False,61.53808267979855,0.6774395498490484
2012-11-15__PE10,2012-11-15,PE10,,INSLAB,INSLAB/PE10/pre-pro-PE1020121115092022.npz,data/preprocessed/INSLAB/PE10/pre-pro-PE1020121115092022.npz,147512,ba8badf7c2e8378d2d92df83b1451566c5f9eb58bee6bf0a37f894f992f431de,6.1,193.0,47.88,1.88,-9.526261,-3.434275,-100.48,18.3,Rhyp,Ztor,original_table,True,7680,,,True,True,True,False,25.605646052555954,0.80336625669977
2013-06-16__PE10,2013-06-16,PE10,,INSLAB,INSLAB/PE10/pre-pro-PE1020130616051903.npz,data/preprocessed/INSLAB/PE10/pre-pro-PE1020130616051903.npz,175008,b3b793a42d32ec2352d4a337d62a66681ff6ed99abef5c226fa942a52930ba8e,5.9,155.0,55.27,2.0,-9.526261,-3.434275,-99.25,18.04,Rhyp,Ztor,original_table,False,9000,,,False,True,True,False,57.34934297765061,0.6290229447076098
2017-09-08__PE10,2017-09-08,PE10,,INSLAB,INSLAB/PE10/pre-pro-PE1020170908044918.npz,data/preprocessed/INSLAB/PE10/pre-pro-PE1020170908044918.npz,354927,76ddc388f00675125a1473722b80764dade5ad725a99ae1fb11bae5309aae687,8.2,570.0,22.47,1.86,-9.526261,-3.434275,-94.11,14.85,ref_CU,Ztor,original_table,True,17280,,,True,True,True,True,119.2539023647274,0.6239233605653504
2023-12-07__PE10,2023-12-07,PE10,,INSLAB,INSLAB/PE10/pre-pro-PE1020231207200340.npz,data/preprocessed/INSLAB/PE10/pre-pro-PE1020231207200340.npz,272780,98bf3462d8f2a92e6824d30d9f742e3b5d505199266e4f4100deb7d3bacb7432,5.7,136.0,44.26,1.85,-9.526261,-3.434275,-98.76,18.29,Rhyp,Ztor,original_table,False,13500,,,False,True,True,False,75.83494305529118,0.6870850296872656
2025-01-12__PE10,2025-01-12,PE10,,INSLAB,INSLAB/PE10/pre-pro-PE1020250112083253.npz,data/preprocessed/INSLAB/PE10/pre-pro-PE1020250112083253.npz,295081,b00fea55958edab61a66d68bf522770912e73e8da719fe0b102767d8fabd44ae,6.1,470.0,24.16,1.88,-9.526261,-3.434275,-103.49,18.49,Rhyp,Ztor,original_table,False,14400,,,False,False,False,False,25.40850996888869,0.9035327462360428
1994-05-23__PE10,1994-05-23,PE10,,INSLAB,INSLAB/PE10/pre-pro-PE109405.231.npz,data/preprocessed/INSLAB/PE10/pre-pro-PE109405.231.npz,72201,24074dfab4d60302b205efeb540d20c43740854081d6c4988537c97f31aa5335,6.2,224.0,44.44,2.22,-9.756742,-2.5731807,-100.57,17.98,Rhyp,Ztor,original_table,True,4320,,,True,False,False,False,4.948520536351353,0.9214021515827294
1997-01-11__PE10,1997-01-11,PE10,,INSLAB,INSLAB/PE10/pre-pro-PE109701.111.npz,data/preprocessed/INSLAB/PE10/pre-pro-PE109701.111.npz,276490,dc210d962179863ef0fb655e077b9c1e608559d414001e0b93b216423d74e5ca,7.1,384.0,25.4,2.22,-9.756742,-2.5731807,-102.58,18.34,ref_CU,Ztor,original_table,False,13500,,,False,True,True,False,86.87057534714211,0.6472547393221176
1997-05-22__PE10,1997-05-22,PE10,,INSLAB,INSLAB/PE10/pre-pro-PE109705.221.npz,data/preprocessed/INSLAB/PE10/pre-pro-PE109705.221.npz,241080,79ec42ed3df845b681df2143861d67844196dd04c6b0542c280c1f3de7cbaa2b,6.5,307.0,51.04,2.16,-9.756742,-2.5731807,-101.81,18.41,ref_CU,Ztor,original_table,True,12000,,,True,False,False,False,49.06836583919886,0.7714987154736013
1999-06-15__PE10,1999-06-15,PE10,,INSLAB,INSLAB/PE10/pre-pro-PE109906.151.npz,data/preprocessed/INSLAB/PE10/pre-pro-PE109906.151.npz,172988,6800f08b8a18543870ffcd33c8811c61d7533b1162c782ddc10399cc4957f41b,6.9,218.0,51.27,2.06,-9.756742,-2.5731807,-97.54,18.13,ref_CU,Ztor,original_table,True,9000,,,True,True,True,True,38.40669097607258,0.7487952712664492
1999-06-21__PE10,1999-06-21,PE10,,INSLAB,INSLAB/PE10/pre-pro-PE109906.211.npz,data/preprocessed/INSLAB/PE10/pre-pro-PE109906.211.npz,125637,6e72b50dcac28b4eff0b06fb7685bd60e0fc7eb001d1f8091926797a3a1488d2,6.0,319.0,48.25,2.18,-9.756742,-2.5731807,-101.72,17.99,Rhyp,Ztor,original_table,True,6750,,,True,False,False,False,7.402346904522361,0.9331556176221568
1999-09-30__PE10,1999-09-30,PE10,,INSLAB,INSLAB/PE10/pre-pro-PE109909.301.npz,data/preprocessed/INSLAB/PE10/pre-pro-PE109909.301.npz,229211,168b9f85368a4099b708890d967ced5284a5f5e7d138a62db555ea5e2f98d1de,7.4,418.0,32.77,2.13,-9.756742,-2.5731807,-97.03,15.95,ref_CU,Ztor,original_table,True,11520,,,True,True,True,True,56.210913432969306,0.7238471459937642
2000-07-21__RI76,2000-07-21,RI76,,INSLAB,INSLAB/RI76/pre-pro-RI760007.211.npz,data/preprocessed/INSLAB/RI76/pre-pro-RI760007.211.npz,143646,21ef2da893c8b12b52b9e5ee4afa3c8bbf266af9a6af57f7ee6b2e013595d841,5.8,157.0,43.74,3.55,-4.8878584,2.5353456,-98.97,18.09,Rhyp,Ztor,original_table,True,7500,,,True,True,True,False,12.514255857536767,0.9010574331314296
2009-05-22__RI76,2009-05-22,RI76,,INSLAB,INSLAB/RI76/pre-pro-RI760905.221.npz,data/preprocessed/INSLAB/RI76/pre-pro-RI760905.221.npz,106042,3bf2e0caed7ecbf5785ceeb20dbdbbb35b56e0e67aebf53e23c8f057e0ffcdca,5.6,172.0,41.27,3.37,-4.8878584,2.5353456,-98.44,18.13,Rhyp,Ztor,original_table,True,5832,,,True,True,True,False,10.343673633454188,0.8888135694565819
2008-04-28__RI76,2008-04-28,RI76,,INSLAB,INSLAB/RI76/pre-pro-RI7620080428000629.npz,data/preprocessed/INSLAB/RI76/pre-pro-RI7620080428000629.npz,114287,85b7322b9f3a5d0da12dbabacae4c9a63b06ad09e462ec1c6c73383a601e1c4a,5.8,210.0,52.22,3.26,-4.8878584,2.5353456,-100.1,17.89,Rhyp,Ztor,original_table,True,6250,,,True,False,False,False,2.267237219748907,0.9774494010369116
2011-12-11__RI76,2011-12-11,RI76,,INSLAB,INSLAB/RI76/pre-pro-RI7620111211014725.npz,data/preprocessed/INSLAB/RI76/pre-pro-RI7620111211014725.npz,238663,2a0abea92b05700c720c3231b508b2e7c0cbd347b16d321e1d9cdf376a30781d,6.5,209.0,49.53,3.1,-4.8878584,2.5353456,-99.94,17.82,ref_CU,Ztor,original_table,False,12000,,,False,True,True,False,41.81923981729335,0.8041253404342232
2012-11-15__RI76,2012-11-15,RI76,,INSLAB,INSLAB/RI76/pre-pro-RI7620121115092022.npz,data/preprocessed/INSLAB/RI76/pre-pro-RI7620121115092022.npz,247243,557b7423ddc2c32a9080d3a780dabb45160a0dc8f5df542bd4a72030439a2f72,6.1,200.0,47.88,2.94,-4.8878584,2.5353456,-100.48,18.3,Rhyp,Ztor,original_table,False,12150,,,False,True,True,False,60.4833028800671,0.7251008868281652
2013-06-16__RI76,2013-06-16,RI76,,INSLAB,INSLAB/RI76/pre-pro-RI7620130616051903.npz,data/preprocessed/INSLAB/RI76/pre-pro-RI7620130616051903.npz,201765,0bc4fd1d8c52504c3bdc51cc76561c49c8559e4e50f513c565cd592e35a149d6,5.9,162.0,55.27,2.93,-4.8878584,2.5353456,-99.25,18.04,Rhyp,Ztor,original_table,False,10126,,,False,True,True,False,54.66915335476794,0.6944150175809506
2017-09-08__RI76,2017-09-08,RI76,,INSLAB,INSLAB/RI76/pre-pro-RI7620170908044918.npz,data/preprocessed/INSLAB/RI76/pre-pro-RI7620170908044918.npz,390322,c8940622057d8bae8cee31563ce27ef24e8e06e0480666eadc5785fe552750d5,8.2,573.0,22.47,3.07,-4.8878584,2.5353456,-94.11,14.85,ref_CU,Ztor,original_table,False,18750,,,False,True,True,False,114.81275593690992,0.6713061667995708
2023-12-07__RI76,2023-12-07,RI76,,INSLAB,INSLAB/RI76/pre-pro-RI7620231207200340.npz,data/preprocessed/INSLAB/RI76/pre-pro-RI7620231207200340.npz,250750,d59be4224e9aadeaf793afc1dfd69cff662e2db472c66fd94bb3e98a7bde3288,5.7,142.0,44.26,2.96,-4.8878584,2.5353456,-98.76,18.29,Rhyp,Ztor,original_table,False,12288,,,False,True,True,False,62.85907418982245,0.7180195846499979
2025-01-12__RI76,2025-01-12,RI76,,INSLAB,INSLAB/RI76/pre-pro-RI7620250112083253.npz,data/preprocessed/INSLAB/RI76/pre-pro-RI7620250112083253.npz,281613,3fd4726d33c20a8b4e50a25cd29b9ecb77bb2293cd180891e67f80e13fa70131,6.1,475.0,24.16,2.76,-4.8878584,2.5353456,-103.49,18.49,Rhyp,Ztor,original_table,False,13824,,,False,False,False,False,35.04137588195417,0.8607037053507943
2000-07-21__RM48,2000-07-21,RM48,,INSLAB,INSLAB/RM48/pre-pro-RM480007.211.npz,data/preprocessed/INSLAB/RM48/pre-pro-RM480007.211.npz,147866,bb1f5bce3dee400e2fed450c5badf3d8b58bd10c36bc70102395938b6cc149e9,5.8,157.0,43.74,2.9,-8.905299,2.1453938,-98.97,18.09,Rhyp,Ztor,original_table,True,7680,,,True,True,True,False,22.2204328440923,0.8300540509056038
2007-04-13__RM48,2007-04-13,RM48,,INSLAB,INSLAB/RM48/pre-pro-RM480704.131.npz,data/preprocessed/INSLAB/RM48/pre-pro-RM480704.131.npz,140568,776b4d60bdba1ed7519d7f8c7038cae9dc80d50dd0d39530d892b8115a44abf8,5.9,255.0,37.73,2.7,-8.905299,2.1453938,-100.21,17.41,Rhyp,Ztor,original_table,True,7500,,,True,True,True,False,11.10244822401755,0.9106586607868548
2009-05-22__RM48,2009-05-22,RM48,,INSLAB,INSLAB/RM48/pre-pro-RM480905.221.npz,data/preprocessed/INSLAB/RM48/pre-pro-RM480905.221.npz,105542,0e45a4d876e245a02bdae4293e240afefd32dba7e3480d454c3892de75d0b50a,5.6,172.0,41.27,2.25,-8.905299,2.1453938,-98.44,18.13,Rhyp,Ztor,original_table,True,5760,,,True,True,True,False,14.91068943048164,0.8388382033021872
2006-08-11__RM48,2006-08-11,RM48,,INSLAB,INSLAB/RM48/pre-pro-RM4820060811143041.npz,data/preprocessed/INSLAB/RM48/pre-pro-RM4820060811143041.npz,134521,b307d57ca8a88ca5a1830a77d2a5e2a5d51595e4ee407368f1181ea498778e38,5.9,262.0,46.37,2.53,-8.905299,2.1453938,-101.27,18.32,Rhyp,Ztor,original_table,True,7200,,,True,False,False,False,5.859020169957503,0.9506857994280152
2008-04-28__RM48,2008-04-28,RM48,,INSLAB,INSLAB/RM48/pre-pro-RM4820080428000629.npz,data/preprocessed/INSLAB/RM48/pre-pro-RM4820080428000629.npz,110348,870abc62c6a4f8a94546241b2c299173e2001d398f89a4e9331b6be302df5bd5,5.8,208.0,52.22,2.6,-8.905299,2.1453938,-100.1,17.89,Rhyp,Ztor,original_table,True,6000,,,True,False,False,False,3.764257913048084,0.9611812115804056
2011-12-11__RM48,2011-12-11,RM48,,INSLAB,INSLAB/RM48/pre-pro-RM4820111211014725.npz,data/preprocessed/INSLAB/RM48/pre-pro-RM4820111211014725.npz,204100,7e2f121399f5748283788c2ce9c5b6272591a21d6139381d419c9d23881e89f6,6.5,207.0,49.53,2.12,-8.905299,2.1453938,-99.94,17.82,ref_CU,Ztor,original_table,False,10240,,,False,True,True,False,45.76363580711293,0.748053095094071
2013-06-16__RM48,2013-06-16,RM48,,INSLAB,INSLAB/RM48/pre-pro-RM4820130616051903.npz,data/preprocessed/INSLAB/RM48/pre-pro-RM4820130616051903.npz,193707,9073ed341c3782627727679e8cd6bc58d822f8f8c9c5b4d4d607979e320a769b,5.9,160.0,55.27,2.11,-8.905299,2.1453938,-99.25,18.04,Rhyp,Ztor,original_table,False,9720,,,False,True,True,False,61.5541966527347,0.6408530447941262
2017-09-08__RM48,2017-09-08,RM48,,INSLAB,INSLAB/RM48/pre-pro-RM4820170908044918.npz,data/preprocessed/INSLAB/RM48/pre-pro-RM4820170908044918.npz,268136,a09d01bb08d68181d6193c213c01b9c48118db72bd000a04cabecfb800e31251,8.2,574.0,22.47,2.18,-8.905299,2.1453938,-94.11,14.85,ref_CU,Ztor,original_table,False,13122,,,False,True,True,False,57.90419229166568,0.7577027688858244
2023-12-07__RM48,2023-12-07,RM48,,INSLAB,INSLAB/RM48/pre-pro-RM4820231207200340.npz,data/preprocessed/INSLAB/RM48/pre-pro-RM4820231207200340.npz,207830,fe421b14ede6d131cbd79ce8ed0d9e6bd59e13c29f2993003dde01c9a71d8b10,5.7,142.0,44.26,2.05,-8.905299,2.1453938,-98.76,18.29,Rhyp,Ztor,original_table,False,10368,,,False,True,True,False,64.90646212001623,0.647955404241383
2025-01-12__RM48,2025-01-12,RM48,,INSLAB,INSLAB/RM48/pre-pro-RM4820250112083253.npz,data/preprocessed/INSLAB/RM48/pre-pro-RM4820250112083253.npz,293317,196f8cc77efb0600b283c98067e75efc4b69d0fe723725e69555216d69d86310,6.1,472.0,24.16,1.99,-8.905299,2.1453938,-103.49,18.49,Rhyp,Ztor,original_table,False,14400,,,False,False,False,False,37.15241191255242,0.8580180688938265
1997-05-22__RM48,1997-05-22,RM48,,INSLAB,INSLAB/RM48/pre-pro-RM489705.221.npz,data/preprocessed/INSLAB/RM48/pre-pro-RM489705.221.npz,118360,642127b41704a2f7d6de78b3d9993141cc197f46c3ce76a107dccc8a1cdda6cd,6.5,310.0,51.04,2.97,-8.905299,2.1453938,-101.81,18.41,ref_CU,Ztor,original_table,True,6400,,,True,False,False,False,3.68026987758752,0.9646942644130132
1998-04-20__RM48,1998-04-20,RM48,,INSLAB,INSLAB/RM48/pre-pro-RM489804.201.npz,data/preprocessed/INSLAB/RM48/pre-pro-RM489804.201.npz,125486,904a9ca9eb8762302cbe41c46fb0d4ee1ece7451ec1e51dca1ffd6edc2dd70d6,5.9,256.0,59.18,2.91,-8.905299,2.1453938,-101.19,18.35,Rhyp,Ztor,original_table,True,6750,,,True,False,False,False,10.1752001439404,0.908116307170486
1999-06-15__RM48,1999-06-15,RM48,,INSLAB,INSLAB/RM48/pre-pro-RM489906.151.npz,data/preprocessed/INSLAB/RM48/pre-pro-RM489906.151.npz,240613,262d5462bfee45812676223640a63bf350100dfc17eb113fcc8e8c35f0db3769,6.9,221.0,51.27,2.85,-8.905299,2.1453938,-97.54,18.13,ref_CU,Ztor,original_table,False,12000,,,False,True,True,False,68.17626430698118,0.6812107719677304
1999-09-30__RM48,1999-09-30,RM48,,INSLAB,INSLAB/RM48/pre-pro-RM489909.301.npz,data/preprocessed/INSLAB/RM48/pre-pro-RM489909.301.npz,247960,27949a87c7e7192d7f0d6a5ec75ad66739a2cc1e74269d9857bf657abd29a07c,7.4,422.0,32.77,2.57,-8.905299,2.1453938,-97.03,15.95,ref_CU,Ztor,original_table,False,12288,,,False,True,True,False,42.87827348471248,0.8057169302912892
1994-12-10__SCT,1994-12-10,SCT,,INSLAB,INSLAB/SCT/pre-pro-SCT19412.101.npz,data/preprocessed/INSLAB/SCT/pre-pro-SCT19412.101.npz,78038,1fec16805db997d7b07823eb9be6028e0b62a12153556c649f9b4f1bbbe2a8eb,6.4,299.0,45.78,1.86,-11.199875,-2.2470667,-101.56,18.02,Rhyp,Ztor,original_table,True,4608,,,True,False,False,False,5.083863501756959,0.925609255168906
1997-01-11__SCT,1997-01-11,SCT,,INSLAB,INSLAB/SCT/pre-pro-SCT19701.111.npz,data/preprocessed/INSLAB/SCT/pre-pro-SCT19701.111.npz,140942,d8fd9c144a7794e4bc088cf5b23f2b2a0fcfba3d5ae0bb8bcfff4f4a2c5d4c44,7.1,383.0,25.4,1.92,-11.199875,-2.247067,-102.58,18.34,ref_CU,Ztor,original_table,True,7500,,,True,False,False,False,12.664690201820235,0.8985201105623378
1997-05-22__SCT,1997-05-22,SCT,,INSLAB,INSLAB/SCT/pre-pro-SCT19705.221.npz,data/preprocessed/INSLAB/SCT/pre-pro-SCT19705.221.npz,54580,1e8e15fe688dbab8bd4432ec34a6eac484768ad6f126694e6145d939f15bc026,6.5,306.0,51.04,1.86,-11.199875,-2.2470667,-101.81,18.41,ref_CU,Ztor,original_table,True,3600,,,True,False,False,False,0.7192511859093429,0.9847389945701392
2000-07-21__SCT,2000-07-21,SCT,,INSLAB,INSLAB/SCT/pre-pro-SCT20007.211.npz,data/preprocessed/INSLAB/SCT/pre-pro-SCT20007.211.npz,114279,34a07c1fb42fb9dc89c00e0574aa3af5a74d5e367cd9480a0bee4357f3366185,5.8,152.0,43.74,1.85,-11.199875,-2.2470667,-98.97,18.09,Rhyp,Ztor,original_table,True,6250,,,True,True,True,False,21.60497796229582,0.7848538342730949
2006-08-11__SCT,2006-08-11,SCT,,INSLAB,INSLAB/SCT/pre-pro-SCT20608.111.npz,data/preprocessed/INSLAB/SCT/pre-pro-SCT20608.111.npz,216178,61a4f7972c796fe14de894deacb1aea0cf9213705098ae157567909aa2577395,5.9,258.0,46.37,1.73,-11.341992,-2.0279512,-101.27,18.32,Rhyp,Ztor,original_table,True,10800,,,True,False,False,False,39.24281256600227,0.795620995958532
2007-04-13__SCT,2007-04-13,SCT,,INSLAB,INSLAB/SCT/pre-pro-SCT20704.131.npz,data/preprocessed/INSLAB/SCT/pre-pro-SCT20704.131.npz,156863,af5410e12770a075a9bb8d82d8f646b6371638e03a4b8f4145588403a90099ce,5.9,250.0,37.73,1.92,-11.199875,-2.247067,-100.21,17.41,Rhyp,Ztor,original_table,True,8100,,,True,True,True,True,40.022764859183766,0.7113395971209249
2009-05-22__SCT,2009-05-22,SCT,,INSLAB,INSLAB/SCT/pre-pro-SCT20905.221.npz,data/preprocessed/INSLAB/SCT/pre-pro-SCT20905.221.npz,124294,f1b97eef1d7614bcb7bd6227f464b84faa0208816430060a1d07d5d63c9de6a3,5.6,169.0,41.27,1.88,-11.341993,-2.0279515,-98.44,18.13,Rhyp,Ztor,original_table,False,6750,,,False,True,True,False,24.85703256100379,0.7721837360369921
2011-12-11__SCT,2011-12-11,SCT,,INSLAB,INSLAB/SCT/pre-pro-SCT21112.111.npz,data/preprocessed/INSLAB/SCT/pre-pro-SCT21112.111.npz,182388,84139a771d3f52533df0bf4460421d804aa80600096bd0b75eea0aac16f5265f,6.5,202.0,49.53,1.73,-11.341992,-2.0279512,-99.94,17.82,ref_CU,Ztor,original_table,False,9216,,,False,True,True,False,51.04521658640499,0.6840088115240498
2012-11-15__SCT,2012-11-15,SCT,,INSLAB,INSLAB/SCT/pre-pro-SCT21211.151.npz,data/preprocessed/INSLAB/SCT/pre-pro-SCT21211.151.npz,182369,e599879c0b2e2ef437868af348a9f315ee7afa2e3e0625a341b7068daf6341f5,6.1,193.0,47.88,1.77,-11.341992,-2.0279512,-100.48,18.3,Rhyp,Ztor,original_table,True,9216,,,True,True,True,True,39.142884194806186,0.7576892150872466
2013-06-16__SCT,2013-06-16,SCT,,INSLAB,INSLAB/SCT/pre-pro-SCT21306.161.npz,data/preprocessed/INSLAB/SCT/pre-pro-SCT21306.161.npz,170834,17d573948305f2c06e45481445c0957558479895a51dada0327c6e979e6e5e4a,5.9,156.0,55.27,1.72,-11.341992,-2.0279512,-99.25,18.04,Rhyp,Ztor,original_table,False,8748,,,False,True,True,False,59.41394828811623,0.6056945295452865
2017-09-08__SCT,2017-09-08,SCT,,INSLAB,INSLAB/SCT/pre-pro-SCT21709.081.npz,data/preprocessed/INSLAB/SCT/pre-pro-SCT21709.081.npz,313171,e471e6fc64c4f7217ad60ccec50aaa1686f4e78189841e3b3f00ebd020bca7b9,8.2,572.0,22.47,1.7,-11.341991,-2.0279512,-94.11,14.85,ref_CU,Ztor,original_table,True,15360,,,True,True,True,True,112.9828978751314,0.5951739658349228
1999-06-15__SCT,1999-06-15,SCT,,INSLAB,INSLAB/SCT/pre-pro-SCT29906.151.npz,data/preprocessed/INSLAB/SCT/pre-pro-SCT29906.151.npz,351292,f0b91bf80805056e012da56c618d991adf3d9bbf006e173b7bcebf93385d3dc4,6.9,219.0,51.27,1.92,-11.199875,-2.247067,-97.54,18.13,ref_CU,Ztor,original_table,True,9000,,,True,True,True,False,27.47399925789728,0.8248222701699411
1999-09-30__SCT,1999-09-30,SCT,,INSLAB,INSLAB/SCT/pre-pro-SCT29909.301.npz,data/preprocessed/INSLAB/SCT/pre-pro-SCT29909.301.npz,380558,45c674e0fee2b81df28a14e3f75cc09f06023ae612dc5ceef07530e8e3606deb,7.4,419.0,32.77,2.01,-11.199875,-2.247067,-97.03,15.95,ref_CU,Ztor,original_table,True,9720,,,True,True,True,True,33.05908388999936,0.8056091265692568
2000-07-21__SI53,2000-07-21,SI53,,INSLAB,INSLAB/SI53/pre-pro-SI530007.211.npz,data/preprocessed/INSLAB/SI53/pre-pro-SI530007.211.npz,179494,244d0025bf2ef610e1fe35dd236417b87c4913912d47d813e829cae3a278837f,5.8,150.0,43.74,1.35,-11.1157055,-4.059889,-98.97,18.09,Rhyp,Ztor,original_table,False,9216,,,False,True,True,False,79.8585453284814,0.5005719491652195
2007-04-13__SI53,2007-04-13,SI53,,INSLAB,INSLAB/SI53/pre-pro-SI530704.131.npz,data/preprocessed/INSLAB/SI53/pre-pro-SI530704.131.npz,201982,6f4bf779f81f03c1fba90001fe549981d3583635710c6d8232a5c7b237b1b75d,5.9,248.0,37.73,1.39,-11.115761,-4.059909,-100.21,17.41,Rhyp,Ztor,original_table,False,10240,,,False,True,True,False,69.5929416462652,0.6134369735807077
2009-05-22__SI53,2009-05-22,SI53,,INSLAB,INSLAB/SI53/pre-pro-SI530905.221.npz,data/preprocessed/INSLAB/SI53/pre-pro-SI530905.221.npz,93517,a01e50c6b12c2e1070caea53b885538743064a1f3bc4245ddd84d9a5d2c8d242,5.6,167.0,41.27,1.34,-11.115686,-4.0598817,-98.44,18.13,Rhyp,Ztor,original_table,True,5400,,,True,True,True,False,17.154968484500642,0.7901276182468725
2006-02-20__SI53,2006-02-20,SI53,,INSLAB,INSLAB/SI53/pre-pro-SI5320060220105423.npz,data/preprocessed/INSLAB/SI53/pre-pro-SI5320060220105423.npz,101147,07574145881f5f666ccbd37b4d0984a1fafee36d38c74606577fe8a0b72eb436,5.2,197.0,53.4,1.34,-11.115686,-4.0598817,-100.54,18.3,Rhyp,Ztor,original_table,True,5626,,,True,False,False,False,12.482825652247612,0.8606671988810402
2006-08-11__SI53,2006-08-11,SI53,,INSLAB,INSLAB/SI53/pre-pro-SI5320060811143041.npz,data/preprocessed/INSLAB/SI53/pre-pro-SI5320060811143041.npz,195710,5d7cf1c6eb9aeaa9a32ff9a2fd5c0b0b402c921cd79ec555be53393f5ad78e24,5.9,257.0,46.37,1.39,-11.115761,-4.059909,-101.27,18.32,Rhyp,Ztor,original_table,True,10000,,,True,False,False,False,41.41218600505201,0.7638312745648588
2012-11-15__SI53,2012-11-15,SI53,,INSLAB,INSLAB/SI53/pre-pro-SI5320121115092022.npz,data/preprocessed/INSLAB/SI53/pre-pro-SI5320121115092022.npz,179253,b21d0f1f6d7bee16ae151bfa89e58a638995896a3027c8a0a1fdb1c51d56c722,6.1,192.0,47.88,1.35,-11.1157055,-4.059889,-100.48,18.3,Rhyp,Ztor,original_table,True,9216,,,True,True,True,True,49.28872077501707,0.690261290925551
2013-06-16__SI53,2013-06-16,SI53,,INSLAB,INSLAB/SI53/pre-pro-SI5320130616051903.npz,data/preprocessed/INSLAB/SI53/pre-pro-SI5320130616051903.npz,192785,59659c02b313011bea52f66da3963b15f0c8f299d6a8a7293f8d17cfc229c009,5.9,154.0,55.27,1.31,-11.115612,-4.0598545,-99.25,18.04,Rhyp,Ztor,original_table,False,9720,,,False,True,True,False,82.93009081641355,0.511946264027698
2017-09-08__SI53,2017-09-08,SI53,,INSLAB,INSLAB/SI53/pre-pro-SI5320170908044918.npz,data/preprocessed/INSLAB/SI53/pre-pro-SI5320170908044918.npz,272453,db6e3b8a326d468003dadf1f8bbb77f5a76ba521d31986b7a16c671de5494819,8.2,571.0,22.47,1.32,-11.11564,-4.059865,-94.11,14.85,ref_CU,Ztor,original_table,False,13500,,,False,True,True,False,110.38342317765816,0.5450357630135266
2023-12-07__SI53,2023-12-07,SI53,,INSLAB,INSLAB/SI53/pre-pro-SI5320231207200340.npz,data/preprocessed/INSLAB/SI53/pre-pro-SI5320231207200340.npz,132305,90e6925ef5316ce7ff140fb3aad1e49176c19b06d3ae2127490acceb61f12174,5.7,136.0,44.26,1.3,-11.11558,-4.0598426,-98.76,18.29,Rhyp,Ztor,original_table,False,7200,,,False,True,True,False,50.716813336239866,0.564438222807971
2025-01-12__SI53,2025-01-12,SI53,,INSLAB,INSLAB/SI53/pre-pro-SI5320250112083253.npz,data/preprocessed/INSLAB/SI53/pre-pro-SI5320250112083253.npz,294676,1a25edd15631c2b168a2f745986af01e310776512674dbc80d40bcdbe38ed2a3,6.1,468.0,24.16,1.27,-11.115452,-4.0597963,-103.49,18.49,Rhyp,Ztor,original_table,False,14400,,,False,False,False,False,22.26558769198945,0.9152110141203752
1994-02-23__SI53,1994-02-23,SI53,,INSLAB,INSLAB/SI53/pre-pro-SI539402.231.npz,data/preprocessed/INSLAB/SI53/pre-pro-SI539402.231.npz,169397,4cda9305abfb37ee9b82374009738258da581f17cddf213cb44766f2be35d368,5.8,278.0,69.89,1.44,-11.115799,-4.0599227,-97.27,17.75,Rhyp,Ztor,original_table,True,8748,,,True,False,False,False,10.797109700907043,0.9285101655240214
1994-05-23__SI53,1994-05-23,SI53,,INSLAB,INSLAB/SI53/pre-pro-SI539405.231.npz,data/preprocessed/INSLAB/SI53/pre-pro-SI539405.231.npz,201151,a762fdd8ce04553444c4f6d80b774935b8569f081de18f5125c0d34d86f6c4eb,6.2,221.0,44.44,1.42,-11.115787,-4.0599184,-100.57,17.98,Rhyp,Ztor,original_table,False,10126,,,False,True,True,False,55.16093866405596,0.6922166127438011
1997-01-11__SI53,1997-01-11,SI53,,INSLAB,INSLAB/SI53/pre-pro-SI539701.111.npz,data/preprocessed/INSLAB/SI53/pre-pro-SI539701.111.npz,239954,28749f52831b9eb93eb342a2ec1924cf21d6923a6a85e4229d148a70704726e8,7.1,382.0,25.4,1.36,-11.115722,-4.0598946,-102.58,18.34,ref_CU,Ztor,original_table,False,12000,,,False,True,True,False,85.9394948808953,0.5976238651517216
1997-05-22__SI53,1997-05-22,SI53,,INSLAB,INSLAB/SI53/pre-pro-SI539705.221.npz,data/preprocessed/INSLAB/SI53/pre-pro-SI539705.221.npz,213238,99ce278241edc2cfdc856362ca0cad077e9e1c64f4f309bddf458085a7cc73c8,6.5,305.0,51.04,1.35,-11.1157055,-4.059889,-101.81,18.41,ref_CU,Ztor,original_table,True,10800,,,True,True,True,False,50.907464913511006,0.73306347378999
1998-04-20__SI53,1998-04-20,SI53,,INSLAB,INSLAB/SI53/pre-pro-SI539804.201.npz,data/preprocessed/INSLAB/SI53/pre-pro-SI539804.201.npz,173174,1c55621f37f5e18308f2b4aff326e166ca58682a214de3c2fa2dac2f77389277,5.9,251.0,59.18,1.38,-11.115749,-4.0599046,-101.19,18.35,Rhyp,Ztor,original_table,True,9000,,,True,False,False,False,5.479794913747639,0.964321929072546
1999-06-15__SI53,1999-06-15,SI53,,INSLAB,INSLAB/SI53/pre-pro-SI539906.151.npz,data/preprocessed/INSLAB/SI53/pre-pro-SI539906.151.npz,538320,80135355524cb52ee8701d0c63e6ed3aa8c34bd7640b9a8ece72515159719c82,6.9,218.0,51.27,1.34,-11.115686,-4.0598817,-97.54,18.13,ref_CU,Ztor,original_table,False,13500,,,False,True,True,False,109.73626265753948,0.5467878302666358
1999-06-21__SI53,1999-06-21,SI53,,INSLAB,INSLAB/SI53/pre-pro-SI539906.211.npz,data/preprocessed/INSLAB/SI53/pre-pro-SI539906.211.npz,194156,a1a5a675687e77c12c89fc7d393ed2640dfff57ef3438b8f8a30eb727ae8d10a,6.0,316.0,48.25,1.42,-11.115787,-4.0599184,-101.72,17.99,Rhyp,Ztor,original_table,True,10000,,,True,True,True,False,21.557316950015263,0.8752397884714668
1999-09-30__SI53,1999-09-30,SI53,,INSLAB,INSLAB/SI53/pre-pro-SI539909.301.npz,data/preprocessed/INSLAB/SI53/pre-pro-SI539909.301.npz,498370,1120831a3e5c1e4059932fa3c61784aab6bf2866fe39c8a41649f46106fe4a61,7.4,417.0,32.77,1.41,-11.115779,-4.0599155,-97.03,15.95,ref_CU,Ztor,original_table,False,12500,,,False,True,True,False,90.41266225112338,0.5962729141033585
2000-07-21__SP51,2000-07-21,SP51,,INSLAB,INSLAB/SP51/pre-pro-SP510007.211.npz,data/preprocessed/INSLAB/SP51/pre-pro-SP510007.211.npz,402493,317ec8f9bd9913828b2a20c755cfc002432a335f71cc646ee4568ec6dd07adeb,5.8,149.0,43.74,2.0,-7.2299366,-4.3501544,-98.97,18.09,Rhyp,Ztor,original_table,False,10240,,,False,True,True,False,41.598179849651785,0.7701313521971
2007-04-13__SP51,2007-04-13,SP51,,INSLAB,INSLAB/SP51/pre-pro-SP510704.131.npz,data/preprocessed/INSLAB/SP51/pre-pro-SP510704.131.npz,215102,7e4958e41109596d983d83837eb4043d77e1a7a6af66cdeffb0d1362789db0d8,5.9,249.0,37.73,1.85,-7.2299366,-4.3501544,-100.21,17.41,Rhyp,Ztor,original_table,False,10800,,,False,True,True,False,72.90353573512952,0.6188648278171816
2009-05-22__SP51,2009-05-22,SP51,,INSLAB,INSLAB/SP51/pre-pro-SP510905.221.npz,data/preprocessed/INSLAB/SP51/pre-pro-SP510905.221.npz,160298,420b64e97bb42ece9b5c252bf0a3f639ec696248162200d8f244a7ac672ae638,5.6,165.0,41.27,1.83,-7.2299366,-4.3501544,-98.44,18.13,Rhyp,Ztor,original_table,False,8640,,,False,True,True,False,42.02475995423429,0.7027951912713276
2006-08-11__SP51,2006-08-11,SP51,,INSLAB,INSLAB/SP51/pre-pro-SP5120060811143041.npz,data/preprocessed/INSLAB/SP51/pre-pro-SP5120060811143041.npz,185738,92a93982d7e0ff7f9b573c9783cb523ac9a4e32bc6425fb360180d6e2347819e,5.9,260.0,46.37,1.9,-7.2299366,-4.3501544,-101.27,18.32,Rhyp,Ztor,original_table,True,9600,,,True,False,False,False,12.93965690543726,0.921630083547712
2008-04-28__SP51,2008-04-28,SP51,,INSLAB,INSLAB/SP51/pre-pro-SP5120080428000629.npz,data/preprocessed/INSLAB/SP51/pre-pro-SP5120080428000629.npz,165576,d8a832159d1fe77315f174df18b868cfe65651c1d32e72937c1cd29db72d2a86,5.8,202.0,52.22,1.85,-7.2299366,-4.3501544,-100.1,17.89,Rhyp,Ztor,original_table,True,8640,,,True,False,False,False,23.07027789937132,0.8432619206510543
2011-12-11__SP51,2011-12-11,SP51,,INSLAB,INSLAB/SP51/pre-pro-SP5120111211014725.npz,data/preprocessed/INSLAB/SP51/pre-pro-SP5120111211014725.npz,231827,13c27cfd6a61562eabcd89adb15f8efcc5372fa8767d38dc5ea7582341c18213,6.5,200.0,49.53,1.86,-7.2299366,-4.3501544,-99.94,17.82,ref_CU,Ztor,original_table,False,11520,,,False,True,True,False,73.49606420719496,0.6433614896778195
2012-11-15__SP51,2012-11-15,SP51,,INSLAB,INSLAB/SP51/pre-pro-SP5120121115092022.npz,data/preprocessed/INSLAB/SP51/pre-pro-SP5120121115092022.npz,243653,b733f06a9db60e86eef2b8e11cc6fe50bc03772932f42d3164c131101374daf7,6.1,193.0,47.88,1.85,-7.2299366,-4.3501544,-100.48,18.3,Rhyp,Ztor,original_table,False,12000,,,False,True,True,False,88.05953575267426,0.5931457413016343
2013-06-16__SP51,2013-06-16,SP51,,INSLAB,INSLAB/SP51/pre-pro-SP5120130616051903.npz,data/preprocessed/INSLAB/SP51/pre-pro-SP5120130616051903.npz,225040,238cfdb840f6deb3399038ea5716892b2cbcf04cfb0734fd242f0b2a5ab809ea,5.9,153.0,55.27,1.83,-7.2299366,-4.3501544,-99.25,18.04,Rhyp,Ztor,original_table,False,11250,,,False,True,True,False,92.225355152989,0.5369748210011597
2017-09-08__SP51,2017-09-08,SP51,,INSLAB,INSLAB/SP51/pre-pro-SP5120170908044918.npz,data/preprocessed/INSLAB/SP51/pre-pro-SP5120170908044918.npz,313323,845bb6cf90732bc5fcdfd70b4a1289dfc92efb342081dea2007d9a3f09ee3d68,8.2,568.0,22.47,1.83,-7.2299366,-4.3501544,-94.11,14.85,ref_CU,Ztor,original_table,False,15360,,,False,True,True,False,117.59074102211471,0.5792667321832098
2025-01-12__SP51,2025-01-12,SP51,,INSLAB,INSLAB/SP51/pre-pro-SP5120250112083253.npz,data/preprocessed/INSLAB/SP51/pre-pro-SP5120250112083253.npz,470985,527cc38c89648f2a4048ca981dbb65ee5526cbdcec33f0490bea1f30836f0b81,6.1,471.0,24.16,1.77,-7.2299366,-4.3501544,-103.49,18.49,Rhyp,Ztor,original_table,True,22500,,,True,False,False,False,38.91057696191069,0.907661366045918
1994-02-23__SP51,1994-02-23,SP51,,INSLAB,INSLAB/SP51/pre-pro-SP519402.231.npz,data/preprocessed/INSLAB/SP51/pre-pro-SP519402.231.npz,167659,4be766b461921c70f929f4333044103239ac2fb88fa33e2a43d846b67149ddbe,5.8,275.0,69.89,2.09,-7.2299366,-4.3501544,-97.27,17.75,Rhyp,Ztor,original_table,True,8640,,,True,False,False,False,3.984303933377646,0.973164249118491
1994-05-23__SP51,1994-05-23,SP51,,INSLAB,INSLAB/SP51/pre-pro-SP519405.231.npz,data/preprocessed/INSLAB/SP51/pre-pro-SP519405.231.npz,235119,10d387abdd2f7db5ad13560722de01214542c6e64bb6f672b01974078148e7f0,6.2,223.0,44.44,2.09,-7.2299366,-4.3501544,-100.57,17.98,Rhyp,Ztor,original_table,False,11664,,,False,True,True,False,58.12372048256859,0.723035735811643
1994-12-10__SP51,1994-12-10,SP51,,INSLAB,INSLAB/SP51/pre-pro-SP519412.101.npz,data/preprocessed/INSLAB/SP51/pre-pro-SP519412.101.npz,251481,3f519758c8a021701e04198be9a9d7b3c7d278820baaafb2cc7ae33f8b706c3c,6.4,300.0,45.78,2.16,-7.2299366,-4.3501544,-101.56,18.02,Rhyp,Ztor,original_table,False,12500,,,False,True,True,False,84.03052212238373,0.6243774434652732
1997-01-11__SP51,1997-01-11,SP51,,INSLAB,INSLAB/SP51/pre-pro-SP519701.111.npz,data/preprocessed/INSLAB/SP51/pre-pro-SP519701.111.npz,554050,0f85825c23f7e07b1b6710e9053cea0c42cc056926e73c2e6e19b9e3a322aef7,7.1,385.0,25.4,2.0,-7.2299366,-4.3501544,-102.58,18.34,ref_CU,Ztor,original_table,False,13824,,,False,True,True,False,94.66829778163566,0.6186420488976971
1997-05-22__SP51,1997-05-22,SP51,,INSLAB,INSLAB/SP51/pre-pro-SP519705.221.npz,data/preprocessed/INSLAB/SP51/pre-pro-SP519705.221.npz,237952,ce24178b6757a9d9aebc1d573f0f1827bc88f116606c5863ab13c6d16342a518,6.5,308.0,51.04,1.98,-7.2299366,-4.3501544,-101.81,18.41,ref_CU,Ztor,original_table,True,12000,,,True,True,True,False,56.42200544900968,0.7344471904315448
1998-04-20__SP51,1998-04-20,SP51,,INSLAB,INSLAB/SP51/pre-pro-SP519804.201.npz,data/preprocessed/INSLAB/SP51/pre-pro-SP519804.201.npz,123268,261c7416295247b75f4f45ffce29e2ac85bae2e784be35ede4f0f63ba7156e3d,5.9,254.0,59.18,1.98,-7.2299366,-4.3501544,-101.19,18.35,Rhyp,Ztor,original_table,True,6750,,,True,False,False,False,17.586673384008606,0.8383429232097748
1999-06-15__SP51,1999-06-15,SP51,,INSLAB,INSLAB/SP51/pre-pro-SP519906.151.npz,data/preprocessed/INSLAB/SP51/pre-pro-SP519906.151.npz,254726,1be6072997deb35dd09082b89636cf0af6ab6c888641e384dbea4d082ba745ac,6.9,215.0,51.27,1.96,-7.2299366,-4.3501544,-97.54,18.13,ref_CU,Ztor,original_table,False,12500,,,False,True,True,False,78.83577861889918,0.652292247964984
1999-06-21__SP51,1999-06-21,SP51,,INSLAB,INSLAB/SP51/pre-pro-SP519906.211.npz,data/preprocessed/INSLAB/SP51/pre-pro-SP519906.211.npz,154755,4dd56b5993f2b713b70e62af07e2bd3f173230b725d4ffac810c8ebbc1471a7f,6.0,318.0,48.25,2.05,-7.2299366,-4.3501544,-101.72,17.99,Rhyp,Ztor,original_table,True,8000,,,True,True,True,False,18.28665322537344,0.8664720465471089
1999-09-30__SP51,1999-09-30,SP51,,INSLAB,INSLAB/SP51/pre-pro-SP519909.301.npz,data/preprocessed/INSLAB/SP51/pre-pro-SP519909.301.npz,258417,97c9de217d9c093424d333b2a64d4e0e9826b349b0296655c90021108a7989a0,7.4,415.0,32.77,2.07,-7.2299366,-4.3501544,-97.03,15.95,ref_CU,Ztor,original_table,False,12800,,,False,True,True,False,63.77430089899087,0.7231777893090074
2023-12-07__SS60,2023-12-07,SS60,,INSLAB,INSLAB/SS60/pre-pro-SS6020231207200340.npz,data/preprocessed/INSLAB/SS60/pre-pro-SS6020231207200340.npz,322496,86195775cc18f26b79895f3801e54c340a7017c85d32f9a7b748bb5b6b065327,5.7,138.0,44.26,1.64,-11.199872,-2.2470663,-98.76,18.29,Rhyp,Ztor,original_table,False,8640,,,False,True,True,False,63.453640567890034,0.5583068316310035
2025-01-12__SS60,2025-01-12,SS60,,INSLAB,INSLAB/SS60/pre-pro-SS6020250112083253.npz,data/preprocessed/INSLAB/SS60/pre-pro-SS6020250112083253.npz,514299,feaf6d83cae53e78968af0f0e23210ea761752e1a57bda2f441346c22a0cdc2e,6.1,469.0,24.16,1.61,-11.19987,-2.247066,-103.49,18.49,Rhyp,Ztor,original_table,True,12800,,,True,False,False,True,79.32027209727525,0.6552491650848608
1994-05-23__TCYA,1994-05-23,TCYA,,INSLAB,INSLAB/TCYA/pre-pro-ATACY9405.231.npz,data/preprocessed/INSLAB/TCYA/pre-pro-ATACY9405.231.npz,105398,52c0229f599843ebf99362ee5cdccf96b2b608a49b59599795e874b008a7a5ec,6.2,220.0,44.44,0.5,-5.207793,-0.3933503,-100.57,17.98,Rhyp,Ztor,original_table,True,5760,,,True,True,True,False,12.640571755022435,0.863389476331758
1994-12-10__TCYA,1994-12-10,TCYA,,INSLAB,INSLAB/TCYA/pre-pro-ATACY9412.101.npz,data/preprocessed/INSLAB/TCYA/pre-pro-ATACY9412.101.npz,114724,947dacfa4b39e31620b16e352df78f46fcb144acce232663925f37a273ee6925,6.4,296.0,45.78,0.5,-5.207793,-0.3933503,-101.56,18.02,Rhyp,Ztor,original_table,True,6250,,,True,True,True,False,10.236048657270471,0.8988132793864129
1997-01-11__TCYA,1997-01-11,TCYA,,INSLAB,INSLAB/TCYA/pre-pro-ATACY9701.111.npz,data/preprocessed/INSLAB/TCYA/pre-pro-ATACY9701.111.npz,159481,53bb59fa2ada538a951b8528c056a5e8a34cffe42427c2895d268048e9aec99c,7.1,378.0,25.4,0.5,-5.207793,-0.3933503,-102.58,18.34,MANUAL_REF,Ztor,original_table,True,8192,,,True,True,True,False,15.603746812972815,0.8895700862493078
1997-05-22__TCYA,1997-05-22,TCYA,,INSLAB,INSLAB/TCYA/pre-pro-ATACY9705.221.npz,data/preprocessed/INSLAB/TCYA/pre-pro-ATACY9705.221.npz,91291,7661137c1fe13f08929373d6e1f14fa6ba1f57e090bce3b5d788d260cdde3029,6.5,302.0,51.04,0.5,-5.207793,-0.3933503,-101.81,18.41,ref_CU,Ztor,original_table,True,5184,,,True,False,False,False,1.9788296486263164,0.9752646293921712
1999-06-21__TCYA,1999-06-21,TCYA,,INSLAB,INSLAB/TCYA/pre-pro-ATACY9906.211.npz,data/preprocessed/INSLAB/TCYA/pre-pro-ATACY9906.211.npz,42253,af66aae1e9df2145885d1bf03f53657af102f6f3001fe7a23daac9e3d4e0ac58,6.0,314.0,48.25,0.5,-5.207793,-0.3933503,-101.72,17.99,Rhyp,Ztor,original_table,True,3000,,,True,False,False,False,1.290247039001727,0.9645341660527288
1999-09-30__TCYA,1999-09-30,TCYA,,INSLAB,INSLAB/TCYA/pre-pro-ATACY9909.301.npz,data/preprocessed/INSLAB/TCYA/pre-pro-ATACY9909.301.npz,223556,9a086a4934ab17a6e71637022a3127385584cd7bcf6e6097123c305c9ca05005,7.4,422.0,32.77,0.5,-5.207793,-0.3933503,-97.03,15.95,ref_CU,Ztor,original_table,False,11250,,,False,True,True,False,61.92412300260688,0.6884320855214748
2000-07-21__TCYA,2000-07-21,TCYA,,INSLAB,INSLAB/TCYA/pre-pro-TACY0007.211.npz,data/preprocessed/INSLAB/TCYA/pre-pro-TACY0007.211.npz,94892,a47fdd15c6e2066c3fb9424a449cbe514fc2796d7d9dac048b57991a85588b40,5.8,154.0,43.74,0.5,-5.207793,-0.3933503,-98.97,18.09,Rhyp,Ztor,original_table,True,5400,,,True,True,True,False,25.636333931114045,0.6911657158039508
2006-08-11__TCYA,2006-08-11,TCYA,,INSLAB,INSLAB/TCYA/pre-pro-TACY0608.111.npz,data/preprocessed/INSLAB/TCYA/pre-pro-TACY0608.111.npz,74813,58b871ac30198f55553b3f2ad5fbbf181d1ddc3a38bbff8ab5a213f745e8c534,5.9,255.0,46.37,0.5,-5.1746197,-0.3206296,-101.27,18.32,Rhyp,Ztor,original_table,True,4500,,,True,False,False,False,1.628105155941569,0.9751244437594871
2011-12-11__TCYA,2011-12-11,TCYA,,INSLAB,INSLAB/TCYA/pre-pro-TACY1112.111.npz,data/preprocessed/INSLAB/TCYA/pre-pro-TACY1112.111.npz,97109,7d30a04c81970ce1a558bbabb81e325011835ab36ded6d54740ac4a29d172bbc,6.5,201.0,49.53,0.5,-5.1746197,-0.3206296,-99.94,17.82,MANUAL_REF,Ztor,original_table,True,5400,,,True,False,False,False,9.264303341656642,0.8911362709558561
2013-06-16__TCYA,2013-06-16,TCYA,,INSLAB,INSLAB/TCYA/pre-pro-TACY1306.161.npz,data/preprocessed/INSLAB/TCYA/pre-pro-TACY1306.161.npz,95299,edfe3f3c9c8debe0cd4de541552ae11550f6f3b0cf3354a8012d888283925a9a,5.9,157.0,55.27,0.5,-5.1746197,-0.3206296,-99.25,18.04,Rhyp,Ztor,original_table,True,5400,,,True,True,True,True,32.23430690389686,0.6128476230615318
2017-09-08__TCYA,2017-09-08,TCYA,,INSLAB,INSLAB/TCYA/pre-pro-TACY1709.081.npz,data/preprocessed/INSLAB/TCYA/pre-pro-TACY1709.081.npz,427536,b8db0e898d933dd4f870fd954e00d60c9415140966e147f50f927f08b205eefd,8.2,577.0,22.47,0.5,-5.1746197,-0.3206296,-94.11,14.85,MANUAL_REF,Ztor,original_table,True,10800,,,True,True,True,True,37.71484581923974,0.8025297354875138
2000-07-21__TH35,2000-07-21,TH35,,INSLAB,INSLAB/TH35/pre-pro-TH350007.211.npz,data/preprocessed/INSLAB/TH35/pre-pro-TH350007.211.npz,186916,72b17f8bf56efd10b962f4c8c1945dbca0a57ae12c8989648f6c0d975145afd0,5.8,139.0,43.74,4.94,3.017067,-12.669528,-98.97,18.09,Rhyp,Ztor,original_table,True,9600,,,True,True,True,False,49.23238746929587,0.7041145052629613
2007-04-13__TH35,2007-04-13,TH35,,INSLAB,INSLAB/TH35/pre-pro-TH350704.131.npz,data/preprocessed/INSLAB/TH35/pre-pro-TH350704.131.npz,206599,749bdf0fd93c7ab4712791798ed71226dbc43222f7613ef997a47a151b7a0b53,5.9,247.0,37.73,4.74,3.017067,-12.669528,-100.21,17.41,Rhyp,Ztor,original_table,True,10368,,,True,True,True,False,31.34368566695377,0.8299403957085684
2008-04-28__TH35,2008-04-28,TH35,,INSLAB,INSLAB/TH35/pre-pro-TH3520080428000629.npz,data/preprocessed/INSLAB/TH35/pre-pro-TH3520080428000629.npz,124359,193da2bde8f6e6e481ac17ba3846ac84be516c2494c2fff1b817baa3fad8cf74,5.8,201.0,52.22,4.84,3.017067,-12.669528,-100.1,17.89,Rhyp,Ztor,original_table,True,6750,,,True,False,False,False,6.721742826233395,0.9389321084197928
2011-12-11__TH35,2011-12-11,TH35,,INSLAB,INSLAB/TH35/pre-pro-TH3520111211014725.npz,data/preprocessed/INSLAB/TH35/pre-pro-TH3520111211014725.npz,276960,8a2c3ecd9f17bb5f7a6a0c608b21ac54085f3c6f625b27eede22d80c044273d4,6.5,198.0,49.53,4.84,3.017067,-12.669528,-99.94,17.82,ref_CU,Ztor,original_table,False,13500,,,False,True,True,False,79.22141989068209,0.6790446060418828
2012-11-15__TH35,2012-11-15,TH35,,INSLAB,INSLAB/TH35/pre-pro-TH3520121115092022.npz,data/preprocessed/INSLAB/TH35/pre-pro-TH3520121115092022.npz,248836,821852798c713aafa7b9c521e63f7bd0b655ea82c51fc4a380ff789e94a7de1d,6.1,197.0,47.88,4.27,3.017067,-12.669528,-100.48,18.3,Rhyp,Ztor,original_table,True,12288,,,True,True,True,True,50.9022995880315,0.7698498910881607
2013-06-16__TH35,2013-06-16,TH35,,INSLAB,INSLAB/TH35/pre-pro-TH3520130616051903.npz,data/preprocessed/INSLAB/TH35/pre-pro-TH3520130616051903.npz,198991,34a1f046be1e0e8ac20de2b8ef46c4e30d14446c69377329d6afbc7d6230e5e4,5.9,146.0,55.27,4.56,3.017067,-12.669528,-99.25,18.04,Rhyp,Ztor,original_table,False,10000,,,False,True,True,False,67.78080924405317,0.615122314212406
2017-09-08__TH35,2017-09-08,TH35,,INSLAB,INSLAB/TH35/pre-pro-TH3520170908044918.npz,data/preprocessed/INSLAB/TH35/pre-pro-TH3520170908044918.npz,433974,97bc2d4d4d38b747c544e75ea2c6d399ea5d13b5fcc82fae6b5e5391ef6305eb,8.2,552.0,22.47,4.16,3.017067,-12.669528,-94.11,14.85,ref_CU,Ztor,original_table,True,20736,,,True,True,True,True,134.2216037910624,0.6539074730775556
2025-01-12__TH35,2025-01-12,TH35,,INSLAB,INSLAB/TH35/pre-pro-TH3520250112083253.npz,data/preprocessed/INSLAB/TH35/pre-pro-TH3520250112083253.npz,329992,2e49ffe0fc0f70e3c7edd330060c1a4c4935411a1fbd7cb0c34fbfad22686292,6.1,481.0,24.16,4.41,3.017067,-12.669528,-103.49,18.49,Rhyp,Ztor,original_table,False,16000,,,False,False,False,False,72.49411698822348,0.7536894638888846
1994-05-23__TH35,1994-05-23,TH35,,INSLAB,INSLAB/TH35/pre-pro-TH359405.231.npz,data/preprocessed/INSLAB/TH35/pre-pro-TH359405.231.npz,123318,fed4b289976626d07b88034da56eb29740c8c78dff08b95dcb1f2f2c2d56b731,6.2,225.0,44.44,4.99,3.017067,-12.669528,-100.57,17.98,Rhyp,Ztor,original_table,True,6750,,,True,False,False,False,7.704510831755229,0.9291799721320412
1994-12-10__TH35,1994-12-10,TH35,,INSLAB,INSLAB/TH35/pre-pro-TH359412.101.npz,data/preprocessed/INSLAB/TH35/pre-pro-TH359412.101.npz,173320,1a3c27850fe719843fe661a2d671526a4faef6194610d5766458ebdc390fda08,6.4,306.0,45.78,5.19,3.017067,-12.669528,-101.56,18.02,Rhyp,Ztor,original_table,True,9000,,,True,False,False,False,28.936986680743004,0.8115958937382447
1997-01-11__TH35,1997-01-11,TH35,,INSLAB,INSLAB/TH35/pre-pro-TH359701.111.npz,data/preprocessed/INSLAB/TH35/pre-pro-TH359701.111.npz,231432,2d49237cd2f724c0a20e530acd07b71e4985180b6c3c9a8e2991323f43551f01,7.1,394.0,25.4,4.55,3.017067,-12.669528,-102.58,18.34,ref_CU,Ztor,original_table,False,11520,,,False,True,True,False,52.09824804876337,0.7475126100185937
1997-05-22__TH35,1997-05-22,TH35,,INSLAB,INSLAB/TH35/pre-pro-TH359705.221.npz,data/preprocessed/INSLAB/TH35/pre-pro-TH359705.221.npz,106420,bef0cb7e374d425cd1a2bfc8f9abea1d8d7a3bbfdc62cf59af53f8391c58aaae,6.5,316.0,51.04,4.39,3.017067,-12.669528,-101.81,18.41,ref_CU,Ztor,original_table,True,5832,,,True,False,False,False,6.862300266978409,0.9269890385468836
1998-04-20__TH35,1998-04-20,TH35,,INSLAB,INSLAB/TH35/pre-pro-TH359804.201.npz,data/preprocessed/INSLAB/TH35/pre-pro-TH359804.201.npz,120010,d3d99c3ec97bdc8ecd8a9e09598895dc3b90b7e61d6ce99f2b2bfd67316ce79d,5.9,261.0,59.18,5.31,3.017067,-12.669528,-101.19,18.35,Rhyp,Ztor,original_table,True,6480,,,True,False,False,False,11.734556014900704,0.8895363266977248
1999-06-15__TH35,1999-06-15,TH35,,INSLAB,INSLAB/TH35/pre-pro-TH359906.151.npz,data/preprocessed/INSLAB/TH35/pre-pro-TH359906.151.npz,532964,73e9c59d6a3e2645d0260fc023ba8a9e1d29d9ab7f4afe8581b9e989ee392814,6.9,199.0,51.27,4.52,3.017067,-12.669528,-97.54,18.13,ref_CU,Ztor,original_table,False,13122,,,False,True,True,False,79.77516730103858,0.6661218854456711
1999-06-21__TH35,1999-06-21,TH35,,INSLAB,INSLAB/TH35/pre-pro-TH359906.211.npz,data/preprocessed/INSLAB/TH35/pre-pro-TH359906.211.npz,143129,04fed78ea3682c4715f1e7251b0f916b5e42b8bcffe1a7c3756d12ed847f029b,6.0,325.0,48.25,4.31,3.017067,-12.669528,-101.72,17.99,Rhyp,Ztor,original_table,True,7500,,,True,False,False,False,5.902217393303033,0.9534194823352298
1999-09-30__TH35,1999-09-30,TH35,,INSLAB,INSLAB/TH35/pre-pro-TH359909.301.npz,data/preprocessed/INSLAB/TH35/pre-pro-TH359909.301.npz,312480,508a3d8dfbb2f54ae1c64f44cdf373cb8a26fba8f9a297a4e6952cbc959adf16,7.4,400.0,32.77,4.79,3.017067,-12.669528,-97.03,15.95,ref_CU,Ztor,original_table,False,15360,,,False,True,True,False,87.92629099230516,0.6853820052517081
2000-07-21__TL08,2000-07-21,TL08,,INSLAB,INSLAB/TL08/pre-pro-TL080007.211.npz,data/preprocessed/INSLAB/TL08/pre-pro-TL080007.211.npz,172670,cc44906cf78a50b8d4db0ec952e91612897a6574e3e8d089b9914fd632cf7a69,5.8,158.0,43.74,1.88,-9.780387,3.6594527,-98.97,18.09,Rhyp,Ztor,original_table,True,8748,,,True,True,True,True,37.76276695072853,0.7522290732187616
2007-04-13__TL08,2007-04-13,TL08,,INSLAB,INSLAB/TL08/pre-pro-TL080704.131.npz,data/preprocessed/INSLAB/TL08/pre-pro-TL080704.131.npz,160694,c7780fad57acfb5bd1372eadc968c7d1d67cc8cc410abc7a8a8d03bd6fe980e2,5.9,256.0,37.73,1.9,-9.780387,3.6594527,-100.21,17.41,Rhyp,Ztor,original_table,True,8640,,,True,True,True,False,19.93445253193445,0.859537397604746
2009-05-22__TL08,2009-05-22,TL08,,INSLAB,INSLAB/TL08/pre-pro-TL080905.221.npz,data/preprocessed/INSLAB/TL08/pre-pro-TL080905.221.npz,121571,75cc659ffb683eedfeb911b2732e56def59f60fb1f4363802a6dd6f8cc2ee4bf,5.6,174.0,41.27,1.77,-9.780386,3.6594527,-98.44,18.13,Rhyp,Ztor,original_table,True,6480,,,True,True,True,False,20.86172977614838,0.8046654515341912
2006-08-11__TL08,2006-08-11,TL08,,INSLAB,INSLAB/TL08/pre-pro-TL0820060811143041.npz,data/preprocessed/INSLAB/TL08/pre-pro-TL0820060811143041.npz,131474,711221a76e2b8954305e462e99bb0d491458a6682bd3ede5802c889d9dbecd14,5.9,262.0,46.37,2.04,-9.780387,3.6594527,-101.27,18.32,Rhyp,Ztor,original_table,True,7200,,,True,False,False,False,3.2620406303377223,0.9719273611847012
2008-04-28__TL08,2008-04-28,TL08,,INSLAB,INSLAB/TL08/pre-pro-TL0820080428000629.npz,data/preprocessed/INSLAB/TL08/pre-pro-TL0820080428000629.npz,131520,f19aade8a8afde5b138fae85f4692c79282a2b6bafc33466c5720a32e25af9ed,5.8,209.0,52.22,1.86,-9.780387,3.6594527,-100.1,17.89,Rhyp,Ztor,original_table,True,7200,,,True,False,False,False,4.526150703940459,0.960951162937275
2011-12-11__TL08,2011-12-11,TL08,,INSLAB,INSLAB/TL08/pre-pro-TL0820111211014725.npz,data/preprocessed/INSLAB/TL08/pre-pro-TL0820111211014725.npz,253624,b5a46aab803f068700474ee0f36f2f5ad08721e5b49f62a70a1acbeba66baad4,6.5,208.0,49.53,1.94,-9.780387,3.6594527,-99.94,17.82,ref_CU,Ztor,original_table,False,12500,,,False,True,True,False,96.42490231892752,0.5731900570160786
2012-11-15__TL08,2012-11-15,TL08,,INSLAB,INSLAB/TL08/pre-pro-TL0820121115092022.npz,data/preprocessed/INSLAB/TL08/pre-pro-TL0820121115092022.npz,201017,329bc65f3f2de6f9fa018c95f45abc1c7a13b31d2a6511c3f63fcaf00df2ca6e,6.1,198.0,47.88,1.81,-9.780386,3.6594527,-100.48,18.3,Rhyp,Ztor,original_table,True,10126,,,True,True,True,True,63.8071574424764,0.6426170189174616
2013-06-16__TL08,2013-06-16,TL08,,INSLAB,INSLAB/TL08/pre-pro-TL0820130616051903.npz,data/preprocessed/INSLAB/TL08/pre-pro-TL0820130616051903.npz,175655,a9df6dd104a09cedc02e48b019d7777444674ca613a8fafa56d379b11e9b8891,5.9,162.0,55.27,1.77,-9.780386,3.6594527,-99.25,18.04,Rhyp,Ztor,original_table,False,9000,,,False,True,True,False,56.98995254213331,0.6328676638398936
2017-09-08__TL08,2017-09-08,TL08,,INSLAB,INSLAB/TL08/pre-pro-TL0820170908044918.npz,data/preprocessed/INSLAB/TL08/pre-pro-TL0820170908044918.npz,367452,45b8b8852acdcc110aa8c5569585b0b64fa6a169c500f7b99116320f8d3de32e,8.2,575.0,22.47,1.77,-9.780386,3.6594527,-94.11,14.85,ref_CU,Ztor,original_table,False,18000,,,False,True,True,False,138.42773105532152,0.5780028318893958
2023-12-07__TL08,2023-12-07,TL08,,INSLAB,INSLAB/TL08/pre-pro-TL0820231207200340.npz,data/preprocessed/INSLAB/TL08/pre-pro-TL0820231207200340.npz,221943,1b9438f2c701d75da7caec41a528e39e4e05f8d64543a2d96fc642de1acc033b,5.7,143.0,44.26,1.77,-9.780386,3.6594527,-98.76,18.29,Rhyp,Ztor,original_table,False,11250,,,False,True,True,False,85.43875024208587,0.5663447861024978
2025-01-12__TL08,2025-01-12,TL08,,INSLAB,INSLAB/TL08/pre-pro-TL0820250112083253.npz,data/preprocessed/INSLAB/TL08/pre-pro-TL0820250112083253.npz,541513,83e919f3a374c2def27eb5eb1293708618e954d96d734059cb04ebcf77f9b70e,6.1,471.0,24.16,1.73,-9.780386,3.6594527,-103.49,18.49,Rhyp,Ztor,original_table,True,25600,,,True,False,False,False,45.2681287121348,0.9066405528952838
1994-05-23__TL08,1994-05-23,TL08,,INSLAB,INSLAB/TL08/pre-pro-TL089405.231.npz,data/preprocessed/INSLAB/TL08/pre-pro-TL089405.231.npz,124932,9f838950a2c66e3b6830940a98992984a0624819ac74c1439e08e1123d7b363c,6.2,228.0,44.44,1.98,-9.780387,3.6594527,-100.57,17.98,Rhyp,Ztor,original_table,True,6750,,,True,True,True,False,10.359355642525289,0.906114231987264
1994-12-10__TL08,1994-12-10,TL08,,INSLAB,INSLAB/TL08/pre-pro-TL089412.101.npz,data/preprocessed/INSLAB/TL08/pre-pro-TL089412.101.npz,178095,289676e1b316e6fe8ecc9d96604c8918ae2a725cbef3177cc1241ed6b3dd08a4,6.4,304.0,45.78,2.18,-9.780387,3.6594527,-101.56,18.02,Rhyp,Ztor,original_table,True,9216,,,True,True,True,False,35.94672255867073,0.772431485447767
1997-01-11__TL08,1997-01-11,TL08,,INSLAB,INSLAB/TL08/pre-pro-TL089701.111.npz,data/preprocessed/INSLAB/TL08/pre-pro-TL089701.111.npz,226235,31ad9aa9087e4b2f65a222cdb8b128e1458b2c3ec1c0d588adf789087029cfe6,7.1,386.0,25.4,2.01,-9.780387,3.6594527,-102.58,18.34,ref_CU,Ztor,original_table,True,11250,,,True,True,True,False,40.905044122514255,0.7972388018116672
1997-05-22__TL08,1997-05-22,TL08,,INSLAB,INSLAB/TL08/pre-pro-TL089705.221.npz,data/preprocessed/INSLAB/TL08/pre-pro-TL089705.221.npz,204958,8a0fb51ae1c041e559facc3bee667160f5ce72c7ce72a5adfb86911f47ccf5de,6.5,310.0,51.04,1.94,-9.780387,3.6594527,-101.81,18.41,ref_CU,Ztor,original_table,True,10240,,,True,False,False,False,36.92528067462257,0.7973810322946523
1998-04-20__TL08,1998-04-20,TL08,,INSLAB,INSLAB/TL08/pre-pro-TL089804.201.npz,data/preprocessed/INSLAB/TL08/pre-pro-TL089804.201.npz,125256,c0d249403b73c0f94c192c8814ba65f01a30314284c33b4f2bf9b6bd48edbe9f,5.9,257.0,59.18,1.96,-9.780387,3.6594527,-101.19,18.35,Rhyp,Ztor,original_table,True,6750,,,True,False,False,False,10.55911902542887,0.904649457960729
1999-06-15__TL08,1999-06-15,TL08,,INSLAB,INSLAB/TL08/pre-pro-TL089906.151.npz,data/preprocessed/INSLAB/TL08/pre-pro-TL089906.151.npz,284337,35196f0a2bd60ed89171f12981cd36444ab4a495d35ded6b2f8e11a5fc88288a,6.9,222.0,51.27,1.94,-9.780387,3.6594527,-97.54,18.13,ref_CU,Ztor,original_table,False,13824,,,False,True,True,False,98.50214602504428,0.6112320084262372
1999-06-21__TL08,1999-06-21,TL08,,INSLAB,INSLAB/TL08/pre-pro-TL089906.211.npz,data/preprocessed/INSLAB/TL08/pre-pro-TL089906.211.npz,168830,c5d70f01973bc1513f373d5d97ff5bc993747eb6389af5843a9efa1c62636a81,6.0,322.0,48.25,2.13,-9.780387,3.6594527,-101.72,17.99,Rhyp,Ztor,original_table,True,8640,,,True,True,True,False,30.977052031675427,0.7931277412069225
1999-09-30__TL08,1999-09-30,TL08,,INSLAB,INSLAB/TL08/pre-pro-TL089909.301.npz,data/preprocessed/INSLAB/TL08/pre-pro-TL089909.301.npz,299920,823704577bb6abdf542c7562fae46efc0910b8d23e266231dd20f5ff784a5f78,7.4,424.0,32.77,2.03,-9.780387,3.6594527,-97.03,15.95,ref_CU,Ztor,original_table,True,14580,,,True,True,True,True,92.0670478617325,0.6556052524530261
2007-04-13__TL55,2007-04-13,TL55,,INSLAB,INSLAB/TL55/pre-pro-TL550704.131.npz,data/preprocessed/INSLAB/TL55/pre-pro-TL550704.131.npz,444568,4ee106b1bfe6b6445f9331e5c72c4937bc4f9ea1a3b8257c9d37b95851292d8e,5.9,256.0,37.73,1.88,-10.835559,4.17783,-100.21,17.41,Rhyp,Ztor,original_table,False,11250,,,False,True,True,False,88.03546140934131,0.5581879885107833
2009-05-22__TL55,2009-05-22,TL55,,INSLAB,INSLAB/TL55/pre-pro-TL550905.221.npz,data/preprocessed/INSLAB/TL55/pre-pro-TL550905.221.npz,157143,f6dffb38cd846e9953893b81fafe2a16977c551f03c6920e3d3e10271ad1f027,5.6,174.0,41.27,1.55,-10.835549,4.177827,-98.44,18.13,Rhyp,Ztor,original_table,False,8100,,,False,True,True,False,57.90189073572992,0.583259747115806
2006-02-20__TL55,2006-02-20,TL55,,INSLAB,INSLAB/TL55/pre-pro-TL5520060220105423.npz,data/preprocessed/INSLAB/TL55/pre-pro-TL5520060220105423.npz,134230,9d61068389242f057327bc18472312139c76a172e48817d1b8ab8e5d59b07aa4,5.2,202.0,53.4,1.8,-10.903959,2.2664754,-100.54,18.3,Rhyp,Ztor,original_table,True,7200,,,True,False,False,False,7.414996092319683,0.9377675527291676
2006-08-11__TL55,2006-08-11,TL55,,INSLAB,INSLAB/TL55/pre-pro-TL5520060811143041.npz,data/preprocessed/INSLAB/TL55/pre-pro-TL5520060811143041.npz,204212,c7d7bf20404297833357239d9a1eb223dbb56d5f501f206cf8cd92f9e80d00c5,5.9,262.0,46.37,1.73,-10.835558,4.1778297,-101.27,18.32,Rhyp,Ztor,original_table,True,10240,,,True,True,True,False,50.53133595259479,0.7213447890559458
2008-04-28__TL55,2008-04-28,TL55,,INSLAB,INSLAB/TL55/pre-pro-TL5520080428000629.npz,data/preprocessed/INSLAB/TL55/pre-pro-TL5520080428000629.npz,373440,3e5b1a4e4738627111afdb910544a2e2cc548be5d9d6a382c744574d459bcd01,5.8,209.0,52.22,1.88,-10.835559,4.17783,-100.1,17.89,Rhyp,Ztor,original_table,True,9600,,,True,True,True,True,47.35829643521973,0.7174157381990589
2011-12-11__TL55,2011-12-11,TL55,,INSLAB,INSLAB/TL55/pre-pro-TL5520111211014725.npz,data/preprocessed/INSLAB/TL55/pre-pro-TL5520111211014725.npz,246388,5ff767eb903f7f648f3fbb8f4a1ef634f1ca65d463628e7353d9bc917947a174,6.5,208.0,49.53,1.61,-10.835555,4.177829,-99.94,17.82,ref_CU,Ztor,original_table,False,12150,,,False,True,True,False,96.23557852032847,0.5598848508171202
2012-11-15__TL55,2012-11-15,TL55,,INSLAB,INSLAB/TL55/pre-pro-TL5520121115092022.npz,data/preprocessed/INSLAB/TL55/pre-pro-TL5520121115092022.npz,217704,43bf2592036212acbb3c32ed691b748a1787bf737fe9400e4072349bee9252fb,6.1,198.0,47.88,1.52,-10.835546,4.177825,-100.48,18.3,Rhyp,Ztor,original_table,True,10800,,,True,True,True,True,82.43456910617341,0.5729221370522567
2013-06-16__TL55,2013-06-16,TL55,,INSLAB,INSLAB/TL55/pre-pro-TL5520130616051903.npz,data/preprocessed/INSLAB/TL55/pre-pro-TL5520130616051903.npz,198695,c67f92ca42b9beb7553df3a5ff79b0b3b1fdc7ddd3de1d9c982f75d55b3285dc,5.9,162.0,55.27,1.7,-10.835558,4.1778297,-99.25,18.04,Rhyp,Ztor,original_table,False,10000,,,False,True,True,False,89.41596430796265,0.4923009067229011
2017-09-08__TL55,2017-09-08,TL55,,INSLAB,INSLAB/TL55/pre-pro-TL5520170908044918.npz,data/preprocessed/INSLAB/TL55/pre-pro-TL5520170908044918.npz,422250,19cfc7ceaa33ef54b503c8490066eb440ed833fe5cbc5a6ee990a3e959a0e95b,8.2,576.0,22.47,1.73,-10.835558,4.1778297,-94.11,14.85,ref_CU,Ztor,original_table,True,20000,,,True,True,True,True,194.5863159844924,0.4837737677495294
2025-01-12__TL55,2025-01-12,TL55,,INSLAB,INSLAB/TL55/pre-pro-TL5520250112083253.npz,data/preprocessed/INSLAB/TL55/pre-pro-TL5520250112083253.npz,242270,a841ba5b303e930a78502943c4131fee83315a05f064ef4f683ac2d27162eb0b,6.1,471.0,24.16,1.47,-10.835532,4.17782,-103.49,18.49,Rhyp,Ztor,original_table,False,12000,,,False,False,False,False,22.27374285494452,0.8966895043833742
1994-02-23__TL55,1994-02-23,TL55,,INSLAB,INSLAB/TL55/pre-pro-TL559402.231.npz,data/preprocessed/INSLAB/TL55/pre-pro-TL559402.231.npz,183864,f65ed08fb44947e3ef0181fa52d00d08fef5d789a51701a868d0138304063e72,5.8,282.0,69.89,1.94,-10.90396,2.2664754,-97.27,17.75,Rhyp,Ztor,original_table,True,9376,,,True,False,False,False,13.32735662054725,0.918651305496263
1994-05-23__TL55,1994-05-23,TL55,,INSLAB,INSLAB/TL55/pre-pro-TL559405.231.npz,data/preprocessed/INSLAB/TL55/pre-pro-TL559405.231.npz,405637,9c5dbb3ee713e8f40a538ab68ad1bcca6f64babe7312621d8b66009143d6371d,6.2,226.0,44.44,1.98,-10.90396,2.2664754,-100.57,17.98,Rhyp,Ztor,original_table,False,10240,,,False,True,True,False,68.88251311310637,0.6206596739097042
1994-12-10__TL55,1994-12-10,TL55,,INSLAB,INSLAB/TL55/pre-pro-TL559412.101.npz,data/preprocessed/INSLAB/TL55/pre-pro-TL559412.101.npz,248604,67ed36e46f2a52acb60b35a16b526afc9837f2360815ae53cc2d6b4321bc0aff,6.4,302.0,45.78,1.9,-10.90396,2.2664754,-101.56,18.02,Rhyp,Ztor,original_table,False,12288,,,False,True,True,False,102.97812035410136,0.534330648665545
1997-01-11__TL55,1997-01-11,TL55,,INSLAB,INSLAB/TL55/pre-pro-TL559701.111.npz,data/preprocessed/INSLAB/TL55/pre-pro-TL559701.111.npz,469833,8455928b16da50a83ec25d78c2f8f3f3781cec64f1bc30039a61fdb8e4492b96,7.1,385.0,25.4,1.85,-10.903959,2.2664754,-102.58,18.34,ref_CU,Ztor,original_table,False,12000,,,False,True,True,False,68.98223200443871,0.6728141342545654
1997-05-22__TL55,1997-05-22,TL55,,INSLAB,INSLAB/TL55/pre-pro-TL559705.221.npz,data/preprocessed/INSLAB/TL55/pre-pro-TL559705.221.npz,388380,145d8451eac3f9573d65c43d7c7cb18fc7c581460a5325e5f71fe49811f6f197,6.5,308.0,51.04,1.73,-10.903959,2.2664754,-101.81,18.41,ref_CU,Ztor,original_table,True,10000,,,True,True,True,False,37.98616430933751,0.7817827700167312
1998-04-20__TL55,1998-04-20,TL55,,INSLAB,INSLAB/TL55/pre-pro-TL559804.201.npz,data/preprocessed/INSLAB/TL55/pre-pro-TL559804.201.npz,173142,66fcaa7251d49be18a4d95592bb91d2c4af8d0a8f9ee167342d1e3156087bc02,5.9,255.0,59.18,1.81,-10.903959,2.2664754,-101.19,18.35,Rhyp,Ztor,original_table,True,9000,,,True,False,False,False,42.6223683134432,0.7224925560684732
1999-06-15__TL55,1999-06-15,TL55,,INSLAB,INSLAB/TL55/pre-pro-TL559906.151.npz,data/preprocessed/INSLAB/TL55/pre-pro-TL559906.151.npz,275903,ce5f5291d14c25168612c73b2a889accca366de89bcac8ea997b32650ce0f45c,6.9,222.0,51.27,1.81,-10.903959,2.2664754,-97.54,18.13,ref_CU,Ztor,original_table,False,13500,,,False,True,True,False,99.12901513115705,0.5986029513639576
1999-06-21__TL55,1999-06-21,TL55,,INSLAB,INSLAB/TL55/pre-pro-TL559906.211.npz,data/preprocessed/INSLAB/TL55/pre-pro-TL559906.211.npz,198190,4c242e1e3850e168fcc2c9a8ac5218a4448556005bc3f2f4c68a2948fd38ce86,6.0,320.0,48.25,1.76,-10.903959,2.2664754,-101.72,17.99,Rhyp,Ztor,original_table,True,10000,,,True,True,True,False,43.77887306959863,0.7521436162056353
1999-09-30__TL55,1999-09-30,TL55,,INSLAB,INSLAB/TL55/pre-pro-TL559909.301.npz,data/preprocessed/INSLAB/TL55/pre-pro-TL559909.301.npz,259586,2366ef94d55fa9231535d77075ddd6027786ab011b2000163ee0f5a0ff6d002b,7.4,423.0,32.77,1.99,-10.90396,2.2664754,-97.03,15.95,ref_CU,Ztor,original_table,False,12800,,,False,True,True,False,72.851632942115,0.6848432560040015
1994-02-23__TP13,1994-02-23,TP13,,INSLAB,INSLAB/TP13/pre-pro-ATP139402.231.npz,data/preprocessed/INSLAB/TP13/pre-pro-ATP139402.231.npz,146430,31f2780c5670ea53e953dbcb27ab6c945677fc794d547b820b144acbb21c2563,5.8,274.0,69.89,0.5,-1.8922405,-1.7817824,-97.27,17.75,Rhyp,Ztor,original_table,True,7680,,,True,False,False,False,18.50259629516495,0.8568685983200669
1994-05-23__TP13,1994-05-23,TP13,,INSLAB,INSLAB/TP13/pre-pro-ATP139405.231.npz,data/preprocessed/INSLAB/TP13/pre-pro-ATP139405.231.npz,192205,35b5a2c58025de628ff0cceb82c9642727142838baaca1dba20ee10f76f9520b,6.2,213.0,44.44,0.5,-1.8922405,-1.7817824,-100.57,17.98,Rhyp,Ztor,original_table,False,9720,,,False,True,True,False,81.41472360081502,0.5241687691360899
1994-12-10__TP13,1994-12-10,TP13,,INSLAB,INSLAB/TP13/pre-pro-ATP139412.101.npz,data/preprocessed/INSLAB/TP13/pre-pro-ATP139412.101.npz,201032,1062cc618b93a4fefda37c993ce993672a2709201dc84442d48375c2fe1b51ca,6.4,292.0,45.78,0.5,-1.8922405,-1.7817824,-101.56,18.02,Rhyp,Ztor,original_table,True,10126,,,True,True,True,False,72.6305710399692,0.5946728554050494
1997-01-11__TP13,1997-01-11,TP13,,INSLAB,INSLAB/TP13/pre-pro-ATP139701.111.npz,data/preprocessed/INSLAB/TP13/pre-pro-ATP139701.111.npz,190612,71cb8aa6456b01f7c042ff5a3eb2e16666f344eb9b09a81ed870e3c57470ee80,7.1,377.0,25.4,0.5,-1.8922405,-1.7817824,-102.58,18.34,MANUAL_REF,Ztor,original_table,True,9720,,,True,True,True,True,40.91945108954883,0.759452994594387
1997-05-22__TP13,1997-05-22,TP13,,INSLAB,INSLAB/TP13/pre-pro-ATP139705.221.npz,data/preprocessed/INSLAB/TP13/pre-pro-ATP139705.221.npz,155886,dedac24d99cea5d2dbd7b490d4e09e059bfab44e7be917d3978757a643b03798,6.5,300.0,51.04,0.5,-1.8922405,-1.7817824,-101.81,18.41,ref_CU,Ztor,original_table,True,8100,,,True,False,False,False,23.940637821751903,0.8283948260214185
1998-04-20__TP13,1998-04-20,TP13,,INSLAB,INSLAB/TP13/pre-pro-ATP139804.201.npz,data/preprocessed/INSLAB/TP13/pre-pro-ATP139804.201.npz,136753,665aa2f67678afc767eb70ef1f1535a7e77d89a33575e7754da89a5b8814526f,5.9,245.0,59.18,0.5,-1.8922405,-1.7817824,-101.19,18.35,Rhyp,Ztor,original_table,True,7290,,,True,False,False,False,17.898807611279963,0.8527937526829512
1999-06-15__TP13,1999-06-15,TP13,,INSLAB,INSLAB/TP13/pre-pro-ATP139906.151.npz,data/preprocessed/INSLAB/TP13/pre-pro-ATP139906.151.npz,399830,1830180aa3c777587b7878c6478841873766c9a85549f02240cc871fabbd8ba2,6.9,214.0,51.27,0.5,-1.8922405,-1.7817824,-97.54,18.13,MANUAL_REF,Ztor,original_table,False,10126,,,False,True,True,False,73.79037072256558,0.5868515958536122
1999-06-21__TP13,1999-06-21,TP13,,INSLAB,INSLAB/TP13/pre-pro-ATP139906.211.npz,data/preprocessed/INSLAB/TP13/pre-pro-ATP139906.211.npz,158188,e3e032c3c108cb7160d1f88cac408969ac8453d09093d77ef8df4c08cc93550a,6.0,310.0,48.25,0.5,-1.8922405,-1.7817824,-101.72,17.99,Rhyp,Ztor,original_table,True,8192,,,True,False,False,False,33.29991626242719,0.7634781144795284
1999-09-30__TP13,1999-09-30,TP13,,INSLAB,INSLAB/TP13/pre-pro-ATP139909.301.npz,data/preprocessed/INSLAB/TP13/pre-pro-ATP139909.301.npz,452609,887e9754610acc165b238ea30e9e6c7054db43265def6f55bc485d882afe35e6,7.4,411.0,32.77,0.5,-1.8922405,-1.7817824,-97.03,15.95,ref_CU,Ztor,original_table,True,11250,,,True,True,True,True,70.50980594976821,0.6515969663515752
2000-07-21__TP13,2000-07-21,TP13,,INSLAB,INSLAB/TP13/pre-pro-BTP130007.211.npz,data/preprocessed/INSLAB/TP13/pre-pro-BTP130007.211.npz,266680,01537b617cc8c0ad8c70d7e02a708d8cb59098c5896ce68a47944ed21342d94e,5.8,142.0,43.74,0.5,-1.8922405,-1.7817824,-98.97,18.09,Rhyp,Ztor,original_table,False,7200,,,False,True,True,False,62.16966066088899,0.4772803576668853
2006-02-20__TP13,2006-02-20,TP13,,INSLAB,INSLAB/TP13/pre-pro-BTP1320060220105423.npz,data/preprocessed/INSLAB/TP13/pre-pro-BTP1320060220105423.npz,106043,88bb554d69a6e5e71a928d534e4667271e0b0bffce07759f6de35ef95c4beded,5.2,190.0,53.4,0.5,-1.8922405,-1.7817824,-100.54,18.3,Rhyp,Ztor,original_table,True,5832,,,True,False,False,False,17.44967427178183,0.8132326418518482
2007-04-13__TP13,2007-04-13,TP13,,INSLAB,INSLAB/TP13/pre-pro-DTP130704.131.npz,data/preprocessed/INSLAB/TP13/pre-pro-DTP130704.131.npz,324395,7b5c9aa1a5ac417a74e44cb2cdefc151e548d37e5f3c6e421bcf176b02552f52,5.9,239.0,37.73,0.5,-1.8922405,-1.7817824,-100.21,17.41,Rhyp,Ztor,original_table,True,8640,,,True,True,True,True,45.16348784038959,0.6918219867595388
2008-04-28__TP13,2008-04-28,TP13,,INSLAB,INSLAB/TP13/pre-pro-ECTP1320080428000629.npz,data/preprocessed/INSLAB/TP13/pre-pro-ECTP1320080428000629.npz,124797,88621e45b7808c78b3ee87d02bd8e62c06cd7a60a65d95d7a6d63c329c949617,5.8,192.0,52.22,0.5,-1.8922405,-1.7817824,-100.1,17.89,Rhyp,Ztor,original_table,True,6750,,,True,False,False,False,25.83650591647384,0.7657402673272841
2006-08-11__TP13,2006-08-11,TP13,,INSLAB,INSLAB/TP13/pre-pro-ETP1320060811143041.npz,data/preprocessed/INSLAB/TP13/pre-pro-ETP1320060811143041.npz,135140,e8b1b3c211f9c60aa164cb7202b19a89381d57a0fe389821fbae98f426035b97,5.9,251.0,46.37,0.5,-1.8922405,-1.7817824,-101.27,18.32,Rhyp,Ztor,original_table,True,7200,,,True,False,False,False,22.64729687991576,0.8117588157267412
2009-05-22__TP13,2009-05-22,TP13,,INSLAB,INSLAB/TP13/pre-pro-TP130905.221.npz,data/preprocessed/INSLAB/TP13/pre-pro-TP130905.221.npz,114336,a1ee7d39e00a592bba3203f1e37739dec7c0f91a5c82889518367ace94d75b09,5.6,161.0,41.27,0.5,-1.8922405,-1.7817824,-98.44,18.13,Rhyp,Ztor,original_table,True,6144,,,True,True,True,True,53.98112896099009,0.461266178034031
2011-12-11__TP13,2011-12-11,TP13,,INSLAB,INSLAB/TP13/pre-pro-TP1320111211014725.npz,data/preprocessed/INSLAB/TP13/pre-pro-TP1320111211014725.npz,209046,5e18a5a9bdbb2eaf68c695fe024a35afe3c8ded20b39efa072626787efa5590b,6.5,191.0,49.53,0.5,-1.8922405,-1.7817824,-99.94,17.82,MANUAL_REF,Ztor,original_table,True,10800,,,True,True,True,True,116.75625026358033,0.3708236769759103
2012-11-15__TP13,2012-11-15,TP13,,INSLAB,INSLAB/TP13/pre-pro-TP1320121115092022.npz,data/preprocessed/INSLAB/TP13/pre-pro-TP1320121115092022.npz,162841,0d89b9faac49acd3455eb2c013a8b7e0c16d3c923c0319859936b7713b172843,6.1,184.0,47.88,0.5,-1.8922405,-1.7817824,-100.48,18.3,Rhyp,Ztor,original_table,False,8640,,,False,True,True,False,69.63249911390224,0.5143838544256765
2013-06-16__TP13,2013-06-16,TP13,,INSLAB,INSLAB/TP13/pre-pro-TP1320130616051903.npz,data/preprocessed/INSLAB/TP13/pre-pro-TP1320130616051903.npz,119460,93c9980fbd5f912493bbf762cd5e7e34323d000f536d21de0c23e8eb8a0fbba7,5.9,145.0,55.27,0.5,-1.8922405,-1.7817824,-99.25,18.04,Rhyp,Ztor,original_table,False,6400,,,False,True,True,False,58.300978584533965,0.4459661827945076
2000-07-21__UC44,2000-07-21,UC44,,INSLAB,INSLAB/UC44/pre-pro-UC440007.211.npz,data/preprocessed/INSLAB/UC44/pre-pro-UC440007.211.npz,116446,3c02baf306673408463acb7e8428af11cd4c986e6be0d5ae3ee3583f2fbf7a7d,5.8,157.0,43.74,1.27,-12.475068,1.9585001,-98.97,18.09,Rhyp,Ztor,original_table,True,6250,,,True,True,True,True,31.396627105012517,0.6933923134276122
2007-04-13__UC44,2007-04-13,UC44,,INSLAB,INSLAB/UC44/pre-pro-UC440704.131.npz,data/preprocessed/INSLAB/UC44/pre-pro-UC440704.131.npz,122215,a89c07b5e41c876da0b410fd25a98e354ccd4dd556f08c71cccb74ae99749f54,5.9,253.0,37.73,1.31,-12.475247,1.9585283,-100.21,17.41,Rhyp,Ztor,original_table,True,6562,,,True,True,True,False,14.925181082840638,0.8611998411341891
2009-05-22__UC44,2009-05-22,UC44,,INSLAB,INSLAB/UC44/pre-pro-UC440905.221.npz,data/preprocessed/INSLAB/UC44/pre-pro-UC440905.221.npz,105095,f3207df9b342a91299bf90f15c6578126ec3b1bef4aa6505bed8bbd0460d9be3,5.6,174.0,41.27,1.23,-12.474762,1.9584525,-98.44,18.13,Rhyp,Ztor,original_table,True,5760,,,True,True,True,True,30.42197365853947,0.6690745821979825
2006-08-11__UC44,2006-08-11,UC44,,INSLAB,INSLAB/UC44/pre-pro-UC4420060811143041.npz,data/preprocessed/INSLAB/UC44/pre-pro-UC4420060811143041.npz,129151,4178d429039ff0703114bf4627e073a5c6b1d010eea33eca0e16d89d6865d176,5.9,259.0,46.37,1.28,-12.475122,1.958509,-101.27,18.32,Rhyp,Ztor,original_table,True,6912,,,True,True,True,False,14.879662826959162,0.8694537390159751
2008-04-28__UC44,2008-04-28,UC44,,INSLAB,INSLAB/UC44/pre-pro-UC4420080428000629.npz,data/preprocessed/INSLAB/UC44/pre-pro-UC4420080428000629.npz,130700,1de393cd78989d60716e1c91369fb3228614aedd6d60ed7dd53345866a2f0503,5.8,206.0,52.22,1.22,-12.474657,1.9584359,-100.1,17.89,Rhyp,Ztor,original_table,True,6912,,,True,True,True,False,23.69031623362021,0.7945154286267655
2011-12-11__UC44,2011-12-11,UC44,,INSLAB,INSLAB/UC44/pre-pro-UC4420111211014725.npz,data/preprocessed/INSLAB/UC44/pre-pro-UC4420111211014725.npz,199568,ac8fa0b726cc5f48bb25539cb9602919a813cead8ef0dc39e1b7fc9040da5b5b,6.5,205.0,49.53,1.31,-12.475247,1.9585283,-99.94,17.82,ref_CU,Ztor,original_table,True,10000,,,True,True,True,True,71.40586544836157,0.5967137385724525
2012-11-15__UC44,2012-11-15,UC44,,INSLAB,INSLAB/UC44/pre-pro-UC4420121115092022.npz,data/preprocessed/INSLAB/UC44/pre-pro-UC4420121115092022.npz,175684,821e288f9f4994a67b8dafa07ee61db0770ef5ece2c29e350eb5bda2d24158b1,6.1,195.0,47.88,1.21,-12.474537,1.9584167,-100.48,18.3,Rhyp,Ztor,original_table,True,9000,,,True,True,True,True,49.107857558100335,0.6838278550212443
2013-06-16__UC44,2013-06-16,UC44,,INSLAB,INSLAB/UC44/pre-pro-UC4420130616051903.npz,data/preprocessed/INSLAB/UC44/pre-pro-UC4420130616051903.npz,167110,a6dceb191be6ccafa9256b6097945c16bebb265bc9a6059b6d58223e3c4af8a4,5.9,160.0,55.27,1.31,-12.475247,1.9585283,-99.25,18.04,Rhyp,Ztor,original_table,False,8640,,,False,True,True,False,75.0623726262123,0.4916195555285317
2017-09-08__UC44,2017-09-08,UC44,,INSLAB,INSLAB/UC44/pre-pro-UC4420170908044918.npz,data/preprocessed/INSLAB/UC44/pre-pro-UC4420170908044918.npz,301360,97d2f9b7bce24d01162a269348e784d6827fd0ff5932630b1f352c4b7a01ac95,8.2,577.0,22.47,1.27,-12.475068,1.9585001,-94.11,14.85,ref_CU,Ztor,original_table,True,14580,,,True,True,True,True,107.85181912737272,0.5983022863891664
2023-12-07__UC44,2023-12-07,UC44,,INSLAB,INSLAB/UC44/pre-pro-UC4420231207200340.npz,data/preprocessed/INSLAB/UC44/pre-pro-UC4420231207200340.npz,221858,9cff2df5816019fcf8036333f1b5f1d548d5faed10d4873fc75d834cbc6ce728,5.7,142.0,44.26,1.3,-12.475211,1.9585228,-98.76,18.29,Rhyp,Ztor,original_table,False,11250,,,False,True,True,False,127.74055200574692,0.3503176075386688
2025-01-12__UC44,2025-01-12,UC44,,INSLAB,INSLAB/UC44/pre-pro-UC4420250112083253.npz,data/preprocessed/INSLAB/UC44/pre-pro-UC4420250112083253.npz,187282,5eddfc2cbebc789dcc2e47b3a1f7cac3e2c8446040eba4ac30e52fadd92ea550,6.1,468.0,24.16,1.26,-12.475006,1.9584906,-103.49,18.49,Rhyp,Ztor,original_table,False,9600,,,False,False,False,False,24.860025725480966,0.8503489903354143
1998-04-20__UC44,1998-04-20,UC44,,INSLAB,INSLAB/UC44/pre-pro-UC449804.201.npz,data/preprocessed/INSLAB/UC44/pre-pro-UC449804.201.npz,125268,5e3a28455a064c5c98731e3f222f13104f07bdf61d6fc4ea4439fa4f069292b6,5.9,253.0,59.18,1.35,-12.475352,1.9585449,-101.19,18.35,Rhyp,Ztor,original_table,True,6750,,,True,False,False,False,11.877282110971336,0.8925035558786194
1999-06-15__UC44,1999-06-15,UC44,,INSLAB,INSLAB/UC44/pre-pro-UC449906.151.npz,data/preprocessed/INSLAB/UC44/pre-pro-UC449906.151.npz,189930,13d455cbfbb34d74af78884badfb73fdab0990c46265aae540556855916c3cc4,6.9,224.0,51.27,1.31,-12.475247,1.9585283,-97.54,18.13,ref_CU,Ztor,original_table,True,9600,,,True,True,True,True,54.4476295208235,0.6760804954439675
1999-06-21__UC44,1999-06-21,UC44,,INSLAB,INSLAB/UC44/pre-pro-UC449906.211.npz,data/preprocessed/INSLAB/UC44/pre-pro-UC449906.211.npz,121197,a5bf0f8674b83ae56d1c3e57a29429a9b2e696411d38c66081cfc98fd7e48807,6.0,318.0,48.25,1.3,-12.475211,1.9585228,-101.72,17.99,Rhyp,Ztor,original_table,True,6480,,,True,False,False,False,5.805817350364038,0.9456078569386918
1999-09-30__UC44,1999-09-30,UC44,,INSLAB,INSLAB/UC44/pre-pro-UC449909.301.npz,data/preprocessed/INSLAB/UC44/pre-pro-UC449909.301.npz,202259,d5ba28eaa7bf6120c3b55e20810adcd4afaa888b1abb6a184ffbd4335d5b291b,7.4,424.0,32.77,1.34,-12.475331,1.9585416,-97.03,15.95,ref_CU,Ztor,original_table,True,10126,,,True,True,True,True,55.42492133980704,0.6910711702814389
2025-01-12__UI21,2025-01-12,UI21,,INSLAB,INSLAB/UI21/pre-pro-UI2120250112083253.npz,data/preprocessed/INSLAB/UI21/pre-pro-UI2120250112083253.npz,138922,60daa032ce22325d267ac25b2b11a1d4026966cc251aea4a03156e7b28af644d,6.1,456.0,24.16,0.5,-0.3740757,-0.076055825,-103.49,18.49,Rhyp,Ztor,original_table,False,7290,,,False,False,False,False,8.054969234279653,0.9344057879944654
2000-07-21__VG09,2000-07-21,VG09,,INSLAB,INSLAB/VG09/pre-pro-VG090007.211.npz,data/preprocessed/INSLAB/VG09/pre-pro-VG090007.211.npz,182615,dbb5d95c2b1c8d523d0311bfad9426796ab08039ac777d012d9fd7af9f607838,5.8,158.0,43.74,2.2,-8.355636,3.9083138,-98.97,18.09,Rhyp,Ztor,original_table,False,9376,,,False,True,True,False,55.91728454717517,0.6564433242370658
2007-04-13__VG09,2007-04-13,VG09,,INSLAB,INSLAB/VG09/pre-pro-VG090704.131.npz,data/preprocessed/INSLAB/VG09/pre-pro-VG090704.131.npz,411625,d0b466ab9d8d4edc69aa262b4df2b11f01823bafced9cff7fd6f105e56012e89,5.9,257.0,37.73,2.29,-8.355636,3.9083138,-100.21,17.41,Rhyp,Ztor,original_table,False,10800,,,False,True,True,False,50.658088398492765,0.726505124046469
2009-05-22__VG09,2009-05-22,VG09,,INSLAB,INSLAB/VG09/pre-pro-VG090905.221.npz,data/preprocessed/INSLAB/VG09/pre-pro-VG090905.221.npz,180008,e1451c448d9c78bd7512604ab61ef69e6efe4b3f57684a651d980f249ea86125,5.6,174.0,41.27,2.07,-8.355636,3.9083138,-98.44,18.13,Rhyp,Ztor,original_table,False,9216,,,False,True,True,False,68.51452451656289,0.5708185635394457
2006-08-11__VG09,2006-08-11,VG09,,INSLAB,INSLAB/VG09/pre-pro-VG0920060811143041.npz,data/preprocessed/INSLAB/VG09/pre-pro-VG0920060811143041.npz,239425,fa988516a07ed0a58f05e58de6ad17c457beb1b8671ee7d5462b251043845b33,5.9,264.0,46.37,2.25,-8.355636,3.9083138,-101.27,18.32,Rhyp,Ztor,original_table,True,12000,,,True,False,False,False,10.901015925245588,0.9490010950865704
2008-04-28__VG09,2008-04-28,VG09,,INSLAB,INSLAB/VG09/pre-pro-VG0920080428000629.npz,data/preprocessed/INSLAB/VG09/pre-pro-VG0920080428000629.npz,185417,c2e85d2644a0a9ee2e86aea0c75cc33bd47023f7c4bed340e4804d4bc12bad24,5.8,210.0,52.22,2.13,-8.355636,3.9083138,-100.1,17.89,Rhyp,Ztor,original_table,True,9600,,,True,True,True,False,34.044466259905874,0.793807363212974
2011-12-11__VG09,2011-12-11,VG09,,INSLAB,INSLAB/VG09/pre-pro-VG0920111211014725.npz,data/preprocessed/INSLAB/VG09/pre-pro-VG0920111211014725.npz,249647,768a22950a59ac2c7d3fd817cf50a5f3d466972178387dfce1382b0051342e49,6.5,209.0,49.53,1.92,-8.355636,3.9083138,-99.94,17.82,ref_CU,Ztor,original_table,False,12288,,,False,True,True,False,93.3575673655458,0.5789773276560576
2012-11-15__VG09,2012-11-15,VG09,,INSLAB,INSLAB/VG09/pre-pro-VG0920121115092022.npz,data/preprocessed/INSLAB/VG09/pre-pro-VG0920121115092022.npz,243219,e27df8df4358bcd7f54d98ef7aab53e4b5b364b5c34ca5a67862d76e34f58401,6.1,199.0,47.88,2.07,-8.355636,3.9083138,-100.48,18.3,Rhyp,Ztor,original_table,True,12000,,,True,True,True,True,85.79991642516205,0.603365770963563
2013-06-16__VG09,2013-06-16,VG09,,INSLAB,INSLAB/VG09/pre-pro-VG0920130616051903.npz,data/preprocessed/INSLAB/VG09/pre-pro-VG0920130616051903.npz,230126,37edd29b9459878f5233dd0027b996de0a656826da43d7e1b4f0e0fb4b61bd98,5.9,162.0,55.27,2.09,-8.355636,3.9083138,-99.25,18.04,Rhyp,Ztor,original_table,False,11520,,,False,True,True,False,98.799017434693,0.5157860349211282
2017-09-08__VG09,2017-09-08,VG09,,INSLAB,INSLAB/VG09/pre-pro-VG0920170908044918.npz,data/preprocessed/INSLAB/VG09/pre-pro-VG0920170908044918.npz,363913,568ee9c73ee896732a1888b844b8aa29b1f175314827fd780b3f578459b18ea0,8.2,575.0,22.47,1.85,-8.355636,3.9083138,-94.11,14.85,ref_CU,Ztor,original_table,False,17496,,,False,True,True,False,132.51126438976775,0.5925488457359088
2023-12-07__VG09,2023-12-07,VG09,,INSLAB,INSLAB/VG09/pre-pro-VG0920231207200340.npz,data/preprocessed/INSLAB/VG09/pre-pro-VG0920231207200340.npz,212643,8cd14cee9cc10477c2e917455e38735a945115be36d6fd1ea6eede447caa5e9b,5.7,143.0,44.26,1.98,-8.355636,3.9083138,-98.76,18.29,Rhyp,Ztor,original_table,False,10800,,,False,True,True,False,83.49761952941871,0.5574174730763346
2025-01-12__VG09,2025-01-12,VG09,,INSLAB,INSLAB/VG09/pre-pro-VG0920250112083253.npz,data/preprocessed/INSLAB/VG09/pre-pro-VG0920250112083253.npz,277526,d8b613c6ed27cf2d4a965c5b21db7c1b5e3d746ab2775f12eb78978657882bcb,6.1,472.0,24.16,1.85,-8.355636,3.9083138,-103.49,18.49,Rhyp,Ztor,original_table,False,13824,,,False,False,False,False,32.98411884292403,0.8668223085439333
1994-02-23__VG09,1994-02-23,VG09,,INSLAB,INSLAB/VG09/pre-pro-VG099402.231.npz,data/preprocessed/INSLAB/VG09/pre-pro-VG099402.231.npz,131211,92aecbcf43a000fed541e23bf4cda8128dcf47e1f5317a02e74380c005213871,5.8,282.0,69.89,2.44,-8.355636,3.9083138,-97.27,17.75,Rhyp,Ztor,original_table,True,7200,,,True,False,False,False,1.946297383788845,0.9832892814991944
1994-05-23__VG09,1994-05-23,VG09,,INSLAB,INSLAB/VG09/pre-pro-VG099405.231.npz,data/preprocessed/INSLAB/VG09/pre-pro-VG099405.231.npz,236224,87ae620231597880cd35911af962efcf9fba1b9eefbac6f2e29eedadf686fbba,6.2,229.0,44.44,2.42,-8.355636,3.9083138,-100.57,17.98,Rhyp,Ztor,original_table,True,12000,,,True,True,True,False,58.57812926399384,0.7226283002793984
1994-12-10__VG09,1994-12-10,VG09,,INSLAB,INSLAB/VG09/pre-pro-VG099412.101.npz,data/preprocessed/INSLAB/VG09/pre-pro-VG099412.101.npz,269482,f789675deebfa817cfa48f104b948fe97f2aec319def9f434815ca7f41154bf8,6.4,305.0,45.78,2.39,-8.355636,3.9083138,-101.56,18.02,Rhyp,Ztor,original_table,False,13500,,,False,True,True,False,87.37394817626,0.6384576150276824
1997-01-11__VG09,1997-01-11,VG09,,INSLAB,INSLAB/VG09/pre-pro-VG099701.111.npz,data/preprocessed/INSLAB/VG09/pre-pro-VG099701.111.npz,525269,36241f007d9db4bcdfc93092b4fe1c0c1f47ae2f5011d0e7f073adaaf58cf9fa,7.1,387.0,25.4,2.29,-8.355636,3.9083138,-102.58,18.34,ref_CU,Ztor,original_table,False,12960,,,False,True,True,False,77.32959067911423,0.6725334405593418
1997-05-22__VG09,1997-05-22,VG09,,INSLAB,INSLAB/VG09/pre-pro-VG099705.221.npz,data/preprocessed/INSLAB/VG09/pre-pro-VG099705.221.npz,226068,c6ba8976494462a4bb5908da93450b857a457a22075fe86efcc55677d7b04cf2,6.5,311.0,51.04,2.27,-8.355636,3.9083138,-101.81,18.41,ref_CU,Ztor,original_table,True,11250,,,True,True,True,False,56.06980641262882,0.7223854710470425
1998-04-20__VG09,1998-04-20,VG09,,INSLAB,INSLAB/VG09/pre-pro-VG099804.201.npz,data/preprocessed/INSLAB/VG09/pre-pro-VG099804.201.npz,176861,db13b57b2de7166829a2153f52056d821d777323ae58e063ff62a28505a2cf17,5.9,258.0,59.18,2.2,-8.355636,3.9083138,-101.19,18.35,Rhyp,Ztor,original_table,True,9000,,,True,True,True,False,31.692574236129573,0.7986878343636564
1999-06-15__VG09,1999-06-15,VG09,,INSLAB,INSLAB/VG09/pre-pro-VG099906.151.npz,data/preprocessed/INSLAB/VG09/pre-pro-VG099906.151.npz,516185,1b02cb755ec2772a16745474b02a756801ac9ecf7dd218a111d929d64748d4af,6.9,222.0,51.27,2.34,-8.355636,3.9083138,-97.54,18.13,ref_CU,Ztor,original_table,False,12800,,,False,True,True,False,84.1882477625692,0.6359033505781416
1999-06-21__VG09,1999-06-21,VG09,,INSLAB,INSLAB/VG09/pre-pro-VG099906.211.npz,data/preprocessed/INSLAB/VG09/pre-pro-VG099906.211.npz,200928,b83a772f41a0acfc924139af1e68fc9f834bb82cd96e1f2b50037df84bdacdf9,6.0,323.0,48.25,2.27,-8.355636,3.9083138,-101.72,17.99,Rhyp,Ztor,original_table,True,10126,,,True,True,True,False,22.098838156018275,0.8766737085997083
1999-09-30__VG09,1999-09-30,VG09,,INSLAB,INSLAB/VG09/pre-pro-VG099909.301.npz,data/preprocessed/INSLAB/VG09/pre-pro-VG099909.301.npz,263129,cd88da2c965db169bf36caa126d61d956444e2fdebe7f0f5e225af0ec785fcd4,7.4,423.0,32.77,2.44,-8.355636,3.9083138,-97.03,15.95,ref_CU,Ztor,original_table,False,12960,,,False,True,True,False,57.35085163988654,0.7558395349317274
2000-07-21__VM29,2000-07-21,VM29,,INSLAB,INSLAB/VM29/pre-pro-VM290007.211.npz,data/preprocessed/INSLAB/VM29/pre-pro-VM290007.211.npz,231946,695d6e355c0dc47270a23a952cd7acda1fe4af700580ed3b91ede8bc51d483cb,5.8,151.0,43.74,2.52,-8.677059,-3.3693051,-98.97,18.09,Rhyp,Ztor,original_table,False,11520,,,False,True,True,False,58.89206868685682,0.7148083840830178
2007-04-13__VM29,2007-04-13,VM29,,INSLAB,INSLAB/VM29/pre-pro-VM290704.131.npz,data/preprocessed/INSLAB/VM29/pre-pro-VM290704.131.npz,232809,dc545bc68454006f84c296830e6ddda66ecf8e829f4aedfa90dff88b08331e24,5.9,250.0,37.73,2.42,-8.677059,-3.3693051,-100.21,17.41,Rhyp,Ztor,original_table,False,11520,,,False,True,True,False,68.20396319693535,0.6703848675964849
2009-05-22__VM29,2009-05-22,VM29,,INSLAB,INSLAB/VM29/pre-pro-VM290905.221.npz,data/preprocessed/INSLAB/VM29/pre-pro-VM290905.221.npz,169849,40df4c8c8bea909e19aeb165ffc3da4ac8c18ef4f5f72e4c02628e7f6ba0e4c8,5.6,167.0,41.27,2.27,-8.677059,-3.3693051,-98.44,18.13,Rhyp,Ztor,original_table,False,8640,,,False,True,True,False,47.80343604365173,0.6819676931431593
2006-02-20__VM29,2006-02-20,VM29,,INSLAB,INSLAB/VM29/pre-pro-VM2920060220105423.npz,data/preprocessed/INSLAB/VM29/pre-pro-VM2920060220105423.npz,127906,af7e7017f4974ce6fad3aede68923f713f5f486d2bd002dd9f6d5ee58127cfd5,5.2,199.0,53.4,2.52,-8.677059,-3.3693051,-100.54,18.3,Rhyp,Ztor,original_table,True,6912,,,True,False,False,False,7.431803508044638,0.9347572337104324
2006-08-11__VM29,2006-08-11,VM29,,INSLAB,INSLAB/VM29/pre-pro-VM2920060811143041.npz,data/preprocessed/INSLAB/VM29/pre-pro-VM2920060811143041.npz,247218,28e18c9b33e7363059204978c5a1a882b18acb36b468e090da07fe7b78821286,5.9,260.0,46.37,2.32,-8.677059,-3.3693051,-101.27,18.32,Rhyp,Ztor,original_table,True,12288,,,True,True,True,False,51.65354767805309,0.7665587396481535
2008-04-28__VM29,2008-04-28,VM29,,INSLAB,INSLAB/VM29/pre-pro-VM2920080428000629.npz,data/preprocessed/INSLAB/VM29/pre-pro-VM2920080428000629.npz,179553,83f1d7089bfd55b09c11dde02275dd1b613d815d4df30aa41ff96b7a0dcadd75,5.8,203.0,52.22,2.29,-8.677059,-3.3693051,-100.1,17.89,Rhyp,Ztor,original_table,True,9216,,,True,True,True,False,19.67414175954221,0.8762165486375852
2011-12-11__VM29,2011-12-11,VM29,,INSLAB,INSLAB/VM29/pre-pro-VM2920111211014725.npz,data/preprocessed/INSLAB/VM29/pre-pro-VM2920111211014725.npz,265425,7a8144c8d3aa3147eb85f44694d1d6e057d872cafcacd1baa9a57df883c01125,6.5,202.0,49.53,2.22,-8.677059,-3.3693051,-99.94,17.82,ref_CU,Ztor,original_table,False,12960,,,False,True,True,False,107.37401068620132,0.5453913769160366
2012-11-15__VM29,2012-11-15,VM29,,INSLAB,INSLAB/VM29/pre-pro-VM2920121115092022.npz,data/preprocessed/INSLAB/VM29/pre-pro-VM2920121115092022.npz,238097,de66118d54002d4aeb8255cafe9bf66ce25ead7e66cbbf518950e5951b55588c,6.1,194.0,47.88,2.29,-8.677059,-3.3693051,-100.48,18.3,Rhyp,Ztor,original_table,False,12000,,,False,True,True,False,57.31912824124473,0.7288208911328725
2013-06-16__VM29,2013-06-16,VM29,,INSLAB,INSLAB/VM29/pre-pro-VM2920130616051903.npz,data/preprocessed/INSLAB/VM29/pre-pro-VM2920130616051903.npz,220613,f853e7c41620b4e702e7801b03f2d7f6e63de765b43dafa15ff035fa9d2471f1,5.9,155.0,55.27,2.22,-8.677059,-3.3693051,-99.25,18.04,Rhyp,Ztor,original_table,False,10936,,,False,True,True,False,78.54068485076593,0.5983600876974384
2017-09-08__VM29,2017-09-08,VM29,,INSLAB,INSLAB/VM29/pre-pro-VM2920170908044918.npz,data/preprocessed/INSLAB/VM29/pre-pro-VM2920170908044918.npz,364277,c9512829fcb1128729aff165792992e362cc73fadc21dd4e0a970b13a2ec7a14,8.2,569.0,22.47,2.2,-8.677059,-3.3693051,-94.11,14.85,ref_CU,Ztor,original_table,False,17496,,,False,True,True,False,119.026794592474,0.6341239561278925
2023-12-07__VM29,2023-12-07,VM29,,INSLAB,INSLAB/VM29/pre-pro-VM2920231207200340.npz,data/preprocessed/INSLAB/VM29/pre-pro-VM2920231207200340.npz,252335,64aae397e8d5aaedc4ee32f5788fad27b9654e706ea6f2401a2fa63f90b10e1c,5.7,136.0,44.26,2.16,-8.677059,-3.3693051,-98.76,18.29,Rhyp,Ztor,original_table,False,12500,,,False,True,True,False,91.12114350458742,0.5931546925722756
2025-01-12__VM29,2025-01-12,VM29,,INSLAB,INSLAB/VM29/pre-pro-VM2920250112083253.npz,data/preprocessed/INSLAB/VM29/pre-pro-VM2920250112083253.npz,518518,ca9c2e8acf4c276bf2a71f9f7a18411e63a3bc091744d55f87ee159a78272ef2,6.1,471.0,24.16,2.2,-8.677059,-3.3693051,-103.49,18.49,Rhyp,Ztor,original_table,False,24576,,,False,False,False,False,63.8097689459554,0.8625026526763588
1994-02-23__VM29,1994-02-23,VM29,,INSLAB,INSLAB/VM29/pre-pro-VM299402.231.npz,data/preprocessed/INSLAB/VM29/pre-pro-VM299402.231.npz,152434,d6b9d3025db70d497804852c3a91c504c57b3d686e0ea786a335b2c0f1d61029,5.8,277.0,69.89,2.6,-8.677059,-3.3693051,-97.27,17.75,Rhyp,Ztor,original_table,True,8000,,,True,False,False,False,8.23778155601218,0.9392807433035144
1994-05-23__VM29,1994-05-23,VM29,,INSLAB,INSLAB/VM29/pre-pro-VM299405.231.npz,data/preprocessed/INSLAB/VM29/pre-pro-VM299405.231.npz,257266,6d07e354c1ec2c91487b7550f17164d799b836b1f0050098040ba478fb6d0a6a,6.2,223.0,44.44,2.65,-8.677059,-3.3693051,-100.57,17.98,Rhyp,Ztor,original_table,True,12800,,,True,True,True,False,65.85701358531111,0.71225143712452
1997-01-11__VM29,1997-01-11,VM29,,INSLAB,INSLAB/VM29/pre-pro-VM299701.111.npz,data/preprocessed/INSLAB/VM29/pre-pro-VM299701.111.npz,623449,7a1e8b64a16e4385c981e1eaa05029211006eb1405b500e6b24825da4871207c,7.1,384.0,25.4,2.65,-8.677059,-3.3693051,-102.58,18.34,ref_CU,Ztor,original_table,False,15360,,,False,True,True,False,116.24516915313096,0.5859182518678768
1997-05-22__VM29,1997-05-22,VM29,,INSLAB,INSLAB/VM29/pre-pro-VM299705.221.npz,data/preprocessed/INSLAB/VM29/pre-pro-VM299705.221.npz,258557,ad12ac86eb570ba732f3dd101f16b1c0d5111c49c17e26e1d4ead88c1e64d4c8,6.5,308.0,51.04,2.44,-8.677059,-3.3693051,-101.81,18.41,ref_CU,Ztor,original_table,True,12800,,,True,True,True,False,59.03594053912843,0.743756497508015
1998-04-20__VM29,1998-04-20,VM29,,INSLAB,INSLAB/VM29/pre-pro-VM299804.201.npz,data/preprocessed/INSLAB/VM29/pre-pro-VM299804.201.npz,236149,2d84c74a0040217b204e9f0d0fc20927381ab059c4d752214a262d8d73ab12c5,5.9,254.0,59.18,2.6,-8.677059,-3.3693051,-101.19,18.35,Rhyp,Ztor,original_table,True,12000,,,True,True,True,False,59.01407506244871,0.7222474934699077
1999-06-15__VM29,1999-06-15,VM29,,INSLAB,INSLAB/VM29/pre-pro-VM299906.151.npz,data/preprocessed/INSLAB/VM29/pre-pro-VM299906.151.npz,714148,a197983afb8447ac3456ecce4d6cf0bf434fbb3c21073f4ccd9e7ceb6ec56597,6.9,217.0,51.27,2.68,-8.677059,-3.3693051,-97.54,18.13,ref_CU,Ztor,original_table,False,17280,,,False,True,True,False,129.94070641841017,0.5970518445820291
1999-06-21__VM29,1999-06-21,VM29,,INSLAB,INSLAB/VM29/pre-pro-VM299906.211.npz,data/preprocessed/INSLAB/VM29/pre-pro-VM299906.211.npz,256707,2b70c6c5a2105e137c67401dc339ceb2d13186e6c0e3289bebd462d854f97376,6.0,319.0,48.25,2.62,-8.677059,-3.3693051,-101.72,17.99,Rhyp,Ztor,original_table,True,12800,,,True,True,True,False,56.29335005833661,0.7550226291033699
1999-09-30__VM29,1999-09-30,VM29,,INSLAB,INSLAB/VM29/pre-pro-VM299909.301.npz,data/preprocessed/INSLAB/VM29/pre-pro-VM299909.301.npz,327746,5a6c2c610d0117880ba063472d443c1a0d97ad2263f8fec126cf06ae80e39e92,7.4,417.0,32.77,2.62,-8.677059,-3.3693051,-97.03,15.95,ref_CU,Ztor,original_table,False,16000,,,False,True,True,False,104.83927623071276,0.6422966452942347
2000-07-21__XO36,2000-07-21,XO36,,INSLAB,INSLAB/XO36/pre-pro-XO360007.211.npz,data/preprocessed/INSLAB/XO36/pre-pro-XO360007.211.npz,195607,c7f0bcec19a45a093b0430e07df941cecb228d97771ed9e5cb75a71505933f2c,5.8,139.0,43.74,3.52,-5.42725,-12.063298,-98.97,18.09,Rhyp,Ztor,original_table,True,10000,,,True,True,True,True,46.98004587098957,0.7297201365148454
2007-04-13__XO36,2007-04-13,XO36,,INSLAB,INSLAB/XO36/pre-pro-XO360704.131.npz,data/preprocessed/INSLAB/XO36/pre-pro-XO360704.131.npz,231677,ad24b200d6e3452dfb1aba1d43741eeb8a5788987f3514f3fb8c8a055d4165dc,5.9,241.0,37.73,3.44,-5.42725,-12.063298,-100.21,17.41,Rhyp,Ztor,original_table,True,11520,,,True,True,True,True,32.984518225977894,0.8399819617426969
2009-05-22__XO36,2009-05-22,XO36,,INSLAB,INSLAB/XO36/pre-pro-XO360905.221.npz,data/preprocessed/INSLAB/XO36/pre-pro-XO360905.221.npz,140662,5708d978ed7c42d4da0daa07bd5bc8a623d5a193840dc6a8638e79e514e9ed5f,5.6,155.0,41.27,3.24,-5.42725,-12.063298,-98.44,18.13,Rhyp,Ztor,original_table,True,7500,,,True,True,True,True,46.22653802405976,0.6267839655735526
2006-02-20__XO36,2006-02-20,XO36,,INSLAB,INSLAB/XO36/pre-pro-XO3620060220105423.npz,data/preprocessed/INSLAB/XO36/pre-pro-XO3620060220105423.npz,122720,9edfc1df9039a103d52d4279ca554f75d2d89440e40aafa9092ffaa20fc1ab8d,5.2,194.0,53.4,3.37,-5.42725,-12.063298,-100.54,18.3,Rhyp,Ztor,original_table,True,6562,,,True,False,False,False,8.071102383893631,0.9255295960150062
2006-08-11__XO36,2006-08-11,XO36,,INSLAB,INSLAB/XO36/pre-pro-XO3620060811143041.npz,data/preprocessed/INSLAB/XO36/pre-pro-XO3620060811143041.npz,238470,56a3ae1bba634aa0811e689a8f13fcd94493425dd632681ba00c498cf19b19b7,5.9,257.0,46.37,3.23,-5.42725,-12.063298,-101.27,18.32,Rhyp,Ztor,original_table,True,12000,,,True,False,False,False,16.17120835005801,0.9239467227105392
2008-04-28__XO36,2008-04-28,XO36,,INSLAB,INSLAB/XO36/pre-pro-XO3620080428000629.npz,data/preprocessed/INSLAB/XO36/pre-pro-XO3620080428000629.npz,159113,e63890eb0b41d5ea6955f2bdfda05333defffd074d1aeb799deb45d9387c6868,5.8,194.0,52.22,3.43,-5.42725,-12.063298,-100.1,17.89,Rhyp,Ztor,original_table,True,8192,,,True,True,True,False,14.57419953435722,0.8967759789336552
2011-12-11__XO36,2011-12-11,XO36,,INSLAB,INSLAB/XO36/pre-pro-XO3620111211014725.npz,data/preprocessed/INSLAB/XO36/pre-pro-XO3620111211014725.npz,265756,121d2e2b000005f6cb8c1db72b265d985ca9d66530953325cc67a4c5b0a4b12b,6.5,192.0,49.53,3.3,-5.42725,-12.063298,-99.94,17.82,ref_CU,Ztor,original_table,False,12960,,,False,True,True,False,68.99275955837936,0.7081154141457064
2012-11-15__XO36,2012-11-15,XO36,,INSLAB,INSLAB/XO36/pre-pro-XO3620121115092022.npz,data/preprocessed/INSLAB/XO36/pre-pro-XO3620121115092022.npz,269985,31fe47dad63ac8d5fce7b070c1cbc8c5ce938f7647e09b48fb46a7d87df66183,6.1,188.0,47.88,3.26,-5.42725,-12.063298,-100.48,18.3,Rhyp,Ztor,original_table,False,13500,,,False,True,True,False,64.8375689966791,0.7303714850223351
2013-06-16__XO36,2013-06-16,XO36,,INSLAB,INSLAB/XO36/pre-pro-XO3620130616051903.npz,data/preprocessed/INSLAB/XO36/pre-pro-XO3620130616051903.npz,240772,0ad0e39e240115ec1a25b0873ce6dffc7e78258cb812f4abc739c7ea3070d2aa,5.9,144.0,55.27,3.33,-5.42725,-12.063298,-99.25,18.04,Rhyp,Ztor,original_table,False,12000,,,False,True,True,False,92.99114028858132,0.5648315771043038
2017-09-08__XO36,2017-09-08,XO36,,INSLAB,INSLAB/XO36/pre-pro-XO3620170908044918.npz,data/preprocessed/INSLAB/XO36/pre-pro-XO3620170908044918.npz,380239,667c431235e4303a7c71bf8f61cf976954eaa88019e34c594e292e6dd7c1e064,8.2,559.0,22.47,3.26,-5.42725,-12.063298,-94.11,14.85,ref_CU,Ztor,original_table,False,18226,,,False,True,True,False,106.93882035500616,0.6853722664538345
2023-12-07__XO36,2023-12-07,XO36,,INSLAB,INSLAB/XO36/pre-pro-XO3620231207200340.npz,data/preprocessed/INSLAB/XO36/pre-pro-XO3620231207200340.npz,264595,124a22c128da94739e4fe0dcfcfd61e007922ec26fda10730872178ed6787d77,5.7,124.0,44.26,3.16,-5.42725,-12.063298,-98.76,18.29,Rhyp,Ztor,original_table,False,12960,,,False,True,True,False,82.22274734271753,0.6503540255880357
2025-01-12__XO36,2025-01-12,XO36,,INSLAB,INSLAB/XO36/pre-pro-XO3620250112083253.npz,data/preprocessed/INSLAB/XO36/pre-pro-XO3620250112083253.npz,406065,6006c3a808dac286d9af0773779686c55cb64a94912b8ead50b07a18ba93527f,6.1,471.0,24.16,3.16,-5.42725,-12.063298,-103.49,18.49,Rhyp,Ztor,original_table,False,19440,,,False,False,False,False,83.7551114678929,0.7692442377455011
1994-02-23__XO36,1994-02-23,XO36,,INSLAB,INSLAB/XO36/pre-pro-XO369402.231.npz,data/preprocessed/INSLAB/XO36/pre-pro-XO369402.231.npz,86347,362b1e566ac1b805c8284058e6ab6b569862ebea3ee25d9dbc822defac9136c8,5.8,267.0,69.89,3.4,-5.42725,-12.063298,-97.27,17.75,Rhyp,Ztor,original_table,True,5000,,,True,False,False,False,4.638903532041098,0.938977854090488
1994-05-23__XO36,1994-05-23,XO36,,INSLAB,INSLAB/XO36/pre-pro-XO369405.231.npz,data/preprocessed/INSLAB/XO36/pre-pro-XO369405.231.npz,223357,e1f1f4603d66f39081138db65e6a89fa483c003fcc075c3ab01c9b59657246d0,6.2,217.0,44.44,3.43,-5.42725,-12.063298,-100.57,17.98,Rhyp,Ztor,original_table,True,11250,,,True,True,True,False,24.64329925648784,0.8762078703145233
1994-12-10__XO36,1994-12-10,XO36,,INSLAB,INSLAB/XO36/pre-pro-XO369412.101.npz,data/preprocessed/INSLAB/XO36/pre-pro-XO369412.101.npz,295287,9475fca7d1e3be38d7d8a000e8bf76e7d10cb999e8a2d913778495fd94315c54,6.4,297.0,45.78,3.47,-5.42725,-12.063298,-101.56,18.02,Rhyp,Ztor,original_table,False,14400,,,False,True,True,False,76.61990015903538,0.7097511169064499
1997-01-11__XO36,1997-01-11,XO36,,INSLAB,INSLAB/XO36/pre-pro-XO369701.111.npz,data/preprocessed/INSLAB/XO36/pre-pro-XO369701.111.npz,244641,489e22c4fa5778a934dd253c5318c9d13466dfa746c6a51d607678e6198da4d9,7.1,383.0,25.4,3.4,-5.42725,-12.063298,-102.58,18.34,ref_CU,Ztor,original_table,False,12150,,,False,True,True,False,61.10292355888541,0.7197113598216266
1998-04-20__XO36,1998-04-20,XO36,,INSLAB,INSLAB/XO36/pre-pro-XO369804.201.npz,data/preprocessed/INSLAB/XO36/pre-pro-XO369804.201.npz,190492,0ce197e8d67ffa8f03510bed69861fcf37dc191d4af309d8a3550ace89ca1d81,5.9,251.0,59.18,3.33,-5.42725,-12.063298,-101.19,18.35,Rhyp,Ztor,original_table,True,9600,,,True,True,True,False,22.814141450444566,0.8651965170737145
1999-06-15__XO36,1999-06-15,XO36,,INSLAB,INSLAB/XO36/pre-pro-XO369906.151.npz,data/preprocessed/INSLAB/XO36/pre-pro-XO369906.151.npz,320656,17bd94558fd65324465c23ba227159f4ee4ef6246400b432e4efc5419cd17d49,6.9,207.0,51.27,3.47,-5.42725,-12.063298,-97.54,18.13,ref_CU,Ztor,original_table,False,15552,,,False,True,True,False,90.04952219417225,0.6858774123759994
1999-06-21__XO36,1999-06-21,XO36,,INSLAB,INSLAB/XO36/pre-pro-XO369906.211.npz,data/preprocessed/INSLAB/XO36/pre-pro-XO369906.211.npz,225754,04f521ae882db09ac3f540660ef6c302081cf9e57846706652ad176fa9423cdc,6.0,315.0,48.25,3.33,-5.42725,-12.063298,-101.72,17.99,Rhyp,Ztor,original_table,True,11250,,,True,True,True,False,26.11923729383767,0.870478839165736
1999-09-30__XO36,1999-09-30,XO36,,INSLAB,INSLAB/XO36/pre-pro-XO369909.301.npz,data/preprocessed/INSLAB/XO36/pre-pro-XO369909.301.npz,350545,d3536295a778b0237945d82ceaa00fa377d9e26ab5a799894c969937fed2b73c,7.4,405.0,32.77,3.44,-5.42725,-12.063298,-97.03,15.95,ref_CU,Ztor,original_table,False,16876,,,False,True,True,False,98.41318732580274,0.6860623091559183
2000-07-21__XP06,2000-07-21,XP06,,INSLAB,INSLAB/XP06/pre-pro-XP060007.211.npz,data/preprocessed/INSLAB/XP06/pre-pro-XP060007.211.npz,164255,0ecca3a2711768fa0d6ee8747b18f3e7098f52bc0a473305ed24443d0feaad9c,5.8,155.0,43.74,2.65,-9.984001,0.5712561,-98.97,18.09,Rhyp,Ztor,original_table,True,8640,,,True,True,True,False,26.606309390305118,0.8167861906741144
2009-05-22__XP06,2009-05-22,XP06,,INSLAB,INSLAB/XP06/pre-pro-XP060905.221.npz,data/preprocessed/INSLAB/XP06/pre-pro-XP060905.221.npz,106980,9f63f9f9666d5368d0a28dde0b409c82a251e577a4c4f13ec072e3bdd0987448,5.6,171.0,41.27,2.47,-9.984001,0.5712561,-98.44,18.13,Rhyp,Ztor,original_table,True,5832,,,True,False,False,False,9.163018640975054,0.9022819810069846
2011-12-11__XP06,2011-12-11,XP06,,INSLAB,INSLAB/XP06/pre-pro-XP0620111211014725.npz,data/preprocessed/INSLAB/XP06/pre-pro-XP0620111211014725.npz,251461,0b18000675bbd854467c10a1d8759b531eec34aafde00dbfd4ade2488b2f3dce,6.5,205.0,49.53,2.42,-9.984001,0.5712561,-99.94,17.82,ref_CU,Ztor,original_table,False,12500,,,False,True,True,False,54.413995176382,0.757026143441027
2012-11-15__XP06,2012-11-15,XP06,,INSLAB,INSLAB/XP06/pre-pro-XP0620121115092022.npz,data/preprocessed/INSLAB/XP06/pre-pro-XP0620121115092022.npz,225916,5038ccd3751f75b0399487cdd863221cce2dba3d97f5b3941b4b08198638b502,6.1,196.0,47.88,2.34,-9.984001,0.5712561,-100.48,18.3,Rhyp,Ztor,original_table,True,11250,,,True,True,True,True,49.69470546167085,0.7523930968526614
2013-06-16__XP06,2013-06-16,XP06,,INSLAB,INSLAB/XP06/pre-pro-XP0620130616051903.npz,data/preprocessed/INSLAB/XP06/pre-pro-XP0620130616051903.npz,178330,553582ba528a70336185991355694f27b9874c8833e2cd7e01a4358909f9d081,5.9,159.0,55.27,2.52,-9.984001,0.5712561,-99.25,18.04,Rhyp,Ztor,original_table,False,9216,,,False,True,True,False,33.88325755582632,0.7853588144189388
2017-09-08__XP06,2017-09-08,XP06,,INSLAB,INSLAB/XP06/pre-pro-XP0620170908044918.npz,data/preprocessed/INSLAB/XP06/pre-pro-XP0620170908044918.npz,285965,e77166371b2bffc6394ac2bcd7a6fd8538bf5b2d8092c73507f8ec3bfaef2222,8.2,573.0,22.47,2.37,-9.984001,0.5712561,-94.11,14.85,ref_CU,Ztor,original_table,False,14400,,,False,True,True,False,71.5917600177736,0.7191158191393063
2023-12-07__XP06,2023-12-07,XP06,,INSLAB,INSLAB/XP06/pre-pro-XP0620231207200340.npz,data/preprocessed/INSLAB/XP06/pre-pro-XP0620231207200340.npz,225984,7ca7e38241ca233d7b538de72d7b869da4e801b691846ab3131759b6002aebae,5.7,140.0,44.26,2.39,-9.984001,0.5712561,-98.76,18.29,Rhyp,Ztor,original_table,False,11250,,,False,True,True,False,76.620961910337,0.6181933331157216
2025-01-12__XP06,2025-01-12,XP06,,INSLAB,INSLAB/XP06/pre-pro-XP0620250112083253.npz,data/preprocessed/INSLAB/XP06/pre-pro-XP0620250112083253.npz,309764,2f212e01526ad695d75db7581d674fcae68db1d7b7cb5c567b7ac594e6ef03e5,6.1,470.0,24.16,2.37,-9.984001,0.5712561,-103.49,18.49,Rhyp,Ztor,original_table,False,15000,,,False,False,False,False,72.9960501790321,0.7358851936499309
1994-05-23__XP06,1994-05-23,XP06,,INSLAB,INSLAB/XP06/pre-pro-XP069405.231.npz,data/preprocessed/INSLAB/XP06/pre-pro-XP069405.231.npz,182591,604f12e164c401b57f97e864bbd08d5df2b041e8f3900b5d632e0067814c6629,6.2,226.0,44.44,2.62,-9.984001,0.5712561,-100.57,17.98,Rhyp,Ztor,original_table,True,9376,,,True,False,False,False,13.273532694813667,0.9180544962661212
1994-12-10__XP06,1994-12-10,XP06,,INSLAB,INSLAB/XP06/pre-pro-XP069412.101.npz,data/preprocessed/INSLAB/XP06/pre-pro-XP069412.101.npz,205361,d057eb392af2769081fffaea9e74379a9f67af2896c5e933ae683ed0478c65ea,6.4,302.0,45.78,2.76,-9.984001,0.5712561,-101.56,18.02,Rhyp,Ztor,original_table,True,10368,,,True,True,True,False,37.8005294482262,0.7928738112425961
1997-01-11__XP06,1997-01-11,XP06,,INSLAB,INSLAB/XP06/pre-pro-XP069701.111.npz,data/preprocessed/INSLAB/XP06/pre-pro-XP069701.111.npz,223962,e01b6a1a4d7b472a03ba10a61471a6981999fa3139a3cf962837c0883d1368a1,7.1,385.0,25.4,2.71,-9.984001,0.5712561,-102.58,18.34,ref_CU,Ztor,original_table,False,11250,,,False,True,True,False,32.054659918609445,0.8392283081622558
1997-05-22__XP06,1997-05-22,XP06,,INSLAB,INSLAB/XP06/pre-pro-XP069705.221.npz,data/preprocessed/INSLAB/XP06/pre-pro-XP069705.221.npz,211601,8bad0e22629cb966c7e6725b2b88d079257e040830681b4942e992a6e2899576,6.5,308.0,51.04,2.62,-9.984001,0.5712561,-101.81,18.41,ref_CU,Ztor,original_table,True,10800,,,True,True,True,False,37.24809746402474,0.8026486305816216
1998-04-20__XP06,1998-04-20,XP06,,INSLAB,INSLAB/XP06/pre-pro-XP069804.201.npz,data/preprocessed/INSLAB/XP06/pre-pro-XP069804.201.npz,125409,b4478ed0eea353a63c50c261844921e1972d34eceb886722473eb51b67c99f96,5.9,255.0,59.18,2.52,-9.984001,0.5712561,-101.19,18.35,Rhyp,Ztor,original_table,True,6750,,,True,False,False,False,6.796104355760633,0.9386300852829996
1999-06-15__XP06,1999-06-15,XP06,,INSLAB,INSLAB/XP06/pre-pro-XP069906.151.npz,data/preprocessed/INSLAB/XP06/pre-pro-XP069906.151.npz,299825,2e2173d5e86e4ca3d9aa96a567040638d84ef45370d538736f0618c20507aaa9,6.9,220.0,51.27,2.52,-9.984001,0.5712561,-97.54,18.13,ref_CU,Ztor,original_table,False,14580,,,False,True,True,False,70.66280143894195,0.7354146799006179
1999-06-21__XP06,1999-06-21,XP06,,INSLAB,INSLAB/XP06/pre-pro-XP069906.211.npz,data/preprocessed/INSLAB/XP06/pre-pro-XP069906.211.npz,197958,febe00237dfd7c90d44d5edee30c23f59af0db57fe6df2b4832f7f71406942bb,6.0,320.0,48.25,2.62,-9.984001,0.5712561,-101.72,17.99,Rhyp,Ztor,original_table,True,10000,,,True,True,True,False,28.81201518181993,0.8360531741105045
1999-09-30__XP06,1999-09-30,XP06,,INSLAB,INSLAB/XP06/pre-pro-XP069909.301.npz,data/preprocessed/INSLAB/XP06/pre-pro-XP069909.301.npz,289241,5ebc0eb0dd39c3616b88d5abed43372e32dccd793169cd673b30a3c749018978,7.4,421.0,32.77,2.54,-9.984001,0.5712561,-97.03,15.95,ref_CU,Ztor,original_table,False,14400,,,False,True,True,False,74.20665917447812,0.7124553060236443
2000-08-09__AE02,2000-08-09,AE02,,INTERPLATE,INTERPLATE/AE02/pre-pro-AE020008.091.npz,data/preprocessed/INTERPLATE/AE02/pre-pro-AE020008.091.npz,311170,56d080d47351bb998883876479063653ed13e22b52f78156938325a831711b83,6.5,376.0,25.97,4.89,-2.0085332,1.2753806,-102.66,17.99,ref_CU,Ztor,original_table,True,15360,,,True,True,True,False,37.85538597830234,0.8637020739601702
2012-03-20__AE02,2012-03-20,AE02,,INTERPLATE,INTERPLATE/AE02/pre-pro-AE021203.201.npz,data/preprocessed/INTERPLATE/AE02/pre-pro-AE021203.201.npz,562836,92051ce60f6781570556b14a56b974335425ddee2df3669ac175c02165691598,7.5,326.0,14.82,4.64,-2.0085332,1.2753806,-98.531,16.254,ref_CU,Ztor,original_table,True,27000,,,True,True,True,True,234.90502457570025,0.5335854487814704
2003-01-22__AE02,2003-01-22,AE02,,INTERPLATE,INTERPLATE/AE02/pre-pro-AE0220030122020634.npz,data/preprocessed/INTERPLATE/AE02/pre-pro-AE0220030122020634.npz,447657,cb2a65232e93cb5f656cf6b8d03450aaf1bd2b0b06b53452c34ed7570442ea63,7.5,514.0,19.79,4.74,-2.0085332,1.2753806,-103.9,18.86,ref_CU,Ztor,original_table,False,21600,,,False,True,True,False,99.37224526464752,0.7524728608961104
2014-04-18__AE02,2014-04-18,AE02,,INTERPLATE,INTERPLATE/AE02/pre-pro-AE0220140418142723.npz,data/preprocessed/INTERPLATE/AE02/pre-pro-AE0220140418142723.npz,375798,41207ccf0e2fac1a578295b857b8513614cb9b45884ef8c8d72837df96e309f8,7.3,307.0,7.54,4.5,-2.0085332,1.2753806,-101.055,17.375,ref_CU,Ztor,original_table,False,18000,,,False,True,True,False,89.06595069168563,0.7349306547671628
2014-05-08__AE02,2014-05-08,AE02,,INTERPLATE,INTERPLATE/AE02/pre-pro-AE0220140508170016.npz,data/preprocessed/INTERPLATE/AE02/pre-pro-AE0220140508170016.npz,414599,974070b0950bb68845b19f18330c604707e4f47e628ae6f41a12d414178de3c5,6.5,287.0,17.14,4.5,-2.0085332,1.2753806,-100.74,17.36,ref_CU,Ztor,original_table,True,19684,,,True,True,True,True,119.05936505470606,0.678504671361472
2014-05-10__AE02,2014-05-10,AE02,,INTERPLATE,INTERPLATE/AE02/pre-pro-AE0220140510073601.npz,data/preprocessed/INTERPLATE/AE02/pre-pro-AE0220140510073601.npz,279431,3ded4d489a0b840b6a051fc356f2e8d3ad0a99f8cf6588648fb20283b5fcd447,6.1,301.0,18.48,4.45,-2.0085332,1.2753806,-100.82,17.31,Rhyp,Ztor,original_table,True,13824,,,True,True,True,True,60.62288840184431,0.7564661213921813
2018-02-16__AE02,2018-02-16,AE02,,INTERPLATE,INTERPLATE/AE02/pre-pro-AE0220180216233938.npz,data/preprocessed/INTERPLATE/AE02/pre-pro-AE0220180216233938.npz,323245,b61be6bffb8c5925ce35fc50fe009a3ef508197800091ec80950e27b5bbd7223,7.2,346.0,7.49,4.5,-2.0085332,1.2753806,-98.03,16.25,ref_CU,Ztor,original_table,False,15552,,,False,True,True,False,102.97215324429152,0.6429041710213222
2020-06-23__AE02,2020-06-23,AE02,,INTERPLATE,INTERPLATE/AE02/pre-pro-AE0220200623152903.npz,data/preprocessed/INTERPLATE/AE02/pre-pro-AE0220200623152903.npz,483231,2f6ac59fe6e2ef875470a506132334a3093b0d8a84018af9374ae1f37279e157,7.4,459.0,15.6,4.55,-2.0085332,1.2753806,-96.12,15.784,ref_CU,Ztor,original_table,True,23040,,,True,True,True,True,194.9155982799932,0.5499628309667448
2021-09-08__AE02,2021-09-08,AE02,,INTERPLATE,INTERPLATE/AE02/pre-pro-AE0220210908014746.npz,data/preprocessed/INTERPLATE/AE02/pre-pro-AE0220210908014746.npz,421457,3d50da8bff2538e832fbc0516fe3bcd4950089d71af1dc8015d3fbd45902cd5f,7.1,270.0,8.33,4.55,-2.0085332,1.2753806,-99.93,16.78,ref_CU,Ztor,original_table,False,20000,,,False,True,True,False,123.37135701894304,0.6724509305218558
2022-09-19__AE02,2022-09-19,AE02,,INTERPLATE,INTERPLATE/AE02/pre-pro-AE0220220919180509.npz,data/preprocessed/INTERPLATE/AE02/pre-pro-AE0220220919180509.npz,448590,b206b9eebce29ff817fefcbed1bc75a2b66a59570a6e8267f8f1ed18902cfc74,7.7,416.0,7.32,4.41,-2.0085332,1.2753806,-103.29,18.22,ref_CU,Ztor,original_table,True,21600,,,True,True,True,True,157.17680779900414,0.6087014344776834
2022-09-22__AE02,2022-09-22,AE02,,INTERPLATE,INTERPLATE/AE02/pre-pro-AE0220220922061609.npz,data/preprocessed/INTERPLATE/AE02/pre-pro-AE0220220922061609.npz,335860,ec8b80cc24b9cf57e831febd40fe5f8c1e5fd2f59f62f2ebbd78f07fde635764,6.8,469.0,6.23,4.32,-2.0085332,1.2753806,-103.12,18.05,ref_CU,Ztor,original_table,True,16200,,,True,True,True,True,54.51263121133096,0.8181578784063949
2022-12-11__AE02,2022-12-11,AE02,,INTERPLATE,INTERPLATE/AE02/pre-pro-AE0220221211143130.npz,data/preprocessed/INTERPLATE/AE02/pre-pro-AE0220221211143130.npz,513417,7b348938ccb8f2ea48bf33660b6cdc0cec337f196c42f41ee239d835b8320d1a,6.0,305.0,11.44,4.27,-2.0085332,1.2753806,-100.63,17.13,Rhyp,Ztor,original_table,False,24300,,,False,False,False,False,166.07569965801878,0.6383290148783319
2026-01-02__AE02,2026-01-02,AE02,,INTERPLATE,INTERPLATE/AE02/pre-pro-AE0220260102135815.npz,data/preprocessed/INTERPLATE/AE02/pre-pro-AE0220260102135815.npz,322768,4c637d0d42f0734ff8060a6237b5d19171c6bf452b0b04b13e93806a32f2d47e,6.5,291.0,10.82,4.08,-2.0085332,1.2753806,-99.41,16.77,ref_CU_prefix,Ztor,original_table,False,15552,,,False,True,True,False,129.2723275873317,0.550966245484971
1990-05-31__AE02,1990-05-31,AE02,,INTERPLATE,INTERPLATE/AE02/pre-pro-AE029005.311.npz,data/preprocessed/INTERPLATE/AE02/pre-pro-AE029005.311.npz,97573,87697684600d83f065117d67e1a7b3ba6448d7464739ebca4ed3a01e3e7f18d8,6.1,317.0,15.11,5.1,-2.0085332,1.2753806,-100.893,17.106,Rhyp,Ztor,original_table,True,5626,,,True,False,False,False,7.512860117789572,0.9124987174727514
1993-05-15__AE02,1993-05-15,AE02,,INTERPLATE,INTERPLATE/AE02/pre-pro-AE029305.152.npz,data/preprocessed/INTERPLATE/AE02/pre-pro-AE029305.152.npz,94253,91510981674709e1590b0af6cca4f631d2feee3bfc6c92587f8946b9fd1dc697,5.9,331.0,35.38,4.94,-2.0085332,1.2753806,-98.72,16.47,Rhyp,Ztor,original_table,True,5400,,,True,False,False,False,6.736940151802884,0.918626160746432
1995-09-14__AE02,1995-09-14,AE02,,INTERPLATE,INTERPLATE/AE02/pre-pro-AE029509.141.npz,data/preprocessed/INTERPLATE/AE02/pre-pro-AE029509.141.npz,284165,7c940051bce0b0f35e0b1877ccdd40ee3a853975e10e499e544db961973c3641,7.3,330.0,15.75,4.99,-2.0085332,1.2753806,-98.88,16.31,ref_CU,Ztor,original_table,True,13824,,,True,True,True,False,24.004036799745364,0.9054847548933128
1997-07-19__AE02,1997-07-19,AE02,,INTERPLATE,INTERPLATE/AE02/pre-pro-AE029707.192.npz,data/preprocessed/INTERPLATE/AE02/pre-pro-AE029707.192.npz,326653,4f46ab16da26ac6e83da6b215e24409ffd169262e284ac39645e99530f83a83b,6.7,402.0,11.92,5.09,-2.0085332,1.2753806,-98.35,15.86,MANUAL_REF,Ztor,original_table,True,16000,,,True,True,True,False,36.77671667282809,0.8742633366172242
1998-02-03__AE02,1998-02-03,AE02,,INTERPLATE,INTERPLATE/AE02/pre-pro-AE029802.031.npz,data/preprocessed/INTERPLATE/AE02/pre-pro-AE029802.031.npz,197884,7782147d7780c49d67c714a39f10dd2dc3ba352cf07ba7135d93c25ff814fb48,6.3,505.0,18.43,4.74,-2.0085332,1.2753806,-96.37,15.69,Rhyp,Ztor,original_table,True,10000,,,True,False,False,False,11.84132614012796,0.932620199498532
2000-08-09__AL01,2000-08-09,AL01,,INTERPLATE,INTERPLATE/AL01/pre-pro-AL010008.091.npz,data/preprocessed/INTERPLATE/AL01/pre-pro-AL010008.091.npz,432054,2a7243c199bc57332ca1753414ad23142fcffe839d269006c6f357df9dcef414,6.5,368.0,25.97,1.9,-11.156027,2.2772448,-102.66,17.99,ref_CU,Ztor,original_table,False,10936,,,False,True,True,False,57.52015763924814,0.7039316571996699
2003-01-22__AL01,2003-01-22,AL01,,INTERPLATE,INTERPLATE/AL01/pre-pro-AL0120030122020634.npz,data/preprocessed/INTERPLATE/AL01/pre-pro-AL0120030122020634.npz,236039,8ddb5f3ec90637af0ac840844cc3689d6b43251b11119fabccf8d05c9afde84a,7.5,505.0,19.79,1.85,-11.156027,2.2772448,-103.9,18.86,ref_CU,Ztor,original_table,False,11664,,,False,True,True,False,61.19850535284706,0.7092431330632504
2014-04-18__AL01,2014-04-18,AL01,,INTERPLATE,INTERPLATE/AL01/pre-pro-AL0120140418142723.npz,data/preprocessed/INTERPLATE/AL01/pre-pro-AL0120140418142723.npz,267142,2fe223500caa568e757911e8f6451a26487789d85e9278a587e63fcf0bc8eada,7.3,301.0,7.54,1.93,-11.156027,2.2772448,-101.055,17.375,ref_CU,Ztor,original_table,False,13122,,,False,True,True,False,102.9138513431448,0.5673525398615008
2014-05-08__AL01,2014-05-08,AL01,,INTERPLATE,INTERPLATE/AL01/pre-pro-AL0120140508170016.npz,data/preprocessed/INTERPLATE/AL01/pre-pro-AL0120140508170016.npz,249370,897507072cf9adc84171d3846c8320e7ccbded21fbd87f7b5bf8c9040af170d0,6.5,282.0,17.14,1.73,-11.156026,2.2772448,-100.74,17.36,ref_CU,Ztor,original_table,False,12288,,,False,True,True,False,104.07446879959576,0.5301166246801401
2014-05-10__AL01,2014-05-10,AL01,,INTERPLATE,INTERPLATE/AL01/pre-pro-AL0120140510073601.npz,data/preprocessed/INTERPLATE/AL01/pre-pro-AL0120140510073601.npz,223957,9542fe3018644a3d44c107db227b051c56f3dc9112bcb6206f85d0851eb0a5c9,6.1,296.0,18.48,1.86,-11.156027,2.2772448,-100.82,17.31,Rhyp,Ztor,original_table,False,11250,,,False,True,True,False,77.70561186063803,0.6097940551338855
2018-02-16__AL01,2018-02-16,AL01,,INTERPLATE,INTERPLATE/AL01/pre-pro-AL0120180216233938.npz,data/preprocessed/INTERPLATE/AL01/pre-pro-AL0120180216233938.npz,274663,f3e135001916becfd8f44e904ffd2a902a0536132db42b4daf6d7e433abd18a3,7.2,350.0,7.49,1.64,-11.156024,2.2772443,-98.03,16.25,ref_CU,Ztor,original_table,False,13500,,,False,True,True,False,118.91283072641416,0.5134698632363072
2020-06-23__AL01,2020-06-23,AL01,,INTERPLATE,INTERPLATE/AL01/pre-pro-AL0120200623152903.npz,data/preprocessed/INTERPLATE/AL01/pre-pro-AL0120200623152903.npz,253513,1e00fcf9fd572addacb7e19f261000eb3a3738ddf4fe5fd7c4ea6d44064135c2,7.4,466.0,15.6,1.61,-11.156023,2.2772443,-96.12,15.784,ref_CU,Ztor,original_table,False,12500,,,False,True,True,False,102.863293427426,0.5429719934801351
2021-09-08__AL01,2021-09-08,AL01,,INTERPLATE,INTERPLATE/AL01/pre-pro-AL0120210908014746.npz,data/preprocessed/INTERPLATE/AL01/pre-pro-AL0120210908014746.npz,258952,af5a03443b1e928393b88634f7170cd8747bb2cb9f4947add3d9f065cdee2e06,7.1,268.0,8.33,1.88,-11.156027,2.2772448,-99.93,16.78,ref_CU,Ztor,original_table,False,12800,,,False,True,True,False,105.9499632099976,0.5400878447280566
2022-09-19__AL01,2022-09-19,AL01,,INTERPLATE,INTERPLATE/AL01/pre-pro-AL0120220919180509.npz,data/preprocessed/INTERPLATE/AL01/pre-pro-AL0120220919180509.npz,299866,f0bda73eb39ec8d75db1f466fe033eab953774b007f9281fab046a3197b64c5d,7.7,408.0,7.32,1.85,-11.156027,2.2772448,-103.29,18.22,ref_CU,Ztor,original_table,False,14580,,,False,True,True,False,123.60938511398145,0.5371821734537163
2022-09-22__AL01,2022-09-22,AL01,,INTERPLATE,INTERPLATE/AL01/pre-pro-AL0120220922061609.npz,data/preprocessed/INTERPLATE/AL01/pre-pro-AL0120220922061609.npz,210699,cbcbcdabe6a57a5bfbbf20fce12d499af8d62aa2cd710c772682a1e1abe86a3a,6.8,460.0,6.23,1.81,-11.156027,2.2772448,-103.12,18.05,ref_CU,Ztor,original_table,False,10800,,,False,True,True,False,70.75814053897611,0.6211888187859301
2022-12-11__AL01,2022-12-11,AL01,,INTERPLATE,INTERPLATE/AL01/pre-pro-AL0120221211143130.npz,data/preprocessed/INTERPLATE/AL01/pre-pro-AL0120221211143130.npz,201613,15919230834f6b7f8aad5d67b3c4462159d8f924e844d59c7fbe2a74126a572e,6.0,301.0,11.44,1.75,-11.156026,2.2772448,-100.63,17.13,Rhyp,Ztor,original_table,False,10126,,,False,False,False,False,54.080563734082205,0.6981269118946012
2026-01-02__AL01,2026-01-02,AL01,,INTERPLATE,INTERPLATE/AL01/pre-pro-AL0120260102135815.npz,data/preprocessed/INTERPLATE/AL01/pre-pro-AL0120260102135815.npz,216359,fde5e3f6ceaf076dbe929ea44cd6deca02b9b2cf7d4263185f8f449ba67ace95,6.5,291.0,10.82,1.63,-11.156024,2.2772443,-99.41,16.77,ref_CU_prefix,Ztor,original_table,False,10800,,,False,True,True,False,91.333179996824,0.5238847938444247
1989-04-25__AL01,1989-04-25,AL01,,INTERPLATE,INTERPLATE/AL01/pre-pro-AL018904.251.npz,data/preprocessed/INTERPLATE/AL01/pre-pro-AL018904.251.npz,202088,153dd0e5711175959125ac0571af6e78a63ea1d27a6f5fc23bad6015b2befa29,6.9,302.0,16.26,2.09,-11.156027,2.2772448,-99.4,16.603,ref_CU,Ztor,original_table,False,10126,,,False,True,True,False,82.51891416647355,0.5405405670018176
1990-05-31__AL01,1990-05-31,AL01,,INTERPLATE,INTERPLATE/AL01/pre-pro-AL019005.311.npz,data/preprocessed/INTERPLATE/AL01/pre-pro-AL019005.311.npz,159910,f6708c7ab7538f2f7a6786fff7cca75c250f0b8e4d66f734742bf315f225cb01,6.1,312.0,15.11,2.0,-11.156027,2.2772448,-100.893,17.106,Rhyp,Ztor,original_table,True,8640,,,True,True,True,False,40.87556073042612,0.7123060196338252
1995-09-14__AL01,1995-09-14,AL01,,INTERPLATE,INTERPLATE/AL01/pre-pro-AL019509.141.npz,data/preprocessed/INTERPLATE/AL01/pre-pro-AL019509.141.npz,460942,d180d76b25c3c65bec1ebe997e7e34669a6d72ff50137350348a478bb6fdbec8,7.3,331.0,15.75,1.94,-11.156027,2.2772448,-98.88,16.31,ref_CU,Ztor,original_table,False,11520,,,False,True,True,False,70.72879821309161,0.657437893092984
1996-07-15__AL01,1996-07-15,AL01,,INTERPLATE,INTERPLATE/AL01/pre-pro-AL019607.151.npz,data/preprocessed/INTERPLATE/AL01/pre-pro-AL019607.151.npz,355133,ca8ff490d0a9872aacd510953d7444b3e75c5bb9eedb9ac4b5113dc54692a405,6.6,309.0,15.89,2.05,-11.156027,2.2772448,-101.1,17.4,ref_PA34,Ztor,original_table,True,9216,,,True,True,True,True,37.40063950394263,0.7646500361580554
1997-07-19__AL01,1997-07-19,AL01,,INTERPLATE,INTERPLATE/AL01/pre-pro-AL019707.192.npz,data/preprocessed/INTERPLATE/AL01/pre-pro-AL019707.192.npz,115761,cd9c56614e849989e703f276d6bf94b94fc9c48fabcbf7882619e25dbf0ff2ff,6.7,405.0,11.92,2.07,-11.156027,2.2772448,-98.35,15.86,ref_any_AE02,Ztor,original_table,True,6250,,,True,False,False,False,1.1421548634653789,0.9888450545613304
1998-02-03__AL01,1998-02-03,AL01,,INTERPLATE,INTERPLATE/AL01/pre-pro-AL019802.031.npz,data/preprocessed/INTERPLATE/AL01/pre-pro-AL019802.031.npz,147089,b86eb27224eb0377ff84b1d258b914c8190ef5bbbf6ba7c36fb5fdb2ae289c20,6.3,510.0,18.43,1.85,-11.156027,2.2772448,-96.37,15.69,Rhyp,Ztor,original_table,True,7680,,,True,False,False,False,19.141717030488397,0.8533763536538614
2000-08-09__AO24,2000-08-09,AO24,,INTERPLATE,INTERPLATE/AO24/pre-pro-AO240008.091.npz,data/preprocessed/INTERPLATE/AO24/pre-pro-AO240008.091.npz,147319,b065e58dc8edaa6379d66c96113853e49a2b52607d5921e5751ce4551fd190aa,6.5,364.0,25.97,1.01,-10.437539,-5.1787167,-102.66,17.99,ref_CU,Ztor,original_table,True,7680,,,True,True,True,False,25.36324658026571,0.8052576276085249
2012-03-20__AO24,2012-03-20,AO24,,INTERPLATE,INTERPLATE/AO24/pre-pro-AO241203.201.npz,data/preprocessed/INTERPLATE/AO24/pre-pro-AO241203.201.npz,252968,eace73321e08d0adf0d77e88152ea46fa93e3809837c8ada2efe6528078baef4,7.5,320.0,14.82,1.06,-10.4431925,-5.1815214,-98.531,16.254,ref_CU,Ztor,original_table,False,12500,,,False,True,True,False,106.30879549950303,0.5274114447677126
2003-01-22__AO24,2003-01-22,AO24,,INTERPLATE,INTERPLATE/AO24/pre-pro-AO2420030122020634.npz,data/preprocessed/INTERPLATE/AO24/pre-pro-AO2420030122020634.npz,175624,852d1c1cfb1f3e60fb098888631e7cb79d60c8059c349379fce144eeff7b6d78,7.5,503.0,19.79,1.04,-10.441369,-5.180617,-103.9,18.86,ref_CU,Ztor,original_table,True,9000,,,True,True,True,False,18.64655183406927,0.8804631589584636
2014-04-18__AO24,2014-04-18,AO24,,INTERPLATE,INTERPLATE/AO24/pre-pro-AO2420140418142723.npz,data/preprocessed/INTERPLATE/AO24/pre-pro-AO2420140418142723.npz,221952,52fd55009eb743299a1a1b537664aa150bdbb7e42968bfacc4294aa6efdf765f,7.3,294.0,7.54,1.01,-10.437539,-5.1787167,-101.055,17.375,ref_CU,Ztor,original_table,False,11250,,,False,True,True,False,88.1168816295481,0.5533183878463623
2014-05-08__AO24,2014-05-08,AO24,,INTERPLATE,INTERPLATE/AO24/pre-pro-AO2420140508170016.npz,data/preprocessed/INTERPLATE/AO24/pre-pro-AO2420140508170016.npz,204486,28b3d1fc408580a4661b75fe9dd1838a34dbc30733cdb7041177012928e8dce7,6.5,274.0,17.14,0.95,-10.423327,-5.171665,-100.74,17.36,ref_CU,Ztor,original_table,False,10240,,,False,True,True,False,71.96467591884509,0.6032162104050004
2014-05-10__AO24,2014-05-10,AO24,,INTERPLATE,INTERPLATE/AO24/pre-pro-AO2420140510073601.npz,data/preprocessed/INTERPLATE/AO24/pre-pro-AO2420140510073601.npz,171128,5dff8ac72c54e1f8cca50fdd101baf2ea5922fa64d0669706e5ec8d608206a19,6.1,288.0,18.48,0.95,-10.423327,-5.171665,-100.82,17.31,Rhyp,Ztor,original_table,True,8748,,,True,True,True,True,50.90400686867804,0.6643544318298955
2018-02-16__AO24,2018-02-16,AO24,,INTERPLATE,INTERPLATE/AO24/pre-pro-AO2420180216233938.npz,data/preprocessed/INTERPLATE/AO24/pre-pro-AO2420180216233938.npz,251208,0b4b35e7d1981b9f204fb0ed0210d10d66f8b9a7bc2f3a92c592a2a65a210ef2,7.2,342.0,7.49,1.02,-10.438989,-5.1794357,-98.03,16.25,ref_CU,Ztor,original_table,False,12500,,,False,True,True,False,100.74521872489562,0.5490164343753273
2020-06-23__AO24,2020-06-23,AO24,,INTERPLATE,INTERPLATE/AO24/pre-pro-AO2420200623152903.npz,data/preprocessed/INTERPLATE/AO24/pre-pro-AO2420200623152903.npz,227470,cdd0991e82fb9097b11d27afd70eb1fbc97f3eaaa152fe3cec339ab95a3e688d,7.4,460.0,15.6,1.0,-10.4358835,-5.177895,-96.12,15.784,ref_CU,Ztor,original_table,False,11250,,,False,True,True,False,63.17147516824778,0.6872079858969707
2021-09-08__AO24,2021-09-08,AO24,,INTERPLATE,INTERPLATE/AO24/pre-pro-AO2420210908014746.npz,data/preprocessed/INTERPLATE/AO24/pre-pro-AO2420210908014746.npz,257012,9e06c00bb8abe83d674ee0f9abf2a0e6ea4fa2bb989fa4a42143e9f04f21c583,7.1,259.0,8.33,1.05,-10.442342,-5.181099,-99.93,16.78,ref_CU,Ztor,original_table,False,12800,,,False,True,True,False,98.5112847197296,0.5691800720732546
2022-09-19__AO24,2022-09-19,AO24,,INTERPLATE,INTERPLATE/AO24/pre-pro-AO2420220919180509.npz,data/preprocessed/INTERPLATE/AO24/pre-pro-AO2420220919180509.npz,229800,a21fd31f8afc2412e3fa020697fba609b6074b8c6048a6c155f79166441feb58,7.7,404.0,7.32,1.02,-10.438989,-5.1794357,-103.29,18.22,ref_CU,Ztor,original_table,False,11520,,,False,True,True,False,63.32295179251688,0.6899581287087893
2022-09-22__AO24,2022-09-22,AO24,,INTERPLATE,INTERPLATE/AO24/pre-pro-AO2420220922061609.npz,data/preprocessed/INTERPLATE/AO24/pre-pro-AO2420220922061609.npz,290614,798eb0f80aafa0d9b565907e3ab581182ec074d21f6b958b037c41436a122eec,6.8,457.0,6.23,0.99,-10.433991,-5.176956,-103.12,18.05,ref_CU,Ztor,original_table,False,14400,,,False,True,True,False,56.3173069372547,0.7822054801714955
2022-12-11__AO24,2022-12-11,AO24,,INTERPLATE,INTERPLATE/AO24/pre-pro-AO2420221211143130.npz,data/preprocessed/INTERPLATE/AO24/pre-pro-AO2420221211143130.npz,143717,0481f1baf9d40926624fe31065ac39ecd2ceefd29077a0a213165387e4a1a727,6.0,293.0,11.44,1.04,-10.441369,-5.180617,-100.63,17.13,Rhyp,Ztor,original_table,False,7500,,,False,False,False,False,11.968851077377082,0.9056828126290222
2026-01-02__AO24,2026-01-02,AO24,,INTERPLATE,INTERPLATE/AO24/pre-pro-AO2420260102135815.npz,data/preprocessed/INTERPLATE/AO24/pre-pro-AO2420260102135815.npz,221005,ed283ee8d3df6b8695b51d23d712b33629676bb75d8bda6bf6a3f03c2aa4d491,6.5,283.0,10.82,0.99,-10.433991,-5.176956,-99.41,16.77,ref_CU_prefix,Ztor,original_table,False,11250,,,False,True,True,False,91.60844207544004,0.533751821684446
1993-05-15__AO24,1993-05-15,AO24,,INTERPLATE,INTERPLATE/AO24/pre-pro-AO249305.152.npz,data/preprocessed/INTERPLATE/AO24/pre-pro-AO249305.152.npz,97129,1112585d6ed31cdc9aa053849b21b7aa90cec151d0b6fb3b7e97b2f4909fac9b,5.9,324.0,35.38,1.07,-10.443937,-5.181891,-98.72,16.47,Rhyp,Ztor,original_table,True,5626,,,True,True,True,False,13.789715790422406,0.8390931646391785
1995-09-14__AO24,1995-09-14,AO24,,INTERPLATE,INTERPLATE/AO24/pre-pro-AO249509.141.npz,data/preprocessed/INTERPLATE/AO24/pre-pro-AO249509.141.npz,157543,be781e775370f5bad325e91de87767ec1e946db91ae846d6532c3407809a6e56,7.3,323.0,15.75,1.04,-10.441369,-5.180617,-98.88,16.31,ref_CU,Ztor,original_table,True,8100,,,True,True,True,False,39.89779599735896,0.7138712277871561
1995-10-09__AO24,1995-10-09,AO24,,INTERPLATE,INTERPLATE/AO24/pre-pro-AO249510.091.npz,data/preprocessed/INTERPLATE/AO24/pre-pro-AO249510.091.npz,150532,908f8f0f36323057820f3cccb587da600022e39a2d0a13275e51f19482c4a67f,8.0,452.0,19.05,1.03,-10.440258,-5.1800656,-104.67,18.74,ref_fallback_MT50,Ztor,original_table,True,7776,,,True,False,False,False,8.11668105291821,0.9389539632000736
1996-07-15__AO24,1996-07-15,AO24,,INTERPLATE,INTERPLATE/AO24/pre-pro-AO249607.151.npz,data/preprocessed/INTERPLATE/AO24/pre-pro-AO249607.151.npz,78561,86238a89422c84c50e67d66f04fec562a023e35b00e02cf04439f3f7890799c0,6.6,302.0,15.89,1.07,-10.443937,-5.181891,-101.1,17.4,ref_PA34,Ztor,original_table,True,4608,,,True,False,False,False,3.1395393519566994,0.9544994296817868
1997-07-19__AO24,1997-07-19,AO24,,INTERPLATE,INTERPLATE/AO24/pre-pro-AO249707.192.npz,data/preprocessed/INTERPLATE/AO24/pre-pro-AO249707.192.npz,110842,f52421cfe9bbdbc1f665906f26b13d1c8b3d387e0e79f1dd4ed2ee87c109252d,6.7,396.0,11.92,1.04,-10.441369,-5.180617,-98.35,15.86,ref_any_AE02,Ztor,original_table,True,6076,,,True,False,False,False,3.376564885546955,0.9654536025624416
1998-02-03__AO24,1998-02-03,AO24,,INTERPLATE,INTERPLATE/AO24/pre-pro-AO249802.031.npz,data/preprocessed/INTERPLATE/AO24/pre-pro-AO249802.031.npz,125231,230514b150030e5afa528a5b27269d9826403408f92da2e8cff3db506659a427,6.3,504.0,18.43,0.99,-10.433991,-5.176956,-96.37,15.69,Rhyp,Ztor,original_table,True,6750,,,True,True,True,False,9.116861679692192,0.91767327361665
2000-08-09__AP68,2000-08-09,AP68,,INTERPLATE,INTERPLATE/AP68/pre-pro-AP680008.091.npz,data/preprocessed/INTERPLATE/AP68/pre-pro-AP680008.091.npz,231921,3697f40c6a37c64dc6c77bded26876bdaa3647381dfa9a25a25b3b6ef7a321e1,6.5,369.0,25.97,3.07,-6.4899483,-3.1426687,-102.66,17.99,ref_CU,Ztor,original_table,True,11520,,,True,True,True,True,31.196254447450716,0.8488773218647934
2003-01-22__AP68,2003-01-22,AP68,,INTERPLATE,INTERPLATE/AP68/pre-pro-AP6820030122020634.npz,data/preprocessed/INTERPLATE/AP68/pre-pro-AP6820030122020634.npz,298881,ce5f7c175b888dac77a53039d395bdc247c69f3fbb7295f12bffeb30a2a8ef97,7.5,508.0,19.79,2.91,-6.4899483,-3.1426687,-103.9,18.86,ref_CU,Ztor,original_table,True,14580,,,True,True,True,False,49.04453592738312,0.8161335535450884
2014-04-18__AP68,2014-04-18,AP68,,INTERPLATE,INTERPLATE/AP68/pre-pro-AP6820140418142723.npz,data/preprocessed/INTERPLATE/AP68/pre-pro-AP6820140418142723.npz,238250,98fd868d4a413a0f7195fde7328a8450e03cae171596f35f4aae701baa80cb1e,7.3,299.0,7.54,3.0,-6.4899483,-3.1426687,-101.055,17.375,ref_CU,Ztor,original_table,False,12000,,,False,True,True,False,69.14092144736802,0.673339688900274
2021-09-08__AP68,2021-09-08,AP68,,INTERPLATE,INTERPLATE/AP68/pre-pro-AP6820210908014746.npz,data/preprocessed/INTERPLATE/AP68/pre-pro-AP6820210908014746.npz,308807,cc27fb647160a7ec7cb27ddd196c7f6b7bb5f44329e5c066728cb13d92a5b303,7.1,263.0,8.33,2.82,-6.4899483,-3.1426687,-99.93,16.78,ref_CU,Ztor,original_table,False,15000,,,False,True,True,False,92.44415851874656,0.6643032953782172
2022-09-19__AP68,2022-09-19,AP68,,INTERPLATE,INTERPLATE/AP68/pre-pro-AP6820220919180509.npz,data/preprocessed/INTERPLATE/AP68/pre-pro-AP6820220919180509.npz,306184,d76092e9a130feeb689e58d7e302989421dce478df0df486cbfc12347906547f,7.7,410.0,7.32,2.94,-6.4899483,-3.1426687,-103.29,18.22,ref_CU,Ztor,original_table,False,15000,,,False,True,True,False,91.7717682684287,0.6642209642222067
2022-09-22__AP68,2022-09-22,AP68,,INTERPLATE,INTERPLATE/AP68/pre-pro-AP6820220922061609.npz,data/preprocessed/INTERPLATE/AP68/pre-pro-AP6820220922061609.npz,238011,82f1370887730bfeb28043522b348ecd12cf47428fcb5b735ba0c12039079da1,6.8,462.0,6.23,2.76,-6.4899483,-3.1426687,-103.12,18.05,ref_CU,Ztor,original_table,False,12000,,,False,True,True,False,85.67097448281066,0.5943609162745707
2022-12-11__AP68,2022-12-11,AP68,,INTERPLATE,INTERPLATE/AP68/pre-pro-AP6820221211143130.npz,data/preprocessed/INTERPLATE/AP68/pre-pro-AP6820221211143130.npz,256255,c307cbd59ddd1f90c7416db56acf148e10b74b528b338d52b4a7e8b6650b2a9c,6.0,298.0,11.44,2.77,-6.4899483,-3.1426687,-100.63,17.13,Rhyp,Ztor,original_table,False,12800,,,False,False,False,False,53.14765036861877,0.7671311818401666
1989-04-25__AP68,1989-04-25,AP68,,INTERPLATE,INTERPLATE/AP68/pre-pro-AP688904.251.npz,data/preprocessed/INTERPLATE/AP68/pre-pro-AP688904.251.npz,209093,3ce8085b0fe75e24039432be189b4e45be322d09487c80da6bac80ab4924d77b,6.9,296.0,16.26,3.37,-6.4899483,-3.1426687,-99.4,16.603,ref_CU,Ztor,original_table,True,10800,,,True,True,True,True,44.17773315187162,0.7625363730817479
1990-05-31__AP68,1990-05-31,AP68,,INTERPLATE,INTERPLATE/AP68/pre-pro-AP689005.311.npz,data/preprocessed/INTERPLATE/AP68/pre-pro-AP689005.311.npz,138296,35f47cb181067dbed8eeb5c5843dece792ae8cfa4205f126c2826293437ddf22,6.1,310.0,15.11,3.26,-6.4899483,-3.1426687,-100.893,17.106,Rhyp,Ztor,original_table,True,7290,,,True,False,False,False,9.562130606278288,0.9219099174660818
1993-05-15__AP68,1993-05-15,AP68,,INTERPLATE,INTERPLATE/AP68/pre-pro-AP689305.152.npz,data/preprocessed/INTERPLATE/AP68/pre-pro-AP689305.152.npz,111899,a8c0c80bda57611c11ae497fefb544aae7fd54451e6f07cf4257b922765ea345,5.9,326.0,35.38,3.26,-6.4899483,-3.1426687,-98.72,16.47,Rhyp,Ztor,original_table,True,6076,,,True,False,False,False,6.1872008131938685,0.9372494846532062
1995-09-14__AP68,1995-09-14,AP68,,INTERPLATE,INTERPLATE/AP68/pre-pro-AP689509.141.npz,data/preprocessed/INTERPLATE/AP68/pre-pro-AP689509.141.npz,208300,1af6053d20d510ee8bda3a239e0b1ae50e3be9de4185ef85c0161f066f14b4a2,7.3,325.0,15.75,3.26,-6.4899483,-3.1426687,-98.88,16.31,ref_CU,Ztor,original_table,True,10800,,,True,True,True,False,25.042095578845878,0.8646446377014979
1995-10-09__AP68,1995-10-09,AP68,,INTERPLATE,INTERPLATE/AP68/pre-pro-AP689510.091.npz,data/preprocessed/INTERPLATE/AP68/pre-pro-AP689510.091.npz,205388,df1dea1e843f54054b0331de96ca7307d6667bd680708f42ab1dba8557cf3cab,8.0,457.0,19.05,3.26,-6.4899483,-3.1426687,-104.67,18.74,ref_fallback_MT50,Ztor,original_table,True,10368,,,True,False,False,False,15.855926851911278,0.913402911786394
1996-07-15__AP68,1996-07-15,AP68,,INTERPLATE,INTERPLATE/AP68/pre-pro-AP689607.151.npz,data/preprocessed/INTERPLATE/AP68/pre-pro-AP689607.151.npz,114461,e08d8bb2f24edd8410f232374f334434fb370b1f291e7c9cc4b7e80bf6ad03aa,6.6,308.0,15.89,3.1,-6.4899483,-3.1426687,-101.1,17.4,ref_PA34,Ztor,original_table,True,6250,,,True,False,False,False,8.25865923742684,0.918158168294254
1998-02-03__AP68,1998-02-03,AP68,,INTERPLATE,INTERPLATE/AP68/pre-pro-AP689802.031.npz,data/preprocessed/INTERPLATE/AP68/pre-pro-AP689802.031.npz,125625,51f58757db45d98cf269320c06cbb57fb2ce52c317ea1343666c6e0c17b48e91,6.3,503.0,18.43,3.07,-6.4899483,-3.1426687,-96.37,15.69,Rhyp,Ztor,original_table,True,6750,,,True,False,False,False,4.81390755304507,0.9565296410236132
2021-09-08__AR14,2021-09-08,AR14,,INTERPLATE,INTERPLATE/AR14/pre-pro-AR1420210908014746.npz,data/preprocessed/INTERPLATE/AR14/pre-pro-AR1420210908014746.npz,311872,23547c1594679b888cb73de1aba6d39d336dbbaf98781bc58b6f0c816d23e3ff,7.1,275.0,8.33,3.36,-3.911645,6.5313787,-99.93,16.78,ref_CU,Ztor,original_table,False,15360,,,False,True,True,False,65.85247452044015,0.7632738711609743
2022-09-19__AR14,2022-09-19,AR14,,INTERPLATE,INTERPLATE/AR14/pre-pro-AR1420220919180509.npz,data/preprocessed/INTERPLATE/AR14/pre-pro-AR1420220919180509.npz,378437,6b3ab20005c1e695332ebe0da65304496d38342e25df2b36c5b9d213798df2db,7.7,416.0,7.32,3.18,-3.911645,6.5313787,-103.29,18.22,ref_CU,Ztor,original_table,True,18226,,,True,True,True,True,132.32372742399713,0.6087758997605265
2022-09-22__AR14,2022-09-22,AR14,,INTERPLATE,INTERPLATE/AR14/pre-pro-AR1420220922061609.npz,data/preprocessed/INTERPLATE/AR14/pre-pro-AR1420220922061609.npz,284355,315ebd5e2b73690897156ec018acab1ffa8597c03c8ff3d690b6aa05646d9763,6.8,469.0,6.23,3.13,-3.911645,6.5313787,-103.12,18.05,ref_CU,Ztor,original_table,True,13824,,,True,True,True,True,96.66187377932567,0.618510246352018
2022-12-11__AR14,2022-12-11,AR14,,INTERPLATE,INTERPLATE/AR14/pre-pro-AR1420221211143130.npz,data/preprocessed/INTERPLATE/AR14/pre-pro-AR1420221211143130.npz,223129,7c9fddd6a44c9f2b695dc73e96c1d3e7a0af3d389df728d3d4f7d712bbbbd8f7,6.0,309.0,11.44,3.16,-3.911645,6.5313787,-100.63,17.13,Rhyp,Ztor,original_table,False,11250,,,False,False,False,False,22.404621989195302,0.887272342192728
2026-01-02__AR14,2026-01-02,AR14,,INTERPLATE,INTERPLATE/AR14/pre-pro-AR1420260102135815.npz,data/preprocessed/INTERPLATE/AR14/pre-pro-AR1420260102135815.npz,261119,f0afb70768d79c8ad1f91d2b8183b1985a060db1c9f561eb080c0565d082679f,6.5,297.0,10.82,3.04,-3.911645,6.5313787,-99.41,16.77,ref_CU_prefix,Ztor,original_table,False,12800,,,False,True,True,False,76.64685235071539,0.6706619157361947
2000-08-09__AU11,2000-08-09,AU11,,INTERPLATE,INTERPLATE/AU11/pre-pro-AU110008.091.npz,data/preprocessed/INTERPLATE/AU11/pre-pro-AU110008.091.npz,344576,a666f27a7f76f5e385a33fae133da372b3cdc67c304c64c588fc106bb35ba3fd,6.5,372.0,25.97,4.36,-4.94272,-2.2168713,-102.66,17.99,ref_CU,Ztor,original_table,False,16876,,,False,True,True,False,80.02963641931791,0.7420811614318286
2012-03-20__AU11,2012-03-20,AU11,,INTERPLATE,INTERPLATE/AU11/pre-pro-AU111203.201.npz,data/preprocessed/INTERPLATE/AU11/pre-pro-AU111203.201.npz,479186,4654c21123441d87b86f7ceb4fcba9cf2208f5aa91808029da91116b45ee83ce,7.5,322.0,14.82,3.97,-4.94272,-2.2168713,-98.531,16.254,ref_CU,Ztor,original_table,False,23040,,,False,True,True,False,140.53733685075986,0.6722849154678672
2003-01-22__AU11,2003-01-22,AU11,,INTERPLATE,INTERPLATE/AU11/pre-pro-AU1120030122020634.npz,data/preprocessed/INTERPLATE/AU11/pre-pro-AU1120030122020634.npz,435981,923b562477c0ab0ad44f2b34c793fa39d72f11e11272859877495f863ce72d4d,7.5,511.0,19.79,4.14,-4.94272,-2.2168713,-103.9,18.86,ref_CU,Ztor,original_table,False,21600,,,False,True,True,False,86.16392405365343,0.7809651633187924
2014-04-18__AU11,2014-04-18,AU11,,INTERPLATE,INTERPLATE/AU11/pre-pro-AU1120140418142723.npz,data/preprocessed/INTERPLATE/AU11/pre-pro-AU1120140418142723.npz,450094,e46efd550ded1020faab6743a4149a00b321d07ae20e87eac5fcfd6d4592fb3c,7.3,302.0,7.54,3.97,-4.94272,-2.2168713,-101.055,17.375,ref_CU,Ztor,original_table,False,21600,,,False,True,True,False,125.88207775691716,0.6876917712632615
2014-05-08__AU11,2014-05-08,AU11,,INTERPLATE,INTERPLATE/AU11/pre-pro-AU1120140508170016.npz,data/preprocessed/INTERPLATE/AU11/pre-pro-AU1120140508170016.npz,362561,559c0442dd8382b7c1e397a7b274972a8305474b581645619366845ecf2f875c,6.5,281.0,17.14,4.06,-4.94272,-2.2168713,-100.74,17.36,ref_CU,Ztor,original_table,False,17496,,,False,True,True,False,117.46603896401638,0.637304971241497
2014-05-10__AU11,2014-05-10,AU11,,INTERPLATE,INTERPLATE/AU11/pre-pro-AU1120140510073601.npz,data/preprocessed/INTERPLATE/AU11/pre-pro-AU1120140510073601.npz,362143,52cf0e9c0a1b56d519d7372c593cc36418fe52defb2ca5208d291baee436bc00,6.1,296.0,18.48,3.85,-4.94272,-2.2168713,-100.82,17.31,Rhyp,Ztor,original_table,False,17496,,,False,True,True,False,117.88161823555043,0.6357181142288306
2018-02-16__AU11,2018-02-16,AU11,,INTERPLATE,INTERPLATE/AU11/pre-pro-AU1120180216233938.npz,data/preprocessed/INTERPLATE/AU11/pre-pro-AU1120180216233938.npz,460784,7697954d321b4fbbad69e6fedff4f0db0c92669eb75747bd038bf88c4a83b0e7,7.2,343.0,7.49,3.85,-4.94272,-2.2168713,-98.03,16.25,ref_CU,Ztor,original_table,False,21870,,,False,True,True,False,133.02451920933822,0.6779223301308939
2021-09-08__AU11,2021-09-08,AU11,,INTERPLATE,INTERPLATE/AU11/pre-pro-AU1120210908014746.npz,data/preprocessed/INTERPLATE/AU11/pre-pro-AU1120210908014746.npz,409184,fafb7c7ef0429794eab1f90c78a366000748b7e441f6e4f9e751bfb04c98f32d,7.1,265.0,8.33,3.97,-4.94272,-2.2168713,-99.93,16.78,ref_CU,Ztor,original_table,False,19440,,,False,True,True,False,88.45002254458961,0.7583002526449252
2022-09-19__AU11,2022-09-19,AU11,,INTERPLATE,INTERPLATE/AU11/pre-pro-AU1120220919180509.npz,data/preprocessed/INTERPLATE/AU11/pre-pro-AU1120220919180509.npz,503192,e594dde6c7e0b76d5f75c4d6b8aa27bd9fff5fbf71536fa7448df40b651212f5,7.7,412.0,7.32,3.66,-4.94272,-2.2168713,-103.29,18.22,ref_CU,Ztor,original_table,False,24000,,,False,True,True,False,152.0252755215875,0.6628328960021568
2022-09-22__AU11,2022-09-22,AU11,,INTERPLATE,INTERPLATE/AU11/pre-pro-AU1120220922061609.npz,data/preprocessed/INTERPLATE/AU11/pre-pro-AU1120220922061609.npz,325811,4637f046d201222530c7445a7efa482443eb1f39808076569d84fa32a0232da6,6.8,465.0,6.23,3.66,-4.94272,-2.2168713,-103.12,18.05,ref_CU,Ztor,original_table,False,16000,,,False,True,True,False,90.12714318431458,0.6901356556958174
2022-12-11__AU11,2022-12-11,AU11,,INTERPLATE,INTERPLATE/AU11/pre-pro-AU1120221211143130.npz,data/preprocessed/INTERPLATE/AU11/pre-pro-AU1120221211143130.npz,550356,e7540cf7b2f5335090ff3ce36ab0e729e2e3c2199058855903e14551e76e6cd7,6.0,300.0,11.44,3.73,-4.94272,-2.2168713,-100.63,17.13,Rhyp,Ztor,original_table,False,25920,,,False,False,False,False,68.02940887532452,0.8618972617228491
2026-01-02__AU11,2026-01-02,AU11,,INTERPLATE,INTERPLATE/AU11/pre-pro-AU1120260102135815.npz,data/preprocessed/INTERPLATE/AU11/pre-pro-AU1120260102135815.npz,351252,c762e10d47e935c38348132edad46b6133d4e8c6601b09869fb35dddb09ddc31,6.5,287.0,10.82,3.85,-4.94272,-2.2168713,-99.41,16.77,ref_CU_prefix,Ztor,original_table,False,16876,,,False,True,True,False,108.35299500128632,0.6543543607206638
1989-04-25__AU11,1989-04-25,AU11,,INTERPLATE,INTERPLATE/AU11/pre-pro-AU118904.251.npz,data/preprocessed/INTERPLATE/AU11/pre-pro-AU118904.251.npz,688883,f5e755ad76e5bd2d7b942befbe24e9c3e7cd87f25d1ea6a425e2500f81863955,6.9,298.0,16.26,4.64,-4.94272,-2.2168713,-99.4,16.603,ref_CU,Ztor,original_table,True,16876,,,True,True,True,True,68.87064387373817,0.7776250177629093
1990-05-31__AU11,1990-05-31,AU11,,INTERPLATE,INTERPLATE/AU11/pre-pro-AU119005.311.npz,data/preprocessed/INTERPLATE/AU11/pre-pro-AU119005.311.npz,396165,c082607494b7fc078ad2cddf2eeab3d6cbe4550f1753f98982317872a9de555a,6.1,312.0,15.11,4.36,-4.94272,-2.2168713,-100.893,17.106,Rhyp,Ztor,original_table,True,10126,,,True,True,True,False,31.76086148850192,0.8214829469774785
1993-05-15__AU11,1993-05-15,AU11,,INTERPLATE,INTERPLATE/AU11/pre-pro-AU119305.152.npz,data/preprocessed/INTERPLATE/AU11/pre-pro-AU119305.152.npz,208624,9bbc7041faa4178b2ffb94c8478731c60032477dd7b41d22e6fe64a868330724,5.9,327.0,35.38,4.32,-4.94272,-2.2168713,-98.72,16.47,Rhyp,Ztor,original_table,True,10800,,,True,False,False,False,17.656484495225612,0.9055146117877368
1995-09-14__AU11,1995-09-14,AU11,,INTERPLATE,INTERPLATE/AU11/pre-pro-AU119509.141.npz,data/preprocessed/INTERPLATE/AU11/pre-pro-AU119509.141.npz,358961,9a8705b89041756c8a651c8dec2ddba92639b11108942faf60669ce3e9d1e336,7.3,326.0,15.75,4.45,-4.94272,-2.2168713,-98.88,16.31,ref_CU,Ztor,original_table,False,17280,,,False,True,True,False,63.03947943115895,0.8038353266394108
1995-10-09__AU11,1995-10-09,AU11,,INTERPLATE,INTERPLATE/AU11/pre-pro-AU119510.091.npz,data/preprocessed/INTERPLATE/AU11/pre-pro-AU119510.091.npz,843361,065d5e93d6c518b115cee24e9a259b6298a9846eced6c6d65d1170ed4435caa2,8.0,459.0,19.05,4.23,-4.94272,-2.2168713,-104.67,18.74,ref_fallback_MT50,Ztor,original_table,False,20250,,,False,True,True,False,92.1317131891953,0.7587922473840316
1996-07-15__AU11,1996-07-15,AU11,,INTERPLATE,INTERPLATE/AU11/pre-pro-AU119607.151.npz,data/preprocessed/INTERPLATE/AU11/pre-pro-AU119607.151.npz,455561,446341a05a26b86c98c7b173c0d3fbaa369312603d5dc868835563de7fa9d30c,6.6,310.0,15.89,4.32,-4.94272,-2.2168713,-101.1,17.4,ref_PA34,Ztor,original_table,True,11520,,,True,False,False,False,26.31430027589957,0.8723071683809314
1998-02-03__AU11,1998-02-03,AU11,,INTERPLATE,INTERPLATE/AU11/pre-pro-AU119802.031.npz,data/preprocessed/INTERPLATE/AU11/pre-pro-AU119802.031.npz,104710,63505944cacadf503b2ecc6128e451ba04e84ef8a02c6c34e89d4619ee4495f6,6.3,503.0,18.43,4.36,-4.94272,-2.2168713,-96.37,15.69,Rhyp,Ztor,original_table,True,5760,,,True,False,False,False,5.3576747092863855,0.9421167382315644
2000-08-09__AU46,2000-08-09,AU46,,INTERPLATE,INTERPLATE/AU46/pre-pro-AU460008.091.npz,data/preprocessed/INTERPLATE/AU46/pre-pro-AU460008.091.npz,125588,ed6eeed0b2ec072a83a2b6f40ee0c998d0e606bd7e8e9b0e684b4aebaa1f3ff2,6.5,364.0,25.97,0.9,-11.738562,-2.9074106,-102.66,17.99,ref_CU,Ztor,original_table,True,6750,,,True,False,False,False,6.896036009273175,0.937727686389081
2012-03-20__AU46,2012-03-20,AU46,,INTERPLATE,INTERPLATE/AU46/pre-pro-AU461203.201.npz,data/preprocessed/INTERPLATE/AU46/pre-pro-AU461203.201.npz,255627,da9b9830fb29604bfffb62118a232b33091830e4bef962b846aba505a4563923,7.5,323.0,14.82,0.82,-11.632054,-2.881031,-98.531,16.254,ref_CU,Ztor,original_table,False,12500,,,False,True,True,False,84.69877915058109,0.6275011911752085
2003-01-22__AU46,2003-01-22,AU46,,INTERPLATE,INTERPLATE/AU46/pre-pro-AU4620030122020634.npz,data/preprocessed/INTERPLATE/AU46/pre-pro-AU4620030122020634.npz,154751,5c1e38da28079e97febd228339e99c30f28bbc87f2012aaf63636389054f6232,7.5,502.0,19.79,0.85,-11.68535,-2.8942313,-103.9,18.86,ref_CU,Ztor,original_table,True,8000,,,True,False,False,False,10.67796994181245,0.92191041434977
2014-04-18__AU46,2014-04-18,AU46,,INTERPLATE,INTERPLATE/AU46/pre-pro-AU4620140418142723.npz,data/preprocessed/INTERPLATE/AU46/pre-pro-AU4620140418142723.npz,236993,793df56ca824a1b5a18b947e5079b9dde29845f5988a968c349e28c6e3c32cf6,7.3,295.0,7.54,0.86,-11.698955,-2.897601,-101.055,17.375,ref_CU,Ztor,original_table,False,11664,,,False,True,True,False,98.50216655808144,0.5319672785418539
2014-05-08__AU46,2014-05-08,AU46,,INTERPLATE,INTERPLATE/AU46/pre-pro-AU4620140508170016.npz,data/preprocessed/INTERPLATE/AU46/pre-pro-AU4620140508170016.npz,192305,ab893e2d8e2a8f52985e36d2fde6dc173feefc1fd7ce794a54068c304a2386b7,6.5,276.0,17.14,0.88,-11.72135,-2.903148,-100.74,17.36,ref_CU,Ztor,original_table,True,9720,,,True,True,True,True,58.521950507739774,0.6566016282845923
2018-02-16__AU46,2018-02-16,AU46,,INTERPLATE,INTERPLATE/AU46/pre-pro-AU4620180216233938.npz,data/preprocessed/INTERPLATE/AU46/pre-pro-AU4620180216233938.npz,209426,d45ad73d5ea968b8575bd47c1522bc7f7a927e7ee40c95374c9d7a1e6a7f0492,7.2,345.0,7.49,0.87,-11.710887,-2.9005563,-98.03,16.25,ref_CU,Ztor,original_table,False,10800,,,False,True,True,False,56.62991001179552,0.695570852533085
2021-09-08__AU46,2021-09-08,AU46,,INTERPLATE,INTERPLATE/AU46/pre-pro-AU4620210908014746.npz,data/preprocessed/INTERPLATE/AU46/pre-pro-AU4620210908014746.npz,240304,66992e4b1c56a7d089ef840899bdc66a7b70e82b2549fb802e58eb77056ed026,7.1,262.0,8.33,0.84,-11.669845,-2.8903909,-99.93,16.78,ref_CU,Ztor,original_table,False,12000,,,False,True,True,False,76.2187452045087,0.6429199100280688
2022-09-19__AU46,2022-09-19,AU46,,INTERPLATE,INTERPLATE/AU46/pre-pro-AU4620220919180509.npz,data/preprocessed/INTERPLATE/AU46/pre-pro-AU4620220919180509.npz,256536,a43dc1e2f45b5e60a9f4f8826c33b810d701f6ee718b929f91c5d4b77972c972,7.7,404.0,7.32,0.89,-11.730522,-2.9054196,-103.29,18.22,ref_CU,Ztor,original_table,False,12800,,,False,True,True,False,75.00662479224661,0.6715278090989857
2022-09-22__AU46,2022-09-22,AU46,,INTERPLATE,INTERPLATE/AU46/pre-pro-AU4620220922061609.npz,data/preprocessed/INTERPLATE/AU46/pre-pro-AU4620220922061609.npz,224298,d0dde505cb44700b6de8ec84985efc9183924d62027d30f0b32554d9ecfbc6a1,6.8,456.0,6.23,0.82,-11.632054,-2.881031,-103.12,18.05,ref_CU,Ztor,original_table,False,11250,,,False,True,True,False,52.8880752724323,0.734324231313446
2022-12-11__AU46,2022-12-11,AU46,,INTERPLATE,INTERPLATE/AU46/pre-pro-AU4620221211143130.npz,data/preprocessed/INTERPLATE/AU46/pre-pro-AU4620221211143130.npz,569895,0464faf574b6cb0a741ef2b390fdb875e0073bb99572ed0725d12bf7960c7de5,6.0,295.0,11.44,0.93,-11.757185,-2.9120233,-100.63,17.13,Rhyp,Ztor,original_table,True,27000,,,True,False,False,False,38.28764522757172,0.9249614980644956
2026-01-02__AU46,2026-01-02,AU46,,INTERPLATE,INTERPLATE/AU46/pre-pro-AU4620260102135815.npz,data/preprocessed/INTERPLATE/AU46/pre-pro-AU4620260102135815.npz,206036,ae8b6ffe6018ac2d48427cf21ec06c60aff95a363f99bf46658ba450980d1381,6.5,285.0,10.82,0.85,-11.68535,-2.8942313,-99.41,16.77,ref_CU_prefix,Ztor,original_table,False,10368,,,False,True,True,False,83.94749954841481,0.5406932234589111
1989-04-25__AU46,1989-04-25,AU46,,INTERPLATE,INTERPLATE/AU46/pre-pro-AU468904.251.npz,data/preprocessed/INTERPLATE/AU46/pre-pro-AU468904.251.npz,157968,a4603d38b6074e9ab2057ac38bdc9918d2666be362ec0c6c75bfb38fcac129bf,6.9,296.0,16.26,0.86,-11.698955,-2.897601,-99.4,16.603,ref_CU,Ztor,original_table,True,8100,,,True,True,True,True,47.30754052752632,0.6608292190455527
1990-05-31__AU46,1990-05-31,AU46,,INTERPLATE,INTERPLATE/AU46/pre-pro-AU469005.311.npz,data/preprocessed/INTERPLATE/AU46/pre-pro-AU469005.311.npz,97941,016d31ff6ca885a3a7c0460e1d6e322289a3e6d90a400a61a99dfae3c61891e1,6.1,306.0,15.11,0.92,-11.751778,-2.910684,-100.893,17.106,Rhyp,Ztor,original_table,True,5626,,,True,False,False,False,3.787299640804008,0.9558898248217562
1995-09-14__AU46,1995-09-14,AU46,,INTERPLATE,INTERPLATE/AU46/pre-pro-AU469509.141.npz,data/preprocessed/INTERPLATE/AU46/pre-pro-AU469509.141.npz,192136,f569776c5c3270f90dcadae5ccc5820009bdda1d340ec93b111f8eaa7d548233,7.3,326.0,15.75,0.82,-11.632054,-2.881031,-98.88,16.31,ref_CU,Ztor,original_table,True,9720,,,True,True,True,False,49.37449666401501,0.7102435641783157
1996-07-15__AU46,1996-07-15,AU46,,INTERPLATE,INTERPLATE/AU46/pre-pro-AU469607.151.npz,data/preprocessed/INTERPLATE/AU46/pre-pro-AU469607.151.npz,115381,5aa780d25944f1e4bb2829a88ad626b91b50a0a5ba27ffe5d655d11fd4985b71,6.6,303.0,15.89,0.96,-11.769702,-2.9151237,-101.1,17.4,ref_PA34,Ztor,original_table,True,6250,,,True,True,True,False,15.19285618474845,0.8501395128748427
1997-07-19__AU46,1997-07-19,AU46,,INTERPLATE,INTERPLATE/AU46/pre-pro-AU469707.192.npz,data/preprocessed/INTERPLATE/AU46/pre-pro-AU469707.192.npz,110961,264970428fdcae2416558890cd1cc32a1685854a4dcb5db106ca5c5f05d69cb9,6.7,399.0,11.92,0.83,-11.652177,-2.886015,-98.35,15.86,ref_any_AE02,Ztor,original_table,True,6076,,,True,False,False,False,5.194181458962333,0.9468571571622434
1998-02-03__AU46,1998-02-03,AU46,,INTERPLATE,INTERPLATE/AU46/pre-pro-AU469802.031.npz,data/preprocessed/INTERPLATE/AU46/pre-pro-AU469802.031.npz,125466,a37cfbba67cc574025e504e8bd9c07f535e8796c7e0019c253d1a86b20cdef6d,6.3,507.0,18.43,0.87,-11.710887,-2.9005563,-96.37,15.69,Rhyp,Ztor,original_table,True,6750,,,True,False,False,False,8.012547124835933,0.9276454115510572
2000-08-09__BA49,2000-08-09,BA49,,INTERPLATE,INTERPLATE/BA49/pre-pro-BA490008.091.npz,data/preprocessed/INTERPLATE/BA49/pre-pro-BA490008.091.npz,232564,9c246922d57f8fda885f225c7e40d9109c1e99a4322b8ccdecc236316fcb2c75,6.5,367.0,25.97,2.62,-11.144455,-0.47743973,-102.66,17.99,ref_CU,Ztor,original_table,False,11520,,,False,True,True,False,57.07920472951389,0.7238013900633219
2012-03-20__BA49,2012-03-20,BA49,,INTERPLATE,INTERPLATE/BA49/pre-pro-BA491203.201.npz,data/preprocessed/INTERPLATE/BA49/pre-pro-BA491203.201.npz,346954,90b17245226b3fa27930078adf5b4aba06294465888c96995cf6236c4943dc81,7.5,325.0,14.82,2.42,-11.144455,-0.47743973,-98.531,16.254,ref_CU,Ztor,original_table,False,16876,,,False,True,True,False,103.6693883819148,0.6654855010102456
2003-01-22__BA49,2003-01-22,BA49,,INTERPLATE,INTERPLATE/BA49/pre-pro-BA4920030122020634.npz,data/preprocessed/INTERPLATE/BA49/pre-pro-BA4920030122020634.npz,288880,fc77456be1c096ad462df98a4732e2f911c6269b4ca4f74d091ff400ce8f4ebf,7.5,505.0,19.79,2.65,-11.144455,-0.47743973,-103.9,18.86,ref_CU,Ztor,original_table,True,14400,,,True,True,True,False,45.44816977340909,0.8242190300777061
2018-02-16__BA49,2018-02-16,BA49,,INTERPLATE,INTERPLATE/BA49/pre-pro-BA4920180216233938.npz,data/preprocessed/INTERPLATE/BA49/pre-pro-BA4920180216233938.npz,351615,98a01dfec359266426472b991ff482e6225087b71d71dfaa2684cf9c4d72ae08,7.2,347.0,7.49,2.32,-11.144455,-0.47743973,-98.03,16.25,ref_CU,Ztor,original_table,False,16876,,,False,True,True,False,125.70095125470678,0.5998823807782443
2021-09-08__BA49,2021-09-08,BA49,,INTERPLATE,INTERPLATE/BA49/pre-pro-BA4920210908014746.npz,data/preprocessed/INTERPLATE/BA49/pre-pro-BA4920210908014746.npz,331934,0293617adf0b6c414190a8bc66ab505b0a821e0cd90cdbe028b0fd79f629ebd5,7.1,265.0,8.33,2.32,-11.144455,-0.47743973,-99.93,16.78,ref_CU,Ztor,original_table,False,16000,,,False,True,True,False,128.9613926101437,0.5643784873323076
2022-09-19__BA49,2022-09-19,BA49,,INTERPLATE,INTERPLATE/BA49/pre-pro-BA4920220919180509.npz,data/preprocessed/INTERPLATE/BA49/pre-pro-BA4920220919180509.npz,334600,23dcb9a05f5eda65afdc68ed12c35bfa3407da67c5b4cfc7ca1982a767f19964,7.7,407.0,7.32,2.27,-11.144455,-0.47743973,-103.29,18.22,ref_CU,Ztor,original_table,False,16200,,,False,True,True,False,116.09435897356624,0.6119192412717157
2022-09-22__BA49,2022-09-22,BA49,,INTERPLATE,INTERPLATE/BA49/pre-pro-BA4920220922061609.npz,data/preprocessed/INTERPLATE/BA49/pre-pro-BA4920220922061609.npz,236589,66cfd9568ebadf60750ad7f4ee5a192583a420427e6916b1401fa7be447290f0,6.8,459.0,6.23,2.32,-11.144455,-0.47743973,-103.12,18.05,ref_CU,Ztor,original_table,False,11664,,,False,True,True,False,77.04391426899403,0.633943487105079
2022-12-11__BA49,2022-12-11,BA49,,INTERPLATE,INTERPLATE/BA49/pre-pro-BA4920221211143130.npz,data/preprocessed/INTERPLATE/BA49/pre-pro-BA4920221211143130.npz,242837,aeefbf929aa82b6e94df2865c2833e62262bfb080bfceceb3730d5b215788c87,6.0,298.0,11.44,2.34,-11.144455,-0.47743973,-100.63,17.13,Rhyp,Ztor,original_table,False,12000,,,False,False,False,False,34.81866341685,0.8385782873581363
2026-01-02__BA49,2026-01-02,BA49,,INTERPLATE,INTERPLATE/BA49/pre-pro-BA4920260102135815.npz,data/preprocessed/INTERPLATE/BA49/pre-pro-BA4920260102135815.npz,279589,dc371a2fbcd2de4db15f44b8420f2e80692c5374c7cbe124615069bf869a516e,6.5,288.0,10.82,2.22,-11.144455,-0.47743973,-99.41,16.77,ref_CU_prefix,Ztor,original_table,False,13824,,,False,True,True,False,87.75631240808741,0.6475650104092875
1989-04-25__BA49,1989-04-25,BA49,,INTERPLATE,INTERPLATE/BA49/pre-pro-BA498904.251.npz,data/preprocessed/INTERPLATE/BA49/pre-pro-BA498904.251.npz,270123,d3ad0fa56fdc99fcd0a4bd06e084468084d008e269a93e55c71ee873d505bc1e,6.9,299.0,16.26,3.1,-11.144455,-0.47743973,-99.4,16.603,ref_CU,Ztor,original_table,False,13500,,,False,True,True,False,80.10096202268011,0.6680303285561767
1990-05-31__BA49,1990-05-31,BA49,,INTERPLATE,INTERPLATE/BA49/pre-pro-BA499005.311.npz,data/preprocessed/INTERPLATE/BA49/pre-pro-BA499005.311.npz,213602,5779ba07378f5754c8ca94e1f9b2eb2888055a30103f864cb32fee5429483d69,6.1,310.0,15.11,2.85,-11.144455,-0.47743973,-100.893,17.106,Rhyp,Ztor,original_table,True,10800,,,True,True,True,True,33.774838867575085,0.8231406039295435
1995-10-09__BA49,1995-10-09,BA49,,INTERPLATE,INTERPLATE/BA49/pre-pro-BA499510.091.npz,data/preprocessed/INTERPLATE/BA49/pre-pro-BA499510.091.npz,779781,a1211239a670a5703ab16b48a7a22589ba8c9c4fd6a2e37545c6dcb4f8e52084,8.0,454.0,19.05,2.71,-11.144455,-0.47743973,-104.67,18.74,ref_fallback_MT50,Ztor,original_table,True,18750,,,True,True,True,True,132.76525082684458,0.6211848182414021
1996-02-25__BA49,1996-02-25,BA49,,INTERPLATE,INTERPLATE/BA49/pre-pro-BA499602.251.npz,data/preprocessed/INTERPLATE/BA49/pre-pro-BA499602.251.npz,222068,3c032ee8b2a2546b3a68ff07a11932f683b58c8b116ec0a43aade3e2907abaa0,7.1,389.0,9.62,2.71,-11.144455,-0.47743973,-98.25,15.83,MANUAL_REF,Ztor,original_table,True,11250,,,True,False,False,False,22.18895995403,0.8881548467461565
1996-07-15__BA49,1996-07-15,BA49,,INTERPLATE,INTERPLATE/BA49/pre-pro-BA499607.151.npz,data/preprocessed/INTERPLATE/BA49/pre-pro-BA499607.151.npz,244659,a78d2579be108a36430524bbc4506dccbee892dd9a58e9d29fd82599414df4a1,6.6,307.0,15.89,2.65,-11.144455,-0.47743973,-101.1,17.4,ref_PA34,Ztor,original_table,True,12150,,,True,True,True,False,31.147420979174967,0.8576898570878834
1997-07-19__BA49,1997-07-19,BA49,,INTERPLATE,INTERPLATE/BA49/pre-pro-BA499707.192.npz,data/preprocessed/INTERPLATE/BA49/pre-pro-BA499707.192.npz,183410,83cda97d67fbf42a257425a9113299e1d685dfeb71f7104b06e9a21029dfd363,6.7,402.0,11.92,2.65,-11.144455,-0.47743973,-98.35,15.86,ref_any_AE02,Ztor,original_table,True,9376,,,True,False,False,False,12.220634703038286,0.9254066123235164
1998-02-03__BA49,1998-02-03,BA49,,INTERPLATE,INTERPLATE/BA49/pre-pro-BA499802.031.npz,data/preprocessed/INTERPLATE/BA49/pre-pro-BA499802.031.npz,184690,a0000cb449334390994c76ddb08313934c4c135e5b4796f3eb491fedc1b6cad9,6.3,508.0,18.43,2.71,-11.144455,-0.47743973,-96.37,15.69,Rhyp,Ztor,original_table,True,9600,,,True,False,False,False,13.505399593169727,0.9182036242918676
2000-08-09__BL45,2000-08-09,BL45,,INTERPLATE,INTERPLATE/BL45/pre-pro-BL450008.091.npz,data/preprocessed/INTERPLATE/BL45/pre-pro-BL450008.091.npz,472818,5899b77e1bb2323160e17b52f3c8e139b5b1ff1d7f824f846c1f0e91391ef3c7,6.5,367.0,25.97,2.37,-11.437438,1.1097493,-102.66,17.99,ref_CU,Ztor,original_table,True,12000,,,True,True,True,True,66.59708849136962,0.6862401899066235
2012-03-20__BL45,2012-03-20,BL45,,INTERPLATE,INTERPLATE/BL45/pre-pro-BL451203.201.npz,data/preprocessed/INTERPLATE/BL45/pre-pro-BL451203.201.npz,293287,1d4272c71459c2dde7266f479d35082bbd3e3d871ad563c885a294b124173669,7.5,327.0,14.82,2.27,-11.437438,1.1097493,-98.531,16.254,ref_CU,Ztor,original_table,False,14400,,,False,True,True,False,104.81773508262884,0.5986147848562884
2003-01-22__BL45,2003-01-22,BL45,,INTERPLATE,INTERPLATE/BL45/pre-pro-BL4520030122020634.npz,data/preprocessed/INTERPLATE/BL45/pre-pro-BL4520030122020634.npz,620287,b4a327a76aa60369c4296534ea038c519f4c81574bde545f7fa4005dccf55e35,7.5,505.0,19.79,2.27,-11.437438,1.1097493,-103.9,18.86,ref_CU,Ztor,original_table,False,15360,,,False,True,True,False,104.15298900514335,0.6271862082358759
2014-04-18__BL45,2014-04-18,BL45,,INTERPLATE,INTERPLATE/BL45/pre-pro-BL4520140418142723.npz,data/preprocessed/INTERPLATE/BL45/pre-pro-BL4520140418142723.npz,273975,c4fb920c492634dc4df72b45c377f92c199484c976592417a4d68e7328ef2107,7.3,300.0,7.54,2.07,-11.437438,1.1097493,-101.055,17.375,ref_CU,Ztor,original_table,False,13500,,,False,True,True,False,112.16605488010087,0.5400580027059463
2014-05-08__BL45,2014-05-08,BL45,,INTERPLATE,INTERPLATE/BL45/pre-pro-BL4520140508170016.npz,data/preprocessed/INTERPLATE/BL45/pre-pro-BL4520140508170016.npz,235792,1400183af2c82cb515b0fcc06007dd1084c7c856300a5da83dc97e9e63ce085f,6.5,281.0,17.14,2.25,-11.437438,1.1097493,-100.74,17.36,ref_CU,Ztor,original_table,False,11664,,,False,True,True,False,79.63843614204384,0.6197553660139236
2014-05-10__BL45,2014-05-10,BL45,,INTERPLATE,INTERPLATE/BL45/pre-pro-BL4520140510073601.npz,data/preprocessed/INTERPLATE/BL45/pre-pro-BL4520140510073601.npz,235193,718298e3840b91274c0677d481c1b198c1fcbb90ff2caa9f63f6eb1c3f5c9627,6.1,295.0,18.48,2.05,-11.437438,1.1097493,-100.82,17.31,Rhyp,Ztor,original_table,False,11664,,,False,True,True,False,82.63059558309968,0.6042785518744328
2018-02-16__BL45,2018-02-16,BL45,,INTERPLATE,INTERPLATE/BL45/pre-pro-BL4520180216233938.npz,data/preprocessed/INTERPLATE/BL45/pre-pro-BL4520180216233938.npz,278126,c09fdd27e3bd81ccde7561172fd80a075c4dca51f425c241b5386a52973c6fa7,7.2,349.0,7.49,2.25,-11.437438,1.1097493,-98.03,16.25,ref_CU,Ztor,original_table,False,13824,,,False,True,True,False,110.01795950394816,0.5556266277407377
2021-09-08__BL45,2021-09-08,BL45,,INTERPLATE,INTERPLATE/BL45/pre-pro-BL4520210908014746.npz,data/preprocessed/INTERPLATE/BL45/pre-pro-BL4520210908014746.npz,287441,b0fe89c9884a170831a29d4319690591e6b09f3a7dc27aa882e76d0c93be88f2,7.1,267.0,8.33,2.11,-11.437438,1.1097493,-99.93,16.78,ref_CU,Ztor,original_table,False,14400,,,False,True,True,False,112.2833762905152,0.5606035208166423
2022-09-19__BL45,2022-09-19,BL45,,INTERPLATE,INTERPLATE/BL45/pre-pro-BL4520220919180509.npz,data/preprocessed/INTERPLATE/BL45/pre-pro-BL4520220919180509.npz,292181,5032f1f4d5ac40311a67880f1c65b521ec9ca574defb7a697d8ae13308174d11,7.7,407.0,7.32,1.96,-11.437438,1.1097493,-103.29,18.22,ref_CU,Ztor,original_table,False,14400,,,False,True,True,False,93.84348989396484,0.6393547907691294
2022-09-22__BL45,2022-09-22,BL45,,INTERPLATE,INTERPLATE/BL45/pre-pro-BL4520220922061609.npz,data/preprocessed/INTERPLATE/BL45/pre-pro-BL4520220922061609.npz,237583,c38d04791a29d0387ef9634feebc0daee69c91b579945c79e327be2d565dd9f0,6.8,460.0,6.23,2.34,-11.437438,1.1097493,-103.12,18.05,ref_CU,Ztor,original_table,False,12000,,,False,True,True,False,78.18154774176321,0.6293307996313142
2022-12-11__BL45,2022-12-11,BL45,,INTERPLATE,INTERPLATE/BL45/pre-pro-BL4520221211143130.npz,data/preprocessed/INTERPLATE/BL45/pre-pro-BL4520221211143130.npz,225281,5ec4ce71ef7f897cda354bf1d4541b39bf1625aad0df5c8a353dcd106cc7a5d8,6.0,300.0,11.44,2.25,-11.437438,1.1097493,-100.63,17.13,Rhyp,Ztor,original_table,False,11250,,,False,False,False,False,64.19542319073705,0.6792794604779324
2026-01-02__BL45,2026-01-02,BL45,,INTERPLATE,INTERPLATE/BL45/pre-pro-BL4520260102135815.npz,data/preprocessed/INTERPLATE/BL45/pre-pro-BL4520260102135815.npz,216576,f12f4bd1fb9d5f2dc5145dd9406540b78c2c27044638edad8168cc8fda731190,6.5,290.0,10.82,2.13,-11.437438,1.1097493,-99.41,16.77,ref_CU_prefix,Ztor,original_table,False,10800,,,False,True,True,False,78.69609816586869,0.5905509980964168
1989-04-25__BL45,1989-04-25,BL45,,INTERPLATE,INTERPLATE/BL45/pre-pro-BL458904.251.npz,data/preprocessed/INTERPLATE/BL45/pre-pro-BL458904.251.npz,224962,dd6b9c3d59dc5d4708a5affeaad2a440e0fec9104208eab2eae67ffc42f4c56a,6.9,301.0,16.26,2.69,-11.437438,1.1097493,-99.4,16.603,ref_CU,Ztor,original_table,False,11250,,,False,True,True,False,62.6563763257104,0.6862474896058568
1990-05-31__BL45,1990-05-31,BL45,,INTERPLATE,INTERPLATE/BL45/pre-pro-BL459005.311.npz,data/preprocessed/INTERPLATE/BL45/pre-pro-BL459005.311.npz,173037,63f05417f8aa4f52e0af958a60f8ffffe1fe2b72d5eb436bd79723af012fbaf8,6.1,311.0,15.11,2.94,-11.437438,1.1097493,-100.893,17.106,Rhyp,Ztor,original_table,True,9000,,,True,True,True,False,45.32564786395152,0.7048919339543491
1995-09-14__BL45,1995-09-14,BL45,,INTERPLATE,INTERPLATE/BL45/pre-pro-BL459509.141.npz,data/preprocessed/INTERPLATE/BL45/pre-pro-BL459509.141.npz,508797,7920be347738437ebd81b8845ca2abaa961ef9a89b002c0978614ac9a48451db,7.3,330.0,15.75,2.44,-11.437438,1.1097493,-98.88,16.31,ref_CU,Ztor,original_table,False,12800,,,False,True,True,False,76.85216402279099,0.6628107931607977
1995-10-09__BL45,1995-10-09,BL45,,INTERPLATE,INTERPLATE/BL45/pre-pro-BL459510.091.npz,data/preprocessed/INTERPLATE/BL45/pre-pro-BL459510.091.npz,327176,8f0359bf2b95b53510e38f7efc88d11b44d0c5dd074cfd928fce9138b35469cd,8.0,453.0,19.05,2.37,-11.437438,1.1097493,-104.67,18.74,ref_fallback_MT50,Ztor,original_table,False,16000,,,False,True,True,False,83.24660581715261,0.7148991204590821
1996-02-25__BL45,1996-02-25,BL45,,INTERPLATE,INTERPLATE/BL45/pre-pro-BL459602.251.npz,data/preprocessed/INTERPLATE/BL45/pre-pro-BL459602.251.npz,205029,4278b727f06b8141cdbcfaac71d5d1ffa931e6d1c7192af37d923a870a31d9eb,7.1,391.0,9.62,2.49,-11.437438,1.1097493,-98.25,15.83,ref_any_BA49,Ztor,original_table,True,10240,,,True,True,True,False,30.049512325332785,0.8346656818413601
1997-07-19__BL45,1997-07-19,BL45,,INTERPLATE,INTERPLATE/BL45/pre-pro-BL459707.192.npz,data/preprocessed/INTERPLATE/BL45/pre-pro-BL459707.192.npz,153955,17847dcb32778af576258de40dcba1b1cc2ce1380e77e2300252bdae741e4952,6.7,403.0,11.92,2.37,-11.437438,1.1097493,-98.35,15.86,ref_any_AE02,Ztor,original_table,True,8000,,,True,False,False,False,2.5836981563858217,0.9811340039694354
1998-02-03__BL45,1998-02-03,BL45,,INTERPLATE,INTERPLATE/BL45/pre-pro-BL459802.031.npz,data/preprocessed/INTERPLATE/BL45/pre-pro-BL459802.031.npz,156049,e6cdf8d62ea284db6654b26a824cfb223459b520327e68a55fa41cf8af7c1f59,6.3,510.0,18.43,2.65,-11.437438,1.1097493,-96.37,15.69,Rhyp,Ztor,original_table,True,8100,,,True,False,False,False,9.289693163169488,0.9328002520025356
2012-03-20__BO39,2012-03-20,BO39,,INTERPLATE,INTERPLATE/BO39/pre-pro-BO391203.201.npz,data/preprocessed/INTERPLATE/BO39/pre-pro-BO391203.201.npz,390762,82901896de91e716feded2635163a7e0fb293bc44e2343cb395b1697ea18e1c1,7.5,330.0,14.82,2.47,-6.310373,4.730908,-98.531,16.254,ref_CU,Ztor,original_table,False,18750,,,False,True,True,False,155.852129413209,0.5534962629617275
2003-01-22__BO39,2003-01-22,BO39,,INTERPLATE,INTERPLATE/BO39/pre-pro-BO3920030122020634.npz,data/preprocessed/INTERPLATE/BO39/pre-pro-BO3920030122020634.npz,547266,c263fa727a2976bef2f3e98b0fd22dcc4ef35dbbc76592d64f378849261d0761,7.5,510.0,19.79,2.6,-6.310373,4.730908,-103.9,18.86,ref_CU,Ztor,original_table,False,13500,,,False,True,True,False,82.11720190647242,0.6652240127747873
2014-04-18__BO39,2014-04-18,BO39,,INTERPLATE,INTERPLATE/BO39/pre-pro-BO3920140418142723.npz,data/preprocessed/INTERPLATE/BO39/pre-pro-BO3920140418142723.npz,291595,2faeb784014e8d74fe5b032d9537500548254de082825a04e23be05ca338d2a4,7.3,306.0,7.54,2.37,-6.310373,4.730908,-101.055,17.375,ref_CU,Ztor,original_table,False,14400,,,False,True,True,False,108.77896294489926,0.5821657718948328
2014-05-08__BO39,2014-05-08,BO39,,INTERPLATE,INTERPLATE/BO39/pre-pro-BO3920140508170016.npz,data/preprocessed/INTERPLATE/BO39/pre-pro-BO3920140508170016.npz,276461,af9250849a068ef32467ffd2e0ae4de9dffe75f03d56f07011e0e3e698bdb078,6.5,287.0,17.14,2.32,-6.310373,4.730908,-100.74,17.36,ref_CU,Ztor,original_table,False,13500,,,False,True,True,False,102.8553590960626,0.5819907376409712
2014-05-10__BO39,2014-05-10,BO39,,INTERPLATE,INTERPLATE/BO39/pre-pro-BO3920140510073601.npz,data/preprocessed/INTERPLATE/BO39/pre-pro-BO3920140510073601.npz,259359,c333ced95b9260ffb5441625cc7401283c82b8625a04ec6c8e6f7da87b49c9c4,6.1,301.0,18.48,2.32,-6.310373,4.730908,-100.82,17.31,Rhyp,Ztor,original_table,False,12800,,,False,True,True,False,85.49748005268788,0.6302491888911997
2018-02-16__BO39,2018-02-16,BO39,,INTERPLATE,INTERPLATE/BO39/pre-pro-BO3920180216233938.npz,data/preprocessed/INTERPLATE/BO39/pre-pro-BO3920180216233938.npz,266690,c3117a32abe018bc67076e52f6c15b9bafd2e6a257394c8175e91065546487cb,7.2,352.0,7.49,2.44,-6.310373,4.730908,-98.03,16.25,ref_CU,Ztor,original_table,True,13122,,,True,True,True,True,57.86796281858534,0.7563351601390149
2020-06-23__BO39,2020-06-23,BO39,,INTERPLATE,INTERPLATE/BO39/pre-pro-BO3920200623152903.npz,data/preprocessed/INTERPLATE/BO39/pre-pro-BO3920200623152903.npz,260620,a89b1cb07d076e42c280b1a07b3bb550b0b8a387aabcc4cc3c11b376577b4314,7.4,466.0,15.6,2.29,-6.310373,4.730908,-96.12,15.784,ref_CU,Ztor,original_table,False,12800,,,False,True,True,False,82.65884371998862,0.6435736116597446
2021-09-08__BO39,2021-09-08,BO39,,INTERPLATE,INTERPLATE/BO39/pre-pro-BO3920210908014746.npz,data/preprocessed/INTERPLATE/BO39/pre-pro-BO3920210908014746.npz,295498,181a6755d5bdf87d17abd7d5258eed68f1ad76167222cc4da6d72de0abdf5fd3,7.1,272.0,8.33,2.55,-6.310373,4.730908,-99.93,16.78,ref_CU,Ztor,original_table,False,14400,,,False,True,True,False,95.37917597702204,0.6376033436793873
2022-09-19__BO39,2022-09-19,BO39,,INTERPLATE,INTERPLATE/BO39/pre-pro-BO3920220919180509.npz,data/preprocessed/INTERPLATE/BO39/pre-pro-BO3920220919180509.npz,313275,977ed99ef76ffb90835495bc34c6ac54909e2f71155a1b25531294cfb3a9dc6a,7.7,412.0,7.32,2.44,-6.310373,4.730908,-103.29,18.22,ref_CU,Ztor,original_table,False,15360,,,False,True,True,False,105.44674289037609,0.6229601212487
2022-09-22__BO39,2022-09-22,BO39,,INTERPLATE,INTERPLATE/BO39/pre-pro-BO3920220922061609.npz,data/preprocessed/INTERPLATE/BO39/pre-pro-BO3920220922061609.npz,298795,349fe9e9cac31aac13d1638964063246d7edf5d6134ac05a0a5905ec6c16882d,6.8,465.0,6.23,2.37,-6.310373,4.730908,-103.12,18.05,ref_CU,Ztor,original_table,False,14580,,,False,True,True,False,104.19075377552092,0.6085850190633723
2022-12-11__BO39,2022-12-11,BO39,,INTERPLATE,INTERPLATE/BO39/pre-pro-BO3920221211143130.npz,data/preprocessed/INTERPLATE/BO39/pre-pro-BO3920221211143130.npz,240507,1c81398bd200d8697ade44ea2263289600f70730181dd36ee7fa78c304a496e6,6.0,306.0,11.44,2.37,-6.310373,4.730908,-100.63,17.13,Rhyp,Ztor,original_table,False,12000,,,False,False,False,False,43.22228725981432,0.7982341179170277
2026-01-02__BO39,2026-01-02,BO39,,INTERPLATE,INTERPLATE/BO39/pre-pro-BO3920260102135815.npz,data/preprocessed/INTERPLATE/BO39/pre-pro-BO3920260102135815.npz,257022,17a8d59d5fce2939cea3fbd0326addfec87097ef096e8f90592039ed927640d5,6.5,295.0,10.82,2.27,-6.310373,4.730908,-99.41,16.77,ref_CU_prefix,Ztor,original_table,False,12800,,,False,True,True,False,86.37546542178137,0.621989210407959
1989-04-25__BO39,1989-04-25,BO39,,INTERPLATE,INTERPLATE/BO39/pre-pro-BO398904.251.npz,data/preprocessed/INTERPLATE/BO39/pre-pro-BO398904.251.npz,230660,67213e5a4c91ac33ab775397ed89c73df99c6a28eb8a4455b8354acf2f7edffd,6.9,306.0,16.26,2.71,-6.310373,4.730908,-99.4,16.603,ref_CU,Ztor,original_table,True,11520,,,True,True,True,False,68.37733349693792,0.6661099980617319
1990-05-31__BO39,1990-05-31,BO39,,INTERPLATE,INTERPLATE/BO39/pre-pro-BO399005.311.npz,data/preprocessed/INTERPLATE/BO39/pre-pro-BO399005.311.npz,131916,4708e0614a6b47634005dc240d7df6512a54fe5506a789bc4acba4dcef6de51b,6.1,317.0,15.11,2.88,-6.310373,4.730908,-100.893,17.106,Rhyp,Ztor,original_table,True,7200,,,True,True,True,False,18.31781469655914,0.8427250390953968
1995-09-14__BO39,1995-09-14,BO39,,INTERPLATE,INTERPLATE/BO39/pre-pro-BO399509.141.npz,data/preprocessed/INTERPLATE/BO39/pre-pro-BO399509.141.npz,710374,09958bf04d46777e4b18c912afe63095c1c013729cb115a8639543c106bcecc6,7.3,334.0,15.75,2.74,-6.310373,4.730908,-98.88,16.31,ref_CU,Ztor,original_table,True,17280,,,True,True,True,True,135.10659854610716,0.5762159325425578
1995-10-09__BO39,1995-10-09,BO39,,INTERPLATE,INTERPLATE/BO39/pre-pro-BO399510.091.npz,data/preprocessed/INTERPLATE/BO39/pre-pro-BO399510.091.npz,327001,ee802d58c088b8081736b6110943d88b0e595e26b7bda53dd3862f9275de36d2,8.0,458.0,19.05,2.65,-6.310373,4.730908,-104.67,18.74,ref_fallback_MT50,Ztor,original_table,False,16000,,,False,True,True,False,84.28073679653238,0.711791755987647
1996-02-25__BO39,1996-02-25,BO39,,INTERPLATE,INTERPLATE/BO39/pre-pro-BO399602.251.npz,data/preprocessed/INTERPLATE/BO39/pre-pro-BO399602.251.npz,194814,dfd1c75d1d4164c54bf631bcafcc1b1c5ed746f65218326b2b1e1b20f56ed774,7.1,394.0,9.62,2.93,-6.310373,4.730908,-98.25,15.83,ref_any_BA49,Ztor,original_table,True,10000,,,True,True,True,False,23.242228429731654,0.8664776904134448
1996-07-15__BO39,1996-07-15,BO39,,INTERPLATE,INTERPLATE/BO39/pre-pro-BO399607.151.npz,data/preprocessed/INTERPLATE/BO39/pre-pro-BO399607.151.npz,207768,b525465fbdc08280f17efe0c667c1649e498e38837a869f26ff8920227b02cb5,6.6,314.0,15.89,2.65,-6.310373,4.730908,-101.1,17.4,ref_PA34,Ztor,original_table,True,10800,,,True,True,True,False,31.031590308239288,0.8327949226346285
1997-07-19__BO39,1997-07-19,BO39,,INTERPLATE,INTERPLATE/BO39/pre-pro-BO399707.192.npz,data/preprocessed/INTERPLATE/BO39/pre-pro-BO399707.192.npz,132034,ffb5a7a003652deba701def1350b78083b2db019277de0d4eda045245765b088,6.7,407.0,11.92,2.79,-6.310373,4.730908,-98.35,15.86,ref_any_AE02,Ztor,original_table,True,7200,,,True,False,False,False,12.008908702258964,0.8980135142058687
1998-02-03__BO39,1998-02-03,BO39,,INTERPLATE,INTERPLATE/BO39/pre-pro-BO399802.031.npz,data/preprocessed/INTERPLATE/BO39/pre-pro-BO399802.031.npz,188777,681ce7e0c1cca2c3c5c8a0fd26ff527199ef92ede5d3d69bf8b89705e55378f3,6.3,511.0,18.43,2.76,-6.310373,4.730908,-96.37,15.69,Rhyp,Ztor,original_table,True,9600,,,True,False,False,False,20.59743277707554,0.8780856302037553
2000-08-09__CA59,2000-08-09,CA59,,INTERPLATE,INTERPLATE/CA59/pre-pro-CA590008.091.npz,data/preprocessed/INTERPLATE/CA59/pre-pro-CA590008.091.npz,257020,0468dbd5d81fb55590692f8aa29cc43c1c912780c190c7eb0d26a638573e5062,6.5,370.0,25.97,2.88,-7.599723,1.0941316,-102.66,17.99,ref_CU,Ztor,original_table,False,12800,,,False,True,True,False,55.462555086378245,0.7590574956063328
2012-03-20__CA59,2012-03-20,CA59,,INTERPLATE,INTERPLATE/CA59/pre-pro-CA591203.201.npz,data/preprocessed/INTERPLATE/CA59/pre-pro-CA591203.201.npz,388530,4ceeede09b59eb363c921690450cf6dedda66496a826a09b43404496c9a81834,7.5,326.0,14.82,2.57,-7.599723,1.0941316,-98.531,16.254,ref_CU,Ztor,original_table,False,18750,,,False,True,True,False,141.77936557507067,0.5916492926985292
2003-01-22__CA59,2003-01-22,CA59,,INTERPLATE,INTERPLATE/CA59/pre-pro-CA5920030122020634.npz,data/preprocessed/INTERPLATE/CA59/pre-pro-CA5920030122020634.npz,287635,7d8459033ca2dbc789d9b8864ef9bd428d5a70baa9a8157b4ba7a69da5ae7ae9,7.5,508.0,19.79,2.79,-7.599723,1.0941316,-103.9,18.86,ref_CU,Ztor,original_table,False,14400,,,False,True,True,False,63.41194818303836,0.7535677437313915
2014-04-18__CA59,2014-04-18,CA59,,INTERPLATE,INTERPLATE/CA59/pre-pro-CA5920140418142723.npz,data/preprocessed/INTERPLATE/CA59/pre-pro-CA5920140418142723.npz,342863,46118d5dbe4b3ab8befea81759ac7737480f7f9e36198a1ce35e5484e2dd9800,7.3,302.0,7.54,2.79,-7.599723,1.0941316,-101.055,17.375,ref_CU,Ztor,original_table,False,16876,,,False,True,True,False,126.04272333884887,0.5879879597971729
2014-05-08__CA59,2014-05-08,CA59,,INTERPLATE,INTERPLATE/CA59/pre-pro-CA5920140508170016.npz,data/preprocessed/INTERPLATE/CA59/pre-pro-CA5920140508170016.npz,286057,ea6519841707ff599b9454584ef5399b448fe4c11a837e0f139e0e7b380a40ab,6.5,283.0,17.14,2.65,-7.599723,1.0941316,-100.74,17.36,ref_CU,Ztor,original_table,False,14400,,,False,True,True,False,93.25540593335162,0.6335740434838836
2014-05-10__CA59,2014-05-10,CA59,,INTERPLATE,INTERPLATE/CA59/pre-pro-CA5920140510073601.npz,data/preprocessed/INTERPLATE/CA59/pre-pro-CA5920140510073601.npz,277963,594fc85e0c0fffc6f0b29586b9dab190f63bdbae9d202edad7681a7900810318,6.1,297.0,18.48,2.97,-7.599723,1.0941316,-100.82,17.31,Rhyp,Ztor,original_table,False,13824,,,False,True,True,False,99.0690832349782,0.6001247901716319
2018-02-16__CA59,2018-02-16,CA59,,INTERPLATE,INTERPLATE/CA59/pre-pro-CA5920180216233938.npz,data/preprocessed/INTERPLATE/CA59/pre-pro-CA5920180216233938.npz,322811,b8f91a8ba95f4da5ba7819ca4df52f8495d69334f5b64c291beb95133830f281,7.2,348.0,7.49,2.49,-7.599723,1.0941316,-98.03,16.25,ref_CU,Ztor,original_table,False,15552,,,False,True,True,False,81.12717103492247,0.7183768839694433
2021-09-08__CA59,2021-09-08,CA59,,INTERPLATE,INTERPLATE/CA59/pre-pro-CA5920210908014746.npz,data/preprocessed/INTERPLATE/CA59/pre-pro-CA5920210908014746.npz,302754,dad0b0dabbb00d3c05f5ada7879dad156f89a85453677d7365fd30164ef3161c,7.1,268.0,8.33,2.68,-7.599723,1.0941316,-99.93,16.78,ref_CU,Ztor,original_table,False,15000,,,False,True,True,False,90.78238131295,0.6631701494770332
2022-09-19__CA59,2022-09-19,CA59,,INTERPLATE,INTERPLATE/CA59/pre-pro-CA5920220919180509.npz,data/preprocessed/INTERPLATE/CA59/pre-pro-CA5920220919180509.npz,332092,2e51def28066338aa575de636d9029aa3c3995f2c29143cf41885a6d8c59b6e0,7.7,410.0,7.32,2.65,-7.599723,1.0941316,-103.29,18.22,ref_CU,Ztor,original_table,False,16000,,,False,True,True,False,110.04137441951045,0.6286024691366214
2022-09-22__CA59,2022-09-22,CA59,,INTERPLATE,INTERPLATE/CA59/pre-pro-CA5920220922061609.npz,data/preprocessed/INTERPLATE/CA59/pre-pro-CA5920220922061609.npz,258994,d54dd23f3f04c51736196fff4ff65fd89e6ac8e7a8d78b491a6ab70b1239f84e,6.8,463.0,6.23,2.68,-7.599723,1.0941316,-103.12,18.05,ref_CU,Ztor,original_table,False,12800,,,False,True,True,False,78.01067000858828,0.6616029583629537
2022-12-11__CA59,2022-12-11,CA59,,INTERPLATE,INTERPLATE/CA59/pre-pro-CA5920221211143130.npz,data/preprocessed/INTERPLATE/CA59/pre-pro-CA5920221211143130.npz,247655,bb95ffeb9d761aa919b3cb14e4e0afe8b22ffd6934592575e49a2720f3f3dda9,6.0,301.0,11.44,2.52,-7.599723,1.0941316,-100.63,17.13,Rhyp,Ztor,original_table,False,12150,,,False,False,False,False,49.13036433570306,0.7771966607604959
2026-01-02__CA59,2026-01-02,CA59,,INTERPLATE,INTERPLATE/CA59/pre-pro-CA5920260102135815.npz,data/preprocessed/INTERPLATE/CA59/pre-pro-CA5920260102135815.npz,278068,b74859a94302724b0e26c583745687c6dc16c3fe15d6fc3f956532d25b64c5a2,6.5,290.0,10.82,2.67,-7.599723,1.0941316,-99.41,16.77,ref_CU_prefix,Ztor,original_table,False,13824,,,False,True,True,False,75.77557237412745,0.6942807537556385
1989-04-25__CA59,1989-04-25,CA59,,INTERPLATE,INTERPLATE/CA59/pre-pro-CA598904.251.npz,data/preprocessed/INTERPLATE/CA59/pre-pro-CA598904.251.npz,245898,e074cb2de0b1ce41ebbf12ca9a10fe1e9275c4a184bfb8fb6abf98b1072ae836,6.9,301.0,16.26,3.16,-7.599723,1.0941316,-99.4,16.603,ref_CU,Ztor,original_table,False,12150,,,False,True,True,False,66.33308223349798,0.6970815497602613
1990-05-31__CA59,1990-05-31,CA59,,INTERPLATE,INTERPLATE/CA59/pre-pro-CA599005.311.npz,data/preprocessed/INTERPLATE/CA59/pre-pro-CA599005.311.npz,206810,61c15b2693001ccd1249bb684dd641e1eee721a4960237fe36bc594acd0911db,6.1,313.0,15.11,3.1,-7.599723,1.0941316,-100.893,17.106,Rhyp,Ztor,original_table,True,10368,,,True,True,True,False,38.04345309640317,0.793589858952834
1995-09-14__CA59,1995-09-14,CA59,,INTERPLATE,INTERPLATE/CA59/pre-pro-CA599509.141.npz,data/preprocessed/INTERPLATE/CA59/pre-pro-CA599509.141.npz,745611,68a3485804bb9c88d941c2f422e1f6a33b1f3aba37a7522cdd770159e9b423be,7.3,330.0,15.75,3.13,-7.599723,1.0941316,-98.88,16.31,ref_CU,Ztor,original_table,False,18000,,,False,True,True,False,106.99146758229276,0.680503269631078
1995-10-09__CA59,1995-10-09,CA59,,INTERPLATE,INTERPLATE/CA59/pre-pro-CA599510.091.npz,data/preprocessed/INTERPLATE/CA59/pre-pro-CA599510.091.npz,764922,f4b9f6061ab3917035e51065e264761dc16a6003b3515656088d5ed541afe835,8.0,457.0,19.05,2.82,-7.599723,1.0941316,-104.67,18.74,ref_fallback_MT50,Ztor,original_table,False,18432,,,False,True,True,False,103.46609182385784,0.6987097294084103
1996-02-25__CA59,1996-02-25,CA59,,INTERPLATE,INTERPLATE/CA59/pre-pro-CA599602.251.npz,data/preprocessed/INTERPLATE/CA59/pre-pro-CA599602.251.npz,279111,438a48f3f4f03830d6c020739e12c06b93b68a6cc4292d8441b96d6ce57a7541,7.1,390.0,9.62,3.0,-7.599723,1.0941316,-98.25,15.83,ref_any_BA49,Ztor,original_table,True,13824,,,True,False,False,False,30.784477749309502,0.8766598110929544
1996-07-15__CA59,1996-07-15,CA59,,INTERPLATE,INTERPLATE/CA59/pre-pro-CA599607.151.npz,data/preprocessed/INTERPLATE/CA59/pre-pro-CA599607.151.npz,249772,12cc7f94f69c08ce4d3abba6c167eca436e37aa78aa73260f496032acd3b4539,6.6,310.0,15.89,2.85,-7.599723,1.0941316,-101.1,17.4,ref_PA34,Ztor,original_table,True,12288,,,True,True,True,True,36.80851727624941,0.834650207644538
1997-07-19__CA59,1997-07-19,CA59,,INTERPLATE,INTERPLATE/CA59/pre-pro-CA599707.192.npz,data/preprocessed/INTERPLATE/CA59/pre-pro-CA599707.192.npz,141259,f627f7b0503f89e337b223e88f49071bbc01c31bd9ce493de0bb33c04fca7242,6.7,403.0,11.92,3.21,-7.599723,1.0941316,-98.35,15.86,ref_any_AE02,Ztor,original_table,True,7500,,,True,False,False,False,2.372857095862713,0.9810822203949398
1998-02-03__CA59,1998-02-03,CA59,,INTERPLATE,INTERPLATE/CA59/pre-pro-CA599802.031.npz,data/preprocessed/INTERPLATE/CA59/pre-pro-CA599802.031.npz,155242,fdf739c8ce089d0801e2d5165e941b30042ae9fe61e7a93cfcd03a15aef30a6f,6.3,508.0,18.43,2.76,-7.599723,1.0941316,-96.37,15.69,Rhyp,Ztor,original_table,True,8100,,,True,False,False,False,4.562195930725153,0.9669956165034712
2000-08-09__CDAO,2000-08-09,CDAO,,INTERPLATE,INTERPLATE/CDAO/pre-pro-CDAO0008.091.npz,data/preprocessed/INTERPLATE/CDAO/pre-pro-CDAO0008.091.npz,255819,191edd72e4129586f3cd0b5eaff4f2ae1dbab6bd84a0ea0a3c1109c440fc1c1a,6.5,370.0,25.97,3.0,-4.7739234,-3.4526398,-102.66,17.99,ref_CU,Ztor,original_table,False,12800,,,False,True,True,False,75.80317513525509,0.6689962222817558
2003-01-22__CDAO,2003-01-22,CDAO,,INTERPLATE,INTERPLATE/CDAO/pre-pro-CDAO0301.221.npz,data/preprocessed/INTERPLATE/CDAO/pre-pro-CDAO0301.221.npz,253294,6710ff27429fef1b53fac1e8298121ea0db758f3f94f03d2fc63c0982c3f2eff,7.5,510.0,19.79,2.88,-4.7739234,-3.4526398,-103.9,18.86,ref_CU,Ztor,original_table,True,12500,,,True,True,True,False,69.30726103420537,0.6932221094449125
1985-09-19__CDAO,1985-09-19,CDAO,,INTERPLATE,INTERPLATE/CDAO/pre-pro-CDAO8509.191.npz,data/preprocessed/INTERPLATE/CDAO/pre-pro-CDAO8509.191.npz,278993,e8a86f1213d84de5d8262e93814f9cb5fd34691aac01d07760865fde4116c4b4,8.1,310.0,3.54,3.62,-4.7739234,-3.4526398,-102.71,18.14,ref_CU,Ztor,original_table,False,13824,,,False,True,True,False,67.6170836481609,0.7290982225634579
1985-09-21__CDAO,1985-09-21,CDAO,,INTERPLATE,INTERPLATE/CDAO/pre-pro-CDAO8509.211.npz,data/preprocessed/INTERPLATE/CDAO/pre-pro-CDAO8509.211.npz,204127,39c61709acd9b05b4defbc7451d6d3157869b9de97514bf8bb6d7e4c4067cdd7,7.6,328.0,5.29,3.7,-4.7739234,-3.4526398,-101.479,18.021,MANUAL_REF,Ztor,original_table,True,10240,,,True,True,True,False,36.35451437662584,0.8002718691537971
1989-04-25__CDAO,1989-04-25,CDAO,,INTERPLATE,INTERPLATE/CDAO/pre-pro-CDAO8904.251.npz,data/preprocessed/INTERPLATE/CDAO/pre-pro-CDAO8904.251.npz,215040,4d3ecee36266c04752557886e564d2d92e6cf187fecc143ca678df8ae1cf2525,6.9,295.0,16.26,3.37,-4.7739234,-3.4526398,-99.4,16.603,ref_CU,Ztor,original_table,True,10800,,,True,True,True,True,36.11373249986099,0.8108337305543922
1990-05-31__CDAO,1990-05-31,CDAO,,INTERPLATE,INTERPLATE/CDAO/pre-pro-CDAO9005.311.npz,data/preprocessed/INTERPLATE/CDAO/pre-pro-CDAO9005.311.npz,158638,e739625ca3af49da0538f14f588907ba6413113a76adacf02432b359185358b3,6.1,309.0,15.11,3.13,-4.7739234,-3.4526398,-100.893,17.106,Rhyp,Ztor,original_table,True,8192,,,True,True,True,False,14.11187466107964,0.900007973775387
1993-05-15__CDAO,1993-05-15,CDAO,,INTERPLATE,INTERPLATE/CDAO/pre-pro-CDAO9305.152.npz,data/preprocessed/INTERPLATE/CDAO/pre-pro-CDAO9305.152.npz,141118,b0b0e0124106669dd22be67f708a50a2100df4d8f6185ed1b55ea685da050c5b,5.9,325.0,35.38,3.33,-4.7739234,-3.4526398,-98.72,16.47,Rhyp,Ztor,original_table,True,7500,,,True,True,True,False,14.90945506722801,0.8805427844946078
1995-09-14__CDAO,1995-09-14,CDAO,,INTERPLATE,INTERPLATE/CDAO/pre-pro-CDAO9509.141.npz,data/preprocessed/INTERPLATE/CDAO/pre-pro-CDAO9509.141.npz,355848,d07f271c98c066981bffb35ba4529e3ab351168b1489e27d1bd6e4a0fe091aec,7.3,324.0,15.75,3.23,-4.7739234,-3.4526398,-98.88,16.31,ref_CU,Ztor,original_table,False,17280,,,False,True,True,False,120.5495380518192,0.6211040418285794
1995-10-09__CDAO,1995-10-09,CDAO,,INTERPLATE,INTERPLATE/CDAO/pre-pro-CDAO9510.091.npz,data/preprocessed/INTERPLATE/CDAO/pre-pro-CDAO9510.091.npz,331253,44bfe1c1e50089bba1bb7e38af968bccee84b0c3725cb7765a1d4ecd4dace994,8.0,458.0,19.05,3.13,-4.7739234,-3.4526398,-104.67,18.74,ref_fallback_MT50,Ztor,original_table,False,16000,,,False,True,True,False,78.85515468403543,0.733354226206217
1996-02-25__CDAO,1996-02-25,CDAO,,INTERPLATE,INTERPLATE/CDAO/pre-pro-CDAO9602.251.npz,data/preprocessed/INTERPLATE/CDAO/pre-pro-CDAO9602.251.npz,157051,a58c6fdee099e04b59960bddb8276cb33192893a8f8638ee2b7d7446102c4a31,7.1,384.0,9.62,3.39,-4.7739234,-3.4526398,-98.25,15.83,ref_any_BA49,Ztor,original_table,True,8192,,,True,False,False,False,13.80622210550925,0.9010732150651388
2012-03-20__CE18,2012-03-20,CE18,,INTERPLATE,INTERPLATE/CE18/pre-pro-CE181203.201.npz,data/preprocessed/INTERPLATE/CE18/pre-pro-CE181203.201.npz,212126,c725dac36ed0ba48f044ac0c3dc1ffe05759d676dbed2cc92cb9b1404361af56,7.5,316.0,14.82,0.5,-1.0690035,-1.6465276,-98.531,16.254,ref_CU,Ztor,original_table,True,10800,,,True,True,True,True,50.72426482529926,0.7318871778355132
2003-01-22__CE18,2003-01-22,CE18,,INTERPLATE,INTERPLATE/CE18/pre-pro-CE1820030122020634.npz,data/preprocessed/INTERPLATE/CE18/pre-pro-CE1820030122020634.npz,139835,b00e07890fc239f620accda4e3d5c815eded686b0d0a1113fd1abb64aac038f4,7.5,510.0,19.79,0.5,-1.0690035,-1.6465276,-103.9,18.86,ref_CU,Ztor,original_table,True,7500,,,True,False,False,False,5.097686574062834,0.958803244108107
2014-04-18__CE18,2014-04-18,CE18,,INTERPLATE,INTERPLATE/CE18/pre-pro-CE1820140418142723.npz,data/preprocessed/INTERPLATE/CE18/pre-pro-CE1820140418142723.npz,222919,1acf163b463da12f2695219192c11fcded59e39f9fc0b3f587cc0b01f38cf994,7.3,298.0,7.54,0.5,-1.0690035,-1.6465276,-101.055,17.375,ref_CU,Ztor,original_table,True,11250,,,True,True,True,True,67.97537237838668,0.6577444621197992
2014-05-08__CE18,2014-05-08,CE18,,INTERPLATE,INTERPLATE/CE18/pre-pro-CE1820140508170016.npz,data/preprocessed/INTERPLATE/CE18/pre-pro-CE1820140508170016.npz,174235,2cb8b759cc6e935d010b126360597717a39b83a97e86b97c608ca8614ded3d63,6.5,277.0,17.14,0.5,-1.0690035,-1.6465276,-100.74,17.36,ref_CU,Ztor,original_table,True,9000,,,True,True,True,True,33.8803819171584,0.7805674746298031
2014-05-10__CE18,2014-05-10,CE18,,INTERPLATE,INTERPLATE/CE18/pre-pro-CE1820140510073601.npz,data/preprocessed/INTERPLATE/CE18/pre-pro-CE1820140510073601.npz,147186,6cd1bc677e18ffa73101df7304eefe69eb56c6dc2e292c0ad5d73eebffa033c8,6.1,291.0,18.48,0.5,-1.0690035,-1.6465276,-100.82,17.31,Rhyp,Ztor,original_table,True,7680,,,True,False,False,False,29.172894731840746,0.7758517500434826
2018-02-16__CE18,2018-02-16,CE18,,INTERPLATE,INTERPLATE/CE18/pre-pro-CE1820180216233938.npz,data/preprocessed/INTERPLATE/CE18/pre-pro-CE1820180216233938.npz,203539,9fd30ca8658724aba75eb7d4fa11ff4fa14071a77e3dc7ce4ff7e3b06fc206a3,7.2,338.0,7.49,0.5,-1.0690035,-1.6465276,-98.03,16.25,ref_CU,Ztor,original_table,True,10240,,,True,True,True,False,24.74081772945505,0.8631591939742531
2021-09-08__CE18,2021-09-08,CE18,,INTERPLATE,INTERPLATE/CE18/pre-pro-CE1820210908014746.npz,data/preprocessed/INTERPLATE/CE18/pre-pro-CE1820210908014746.npz,222947,afcdb7e771a856bc729837ef8fa8f050d281ce3a195e10f938903b246c323ae7,7.1,260.0,8.33,0.5,-1.0690035,-1.6465276,-99.93,16.78,ref_CU,Ztor,original_table,False,11250,,,False,True,True,False,58.14022820235283,0.7069987995648197
2022-09-19__CE18,2022-09-19,CE18,,INTERPLATE,INTERPLATE/CE18/pre-pro-CE1820220919180509.npz,data/preprocessed/INTERPLATE/CE18/pre-pro-CE1820220919180509.npz,362934,cba6952c26147022e1622427c578a01a6d8719eb0124c27c3ca414e1f4b18aa2,7.7,411.0,7.32,0.5,-1.0690035,-1.6465276,-103.29,18.22,ref_CU,Ztor,original_table,False,17496,,,False,False,False,False,120.97969439666142,0.626548250048892
2022-09-22__CE18,2022-09-22,CE18,,INTERPLATE,INTERPLATE/CE18/pre-pro-CE1820220922061609.npz,data/preprocessed/INTERPLATE/CE18/pre-pro-CE1820220922061609.npz,175077,606c9dc428260aae7a4fa711a8d593167514424ef32b7faae8677bb7cfa95eba,6.8,463.0,6.23,0.5,-1.0690035,-1.6465276,-103.12,18.05,ref_CU,Ztor,original_table,False,9000,,,False,False,False,False,39.30080097348049,0.7464791576991324
2022-12-11__CE18,2022-12-11,CE18,,INTERPLATE,INTERPLATE/CE18/pre-pro-CE1820221211143130.npz,data/preprocessed/INTERPLATE/CE18/pre-pro-CE1820221211143130.npz,632722,0d9519b5f2db7d9477cb519131930598867834dcfbdf1e392a1b58aa88fc277d,6.0,295.0,11.44,0.5,-1.0690035,-1.6465276,-100.63,17.13,Rhyp,Ztor,original_table,True,30000,,,True,False,False,False,25.46124114491909,0.9551011477306216
2026-01-02__CE18,2026-01-02,CE18,,INTERPLATE,INTERPLATE/CE18/pre-pro-CE1820260102135815.npz,data/preprocessed/INTERPLATE/CE18/pre-pro-CE1820260102135815.npz,189731,f646d56ef990a4699b142639c90286e16018358317fedcd63259796caaa0d903,6.5,281.0,10.82,0.5,-1.0690035,-1.6465276,-99.41,16.77,ref_CU_prefix,Ztor,original_table,False,9600,,,False,True,True,False,51.685417367246686,0.6927327901596416
1995-09-14__CE18,1995-09-14,CE18,,INTERPLATE,INTERPLATE/CE18/pre-pro-CE189509.141.npz,data/preprocessed/INTERPLATE/CE18/pre-pro-CE189509.141.npz,121237,6f430974c18611b52f47703089ba33933302e9d76da7e9d111f5e3e6fe0ce57f,7.3,320.0,15.75,0.5,-1.0690035,-1.6465276,-98.88,16.31,ref_CU,Ztor,original_table,True,6480,,,True,True,True,False,10.466251630724456,0.901927926998459
2000-08-09__CE23,2000-08-09,CE23,,INTERPLATE,INTERPLATE/CE23/pre-pro-CE230008.091.npz,data/preprocessed/INTERPLATE/CE23/pre-pro-CE230008.091.npz,279232,358f1618b14b3a8f430643d5291d289ef54b60c15164919bf9f8f02c7171f765,6.5,377.0,25.97,4.89,-2.5394065,4.2388988,-102.66,17.99,ref_CU,Ztor,original_table,True,13824,,,True,True,True,False,45.542553970360046,0.8174866590375504
2003-01-22__CE23,2003-01-22,CE23,,INTERPLATE,INTERPLATE/CE23/pre-pro-CE2320030122020634.npz,data/preprocessed/INTERPLATE/CE23/pre-pro-CE2320030122020634.npz,368157,47d8603b1f0f88f6c7ff0ed5c6a48add575437db35cd5db4aa038073664436c1,7.5,514.0,19.79,4.69,-2.5394065,4.2388988,-103.9,18.86,ref_CU,Ztor,original_table,True,18000,,,True,True,True,False,70.00070302970249,0.7872577710013905
2014-04-18__CE23,2014-04-18,CE23,,INTERPLATE,INTERPLATE/CE23/pre-pro-CE2320140418142723.npz,data/preprocessed/INTERPLATE/CE23/pre-pro-CE2320140418142723.npz,415641,35fcea71927466ecfc8aa957cdb7473487fb7c95a6a6fe7312d4bfdd29fe6d56,7.3,309.0,7.54,4.41,-2.5394065,4.2388988,-101.055,17.375,ref_CU,Ztor,original_table,False,20000,,,False,True,True,False,139.01241328631582,0.6257775505792774
2014-05-08__CE23,2014-05-08,CE23,,INTERPLATE,INTERPLATE/CE23/pre-pro-CE2320140508170016.npz,data/preprocessed/INTERPLATE/CE23/pre-pro-CE2320140508170016.npz,373037,0e71b1c0969e080f5fdaa15b5a790f4f908b24858f15c7d97eef33c19857346f,6.5,289.0,17.14,4.5,-2.5394065,4.2388988,-100.74,17.36,ref_CU,Ztor,original_table,False,18000,,,False,True,True,False,139.48463705484752,0.5814288889243563
2014-05-10__CE23,2014-05-10,CE23,,INTERPLATE,INTERPLATE/CE23/pre-pro-CE2320140510073601.npz,data/preprocessed/INTERPLATE/CE23/pre-pro-CE2320140510073601.npz,366856,b588ad7315afaa9376f6a4f82ec3873642d9f21f93c3f46fcb55ecfbfe5522a9,6.1,303.0,18.48,4.41,-2.5394065,4.2388988,-100.82,17.31,Rhyp,Ztor,original_table,False,18000,,,False,True,True,False,100.5381218805943,0.6933130319059414
2018-02-16__CE23,2018-02-16,CE23,,INTERPLATE,INTERPLATE/CE23/pre-pro-CE2320180216233938.npz,data/preprocessed/INTERPLATE/CE23/pre-pro-CE2320180216233938.npz,388470,aa8be17431ec0758e67b3ec4743cbea39a7e448a49d72125b2db5c2676993ad0,7.2,350.0,7.49,4.23,-2.5394065,4.2388988,-98.03,16.25,ref_CU,Ztor,original_table,False,18750,,,False,True,True,False,143.58130393036436,0.5861136780998981
2021-09-08__CE23,2021-09-08,CE23,,INTERPLATE,INTERPLATE/CE23/pre-pro-CE2320210908014746.npz,data/preprocessed/INTERPLATE/CE23/pre-pro-CE2320210908014746.npz,503773,d9c1972305895e6e8b9c4b46a37aa3b3bd3737841412ddc2988a625e27559e21,7.1,273.0,8.33,4.47,-2.5394065,4.2388988,-99.93,16.78,ref_CU,Ztor,original_table,False,24000,,,False,True,True,False,165.13664433967102,0.6336077647718688
2022-09-19__CE23,2022-09-19,CE23,,INTERPLATE,INTERPLATE/CE23/pre-pro-CE2320220919180509.npz,data/preprocessed/INTERPLATE/CE23/pre-pro-CE2320220919180509.npz,424541,6f96c8a738245bd6ba08491d0b586228a30d30ed502b983232991c16e6935060,7.7,417.0,7.32,4.41,-2.5394065,4.2388988,-103.29,18.22,ref_CU,Ztor,original_table,False,20250,,,False,True,True,False,134.2743348262166,0.646246186932011
2022-09-22__CE23,2022-09-22,CE23,,INTERPLATE,INTERPLATE/CE23/pre-pro-CE2320220922061609.npz,data/preprocessed/INTERPLATE/CE23/pre-pro-CE2320220922061609.npz,337869,93ce5d5d0471e95148ba25207abbaaf39a8904708513bd0d14cc619c6e7ccbbb,6.8,469.0,6.23,4.23,-2.5394065,4.2388988,-103.12,18.05,ref_CU,Ztor,original_table,False,16384,,,False,True,True,False,103.74041681804042,0.655976067590647
2022-12-11__CE23,2022-12-11,CE23,,INTERPLATE,INTERPLATE/CE23/pre-pro-CE2320221211143130.npz,data/preprocessed/INTERPLATE/CE23/pre-pro-CE2320221211143130.npz,269540,b429100c3490bd07058c56d662f0848db9160eebff8d30b9e7d0f58228a82ce5,6.0,308.0,11.44,4.32,-2.5394065,4.2388988,-100.63,17.13,Rhyp,Ztor,original_table,False,13500,,,False,False,False,False,36.00182310368842,0.8502980452256292
2026-01-02__CE23,2026-01-02,CE23,,INTERPLATE,INTERPLATE/CE23/pre-pro-CE2320260102135815.npz,data/preprocessed/INTERPLATE/CE23/pre-pro-CE2320260102135815.npz,345959,4767b2d79d673e98032e6244592ae2af265e1db6c24acd9094396600d493aa91,6.5,295.0,10.82,4.14,-2.5394065,4.2388988,-99.41,16.77,ref_CU_prefix,Ztor,original_table,False,16876,,,False,True,True,False,123.284184265408,0.6006989983306624
1989-04-25__CE23,1989-04-25,CE23,,INTERPLATE,INTERPLATE/CE23/pre-pro-CE238904.251.npz,data/preprocessed/INTERPLATE/CE23/pre-pro-CE238904.251.npz,286353,da9dd59a2630af8dcf2bf81f68f7008b896924d21cab47f405aff8f94bcba1db,6.9,306.0,16.26,4.94,-2.5394065,4.2388988,-99.4,16.603,ref_CU,Ztor,original_table,False,14400,,,False,True,True,False,69.85098760136722,0.7263642903538715
1990-05-31__CE23,1990-05-31,CE23,,INTERPLATE,INTERPLATE/CE23/pre-pro-CE239005.311.npz,data/preprocessed/INTERPLATE/CE23/pre-pro-CE239005.311.npz,102784,5516549a5b6ab2a315bfab9c7bfb02db9d3dac1f6a163496cdf1f2026ef1fc27,6.1,319.0,15.11,5.0,-2.5394065,4.2388988,-100.893,17.106,Rhyp,Ztor,original_table,True,5760,,,True,False,False,False,4.6794311677873,0.9485041139233268
1993-05-15__CE23,1993-05-15,CE23,,INTERPLATE,INTERPLATE/CE23/pre-pro-CE239305.152.npz,data/preprocessed/INTERPLATE/CE23/pre-pro-CE239305.152.npz,246219,0fc9aa2a36c3cc376d17c348f9a7b81e0534aa883a2bb6e5a775b6ef1807d5b3,5.9,335.0,35.38,4.79,-2.5394065,4.2388988,-98.72,16.47,Rhyp,Ztor,original_table,True,12288,,,True,False,False,False,47.09086799504766,0.7873329359389077
1995-09-14__CE23,1995-09-14,CE23,,INTERPLATE,INTERPLATE/CE23/pre-pro-CE239509.141.npz,data/preprocessed/INTERPLATE/CE23/pre-pro-CE239509.141.npz,783051,4753467badf8627289eab6935388892472fa6cdbcfaa5de3adcfbee5f4dd54f1,7.3,334.0,15.75,4.79,-2.5394065,4.2388988,-98.88,16.31,ref_CU,Ztor,original_table,False,18750,,,False,True,True,False,124.48320641654075,0.6465101832529973
1995-10-09__CE23,1995-10-09,CE23,,INTERPLATE,INTERPLATE/CE23/pre-pro-CE239510.091.npz,data/preprocessed/INTERPLATE/CE23/pre-pro-CE239510.091.npz,986595,3273f673ffa1801b7bcb8be4e2ff98482abe38e8e54b3c6b84dbe891ef1ecd01,8.0,463.0,19.05,4.79,-2.5394065,4.2388988,-104.67,18.74,ref_fallback_MT50,Ztor,original_table,False,24000,,,False,True,True,False,119.8667187043049,0.7310083397006274
1996-02-25__CE23,1996-02-25,CE23,,INTERPLATE,INTERPLATE/CE23/pre-pro-CE239602.251.npz,data/preprocessed/INTERPLATE/CE23/pre-pro-CE239602.251.npz,347570,851c4be15c81e1f57738f33aeae5750122dc4e0b1020986838b19de829d70ec6,7.1,393.0,9.62,4.89,-2.5394065,4.2388988,-98.25,15.83,ref_any_BA49,Ztor,original_table,True,16876,,,True,False,False,False,43.731661235859065,0.8606695089181539
2000-08-09__CE32,2000-08-09,CE32,,INTERPLATE,INTERPLATE/CE32/pre-pro-CE320008.091.npz,data/preprocessed/INTERPLATE/CE32/pre-pro-CE320008.091.npz,218633,7a8bd96aba7aa113452c104cc70b0012c84ae3df955b3330de252618588b9cb0,6.5,375.0,25.97,4.1,-1.6327928,-2.4595625,-102.66,17.99,ref_CU,Ztor,original_table,True,10936,,,True,False,False,False,9.021631631446354,0.9536710746600608
2012-03-20__CE32,2012-03-20,CE32,,INTERPLATE,INTERPLATE/CE32/pre-pro-CE321203.201.npz,data/preprocessed/INTERPLATE/CE32/pre-pro-CE321203.201.npz,401263,218b4e3f8d45bf3a2c8fdca11732ac8d1b11168d67cc5f424741e6580e22c5f2,7.5,321.0,14.82,4.1,-1.6327928,-2.4595625,-98.531,16.254,ref_CU,Ztor,original_table,False,19200,,,False,True,True,False,116.90954165026108,0.6748538723710616
2003-01-22__CE32,2003-01-22,CE32,,INTERPLATE,INTERPLATE/CE32/pre-pro-CE3220030122020634.npz,data/preprocessed/INTERPLATE/CE32/pre-pro-CE3220030122020634.npz,312851,df89bc0300be0095a90327b274e98a3587b196a1816cdd20895920d262c90c16,7.5,514.0,19.79,4.06,-1.6327928,-2.4595625,-103.9,18.86,ref_CU,Ztor,original_table,False,15360,,,False,True,True,False,57.77424658082899,0.7938768897184024
2014-04-18__CE32,2014-04-18,CE32,,INTERPLATE,INTERPLATE/CE32/pre-pro-CE3220140418142723.npz,data/preprocessed/INTERPLATE/CE32/pre-pro-CE3220140418142723.npz,341221,609105838544db278df0c13b8ea3ad52948d7d7473d6baf7788b2c3a4c5056b5,7.3,304.0,7.54,3.93,-1.6327928,-2.4595625,-101.055,17.375,ref_CU,Ztor,original_table,False,16384,,,False,True,True,False,91.5777555347674,0.699498751321518
2014-05-08__CE32,2014-05-08,CE32,,INTERPLATE,INTERPLATE/CE32/pre-pro-CE3220140508170016.npz,data/preprocessed/INTERPLATE/CE32/pre-pro-CE3220140508170016.npz,280346,92d34d14802f9bfa4f654149ecde6a49b4d5a185864d33c8681634fe086b5724,6.5,283.0,17.14,3.97,-1.6327928,-2.4595625,-100.74,17.36,ref_CU,Ztor,original_table,False,13824,,,False,True,True,False,81.37214578434839,0.6740942575122221
2014-05-10__CE32,2014-05-10,CE32,,INTERPLATE,INTERPLATE/CE32/pre-pro-CE3220140510073601.npz,data/preprocessed/INTERPLATE/CE32/pre-pro-CE3220140510073601.npz,207706,b584c366811fdb48eecfd6556601852ccc4782c7c65f834b8b7c9af4a79687ec,6.1,297.0,18.48,4.16,-1.6327928,-2.4595625,-100.82,17.31,Rhyp,Ztor,original_table,True,10368,,,True,True,True,False,26.59006402339702,0.855872600014109
2018-02-16__CE32,2018-02-16,CE32,,INTERPLATE,INTERPLATE/CE32/pre-pro-CE3220180216233938.npz,data/preprocessed/INTERPLATE/CE32/pre-pro-CE3220180216233938.npz,287791,ae1c18c78796dc9c41b9a0666acb9c00be926a681c1a0f52c0e1c6d72c269936,7.2,342.0,7.49,3.97,-1.6327928,-2.4595625,-98.03,16.25,ref_CU,Ztor,original_table,True,14400,,,True,True,True,True,63.87233040510967,0.7508976623177347
2020-06-23__CE32,2020-06-23,CE32,,INTERPLATE,INTERPLATE/CE32/pre-pro-CE3220200623152903.npz,data/preprocessed/INTERPLATE/CE32/pre-pro-CE3220200623152903.npz,399744,cf1712cb79ed2b3215b154ae76b49e9fffa11b657d7d2fe85619b6b6deeaa300,7.4,455.0,15.6,3.89,-1.6327928,-2.4595625,-96.12,15.784,ref_CU,Ztor,original_table,False,19200,,,False,True,True,False,126.37053081990828,0.6456636080644115
2021-09-08__CE32,2021-09-08,CE32,,INTERPLATE,INTERPLATE/CE32/pre-pro-CE3220210908014746.npz,data/preprocessed/INTERPLATE/CE32/pre-pro-CE3220210908014746.npz,418114,104a196b7586093a3506aa5d72d69f03868eb6a39810751976f36c0760558d87,7.1,265.0,8.33,4.06,-1.6327928,-2.4595625,-99.93,16.78,ref_CU,Ztor,original_table,False,20000,,,False,True,True,False,79.01481242298524,0.788741745299756
2022-09-19__CE32,2022-09-19,CE32,,INTERPLATE,INTERPLATE/CE32/pre-pro-CE3220220919180509.npz,data/preprocessed/INTERPLATE/CE32/pre-pro-CE3220220919180509.npz,418870,3c505b32a97499c663c54decb9d48265136290bb497f4215de31382eeb64d4e4,7.7,415.0,7.32,3.77,-1.6327928,-2.4595625,-103.29,18.22,ref_CU,Ztor,original_table,False,20000,,,False,True,True,False,109.09481328102588,0.7083806113845873
2022-09-22__CE32,2022-09-22,CE32,,INTERPLATE,INTERPLATE/CE32/pre-pro-CE3220220922061609.npz,data/preprocessed/INTERPLATE/CE32/pre-pro-CE3220220922061609.npz,327579,7af35d7c57238994d2e81d123d3d420bab5a6eff2a176c1d7f8eb7ca975f5f48,6.8,468.0,6.23,3.81,-1.6327928,-2.4595625,-103.12,18.05,ref_CU,Ztor,original_table,True,16000,,,True,True,True,True,117.13959299547751,0.5992761597034841
2022-12-11__CE32,2022-12-11,CE32,,INTERPLATE,INTERPLATE/CE32/pre-pro-CE3220221211143130.npz,data/preprocessed/INTERPLATE/CE32/pre-pro-CE3220221211143130.npz,265478,449a651f26e4d4db04b80e9f92f397fdc2ffb8766399eff942d3e54c72995e5f,6.0,301.0,11.44,4.06,-1.6327928,-2.4595625,-100.63,17.13,Rhyp,Ztor,original_table,False,13122,,,False,False,False,False,24.796336017334312,0.8952813209285261
2026-01-02__CE32,2026-01-02,CE32,,INTERPLATE,INTERPLATE/CE32/pre-pro-CE3220260102135815.npz,data/preprocessed/INTERPLATE/CE32/pre-pro-CE3220260102135815.npz,380265,bcd229ee432a918452a80fc00ea7eb91240760f5cd60c20541417c1d35af38a0,6.5,287.0,10.82,3.81,-1.6327928,-2.4595625,-99.41,16.77,ref_CU_prefix,Ztor,original_table,False,18226,,,False,True,True,False,150.6685773566924,0.5561914125403035
1989-04-25__CE32,1989-04-25,CE32,,INTERPLATE,INTERPLATE/CE32/pre-pro-CE328904.251.npz,data/preprocessed/INTERPLATE/CE32/pre-pro-CE328904.251.npz,291679,f4c102e4039f1ba3e6f95cb76d3110e87f0d3197f8f9c80ba9503fd2081bb909,6.9,298.0,16.26,4.36,-1.6327928,-2.4595625,-99.4,16.603,ref_CU,Ztor,original_table,True,14400,,,True,True,True,True,60.51641227235777,0.7673429999909355
1990-05-31__CE32,1990-05-31,CE32,,INTERPLATE,INTERPLATE/CE32/pre-pro-CE329005.311.npz,data/preprocessed/INTERPLATE/CE32/pre-pro-CE329005.311.npz,127466,411c89c48364ac7bc7e09b6e0e1fefde3424eb6436bcbbd784aca0973fef7297,6.1,313.0,15.11,4.36,-1.6327928,-2.4595625,-100.893,17.106,Rhyp,Ztor,original_table,True,6912,,,True,True,True,False,12.26486452603929,0.8914805828522449
1993-05-15__CE32,1993-05-15,CE32,,INTERPLATE,INTERPLATE/CE32/pre-pro-CE329305.152.npz,data/preprocessed/INTERPLATE/CE32/pre-pro-CE329305.152.npz,122574,5d6db8865e77927fe651326134ac3f93e49b28e222ada7541ecea2f8bacd8473,5.9,326.0,35.38,4.23,-1.6327928,-2.4595625,-98.72,16.47,Rhyp,Ztor,original_table,True,6562,,,True,True,True,False,9.867227502051932,0.9091415515464832
1995-09-14__CE32,1995-09-14,CE32,,INTERPLATE,INTERPLATE/CE32/pre-pro-CE329509.141.npz,data/preprocessed/INTERPLATE/CE32/pre-pro-CE329509.141.npz,281327,fb8f1f8ed48f9a133db469490d6918818475bcff90d452ffde2a0cbbb312c228,7.3,325.0,15.75,4.36,-1.6327928,-2.4595625,-98.88,16.31,ref_CU,Ztor,original_table,False,13824,,,False,True,True,False,51.3577105736328,0.7951836068848144
1995-10-09__CE32,1995-10-09,CE32,,INTERPLATE,INTERPLATE/CE32/pre-pro-CE329510.091.npz,data/preprocessed/INTERPLATE/CE32/pre-pro-CE329510.091.npz,273579,af74420d77aa73032e34c1db7b68e21fb72a70fd02f53159aa003d4e56f084ec,8.0,463.0,19.05,4.14,-1.6327928,-2.4595625,-104.67,18.74,ref_fallback_MT50,Ztor,original_table,True,13500,,,True,False,False,False,28.662131547334923,0.882738896422964
2000-08-09__CH84,2000-08-09,CH84,,INTERPLATE,INTERPLATE/CH84/pre-pro-CH840008.091.npz,data/preprocessed/INTERPLATE/CH84/pre-pro-CH840008.091.npz,140315,5378113467f2b9feb88209ae21437b004853e2ba1086e3fa0a631ffaa8a51c29,6.5,366.0,25.97,1.34,-7.6691947,-7.5048323,-102.66,17.99,ref_CU,Ztor,original_table,True,7500,,,True,True,True,False,22.20482335275392,0.8206540396352967
2012-03-20__CH84,2012-03-20,CH84,,INTERPLATE,INTERPLATE/CH84/pre-pro-CH841203.201.npz,data/preprocessed/INTERPLATE/CH84/pre-pro-CH841203.201.npz,253323,6df609bb0f6f21eb2a2c45cf83e3dc464fa34f7a32d9eed35a06275f88252505,7.5,316.0,14.82,1.3,-7.669121,-7.50476,-98.531,16.254,ref_CU,Ztor,original_table,False,12500,,,False,True,True,False,103.5906388881233,0.541106410524837
2003-01-22__CH84,2003-01-22,CH84,,INTERPLATE,INTERPLATE/CH84/pre-pro-CH8420030122020634.npz,data/preprocessed/INTERPLATE/CH84/pre-pro-CH8420030122020634.npz,176084,e646e4f6f5d8f95119511c3a5c251660539dd89594d25240e213ec25554d9f91,7.5,506.0,19.79,1.32,-7.6691628,-7.504801,-103.9,18.86,ref_CU,Ztor,original_table,True,9000,,,True,True,True,False,31.21017207817043,0.8002421141950178
2014-04-18__CH84,2014-04-18,CH84,,INTERPLATE,INTERPLATE/CH84/pre-pro-CH8420140418142723.npz,data/preprocessed/INTERPLATE/CH84/pre-pro-CH8420140418142723.npz,256601,69a4e75eb52456b8df105f05342701ffa40b76a15df1efdaf63e8902c18692ca,7.3,294.0,7.54,1.3,-7.669121,-7.50476,-101.055,17.375,ref_CU,Ztor,original_table,False,12800,,,False,True,True,False,119.9624402257288,0.4745863690183566
2014-05-08__CH84,2014-05-08,CH84,,INTERPLATE,INTERPLATE/CH84/pre-pro-CH8420140508170016.npz,data/preprocessed/INTERPLATE/CH84/pre-pro-CH8420140508170016.npz,198853,e231c7e19cbc0769f59257b5082d6eb6e21219a16967fb14bbbb4cc8a75affb1,6.5,274.0,17.14,1.27,-7.669033,-7.504674,-100.74,17.36,ref_CU,Ztor,original_table,False,10000,,,False,True,True,False,71.89239699233381,0.5918219667726462
2014-05-10__CH84,2014-05-10,CH84,,INTERPLATE,INTERPLATE/CH84/pre-pro-CH8420140510073601.npz,data/preprocessed/INTERPLATE/CH84/pre-pro-CH8420140510073601.npz,192820,2de49215bc6591d8bf54531817b95f63af445ff76a3a2717afbd844860894320,6.1,288.0,18.48,1.3,-7.669121,-7.50476,-100.82,17.31,Rhyp,Ztor,original_table,True,9720,,,True,True,True,True,63.28087152348819,0.6296982180145814
2018-02-16__CH84,2018-02-16,CH84,,INTERPLATE,INTERPLATE/CH84/pre-pro-CH8420180216233938.npz,data/preprocessed/INTERPLATE/CH84/pre-pro-CH8420180216233938.npz,188888,51c5414047fd9ee770bb44c64b234e1676d036eede30fcd861a384a2250e729c,7.2,338.0,7.49,1.3,-7.669121,-7.50476,-98.03,16.25,ref_CU,Ztor,original_table,True,9600,,,True,True,True,True,38.99470123968666,0.7669035731981191
2020-06-23__CH84,2020-06-23,CH84,,INTERPLATE,INTERPLATE/CH84/pre-pro-CH8420200623152903.npz,data/preprocessed/INTERPLATE/CH84/pre-pro-CH8420200623152903.npz,274255,4497344616b55538e14f1213313d201d63dd8d9fbf16dc2cad7ad7a60d152945,7.4,455.0,15.6,1.27,-7.669033,-7.504674,-96.12,15.784,ref_CU,Ztor,original_table,False,13500,,,False,True,True,False,109.49714046855216,0.5514250697724206
2021-09-08__CH84,2021-09-08,CH84,,INTERPLATE,INTERPLATE/CH84/pre-pro-CH8420210908014746.npz,data/preprocessed/INTERPLATE/CH84/pre-pro-CH8420210908014746.npz,247547,8324e1b1eec703e02554da08576bbbe7d15f4318bb9360b0d980c6c9c6809a98,7.1,257.0,8.33,1.3,-7.669121,-7.50476,-99.93,16.78,ref_CU,Ztor,original_table,False,12150,,,False,True,True,False,102.30341702538836,0.5359968386003794
2022-09-19__CH84,2022-09-19,CH84,,INTERPLATE,INTERPLATE/CH84/pre-pro-CH8420220919180509.npz,data/preprocessed/INTERPLATE/CH84/pre-pro-CH8420220919180509.npz,253371,dee68499c72b0f551ba1a12de7010cf23a163b68c3602e2ab1d931391b2c91a4,7.7,406.0,7.32,1.29,-7.6690955,-7.504735,-103.29,18.22,ref_CU,Ztor,original_table,False,12500,,,False,True,True,False,88.9286456239509,0.6053228935560496
2022-09-22__CH84,2022-09-22,CH84,,INTERPLATE,INTERPLATE/CH84/pre-pro-CH8420220922061609.npz,data/preprocessed/INTERPLATE/CH84/pre-pro-CH8420220922061609.npz,207960,a5e8a1a87fff03d4bdedd7770982c3a674cb7ff550c9b2993f084b0e1c7bb2bb,6.8,459.0,6.23,1.32,-7.6691628,-7.504801,-103.12,18.05,ref_CU,Ztor,original_table,False,10368,,,False,True,True,False,65.1673562151984,0.646674494604216
2022-12-11__CH84,2022-12-11,CH84,,INTERPLATE,INTERPLATE/CH84/pre-pro-CH8420221211143130.npz,data/preprocessed/INTERPLATE/CH84/pre-pro-CH8420221211143130.npz,164738,12217d18ab5a5284bb51a92dac76d0a6600a4e40989b6480648c15e5a2661250,6.0,292.0,11.44,1.26,-7.668995,-7.5046372,-100.63,17.13,Rhyp,Ztor,original_table,False,8640,,,False,False,False,False,14.492671323218303,0.9005785050201118
2026-01-02__CH84,2026-01-02,CH84,,INTERPLATE,INTERPLATE/CH84/pre-pro-CH8420260102135815.npz,data/preprocessed/INTERPLATE/CH84/pre-pro-CH8420260102135815.npz,268485,b6ceab3b69a4255d53e930d5160c660f0b10edb5747789833ebf059839e6aa04,6.5,280.0,10.82,1.28,-7.6690664,-7.5047064,-99.41,16.77,ref_CU_prefix,Ztor,original_table,False,13122,,,False,True,True,False,141.49739526367853,0.4069433116908565
1989-04-25__CH84,1989-04-25,CH84,,INTERPLATE,INTERPLATE/CH84/pre-pro-CH848904.251.npz,data/preprocessed/INTERPLATE/CH84/pre-pro-CH848904.251.npz,177040,835d9614b0844856fcba1d0d6fa1577183ff7cd9160a16ad420cb97a64f8854a,6.9,291.0,16.26,1.41,-7.6692586,-7.5048943,-99.4,16.603,ref_CU,Ztor,original_table,True,9000,,,True,True,True,True,48.381106726190055,0.6914470234299104
1990-05-31__CH84,1990-05-31,CH84,,INTERPLATE,INTERPLATE/CH84/pre-pro-CH849005.311.npz,data/preprocessed/INTERPLATE/CH84/pre-pro-CH849005.311.npz,86655,91d42ce73a543889d5df7e99ea6407c714025397f56bc7065c92d379f898279d,6.1,304.0,15.11,1.39,-7.6692457,-7.504882,-100.893,17.106,Rhyp,Ztor,original_table,True,5000,,,True,True,True,False,10.73000625207534,0.8588714158611688
1993-05-15__CH84,1993-05-15,CH84,,INTERPLATE,INTERPLATE/CH84/pre-pro-CH849305.152.npz,data/preprocessed/INTERPLATE/CH84/pre-pro-CH849305.152.npz,104684,04a5f0985ae2f26554a4ae2fe2150de75e71aa6178a9ef27bcfd732071a4ad44,5.9,321.0,35.38,1.37,-7.6692295,-7.504866,-98.72,16.47,Rhyp,Ztor,original_table,True,5760,,,True,True,True,False,10.655019992146308,0.8842097370990404
1995-09-14__CH84,1995-09-14,CH84,,INTERPLATE,INTERPLATE/CH84/pre-pro-CH849509.141.npz,data/preprocessed/INTERPLATE/CH84/pre-pro-CH849509.141.npz,193840,20dc7f329efb16907635a59921e205c8dd2794f13b5c29e89b0d0aa62e3027af,7.3,319.0,15.75,1.37,-7.6692295,-7.504866,-98.88,16.31,ref_CU,Ztor,original_table,False,10000,,,False,True,True,False,43.63290915821781,0.7462022501266996
1995-10-09__CH84,1995-10-09,CH84,,INTERPLATE,INTERPLATE/CH84/pre-pro-CH849510.091.npz,data/preprocessed/INTERPLATE/CH84/pre-pro-CH849510.091.npz,161286,36fef1b0b733d8815be12667535d46a9a0c0f593c2a7f807123b0f913e526305,8.0,455.0,19.05,1.38,-7.669238,-7.5048747,-104.67,18.74,ref_fallback_MT50,Ztor,original_table,True,8640,,,True,False,False,False,9.624610458196742,0.9326903247905676
1996-07-15__CH84,1996-07-15,CH84,,INTERPLATE,INTERPLATE/CH84/pre-pro-CH849607.151.npz,data/preprocessed/INTERPLATE/CH84/pre-pro-CH849607.151.npz,94569,5d20202c1bf165c7cdea36cbf1c09a1ba5330ab68d9248769a3503fa67544443,6.6,302.0,15.89,1.41,-7.6692586,-7.5048943,-101.1,17.4,ref_PA34,Ztor,original_table,True,5400,,,True,False,False,False,8.135854057619241,0.9018594202940984
1998-02-03__CH84,1998-02-03,CH84,,INTERPLATE,INTERPLATE/CH84/pre-pro-CH849802.031.npz,data/preprocessed/INTERPLATE/CH84/pre-pro-CH849802.031.npz,132979,820aaa6724b145a9c9478b4aa61f21875d1601a08944f85afc124d43706db670,6.3,500.0,18.43,1.35,-7.669208,-7.504845,-96.37,15.69,Rhyp,Ztor,original_table,True,7200,,,True,False,False,False,7.225276322136352,0.9383719180984617
2012-03-20__CI05,2012-03-20,CI05,,INTERPLATE,INTERPLATE/CI05/pre-pro-CI051203.201.npz,data/preprocessed/INTERPLATE/CI05/pre-pro-CI051203.201.npz,262460,cf9d6a8803ce5a2eb569a9b9470687b62013eb2e10d120824dc0de7a841e41ef,7.5,326.0,14.82,1.95,-12.303858,0.4461728,-98.531,16.254,ref_CU,Ztor,original_table,False,12960,,,False,True,True,False,101.02302362001734,0.5675754489340924
2003-01-22__CI05,2003-01-22,CI05,,INTERPLATE,INTERPLATE/CI05/pre-pro-CI0520030122020634.npz,data/preprocessed/INTERPLATE/CI05/pre-pro-CI0520030122020634.npz,500538,755b475cf846aae47c6d039dc484ec6a067bf8a7e0499eb6a34f8239d49b4f48,7.5,503.0,19.79,1.86,-12.303858,0.4461728,-103.9,18.86,ref_CU,Ztor,original_table,False,12500,,,False,True,True,False,61.29941730206511,0.7263357784679787
2014-04-18__CI05,2014-04-18,CI05,,INTERPLATE,INTERPLATE/CI05/pre-pro-CI0520140418142723.npz,data/preprocessed/INTERPLATE/CI05/pre-pro-CI0520140418142723.npz,266369,7471561921b387862591e3695adc0a5e720a44f778649bb6c4643b74d006596a,7.3,298.0,7.54,1.92,-12.303858,0.4461728,-101.055,17.375,ref_CU,Ztor,original_table,False,13122,,,False,True,True,False,107.24130902961208,0.5476004681307232
2014-05-08__CI05,2014-05-08,CI05,,INTERPLATE,INTERPLATE/CI05/pre-pro-CI0520140508170016.npz,data/preprocessed/INTERPLATE/CI05/pre-pro-CI0520140508170016.npz,216352,372b42b856ec1f9ea76c144a79ba50bca2f49bbd2907cec6f151f8c3c911407f,6.5,279.0,17.14,1.79,-12.303858,0.4461728,-100.74,17.36,ref_CU,Ztor,original_table,False,10800,,,False,True,True,False,84.46305011924812,0.5599507652430544
2014-05-10__CI05,2014-05-10,CI05,,INTERPLATE,INTERPLATE/CI05/pre-pro-CI0520140510073601.npz,data/preprocessed/INTERPLATE/CI05/pre-pro-CI0520140510073601.npz,232105,abe0c569b202c1a4fdbce0aba85c1b77c25f634cf721252e8121a37d7049a63e,6.1,293.0,18.48,1.86,-12.303858,0.4461728,-100.82,17.31,Rhyp,Ztor,original_table,False,11520,,,False,True,True,False,73.72851142658862,0.6427016650032051
2018-02-16__CI05,2018-02-16,CI05,,INTERPLATE,INTERPLATE/CI05/pre-pro-CI0520180216233938.npz,data/preprocessed/INTERPLATE/CI05/pre-pro-CI0520180216233938.npz,276544,bc015cb793d07b760f50df5a3d93dfb7b476abf4b98e6356cdb13f6b10e71b31,7.2,349.0,7.49,1.92,-12.303858,0.4461728,-98.03,16.25,ref_CU,Ztor,original_table,True,13500,,,True,True,True,True,80.73805394491262,0.6726349027088651
2020-06-23__CI05,2020-06-23,CI05,,INTERPLATE,INTERPLATE/CI05/pre-pro-CI0520200623152903.npz,data/preprocessed/INTERPLATE/CI05/pre-pro-CI0520200623152903.npz,254446,d262558a4800124d0d3d2803de5a1d2417880a86372db04becf6a3d54a67d5a4,7.4,466.0,15.6,1.75,-12.303858,0.4461728,-96.12,15.784,ref_CU,Ztor,original_table,False,12500,,,False,True,True,False,90.77421702650676,0.5991777408641022
2021-09-08__CI05,2021-09-08,CI05,,INTERPLATE,INTERPLATE/CI05/pre-pro-CI0520210908014746.npz,data/preprocessed/INTERPLATE/CI05/pre-pro-CI0520210908014746.npz,289628,42dd731972f3a0cf0bd085bc6de3d7a5c0b78a1b02d7fd98fd9ed13bb5b99824,7.1,266.0,8.33,1.72,-12.303857,0.4461728,-99.93,16.78,ref_CU,Ztor,original_table,False,14400,,,False,True,True,False,114.39123156645226,0.55705234630609
2022-09-19__CI05,2022-09-19,CI05,,INTERPLATE,INTERPLATE/CI05/pre-pro-CI0520220919180509.npz,data/preprocessed/INTERPLATE/CI05/pre-pro-CI0520220919180509.npz,291661,b49512359a31c4b0634d518de3a9771e712082f09ea169e9a5e8b43321c90aa0,7.7,405.0,7.32,1.85,-12.303858,0.4461728,-103.29,18.22,ref_CU,Ztor,original_table,False,14400,,,False,True,True,False,123.14854992069208,0.5262606273487513
2022-09-22__CI05,2022-09-22,CI05,,INTERPLATE,INTERPLATE/CI05/pre-pro-CI0520220922061609.npz,data/preprocessed/INTERPLATE/CI05/pre-pro-CI0520220922061609.npz,262748,566b959cf8cb24e3ad1781410e22e8ef6cd897e4651d4f3915a54a795212b4da,6.8,458.0,6.23,1.81,-12.303858,0.4461728,-103.12,18.05,ref_CU,Ztor,original_table,False,12960,,,False,True,True,False,88.50305508230281,0.621539212818889
2022-12-11__CI05,2022-12-11,CI05,,INTERPLATE,INTERPLATE/CI05/pre-pro-CI0520221211143130.npz,data/preprocessed/INTERPLATE/CI05/pre-pro-CI0520221211143130.npz,242102,da03ade964e753d8d69df3b315f8eb4cabf47fb13ab1b934e01a9519603d92ef,6.0,298.0,11.44,1.83,-12.303858,0.4461728,-100.63,17.13,Rhyp,Ztor,original_table,False,12000,,,False,False,False,False,65.48467577030851,0.6958868909566316
2026-01-02__CI05,2026-01-02,CI05,,INTERPLATE,INTERPLATE/CI05/pre-pro-CI0520260102135815.npz,data/preprocessed/INTERPLATE/CI05/pre-pro-CI0520260102135815.npz,206525,d8ce7251d505815a1b727cee1044a03b988a473210bf4bf8750e61541b0f5aa5,6.5,289.0,10.82,1.9,-12.303858,0.4461728,-99.41,16.77,ref_CU_prefix,Ztor,original_table,False,10368,,,False,True,True,False,72.01959443419456,0.6063857767164313
1989-04-25__CI05,1989-04-25,CI05,,INTERPLATE,INTERPLATE/CI05/pre-pro-CI058904.251.npz,data/preprocessed/INTERPLATE/CI05/pre-pro-CI058904.251.npz,403211,03ff2901d720df36dbe76e20f876cb691c357919d35e6893e1bddbb5cfb2c1ac,6.9,300.0,16.26,2.09,-12.303858,0.4461728,-99.4,16.603,ref_CU,Ztor,original_table,False,10240,,,False,True,True,False,72.84535946117407,0.5963239618676454
1990-05-31__CI05,1990-05-31,CI05,,INTERPLATE,INTERPLATE/CI05/pre-pro-CI059005.311.npz,data/preprocessed/INTERPLATE/CI05/pre-pro-CI059005.311.npz,187254,99a303bbf48c0a127a9f75c05b7a6a6b852bdbae5d6eda72235d0823d2fc7015,6.1,309.0,15.11,2.0,-12.303858,0.4461728,-100.893,17.106,Rhyp,Ztor,original_table,True,9600,,,True,True,True,True,40.23505820333841,0.7582754088114244
1995-10-09__CI05,1995-10-09,CI05,,INTERPLATE,INTERPLATE/CI05/pre-pro-CI059510.091.npz,data/preprocessed/INTERPLATE/CI05/pre-pro-CI059510.091.npz,385030,3a73e92083a9973f7c3a7d7b6fe0949548d00d5a915227378e3d721b5ed9efcc,8.0,452.0,19.05,1.99,-12.303858,0.4461728,-104.67,18.74,ref_fallback_MT50,Ztor,original_table,False,18432,,,False,True,True,False,90.47076246633976,0.7370188870811588
1996-02-25__CI05,1996-02-25,CI05,,INTERPLATE,INTERPLATE/CI05/pre-pro-CI059602.251.npz,data/preprocessed/INTERPLATE/CI05/pre-pro-CI059602.251.npz,501276,e7aa49677320a4060ea7c5edab2698f404cb4012e698ec1e7c3d69af79f8eaaa,7.1,390.0,9.62,2.11,-12.303858,0.4461728,-98.25,15.83,ref_any_BA49,Ztor,original_table,True,12500,,,True,True,True,True,48.23613050292474,0.7860071403091046
1996-07-15__CI05,1996-07-15,CI05,,INTERPLATE,INTERPLATE/CI05/pre-pro-CI059607.151.npz,data/preprocessed/INTERPLATE/CI05/pre-pro-CI059607.151.npz,238352,ef444793026f480465dd99eeb530a7ad6a1a9197282f5b272b266e7fc2265ab9,6.6,306.0,15.89,1.9,-12.303858,0.4461728,-101.1,17.4,ref_PA34,Ztor,original_table,False,12000,,,False,True,True,False,62.34969840438575,0.706686275559177
1997-07-19__CI05,1997-07-19,CI05,,INTERPLATE,INTERPLATE/CI05/pre-pro-CI059707.192.npz,data/preprocessed/INTERPLATE/CI05/pre-pro-CI059707.192.npz,174164,0283e11b8f7dc8214a80b542994798c7577a8b4edc29c170ddf4fde0ef7620d2,6.7,403.0,11.92,1.9,-12.303858,0.4461728,-98.35,15.86,ref_any_AE02,Ztor,original_table,True,9000,,,True,False,False,False,16.026313441978374,0.8965176377479281
1998-02-03__CI05,1998-02-03,CI05,,INTERPLATE,INTERPLATE/CI05/pre-pro-CI059802.031.npz,data/preprocessed/INTERPLATE/CI05/pre-pro-CI059802.031.npz,210440,4e8e0d981af9f1447247c620b12831b33226e5c7cd0d31f0b37f2725d96c07fc,6.3,510.0,18.43,1.92,-12.303858,0.4461728,-96.37,15.69,Rhyp,Ztor,original_table,True,10800,,,True,True,True,False,43.61846263826163,0.7665839212379641
2012-03-20__CJ03,2012-03-20,CJ03,,INTERPLATE,INTERPLATE/CJ03/pre-pro-CJ031203.201.npz,data/preprocessed/INTERPLATE/CJ03/pre-pro-CJ031203.201.npz,248343,282e6bc67766827cc7551c5700546216e6bb3aa8421d955a7282f4e95d79b17d,7.5,325.0,14.82,1.97,-11.90411,-0.45920208,-98.531,16.254,ref_CU,Ztor,original_table,False,12288,,,False,True,True,False,91.20931702288436,0.5871013262884366
2003-01-22__CJ03,2003-01-22,CJ03,,INTERPLATE,INTERPLATE/CJ03/pre-pro-CJ0320030122020634.npz,data/preprocessed/INTERPLATE/CJ03/pre-pro-CJ0320030122020634.npz,269459,e0d14f2f6f6505971861388ad8c53fd054c570ad92bbec2f930ab7577d63f841,7.5,504.0,19.79,1.88,-11.90411,-0.45920208,-103.9,18.86,ref_CU,Ztor,original_table,False,13500,,,False,True,True,False,68.8608098362333,0.7146493873850767
2014-04-18__CJ03,2014-04-18,CJ03,,INTERPLATE,INTERPLATE/CJ03/pre-pro-CJ0320140418142723.npz,data/preprocessed/INTERPLATE/CJ03/pre-pro-CJ0320140418142723.npz,296381,e7258dd606316d4019bd0ced1aae9ca8c7225bee1d40ae18bd66d80108da6b5d,7.3,298.0,7.54,1.75,-11.904109,-0.459202,-101.055,17.375,ref_CU,Ztor,original_table,False,14400,,,False,True,True,False,129.20097383311364,0.510917311454315
2014-05-08__CJ03,2014-05-08,CJ03,,INTERPLATE,INTERPLATE/CJ03/pre-pro-CJ0320140508170016.npz,data/preprocessed/INTERPLATE/CJ03/pre-pro-CJ0320140508170016.npz,267341,4e7eee44de7b59d1590db4d666703ad918272b87d88e1d73f51d6e316cd14557,6.5,279.0,17.14,1.73,-11.904109,-0.459202,-100.74,17.36,ref_CU,Ztor,original_table,False,13122,,,False,True,True,False,107.65884808072728,0.5476899080718962
2014-05-10__CJ03,2014-05-10,CJ03,,INTERPLATE,INTERPLATE/CJ03/pre-pro-CJ0320140510073601.npz,data/preprocessed/INTERPLATE/CJ03/pre-pro-CJ0320140510073601.npz,238259,0455272cdd611c38b17cdf136988c8e8080d7485bc05f30792906d0f1049193e,6.1,293.0,18.48,1.65,-11.904107,-0.45920193,-100.82,17.31,Rhyp,Ztor,original_table,False,12000,,,False,True,True,False,78.0572717992332,0.6318747792905433
2018-02-16__CJ03,2018-02-16,CJ03,,INTERPLATE,INTERPLATE/CJ03/pre-pro-CJ0320180216233938.npz,data/preprocessed/INTERPLATE/CJ03/pre-pro-CJ0320180216233938.npz,255748,9018fc345f0007ae11121d1aa1500cb381eb0926a060d12c282acf7d28dc8d95,7.2,348.0,7.49,1.66,-11.904108,-0.45920193,-98.03,16.25,ref_CU,Ztor,original_table,False,12500,,,False,True,True,False,95.33598245965784,0.58075645356351
2021-09-08__CJ03,2021-09-08,CJ03,,INTERPLATE,INTERPLATE/CJ03/pre-pro-CJ0320210908014746.npz,data/preprocessed/INTERPLATE/CJ03/pre-pro-CJ0320210908014746.npz,245758,e085a083953294af3111d6ebc907c633a6425aa2245d842c193b4c3aa31fe70f,7.1,265.0,8.33,1.81,-11.90411,-0.45920208,-99.93,16.78,ref_CU,Ztor,original_table,False,12150,,,False,True,True,False,91.43123357015656,0.5815695685773806
2022-09-19__CJ03,2022-09-19,CJ03,,INTERPLATE,INTERPLATE/CJ03/pre-pro-CJ0320220919180509.npz,data/preprocessed/INTERPLATE/CJ03/pre-pro-CJ0320220919180509.npz,283242,f1fcf446ad66ef66e8590b11539ff0933a834ffcf879f1ab067047b10cb067d6,7.7,406.0,7.32,1.72,-11.904109,-0.459202,-103.29,18.22,ref_CU,Ztor,original_table,False,13824,,,False,True,True,False,111.32443189090183,0.5586742045950372
2022-09-22__CJ03,2022-09-22,CJ03,,INTERPLATE,INTERPLATE/CJ03/pre-pro-CJ0320220922061609.npz,data/preprocessed/INTERPLATE/CJ03/pre-pro-CJ0320220922061609.npz,293840,bc600fb2e762fdd65216e9ae34ca72ea82291f8c5201de2931f3ad601333e65e,6.8,458.0,6.23,1.72,-11.904109,-0.459202,-103.12,18.05,ref_CU,Ztor,original_table,False,14400,,,False,True,True,False,129.86244990893954,0.5038304745006704
2022-12-11__CJ03,2022-12-11,CJ03,,INTERPLATE,INTERPLATE/CJ03/pre-pro-CJ0320221211143130.npz,data/preprocessed/INTERPLATE/CJ03/pre-pro-CJ0320221211143130.npz,555162,77914ef9f6dc70d96854b893601d3a2b54fa9cac5889811a1cc5ccec33b7fa73,6.0,298.0,11.44,1.63,-11.904107,-0.45920193,-100.63,17.13,Rhyp,Ztor,original_table,True,26244,,,True,False,False,False,36.65826922431995,0.9261621664464722
2026-01-02__CJ03,2026-01-02,CJ03,,INTERPLATE,INTERPLATE/CJ03/pre-pro-CJ0320260102135815.npz,data/preprocessed/INTERPLATE/CJ03/pre-pro-CJ0320260102135815.npz,218009,9efade4862b3f45cc37976203af3611a79380dd830e5100a01c0bcf7a9680ea4,6.5,288.0,10.82,1.7,-11.904109,-0.459202,-99.41,16.77,ref_CU_prefix,Ztor,original_table,False,10800,,,False,True,True,False,89.888616565188,0.5354353374066464
1989-04-25__CJ03,1989-04-25,CJ03,,INTERPLATE,INTERPLATE/CJ03/pre-pro-CJ038904.251.npz,data/preprocessed/INTERPLATE/CJ03/pre-pro-CJ038904.251.npz,210237,7918fcfa312ad95965bf59d24c649a379bfc7b9154b77fcf9ae0299723a46c87,6.9,299.0,16.26,2.11,-11.90411,-0.45920208,-99.4,16.603,ref_CU,Ztor,original_table,False,10800,,,False,True,True,False,65.68207821823117,0.6480248742391557
1990-05-31__CJ03,1990-05-31,CJ03,,INTERPLATE,INTERPLATE/CJ03/pre-pro-CJ039005.311.npz,data/preprocessed/INTERPLATE/CJ03/pre-pro-CJ039005.311.npz,168212,2d77795e9b154dc773726fe16ba3c0811362f2209cf945eda4c9abc9ea3404e0,6.1,309.0,15.11,1.85,-11.90411,-0.45920208,-100.893,17.106,Rhyp,Ztor,original_table,True,8640,,,True,True,True,False,28.457462712541243,0.8083285329525073
1993-05-15__CJ03,1993-05-15,CJ03,,INTERPLATE,INTERPLATE/CJ03/pre-pro-CJ039305.152.npz,data/preprocessed/INTERPLATE/CJ03/pre-pro-CJ039305.152.npz,201665,fd300d519cf1a8714f9a647564946a894a23c35c260dcefe82da6e2e9516429d,5.9,330.0,35.38,1.94,-11.90411,-0.45920208,-98.72,16.47,Rhyp,Ztor,original_table,True,10126,,,True,True,True,False,57.88859304091427,0.6774469658387793
1995-09-14__CJ03,1995-09-14,CJ03,,INTERPLATE,INTERPLATE/CJ03/pre-pro-CJ039509.141.npz,data/preprocessed/INTERPLATE/CJ03/pre-pro-CJ039509.141.npz,586233,9086f94013a1e24eb0a7816a000098d41dabab2061e87d2357e2e5092b15dab2,7.3,329.0,15.75,1.88,-11.90411,-0.45920208,-98.88,16.31,ref_CU,Ztor,original_table,False,14400,,,False,True,True,False,113.5189148679694,0.5676787460279936
1995-10-09__CJ03,1995-10-09,CJ03,,INTERPLATE,INTERPLATE/CJ03/pre-pro-CJ039510.091.npz,data/preprocessed/INTERPLATE/CJ03/pre-pro-CJ039510.091.npz,665106,0d0aa18480a603e25262b71668b5f00c43b433793e060e52e6a376cb4ccedc3c,8.0,452.0,19.05,1.81,-11.90411,-0.45920208,-104.67,18.74,ref_fallback_MT50,Ztor,original_table,False,16200,,,False,True,True,False,86.27852398290003,0.7127448386645802
1996-02-25__CJ03,1996-02-25,CJ03,,INTERPLATE,INTERPLATE/CJ03/pre-pro-CJ039602.251.npz,data/preprocessed/INTERPLATE/CJ03/pre-pro-CJ039602.251.npz,221008,119c50b106abe47a63b4f81d3c04b78e034d111bb636788a572e46ad57d5d75e,7.1,389.0,9.62,1.9,-11.90411,-0.45920208,-98.25,15.83,ref_any_BA49,Ztor,original_table,True,11250,,,True,True,True,True,57.23768246655354,0.7097186202122246
1996-07-15__CJ03,1996-07-15,CJ03,,INTERPLATE,INTERPLATE/CJ03/pre-pro-CJ039607.151.npz,data/preprocessed/INTERPLATE/CJ03/pre-pro-CJ039607.151.npz,235798,ad11e35f8d7636f6d65784ba07bbbaef09adaa644a23cd41ba8ea866acfa9a3f,6.6,306.0,15.89,1.83,-11.90411,-0.45920208,-101.1,17.4,ref_PA34,Ztor,original_table,False,12000,,,False,True,True,False,58.457482034815854,0.7231209111219824
1997-07-19__CJ03,1997-07-19,CJ03,,INTERPLATE,INTERPLATE/CJ03/pre-pro-CJ039707.192.npz,data/preprocessed/INTERPLATE/CJ03/pre-pro-CJ039707.192.npz,167822,bcaaf5fd7daaea819c2522d18fd30333eb5cde4ee5ea4d1909a57ca51174cb3b,6.7,402.0,11.92,1.72,-11.904109,-0.459202,-98.35,15.86,ref_any_AE02,Ztor,original_table,True,8640,,,True,False,False,False,28.5684873463528,0.8092254601245222
1998-02-03__CJ03,1998-02-03,CJ03,,INTERPLATE,INTERPLATE/CJ03/pre-pro-CJ039802.031.npz,data/preprocessed/INTERPLATE/CJ03/pre-pro-CJ039802.031.npz,203058,094f00381376245a5a96a6add3e36b777ba067ba8170c93bf0ddc98d3ba9345c,6.3,509.0,18.43,1.94,-11.90411,-0.45920208,-96.37,15.69,Rhyp,Ztor,original_table,True,10240,,,True,False,False,False,19.012731264828005,0.8953907495745365
2000-08-09__CJ04,2000-08-09,CJ04,,INTERPLATE,INTERPLATE/CJ04/pre-pro-CJ040008.091.npz,data/preprocessed/INTERPLATE/CJ04/pre-pro-CJ040008.091.npz,182261,4f512b6e14771b81fffce79bc57d2b1c8dffc921f62949dc8b24b7dcd43e40a4,6.5,366.0,25.97,1.9,-11.90411,-0.45920208,-102.66,17.99,ref_CU,Ztor,original_table,False,9376,,,False,True,True,False,44.50216496629904,0.7251425794188189
2012-03-20__CJ04,2012-03-20,CJ04,,INTERPLATE,INTERPLATE/CJ04/pre-pro-CJ041203.201.npz,data/preprocessed/INTERPLATE/CJ04/pre-pro-CJ041203.201.npz,240179,e97ee45b80fefb0b41c80ca49c380ab24605f9034d111d006cead42c5b7c8ab5,7.5,325.0,14.82,1.9,-11.90411,-0.45920208,-98.531,16.254,ref_CU,Ztor,original_table,False,12000,,,False,True,True,False,89.42987560661571,0.5812227787093622
2003-01-22__CJ04,2003-01-22,CJ04,,INTERPLATE,INTERPLATE/CJ04/pre-pro-CJ0420030122020634.npz,data/preprocessed/INTERPLATE/CJ04/pre-pro-CJ0420030122020634.npz,262365,83534c7fc244c53d8d90962c0e42895af37f2e8a624125850180d060ba42446d,7.5,504.0,19.79,1.82,-11.90411,-0.45920208,-103.9,18.86,ref_CU,Ztor,original_table,False,12960,,,False,True,True,False,69.99630886887473,0.7010365657161631
2014-04-18__CJ04,2014-04-18,CJ04,,INTERPLATE,INTERPLATE/CJ04/pre-pro-CJ0420140418142723.npz,data/preprocessed/INTERPLATE/CJ04/pre-pro-CJ0420140418142723.npz,295988,f3ee052f36a43c32cb5d6a5dbe7763cc285f30601c9268e8c4fe6de6da788c8c,7.3,298.0,7.54,1.72,-11.904109,-0.459202,-101.055,17.375,ref_CU,Ztor,original_table,False,14400,,,False,True,True,False,131.61591147796494,0.5012848642417304
2014-05-08__CJ04,2014-05-08,CJ04,,INTERPLATE,INTERPLATE/CJ04/pre-pro-CJ0420140508170016.npz,data/preprocessed/INTERPLATE/CJ04/pre-pro-CJ0420140508170016.npz,258527,78f65739886872e1509702b9979f24edb14854109a67c4c118b955efabb4329f,6.5,279.0,17.14,1.73,-11.904109,-0.459202,-100.74,17.36,ref_CU,Ztor,original_table,False,12800,,,False,True,True,False,100.873063739686,0.561802503302841
2014-05-10__CJ04,2014-05-10,CJ04,,INTERPLATE,INTERPLATE/CJ04/pre-pro-CJ0420140510073601.npz,data/preprocessed/INTERPLATE/CJ04/pre-pro-CJ0420140510073601.npz,243307,5497f9c2bcf1ca36baf570774bf6bc35bd8ce2b0be56edc19da66ecada219eb3,6.1,293.0,18.48,1.73,-11.904109,-0.459202,-100.82,17.31,Rhyp,Ztor,original_table,False,12000,,,False,True,True,False,82.2715161957621,0.6201333632109978
2018-02-16__CJ04,2018-02-16,CJ04,,INTERPLATE,INTERPLATE/CJ04/pre-pro-CJ0420180216233938.npz,data/preprocessed/INTERPLATE/CJ04/pre-pro-CJ0420180216233938.npz,272475,52f539d54aac2f2bcfeccf72aa185a2eab30adf2c2d9516233d33c2723b311d8,7.2,348.0,7.49,1.66,-11.904108,-0.45920193,-98.03,16.25,ref_CU,Ztor,original_table,False,13500,,,False,True,True,False,103.90497888539016,0.5718260234664764
2021-09-08__CJ04,2021-09-08,CJ04,,INTERPLATE,INTERPLATE/CJ04/pre-pro-CJ0420210908014746.npz,data/preprocessed/INTERPLATE/CJ04/pre-pro-CJ0420210908014746.npz,237320,8e976fcf229c4e79e99c6b3261822951f6a8c2a4c79ca6e12dbbc65f820a6666,7.1,265.0,8.33,1.81,-11.90411,-0.45920208,-99.93,16.78,ref_CU,Ztor,original_table,False,12000,,,False,True,True,False,86.71416177609859,0.5887595476804582
2022-09-19__CJ04,2022-09-19,CJ04,,INTERPLATE,INTERPLATE/CJ04/pre-pro-CJ0420220919180509.npz,data/preprocessed/INTERPLATE/CJ04/pre-pro-CJ0420220919180509.npz,258943,3965613bfcce874cc61dc5831a1353fc3a16b0655a0c67647fd0f291afee33bb,7.7,406.0,7.32,1.72,-11.904109,-0.459202,-103.29,18.22,ref_CU,Ztor,original_table,False,12800,,,False,True,True,False,92.6319102812502,0.598213358138147
2022-09-22__CJ04,2022-09-22,CJ04,,INTERPLATE,INTERPLATE/CJ04/pre-pro-CJ0420220922061609.npz,data/preprocessed/INTERPLATE/CJ04/pre-pro-CJ0420220922061609.npz,272685,4b53b2886c20bdaf9cd6d4992617739316b77b5dd9f03bc0cc317575c319e32f,6.8,458.0,6.23,1.72,-11.904109,-0.459202,-103.12,18.05,ref_CU,Ztor,original_table,False,13500,,,False,True,True,False,111.0814670154538,0.5427805432580621
2022-12-11__CJ04,2022-12-11,CJ04,,INTERPLATE,INTERPLATE/CJ04/pre-pro-CJ0420221211143130.npz,data/preprocessed/INTERPLATE/CJ04/pre-pro-CJ0420221211143130.npz,543223,8fc5ac1952f473d3288c6e3608fa5bd2998c08b95301fec38fc929fe14dfca77,6.0,298.0,11.44,1.63,-11.904107,-0.45920193,-100.63,17.13,Rhyp,Ztor,original_table,False,25600,,,False,False,False,False,89.7450154300036,0.8154306197968008
2026-01-02__CJ04,2026-01-02,CJ04,,INTERPLATE,INTERPLATE/CJ04/pre-pro-CJ0420260102135815.npz,data/preprocessed/INTERPLATE/CJ04/pre-pro-CJ0420260102135815.npz,219244,726abb22610bba8ebc8d8538aec8b5a8c0d9078c0749244ae700ff668d27d4ee,6.5,288.0,10.82,1.7,-11.904109,-0.459202,-99.41,16.77,ref_CU_prefix,Ztor,original_table,False,10936,,,False,True,True,False,92.07954783585492,0.5269967235020552
1995-09-14__CJ04,1995-09-14,CJ04,,INTERPLATE,INTERPLATE/CJ04/pre-pro-CJ049509.141.npz,data/preprocessed/INTERPLATE/CJ04/pre-pro-CJ049509.141.npz,259473,0b7b8d433339efef4df2320b0d42777462ab60b63012b5376373f84483fa0dd1,7.3,329.0,15.75,1.88,-11.90411,-0.45920208,-98.88,16.31,ref_CU,Ztor,original_table,False,12800,,,False,True,True,False,88.1142952117726,0.6184041608775168
1995-10-09__CJ04,1995-10-09,CJ04,,INTERPLATE,INTERPLATE/CJ04/pre-pro-CJ049510.091.npz,data/preprocessed/INTERPLATE/CJ04/pre-pro-CJ049510.091.npz,217470,e440d0e955c9f2a08a2a4ef7affbba0caa2579b2eb8b7149efc66afe33702df6,8.0,452.0,19.05,1.81,-11.90411,-0.45920208,-104.67,18.74,ref_fallback_MT50,Ztor,original_table,True,10936,,,True,False,False,False,35.04821607780164,0.8195251489299606
1996-02-25__CJ04,1996-02-25,CJ04,,INTERPLATE,INTERPLATE/CJ04/pre-pro-CJ049602.251.npz,data/preprocessed/INTERPLATE/CJ04/pre-pro-CJ049602.251.npz,113456,490aa747967ef7994852d6d21630f8fe2eca64277dc370d53a074aabb0917839,7.1,391.0,9.62,1.92,-11.90411,-0.45920208,-98.25,15.83,ref_any_BA49,Ztor,original_table,True,6144,,,True,False,False,False,15.305354310355897,0.8474802759306836
1996-07-15__CJ04,1996-07-15,CJ04,,INTERPLATE,INTERPLATE/CJ04/pre-pro-CJ049607.151.npz,data/preprocessed/INTERPLATE/CJ04/pre-pro-CJ049607.151.npz,183698,01fbb6293c25f758a0bce8c556631f4b274e89a49ec4386bd0369b98935aac4d,6.6,306.0,15.89,1.79,-11.90411,-0.45920208,-101.1,17.4,ref_PA34,Ztor,original_table,True,9376,,,True,True,True,False,25.16828833889781,0.8458486657751099
1997-07-19__CJ04,1997-07-19,CJ04,,INTERPLATE,INTERPLATE/CJ04/pre-pro-CJ049707.192.npz,data/preprocessed/INTERPLATE/CJ04/pre-pro-CJ049707.192.npz,146322,894524dacfedde4cffbb0d3d62074fa4ae53cf857f2e374093ffaf0ca1d628f7,6.7,402.0,11.92,1.93,-11.90411,-0.45920208,-98.35,15.86,ref_any_AE02,Ztor,original_table,True,7680,,,True,False,False,False,15.820411845669526,0.8782951623534924
2012-03-20__CO47,2012-03-20,CO47,,INTERPLATE,INTERPLATE/CO47/pre-pro-CO471203.201.npz,data/preprocessed/INTERPLATE/CO47/pre-pro-CO471203.201.npz,264187,6f6f0660751ce1bb9ed1f7434bf6982d7bac21da96dd4a68e2921825d9b8564b,7.5,321.0,14.82,0.6,-9.093462,-3.0643587,-98.531,16.254,ref_CU,Ztor,original_table,False,12960,,,False,True,True,False,91.35873509891294,0.611421313007048
2003-01-22__CO47,2003-01-22,CO47,,INTERPLATE,INTERPLATE/CO47/pre-pro-CO4720030122020634.npz,data/preprocessed/INTERPLATE/CO47/pre-pro-CO4720030122020634.npz,182793,2a40ea10ba6aa262ce153f73802b41a9d71e9ca9b9802b142781a7af43d8d922,7.5,502.0,19.79,0.54,-7.241988,-2.44044,-103.9,18.86,ref_CU,Ztor,original_table,True,9376,,,True,False,False,False,25.786682800541485,0.8409309555206866
2014-05-08__CO47,2014-05-08,CO47,,INTERPLATE,INTERPLATE/CO47/pre-pro-CO4720140508170016.npz,data/preprocessed/INTERPLATE/CO47/pre-pro-CO4720140508170016.npz,220784,f825bf0025f97333d78aff09f3a7b1fff6b624da8b4931e99f87e3f68c4aabf7,6.5,274.0,17.14,0.51,-6.127686,-2.064937,-100.74,17.36,ref_CU,Ztor,original_table,True,10936,,,True,True,True,True,74.87059519686295,0.6184160073550637
2014-05-10__CO47,2014-05-10,CO47,,INTERPLATE,INTERPLATE/CO47/pre-pro-CO4720140510073601.npz,data/preprocessed/INTERPLATE/CO47/pre-pro-CO4720140510073601.npz,155239,0230a94997a0710251bab39e7a08349c3d2e6cb66b0ee93dde03f4eb8fd63595,6.1,289.0,18.48,0.55,-7.5924034,-2.5585246,-100.82,17.31,Rhyp,Ztor,original_table,True,8000,,,True,True,True,True,37.791658169425645,0.7248914743435565
2018-02-16__CO47,2018-02-16,CO47,,INTERPLATE,INTERPLATE/CO47/pre-pro-CO4720180216233938.npz,data/preprocessed/INTERPLATE/CO47/pre-pro-CO4720180216233938.npz,245153,9afb3ae9c02e7a11f67037d8dcbb4189e3472d8542ba9d5d3a33b0d80a9fe77f,7.2,344.0,7.49,0.53,-6.8792043,-2.3181872,-98.03,16.25,ref_CU,Ztor,original_table,False,12150,,,False,True,True,False,80.69206574279235,0.6301921826636464
2021-09-08__CO47,2021-09-08,CO47,,INTERPLATE,INTERPLATE/CO47/pre-pro-CO4720210908014746.npz,data/preprocessed/INTERPLATE/CO47/pre-pro-CO4720210908014746.npz,281071,de88d6ee69cf18fafa9020059cf8d66452b9aaee6700fd0b382156a6557b7613,7.1,260.0,8.33,0.55,-7.5924034,-2.5585246,-99.93,16.78,ref_CU,Ztor,original_table,False,13824,,,False,True,True,False,109.37233395678076,0.5629302511317905
2022-09-19__CO47,2022-09-19,CO47,,INTERPLATE,INTERPLATE/CO47/pre-pro-CO4720220919180509.npz,data/preprocessed/INTERPLATE/CO47/pre-pro-CO4720220919180509.npz,251853,aedb329c369651e746bcac96d676bf76c1ac590742763929aab1424fe082fce7,7.7,403.0,7.32,0.54,-7.241988,-2.44044,-103.29,18.22,ref_CU,Ztor,original_table,False,12500,,,False,True,True,False,80.13674683366071,0.6426614338996669
2022-09-22__CO47,2022-09-22,CO47,,INTERPLATE,INTERPLATE/CO47/pre-pro-CO4720220922061609.npz,data/preprocessed/INTERPLATE/CO47/pre-pro-CO4720220922061609.npz,214760,625feb30d803fa0208e62e9f12c05b68ebbb9239939f459e8eae20a5419b842a,6.8,456.0,6.23,0.54,-7.241988,-2.44044,-103.12,18.05,ref_CU,Ztor,original_table,False,10800,,,False,True,True,False,57.64912125642894,0.6976338966934389
2022-12-11__CO47,2022-12-11,CO47,,INTERPLATE,INTERPLATE/CO47/pre-pro-CO4720221211143130.npz,data/preprocessed/INTERPLATE/CO47/pre-pro-CO4720221211143130.npz,215186,a16e39301f421d803c5a58f035a183274b56f978d5b1db26cec4b7b57c3dc841,6.0,293.0,11.44,0.59,-8.830713,-2.9758162,-100.63,17.13,Rhyp,Ztor,original_table,False,10800,,,False,False,False,False,27.25956057547708,0.8574887046451428
2026-01-02__CO47,2026-01-02,CO47,,INTERPLATE,INTERPLATE/CO47/pre-pro-CO4720260102135815.npz,data/preprocessed/INTERPLATE/CO47/pre-pro-CO4720260102135815.npz,169544,ca8fda39e074f56b153b2250c1862bfde50c3396b36a75316fda6e29ec0a2e35,6.5,284.0,10.82,0.58,-8.548481,-2.8807082,-99.41,16.77,ref_CU_prefix,Ztor,original_table,False,8640,,,False,True,True,False,57.2295563336272,0.6190030202141855
1989-04-25__CO47,1989-04-25,CO47,,INTERPLATE,INTERPLATE/CO47/pre-pro-CO478904.251.npz,data/preprocessed/INTERPLATE/CO47/pre-pro-CO478904.251.npz,349688,78a409bb35955b4b70e88f3945607aa292e3bc4ffa336186bf22a298bffd2aba,6.9,295.0,16.26,0.54,-7.241988,-2.44044,-99.4,16.603,ref_CU,Ztor,original_table,True,9000,,,True,True,True,True,44.90892752307924,0.7136640683302777
1990-05-31__CO47,1990-05-31,CO47,,INTERPLATE,INTERPLATE/CO47/pre-pro-CO479005.311.npz,data/preprocessed/INTERPLATE/CO47/pre-pro-CO479005.311.npz,122488,7fd276c064c6e11f722f883479444afc5d27e7e5b3f632b4ec2233f13da60e29,6.1,305.0,15.11,0.57,-8.247299,-2.7792144,-100.893,17.106,Rhyp,Ztor,original_table,True,6750,,,True,False,False,False,6.8957520191744095,0.9366141003844616
1993-05-15__CO47,1993-05-15,CO47,,INTERPLATE,INTERPLATE/CO47/pre-pro-CO479305.152.npz,data/preprocessed/INTERPLATE/CO47/pre-pro-CO479305.152.npz,150856,05b878e408f80a793b78117d6cbd482fa42e612ce150be4470be64567037bb23,5.9,326.0,35.38,0.58,-8.548481,-2.8807082,-98.72,16.47,Rhyp,Ztor,original_table,True,8000,,,True,False,False,False,8.932959240411208,0.933529583745731
1995-09-14__CO47,1995-09-14,CO47,,INTERPLATE,INTERPLATE/CO47/pre-pro-CO479509.141.npz,data/preprocessed/INTERPLATE/CO47/pre-pro-CO479509.141.npz,454492,09c3a22d0463559b458e0a23dd6da61f99f37ae93ed2302d3f571bde9a48a01e,7.3,324.0,15.75,0.54,-7.241988,-2.44044,-98.88,16.31,ref_CU,Ztor,original_table,True,11520,,,True,True,True,True,72.83198699362347,0.6415660474242797
1995-10-09__CO47,1995-10-09,CO47,,INTERPLATE,INTERPLATE/CO47/pre-pro-CO479510.091.npz,data/preprocessed/INTERPLATE/CO47/pre-pro-CO479510.091.npz,218374,3e7e6342f94a75d9876c116c8cfd52b46223f84f953e30c1fe67de59355a0e59,8.0,451.0,19.05,0.51,-6.127686,-2.064937,-104.67,18.74,ref_fallback_MT50,Ztor,original_table,True,10936,,,True,False,False,False,15.926249269290508,0.918138014550036
1996-07-15__CO47,1996-07-15,CO47,,INTERPLATE,INTERPLATE/CO47/pre-pro-CO479607.151.npz,data/preprocessed/INTERPLATE/CO47/pre-pro-CO479607.151.npz,158807,72848f8ae41403a7340a7197ceeacb11515ada84f7818f2a9eeb76e418fa84f2,6.6,302.0,15.89,0.56,-7.928133,-2.6716604,-101.1,17.4,ref_PA34,Ztor,original_table,True,8192,,,True,True,True,False,23.08116858468979,0.8360596023532226
1998-02-03__CO47,1998-02-03,CO47,,INTERPLATE,INTERPLATE/CO47/pre-pro-CO479802.031.npz,data/preprocessed/INTERPLATE/CO47/pre-pro-CO479802.031.npz,103569,4e7c764581f67df55eee6931990157800c424f68cf7db06ebe6d3e9c3a79910f,6.3,506.0,18.43,0.59,-8.830713,-2.9758162,-96.37,15.69,Rhyp,Ztor,original_table,True,5760,,,True,False,False,False,7.208936337720559,0.9206675873476332
2000-08-09__CO56,2000-08-09,CO56,,INTERPLATE,INTERPLATE/CO56/pre-pro-CO560008.091.npz,data/preprocessed/INTERPLATE/CO56/pre-pro-CO560008.091.npz,237391,07898bb15bf7eb732e5764c15c4acd049c6fac507e6244dd01529d643c4b317a,6.5,366.0,25.97,2.16,-12.105676,0.7658253,-102.66,17.99,ref_CU,Ztor,original_table,False,12000,,,False,True,True,False,84.15761513796409,0.6011676454292968
2012-03-20__CO56,2012-03-20,CO56,,INTERPLATE,INTERPLATE/CO56/pre-pro-CO561203.201.npz,data/preprocessed/INTERPLATE/CO56/pre-pro-CO561203.201.npz,271848,11c00be0e8a9ae898672e2c941827a95440aac2da752cac4484315fd77935393,7.5,327.0,14.82,2.09,-12.105676,0.7658253,-98.531,16.254,ref_CU,Ztor,original_table,False,13500,,,False,True,True,False,91.42299462560224,0.6229979603067949
2003-01-22__CO56,2003-01-22,CO56,,INTERPLATE,INTERPLATE/CO56/pre-pro-CO5620030122020634.npz,data/preprocessed/INTERPLATE/CO56/pre-pro-CO5620030122020634.npz,292142,4251c248e73b2844e342740e3538a60c931ae3b0d122b8ef0fd5c19e72d057e7,7.5,504.0,19.79,2.16,-12.105676,0.7658253,-103.9,18.86,ref_CU,Ztor,original_table,True,14400,,,True,True,True,True,70.63383010568012,0.7283941009548561
2014-04-18__CO56,2014-04-18,CO56,,INTERPLATE,INTERPLATE/CO56/pre-pro-CO5620140418142723.npz,data/preprocessed/INTERPLATE/CO56/pre-pro-CO5620140418142723.npz,290839,affb7db44562a5e05b2855bd140e695b192689c37542d58c46a823eb1f2f5c88,7.3,299.0,7.54,2.05,-12.105676,0.7658253,-101.055,17.375,ref_CU,Ztor,original_table,False,14400,,,False,True,True,False,122.37342078018769,0.528389776552383
2014-05-08__CO56,2014-05-08,CO56,,INTERPLATE,INTERPLATE/CO56/pre-pro-CO5620140508170016.npz,data/preprocessed/INTERPLATE/CO56/pre-pro-CO5620140508170016.npz,263207,be40db2e018a7ecb3a5d1c39b2c37d43a13628fb9a9517d3accd24c8daf425e1,6.5,280.0,17.14,2.03,-12.105676,0.7658253,-100.74,17.36,ref_CU,Ztor,original_table,False,12960,,,False,True,True,False,89.32281089460147,0.6193684284544191
2014-05-10__CO56,2014-05-10,CO56,,INTERPLATE,INTERPLATE/CO56/pre-pro-CO5620140510073601.npz,data/preprocessed/INTERPLATE/CO56/pre-pro-CO5620140510073601.npz,232097,cf4cdf7307e3146ebca90dd981acb681204bc96eadd182ab16fc8092c21f9ce8,6.1,294.0,18.48,2.03,-12.105676,0.7658253,-100.82,17.31,Rhyp,Ztor,original_table,False,11520,,,False,True,True,False,67.60650545785631,0.6727661884905309
2018-02-16__CO56,2018-02-16,CO56,,INTERPLATE,INTERPLATE/CO56/pre-pro-CO5620180216233938.npz,data/preprocessed/INTERPLATE/CO56/pre-pro-CO5620180216233938.npz,320752,61db58118904c39de515e17b5c294831f0333a462baa566ac495d32be6ce5c55,7.2,349.0,7.49,2.07,-12.105676,0.7658253,-98.03,16.25,ref_CU,Ztor,original_table,True,15552,,,True,True,True,True,103.08244762808394,0.6395970644427524
2020-06-23__CO56,2020-06-23,CO56,,INTERPLATE,INTERPLATE/CO56/pre-pro-CO5620200623152903.npz,data/preprocessed/INTERPLATE/CO56/pre-pro-CO5620200623152903.npz,312383,742ab4433441aa6cfd647c5b2c48ebc97af2e603119691812cc3ce02f911f3da,7.4,465.0,15.6,2.04,-12.105676,0.7658253,-96.12,15.784,ref_CU,Ztor,original_table,False,15360,,,False,True,True,False,119.47142049824066,0.5708795643179461
2021-09-08__CO56,2021-09-08,CO56,,INTERPLATE,INTERPLATE/CO56/pre-pro-CO5620210908014746.npz,data/preprocessed/INTERPLATE/CO56/pre-pro-CO5620210908014746.npz,300887,064ded2f3ce548e0cd053f6a0f19a3fdc9faf5175ba6a1639f6ec9be32a84b5d,7.1,266.0,8.33,2.07,-12.105676,0.7658253,-99.93,16.78,ref_CU,Ztor,original_table,False,14580,,,False,True,True,False,105.50223471978146,0.607068027114408
2022-09-19__CO56,2022-09-19,CO56,,INTERPLATE,INTERPLATE/CO56/pre-pro-CO5620220919180509.npz,data/preprocessed/INTERPLATE/CO56/pre-pro-CO5620220919180509.npz,286959,badb18578141d9f1fb8f18bc72fed76ca71a92cc19eb76d0fec10adedf4983d8,7.7,406.0,7.32,1.98,-12.105676,0.7658253,-103.29,18.22,ref_CU,Ztor,original_table,False,14400,,,False,True,True,False,105.06936145122164,0.5893000764131585
2022-09-22__CO56,2022-09-22,CO56,,INTERPLATE,INTERPLATE/CO56/pre-pro-CO5620220922061609.npz,data/preprocessed/INTERPLATE/CO56/pre-pro-CO5620220922061609.npz,221766,d3a915af32d972cb45b09682a357faea842ca27c9aabac33e6eeb6e57ac1a99e,6.8,458.0,6.23,1.97,-12.105676,0.7658253,-103.12,18.05,ref_CU,Ztor,original_table,False,11250,,,False,True,True,False,69.3497460126362,0.6477920466600497
2022-12-11__CO56,2022-12-11,CO56,,INTERPLATE,INTERPLATE/CO56/pre-pro-CO5620221211143130.npz,data/preprocessed/INTERPLATE/CO56/pre-pro-CO5620221211143130.npz,247780,5cfc86df6086f1b3af88071ca42b71b7ab5b3057cf096f9dd61e8c8010d3e78d,6.0,299.0,11.44,2.0,-12.105676,0.7658253,-100.63,17.13,Rhyp,Ztor,original_table,False,12150,,,False,False,False,False,68.02939451761992,0.69149066020761
2026-01-02__CO56,2026-01-02,CO56,,INTERPLATE,INTERPLATE/CO56/pre-pro-CO5620260102135815.npz,data/preprocessed/INTERPLATE/CO56/pre-pro-CO5620260102135815.npz,200129,b9ecd7d6629aaad923825434281295e819047ea7befdf9fd0bf5fc01f9b8cd4b,6.5,290.0,10.82,2.03,-12.105676,0.7658253,-99.41,16.77,ref_CU_prefix,Ztor,original_table,False,10000,,,False,True,True,False,75.27638530673585,0.5753095328251856
1989-04-25__CO56,1989-04-25,CO56,,INTERPLATE,INTERPLATE/CO56/pre-pro-CO568904.251.npz,data/preprocessed/INTERPLATE/CO56/pre-pro-CO568904.251.npz,238758,edb28c97a54dc5a24057ae25e701dfb5224b636e00930e5f0bd1e4985d81355e,6.9,300.0,16.26,2.39,-12.105676,0.7658253,-99.4,16.603,ref_CU,Ztor,original_table,False,12000,,,False,True,True,False,82.63252341972347,0.610315852771877
1990-05-31__CO56,1990-05-31,CO56,,INTERPLATE,INTERPLATE/CO56/pre-pro-CO569005.311.npz,data/preprocessed/INTERPLATE/CO56/pre-pro-CO569005.311.npz,114336,63c8cd278f3a5e2a481d17bbebc81b05004a5a6ea75dd4e2d12656bfd797a690,6.1,310.0,15.11,2.34,-12.105676,0.7658253,-100.893,17.106,Rhyp,Ztor,original_table,True,6250,,,True,False,False,False,8.267910325254476,0.9180096159732796
1995-09-14__CO56,1995-09-14,CO56,,INTERPLATE,INTERPLATE/CO56/pre-pro-CO569509.141.npz,data/preprocessed/INTERPLATE/CO56/pre-pro-CO569509.141.npz,217978,7f22a6a4ee371364fb06ad23894a0100df23f59fd154815733acabd5f5f1e766,7.3,330.0,15.75,2.27,-12.105676,0.7658253,-98.88,16.31,ref_CU,Ztor,original_table,False,10800,,,False,True,True,False,53.91993157484672,0.7212864076561216
1995-10-09__CO56,1995-10-09,CO56,,INTERPLATE,INTERPLATE/CO56/pre-pro-CO569510.091.npz,data/preprocessed/INTERPLATE/CO56/pre-pro-CO569510.091.npz,216090,a0ced702cfad33400269d800178088bdc5f42442aa77b7802c9c73acf4101ee5,8.0,452.0,19.05,2.22,-12.105676,0.7658253,-104.67,18.74,ref_fallback_MT50,Ztor,original_table,True,10800,,,True,False,False,False,36.62527178336438,0.8092433761283105
1996-07-15__CO56,1996-07-15,CO56,,INTERPLATE,INTERPLATE/CO56/pre-pro-CO569607.151.npz,data/preprocessed/INTERPLATE/CO56/pre-pro-CO569607.151.npz,134461,75b694cbdd90f52f9d221b393e36f6a7db6da692519724936b184dff5dd9324b,6.6,307.0,15.89,2.22,-12.105676,0.7658253,-101.1,17.4,ref_PA34,Ztor,original_table,True,7200,,,True,True,True,False,10.679502010345942,0.9100067244430272
1997-07-19__CO56,1997-07-19,CO56,,INTERPLATE,INTERPLATE/CO56/pre-pro-CO569707.192.npz,data/preprocessed/INTERPLATE/CO56/pre-pro-CO569707.192.npz,132426,645fe3c4a51f47105a03ad5ee544234e401dd3416642a87958f1fb7b6d0801be,6.7,403.0,11.92,2.25,-12.105676,0.7658253,-98.35,15.86,ref_any_AE02,Ztor,original_table,True,7200,,,True,False,False,False,8.305126696102633,0.9291613212546688
1998-02-03__CO56,1998-02-03,CO56,,INTERPLATE,INTERPLATE/CO56/pre-pro-CO569802.031.npz,data/preprocessed/INTERPLATE/CO56/pre-pro-CO569802.031.npz,123671,498a1da53bd4ec3aafd5d5484caa384e2788ef81c43ba95e2249a78fd2b66b4c,6.3,510.0,18.43,2.28,-12.105676,0.7658253,-96.37,15.69,Rhyp,Ztor,original_table,True,6750,,,True,False,False,False,4.867324147406734,0.9554437555162328
1989-04-25__CP28,1989-04-25,CP28,,INTERPLATE,INTERPLATE/CP28/pre-pro-ACP288904.251.npz,data/preprocessed/INTERPLATE/CP28/pre-pro-ACP288904.251.npz,112828,2ecbf1c3bb2a641818d643a47bf96dc630c64fecfa02a38e0dd98f27689833e5,6.9,303.0,16.26,0.5,-1.3233285,0.68257666,-99.4,16.603,ref_CU,Ztor,original_table,True,6076,,,True,True,True,False,20.41103971195136,0.7936820002835201
1990-05-31__CP28,1990-05-31,CP28,,INTERPLATE,INTERPLATE/CP28/pre-pro-ACP289005.311.npz,data/preprocessed/INTERPLATE/CP28/pre-pro-ACP289005.311.npz,40957,f6734aaaa37e11eaf68067a33544f8cb8db41368f69b69b216f27073640513e4,6.1,316.0,15.11,0.5,-1.3233285,0.68257666,-100.893,17.106,Rhyp,Ztor,original_table,True,2880,,,True,False,False,False,3.690782555977673,0.893851522692618
1995-09-14__CP28,1995-09-14,CP28,,INTERPLATE,INTERPLATE/CP28/pre-pro-ACP289509.141.npz,data/preprocessed/INTERPLATE/CP28/pre-pro-ACP289509.141.npz,146251,1b809a6802a8a3c6f485478619ad9905ed5671d46e9af3cc7d9e442cd32a738c,7.3,331.0,15.75,0.5,-1.3233285,0.68257666,-98.88,16.31,ref_CU,Ztor,original_table,True,7680,,,True,True,True,False,33.551193973895366,0.739913225008563
1996-07-15__CP28,1996-07-15,CP28,,INTERPLATE,INTERPLATE/CP28/pre-pro-ACP289607.151.npz,data/preprocessed/INTERPLATE/CP28/pre-pro-ACP289607.151.npz,80025,da1d3794f7b3369e452d8adbb2ca8a2fe9fa98536b5d623590c7f00c68b9994c,6.6,314.0,15.89,0.5,-1.3233285,0.68257666,-101.1,17.4,ref_PA34,Ztor,original_table,True,4800,,,True,False,False,False,10.935347897874172,0.8430858387448102
1998-02-03__CP28,1998-02-03,CP28,,INTERPLATE,INTERPLATE/CP28/pre-pro-ACP289802.031.npz,data/preprocessed/INTERPLATE/CP28/pre-pro-ACP289802.031.npz,125403,823644706a55d46f4438df1cff454f0b0520329c05830d6cde150eeda87b9f58,6.3,507.0,18.43,0.5,-1.3233285,0.68257666,-96.37,15.69,Rhyp,Ztor,original_table,True,6750,,,True,False,False,False,12.189476687343031,0.889927066215071
2000-08-09__CP28,2000-08-09,CP28,,INTERPLATE,INTERPLATE/CP28/pre-pro-BCP280008.091.npz,data/preprocessed/INTERPLATE/CP28/pre-pro-BCP280008.091.npz,125653,8ced69a0c1645ccbaf9b30ea0c24727fb78cc472309ba51eb4e78ca147aa3c93,6.5,374.0,25.97,0.5,-1.3233285,0.68257666,-102.66,17.99,ref_CU,Ztor,original_table,True,6750,,,True,False,False,False,20.03969581482683,0.8190383256743108
2012-03-20__CP28,2012-03-20,CP28,,INTERPLATE,INTERPLATE/CP28/pre-pro-BCP281203.201.npz,data/preprocessed/INTERPLATE/CP28/pre-pro-BCP281203.201.npz,175614,b884a61a67b0f32bf4e160814086fff8b69c23d8b389edcbeffe10bebe261b9a,7.5,327.0,14.82,0.5,-1.3233285,0.68257666,-98.531,16.254,ref_CU,Ztor,original_table,False,9000,,,False,True,True,False,61.490088942123705,0.6040560918086046
2014-04-18__CP28,2014-04-18,CP28,,INTERPLATE,INTERPLATE/CP28/pre-pro-BCP2820140418142723.npz,data/preprocessed/INTERPLATE/CP28/pre-pro-BCP2820140418142723.npz,201385,1499b7d65e5ca777c861a3a168450c89234fbc86cd7fe5157828f0f88abf6032,7.3,306.0,7.54,0.5,-1.3233285,0.68257666,-101.055,17.375,ref_CU,Ztor,original_table,True,10126,,,True,True,True,True,88.93966109684321,0.5018502234970135
2014-05-08__CP28,2014-05-08,CP28,,INTERPLATE,INTERPLATE/CP28/pre-pro-BCP2820140508170016.npz,data/preprocessed/INTERPLATE/CP28/pre-pro-BCP2820140508170016.npz,145820,2131b39299d6a898000d4285f2003cc86e2d5273ce5303a0c4ee8248baaabb17,6.5,286.0,17.14,0.5,-1.3233285,0.68257666,-100.74,17.36,ref_CU,Ztor,original_table,False,7680,,,False,True,True,False,56.91022855207048,0.556842948512144
2014-05-10__CP28,2014-05-10,CP28,,INTERPLATE,INTERPLATE/CP28/pre-pro-BCP2820140510073601.npz,data/preprocessed/INTERPLATE/CP28/pre-pro-BCP2820140510073601.npz,142371,d5ca1fc224dc6016a397839c8591575102fe156f7771be781dcbb41d9bebac98,6.1,300.0,18.48,0.5,-1.3233285,0.68257666,-100.82,17.31,Rhyp,Ztor,original_table,True,7500,,,True,True,True,True,46.61474668405843,0.6283900933987688
2018-02-16__CP28,2018-02-16,CP28,,INTERPLATE,INTERPLATE/CP28/pre-pro-BCP2820180216233938.npz,data/preprocessed/INTERPLATE/CP28/pre-pro-BCP2820180216233938.npz,172520,6a562a24de5fc525f99cf62c56411df7105f7ad848133a89e4fc4b482cfc0942,7.2,348.0,7.49,0.5,-1.3233285,0.68257666,-98.03,16.25,ref_CU,Ztor,original_table,False,9000,,,False,True,True,False,56.68995714171413,0.6286765105016432
2009-05-22__CP28,2009-05-22,CP28,,INSLAB,INTERPLATE/CP28/pre-pro-CP280905.221.npz,data/preprocessed/INTERPLATE/CP28/pre-pro-CP280905.221.npz,104358,4036ebd4c506d5c857b40524489450edd173ad976e8832f8cc734f24b4aca796,5.6,170.0,41.57,0.5,-1.3233285,0.68257666,-98.44,18.13,Rhyp,Ztor,original_table,True,5760,,,True,True,True,True,54.2078018238179,0.4060069929452345
2003-01-22__CP28,2003-01-22,CP28,,INTERPLATE,INTERPLATE/CP28/pre-pro-CP2820030122020634.npz,data/preprocessed/INTERPLATE/CP28/pre-pro-CP2820030122020634.npz,125804,391b396a6135757d50c575ebb9d38ba21903b3598461559d0911630305cef37e,7.5,512.0,19.79,0.5,-1.3233285,0.68257666,-103.9,18.86,ref_CU,Ztor,original_table,True,6750,,,True,False,False,False,13.39335845277563,0.8790558203650386
2021-09-08__CP28,2021-09-08,CP28,,INTERPLATE,INTERPLATE/CP28/pre-pro-CP2820210908014746.npz,data/preprocessed/INTERPLATE/CP28/pre-pro-CP2820210908014746.npz,180228,63813e984617c5e6a17b2a913711836e8813aa80ac53d6d35a98bdf8c9597ae3,7.1,270.0,8.33,0.5,-1.3233285,0.68257666,-99.93,16.78,ref_CU,Ztor,original_table,False,9216,,,False,True,True,False,74.51233858978912,0.5330429367062159
2022-09-19__CP28,2022-09-19,CP28,,INTERPLATE,INTERPLATE/CP28/pre-pro-CP2820220919180509.npz,data/preprocessed/INTERPLATE/CP28/pre-pro-CP2820220919180509.npz,242828,d73bc3c44b0580a2e1b1ef0f2ecb26d924c341c4a4047d19c9d570143900df80,7.7,414.0,7.32,0.5,-1.3233285,0.68257666,-103.29,18.22,ref_CU,Ztor,original_table,True,12000,,,True,True,True,True,70.30584767508253,0.6746304716999143
2022-09-22__CP28,2022-09-22,CP28,,INTERPLATE,INTERPLATE/CP28/pre-pro-CP2820220922061609.npz,data/preprocessed/INTERPLATE/CP28/pre-pro-CP2820220922061609.npz,211927,43b4272ed51103007828791b7cae98fa756df0111268f4a24dd8759244eeafa8,6.8,467.0,6.23,0.5,-1.3233285,0.68257666,-103.12,18.05,ref_CU,Ztor,original_table,True,10800,,,True,False,False,True,70.45659538232007,0.625569456436626
2022-12-11__CP28,2022-12-11,CP28,,INTERPLATE,INTERPLATE/CP28/pre-pro-CP2820221211143130.npz,data/preprocessed/INTERPLATE/CP28/pre-pro-CP2820221211143130.npz,123990,39375726bba42c2eb4d72f188d2b3f49ef647d7e4f075a754a09391b1c9039bc,6.0,305.0,11.44,0.5,-1.3233285,0.68257666,-100.63,17.13,Rhyp,Ztor,original_table,False,6750,,,False,False,False,False,22.69638257872917,0.7920434068285764
2026-01-02__CP28,2026-01-02,CP28,,INTERPLATE,INTERPLATE/CP28/pre-pro-CP2820260102135815.npz,data/preprocessed/INTERPLATE/CP28/pre-pro-CP2820260102135815.npz,128183,60c46191b94ed20f727eb7e4be4ee5a07f8e6863dc7e9bb20ba89c8038de2650,6.5,292.0,10.82,0.5,-1.3233285,0.68257666,-99.41,16.77,ref_CU_prefix,Ztor,original_table,False,6912,,,False,True,True,False,38.38302595523336,0.6598154218272324
2022-09-19__CS66,2022-09-19,CS66,,INTERPLATE,INTERPLATE/CS66/pre-pro-CS6620220919180509.npz,data/preprocessed/INTERPLATE/CS66/pre-pro-CS6620220919180509.npz,294162,97b41b630ee389b76d824b5a0f6953f6cb311dacc0224e83b9652bf9014a16f1,7.7,410.0,7.32,2.68,-5.041222,-3.4489145,-103.29,18.22,ref_CU,Ztor,original_table,True,14400,,,True,False,False,False,91.08995722346204,0.6528451647415601
2022-09-22__CS66,2022-09-22,CS66,,INTERPLATE,INTERPLATE/CS66/pre-pro-CS6620220922061609.npz,data/preprocessed/INTERPLATE/CS66/pre-pro-CS6620220922061609.npz,452987,2018702d5a11941929b8e651cb9061325639abbcf4ad119c7fb4fb6754a1c671,6.8,463.0,6.23,2.62,-5.041222,-3.4489145,-103.12,18.05,ref_CU,Ztor,original_table,True,11520,,,True,True,True,True,77.42834983788609,0.6179019451347904
2022-12-11__CS66,2022-12-11,CS66,,INTERPLATE,INTERPLATE/CS66/pre-pro-CS6620221211143130.npz,data/preprocessed/INTERPLATE/CS66/pre-pro-CS6620221211143130.npz,580082,e8e01820b12cd284f1ced1b50bf9fcf3e574c901538bb294264f1e4c98fcd50b,6.0,298.0,11.44,2.57,-5.041222,-3.4489145,-100.63,17.13,Rhyp,Ztor,original_table,False,14400,,,False,False,False,False,90.7462211195104,0.6509693604895848
2026-01-02__CS66,2026-01-02,CS66,,INTERPLATE,INTERPLATE/CS66/pre-pro-CS6620260102135815.npz,data/preprocessed/INTERPLATE/CS66/pre-pro-CS6620260102135815.npz,238840,5e0b7ab7c4bc0611192cd9ae621f2a26a9a8895c15085eabfd6a1b453698f746,6.5,285.0,10.82,2.62,-5.041222,-3.4489145,-99.41,16.77,ref_CU_prefix,Ztor,original_table,True,12000,,,True,True,True,True,52.12626495092451,0.7549075373757547
1989-04-25__CS78,1989-04-25,CS78,,INTERPLATE,INTERPLATE/CS78/pre-pro-ACS788904.251.npz,data/preprocessed/INTERPLATE/CS78/pre-pro-ACS788904.251.npz,113499,45d7961bdd06124c3fb5f963ad2c67e290eafef4681ef4d7a4a5e7de472fa6b0,6.9,294.0,16.26,0.5,-1.8137256,-0.4820648,-99.4,16.603,ref_CU,Ztor,original_table,True,6144,,,True,False,False,False,18.495311686031386,0.8152131912675453
1990-05-31__CS78,1990-05-31,CS78,,INTERPLATE,INTERPLATE/CS78/pre-pro-ACS789005.311.npz,data/preprocessed/INTERPLATE/CS78/pre-pro-ACS789005.311.npz,43953,9c9816f9e22c095706a3e11fc2785ccee9acf75dadbc8758222754deb3cb0d7f,6.1,301.0,15.11,0.5,-1.8137256,-0.4820648,-100.893,17.106,Rhyp,Ztor,original_table,True,3072,,,True,False,False,False,2.1055336801649105,0.9439719616773572
1995-09-14__CS78,1995-09-14,CS78,,INTERPLATE,INTERPLATE/CS78/pre-pro-ACS789509.141.npz,data/preprocessed/INTERPLATE/CS78/pre-pro-ACS789509.141.npz,155289,a73092be55893a4d8d8f133540b4f019de1bdea0a128cefd8d7e773a9ee93f82,7.3,324.0,15.75,0.5,-1.8137256,-0.4820648,-98.88,16.31,ref_CU,Ztor,original_table,True,8100,,,True,True,True,False,23.62630758020957,0.8286955656887357
2012-03-20__CS78,2012-03-20,CS78,,INTERPLATE,INTERPLATE/CS78/pre-pro-BCS781203.201.npz,data/preprocessed/INTERPLATE/CS78/pre-pro-BCS781203.201.npz,203846,c9edcd6739a41b2ae9a3276120bdea41a592a2150b5eefa3819da8342700792d,7.5,322.0,14.82,0.5,-1.8137256,-0.4820648,-98.531,16.254,MANUAL_REF,Ztor,original_table,False,10240,,,False,True,True,False,52.93641211748431,0.7080819889848665
2018-02-16__CS78,2018-02-16,CS78,,INTERPLATE,INTERPLATE/CS78/pre-pro-BCS7820180216233938.npz,data/preprocessed/INTERPLATE/CS78/pre-pro-BCS7820180216233938.npz,218475,2eedeeed6e8081133e5810f883d08eb0aac63823121f2c837e6d618e0d2e75cf,7.2,345.0,7.49,0.5,-1.8137256,-0.4820648,-98.03,16.25,MANUAL_REF,Ztor,original_table,True,10936,,,True,True,True,True,65.80777089482748,0.6611340324674176
2020-06-23__CS78,2020-06-23,CS78,,INTERPLATE,INTERPLATE/CS78/pre-pro-BCS7820200623152903.npz,data/preprocessed/INTERPLATE/CS78/pre-pro-BCS7820200623152903.npz,262512,630ef728d852d51bc1b6b7154c1bd9ad61fae31450b2385c2c5217354a4cf7ae,7.4,465.0,15.6,0.5,-1.8137256,-0.4820648,-96.12,15.784,MANUAL_REF,Ztor,original_table,False,12960,,,False,True,True,False,79.6902829910108,0.6591373326874084
2003-01-22__CS78,2003-01-22,CS78,,INTERPLATE,INTERPLATE/CS78/pre-pro-CS7820030122020634.npz,data/preprocessed/INTERPLATE/CS78/pre-pro-CS7820030122020634.npz,147462,0bf404dff42838c97c671f6d039f6cb7975c0e6ba0b14471a8f42be25b525eb4,7.5,496.0,19.79,0.5,-1.8137256,-0.4820648,-103.9,18.86,MANUAL_REF,Ztor,original_table,True,7680,,,True,False,False,False,7.24505087527875,0.9443715381197884
2021-09-08__CS78,2021-09-08,CS78,,INTERPLATE,INTERPLATE/CS78/pre-pro-CS7820210908014746.npz,data/preprocessed/INTERPLATE/CS78/pre-pro-CS7820210908014746.npz,236006,ccb78226c6c917432b933c3d4591e71f6f37a5be2ce6764788c05950167f0130,7.1,258.0,8.33,0.5,-1.8137256,-0.4820648,-99.93,16.78,ref_CU,Ztor,original_table,False,11664,,,False,True,True,False,82.86226399416967,0.604985155197742
2022-09-19__CS78,2022-09-19,CS78,,INTERPLATE,INTERPLATE/CS78/pre-pro-CS7820220919180509.npz,data/preprocessed/INTERPLATE/CS78/pre-pro-CS7820220919180509.npz,249508,f30fd9d6477edc5d3a2a69d40cd0edd80a4afee544567cb05c7b4469f0851efe,7.7,397.0,7.32,0.5,-1.8137256,-0.4820648,-103.29,18.22,ref_CU,Ztor,original_table,False,12288,,,False,True,True,False,64.48190502509911,0.7096717468478203
2022-09-22__CS78,2022-09-22,CS78,,INTERPLATE,INTERPLATE/CS78/pre-pro-CS7820220922061609.npz,data/preprocessed/INTERPLATE/CS78/pre-pro-CS7820220922061609.npz,206943,9b5e9b8d5733c38fdf87c72dfe1a9b3633e697ce0772f9123227cf208e0a0074,6.8,450.0,6.23,0.5,-1.8137256,-0.4820648,-103.12,18.05,ref_CU,Ztor,original_table,False,10368,,,False,False,False,False,48.0257501589455,0.7380365997984755
2022-12-11__CS78,2022-12-11,CS78,,INTERPLATE,INTERPLATE/CS78/pre-pro-CS7820221211143130.npz,data/preprocessed/INTERPLATE/CS78/pre-pro-CS7820221211143130.npz,119783,2c0fa924250c92f224e112780893ffbc5fe580b11d4ccca2db57ddeb479ee3b8,6.0,290.0,11.44,0.5,-1.8137256,-0.4820648,-100.63,17.13,Rhyp,Ztor,original_table,False,6400,,,False,False,False,False,13.28982161887562,0.8740062417626505
2026-01-02__CS78,2026-01-02,CS78,,INTERPLATE,INTERPLATE/CS78/pre-pro-CS7820260102135815.npz,data/preprocessed/INTERPLATE/CS78/pre-pro-CS7820260102135815.npz,162610,5bc6ec9e25d7cdfe245212ea616f04a25608ab35ac0c1bb76b2436f8df96a68c,6.5,283.0,10.82,0.5,-1.8137256,-0.4820648,-99.41,16.77,ref_CU_prefix,Ztor,original_table,False,8640,,,False,True,True,False,52.90883935004835,0.6323732674399086
1965-08-23__CU,1965-08-23,CU,supplemental,INTERPLATE,INTERPLATE/CU/pre-pro-CU016508.231.npz,data/preprocessed/INTERPLATE/CU/pre-pro-CU016508.231.npz,63349,0bd3161ecf459447c3b5523270584373ea6c962fcb2e8cd6400ffd32ff8f37b1,7.45,446.0,8.67,0.5,-3.0260952,-1.807429,-96.02,16.28,original_duration_table_unspecified,Ztor,same_station_same_Ts_nearest_geographic_row,True,3888,1993-08-05__CU,0.0,True,False,False,False,0.330299532841849,0.9939934618504846
1968-08-02__CU,1968-08-02,CU,supplemental,INTERPLATE,INTERPLATE/CU/pre-pro-CU016808.021.npz,data/preprocessed/INTERPLATE/CU/pre-pro-CU016808.021.npz,31645,1ea2a0dfa7160a8d6ebf6de7b19a1985b2227e252e6a005cdbf0be6d44105c62,7.2,339.0,10.38,0.5,-3.0260952,-1.807429,-98.08,16.25,original_duration_table_unspecified,Ztor,same_station_same_Ts_nearest_geographic_row,True,2500,1993-08-05__CU,0.0,True,False,False,False,1.7475005866852025,0.9340565816345208
1976-06-07__CU,1976-06-07,CU,supplemental,INTERPLATE,INTERPLATE/CU/pre-pro-CU017606.071.npz,data/preprocessed/INTERPLATE/CU/pre-pro-CU017606.071.npz,53377,0810e2d283eeed9ed7f7e373a56dbdcbda73fe1ea962de0d8bf791248ee4be99,6.4,311.0,26.6,0.5,-3.0260952,-1.807429,-101.46,17.45,original_duration_table_unspecified,Ztor,same_station_same_Ts_nearest_geographic_row,True,3456,1993-08-05__CU,0.0,True,False,False,False,0.5000789660899159,0.9891050334185204
1979-03-14__CU,1979-03-14,CU,supplemental,INTERPLATE,INTERPLATE/CU/pre-pro-CU017903.141.npz,data/preprocessed/INTERPLATE/CU/pre-pro-CU017903.141.npz,55359,b52730a530702600b11e62426839676fea1ed12432571184bdfff40a7404f157,7.55,285.0,18.55,0.5,-3.0260952,-1.807429,-101.46,17.46,original_duration_table_unspecified,Ztor,same_station_same_Ts_nearest_geographic_row,True,3600,1993-08-05__CU,0.0,True,False,False,False,2.900543791373792,0.9393191675444812
1982-06-07__CU,1982-06-07,CU,supplemental,INTERPLATE,INTERPLATE/CU/pre-pro-CU018206.071.npz,data/preprocessed/INTERPLATE/CU/pre-pro-CU018206.071.npz,62217,ed50e89aed20d872e0b340248e5a00b9aa8b02f9f08f576aa05544e5328c1ee7,6.9,310.0,14.52,0.5,-3.0260952,-1.807429,-98.339,16.516,original_duration_table_unspecified,Ztor,same_station_same_Ts_nearest_geographic_row,True,3840,1993-08-05__CU,0.0,True,False,False,False,1.2552038855865106,0.976669072758615
1985-09-19__CU,1985-09-19,CU,supplemental,INTERPLATE,INTERPLATE/CU/pre-pro-CU018509.191.npz,data/preprocessed/INTERPLATE/CU/pre-pro-CU018509.191.npz,184555,a0197868ca3525270f68241ec62fb7036bdc91f5fcad2b2facd5901609c02a8a,8.1,300.0,3.54,0.5,-3.0260952,-1.807429,-102.71,18.14,MANUAL_REF,Ztor,original_table,True,9376,,,True,True,True,True,49.25596368950208,0.6990348057588777
1986-04-30__CU,1986-04-30,CU,supplemental,INTERPLATE,INTERPLATE/CU/pre-pro-CU018604.301.npz,data/preprocessed/INTERPLATE/CU/pre-pro-CU018604.301.npz,57541,965d36a058292823d9bcc4a164752eeaa22bd73e8fc37bd46b462e1de61222b4,7.0,403.0,16.16,0.5,-3.0260952,-1.807429,-103.045,18.361,original_duration_table_unspecified,Ztor,same_station_same_Ts_nearest_geographic_row,True,3646,1993-08-05__CU,0.0,True,False,False,False,3.1284155254995767,0.937369058548557
1988-02-08__CU,1988-02-08,CU,supplemental,INTERPLATE,INTERPLATE/CU/pre-pro-CU018802.081.npz,data/preprocessed/INTERPLATE/CU/pre-pro-CU018802.081.npz,43112,07e0dfa399c82ee0f9db945b536259261d5b0ba87b74d8acaa6ede45078a7424,5.9,299.0,14.59,0.5,-3.0260952,-1.807429,-101.22,17.4,original_duration_table_unspecified,Ztor,same_station_same_Ts_nearest_geographic_row,True,3000,1993-08-05__CU,0.0,True,False,False,False,1.404086024078801,0.9620106595216776
1989-04-25__CU,1989-04-25,CU,supplemental,INTERPLATE,INTERPLATE/CU/pre-pro-CU018904.251.npz,data/preprocessed/INTERPLATE/CU/pre-pro-CU018904.251.npz,62514,29f81fd3aab8b35f1f274e0e2c2eddd2e60df045dea6c185fb9ad28f838c3d95,6.9,290.0,16.26,0.5,-3.0260952,-1.807429,-99.4,16.603,MANUAL_REF,Ztor,original_table,True,3840,,,True,False,False,False,2.4095378634112308,0.9555107484599108
1990-05-11__CU,1990-05-11,CU,supplemental,INTERPLATE,INTERPLATE/CU/pre-pro-CU019005.111.npz,data/preprocessed/INTERPLATE/CU/pre-pro-CU019005.111.npz,214498,3dd8f73b7413308066ccb9246e9b48a2b463ad088fec0f99b4aa084b1ef3acea,5.6,294.0,13.98,0.5,-3.0260952,-1.807429,-100.8,17.14,original_duration_table_unspecified,Ztor,same_station_same_Ts_nearest_geographic_row,True,10800,1993-08-05__CU,0.0,True,False,False,False,6.350512301265752,0.9669192462297976
1990-05-31__CU,1990-05-31,CU,supplemental,INTERPLATE,INTERPLATE/CU/pre-pro-CU019005.311.npz,data/preprocessed/INTERPLATE/CU/pre-pro-CU019005.311.npz,166091,76e76c54da1a37064dad5091e7587aa0ae7e47c79a838488b269c53d767edf8a,6.1,300.0,15.11,0.5,-3.0260952,-1.807429,-100.893,17.106,Rhyp,Ztor,original_table,True,8640,,,True,False,False,True,31.851259486571337,0.7830591235078918
1993-05-15__CU,1993-05-15,CU,,INTERPLATE,INTERPLATE/CU/pre-pro-CU019305.152.npz,data/preprocessed/INTERPLATE/CU/pre-pro-CU019305.152.npz,190884,07df9b51ef41069f3d7c0b577a97270b1e37b7b6efac9280612835b3dc35b91f,5.9,326.0,35.38,0.5,-3.0260952,-1.807429,-98.72,16.43,,Ztor,original_table,False,9720,,,False,False,False,False,53.074636229432215,0.688657029216682
1996-07-15__CU,1996-07-15,CU,,INTERPLATE,INTERPLATE/CU/pre-pro-CU019607.151.npz,data/preprocessed/INTERPLATE/CU/pre-pro-CU019607.151.npz,54184,eb778f21ac8e360aaff64c13676d433d83d5f4f632a357ab3e3e230b06e557cc,6.6,298.0,15.89,0.5,-3.0260952,-1.807429,-101.1,17.4,ref_PA34,Ztor,original_table,True,3600,,,True,False,False,False,2.9438756859493864,0.936907936434861
1985-09-21__CU,1985-09-21,CU,supplemental,INTERPLATE,INTERPLATE/CU/pre-pro-CUIP8509.211.npz,data/preprocessed/INTERPLATE/CU/pre-pro-CUIP8509.211.npz,34501,e9bf8caf3a1ab21bb4fe5676bbe30943662b794e573b19203ff53df87cf741f8,7.6,302.0,12.21,0.5,-3.0260952,-1.807429,-101.82,17.62,original_duration_table_unspecified,Ztor,same_station_same_Ts_nearest_geographic_row,True,2592,1993-08-05__CU,0.0,True,False,False,False,0.857137882983924,0.970545089931824
2000-08-09__CU,2000-08-09,CU,,INTERPLATE,INTERPLATE/CU/pre-pro-CUP10008.091.npz,data/preprocessed/INTERPLATE/CU/pre-pro-CUP10008.091.npz,145976,f301599ca4f7dabff096beb99b60bf43244732c201c2a2f2f709036c96b9da32,6.5,360.0,25.97,0.5,-3.0260952,-1.807429,-102.66,17.99,MANUAL_REF,Ztor,original_table,True,7680,,,True,False,False,False,19.70801505870148,0.8472246894674305
2003-01-22__CU,2003-01-22,CU,supplemental,INTERPLATE,INTERPLATE/CU/pre-pro-CUP50301.221.npz,data/preprocessed/INTERPLATE/CU/pre-pro-CUP50301.221.npz,449336,7a2c59d9b4782c223cae1d9eb74375bf128ef4d18e53f67b4b71b299a06ac1f4,7.5,500.0,19.79,0.5,-3.0260952,-1.807429,-103.9,18.86,,Ztor,original_table,True,9216,,,True,True,True,False,22.196625144169644,0.8621464628100957
2004-01-01__CU,2004-01-01,CU,supplemental,INTERPLATE,INTERPLATE/CU/pre-pro-CUP50401.011.npz,data/preprocessed/INTERPLATE/CU/pre-pro-CUP50401.011.npz,266898,e032053af130bd972e256d61918ac07dd7a4ec92eb462578dba12b4f8d4b3745,5.7,319.0,19.26,0.5,-3.0655992,-1.8559812,-101.36,17.3,original_duration_table_unspecified,Ztor,same_station_same_Ts_nearest_geographic_row,True,6000,2006-02-20__CU,0.0002517459036445,True,False,False,False,4.972920517271547,0.9476534682392468
2009-01-31__CU,2009-01-31,CU,supplemental,INTERPLATE,INTERPLATE/CU/pre-pro-CUP50901.311.npz,data/preprocessed/INTERPLATE/CU/pre-pro-CUP50901.311.npz,114293,f27d5d04560daa0dd1f08bf3e30bd1fc09d349965a4f27d4c100339ef6959bf5,5.2,343.0,11.33,0.5,-3.0655992,-1.8559812,-101.94,17.66,original_duration_table_unspecified,Ztor,same_station_same_Ts_nearest_geographic_row,True,6144,2006-02-20__CU,0.0002517459036445,True,False,False,False,16.250872400928742,0.8379611885439352
2010-06-30__CU,2010-06-30,CU,supplemental,INTERPLATE,INTERPLATE/CU/pre-pro-CUP51006.301.npz,data/preprocessed/INTERPLATE/CU/pre-pro-CUP51006.301.npz,133804,dbd57d4c2e76519c73893d31cddc9bbb08cb325c30ca7a578ac3bec1b8ca6bba,6.3,358.0,15.64,0.5,-3.0655992,-1.8559812,-97.99,16.24,original_duration_table_unspecified,Ztor,same_station_same_Ts_nearest_geographic_row,True,7200,2006-02-20__CU,0.0002517459036445,True,False,False,False,26.99260096390742,0.7706466057956715
2012-03-20__CU,2012-03-20,CU,supplemental,INTERPLATE,INTERPLATE/CU/pre-pro-CUP51203.201.npz,data/preprocessed/INTERPLATE/CU/pre-pro-CUP51203.201.npz,231770,007c29deda1b4691bf26be3d9645959811e7f1f93d75c13562498aa443e75dc6,7.5,317.0,14.82,0.5,-3.0655992,-1.8559812,-98.531,16.254,,Ztor,original_table,False,11520,,,False,True,True,False,67.69888928121051,0.6712050059193273
2012-04-11__CU,2012-04-11,CU,supplemental,INTERPLATE,INTERPLATE/CU/pre-pro-CUP51204.111.npz,data/preprocessed/INTERPLATE/CU/pre-pro-CUP51204.111.npz,143272,4243cb665264b8d0793a063e08c756e824f579dbec65bf327fdd795aa1813029,6.7,426.0,17.2,0.5,-3.0655992,-1.8559812,-103.068,17.9217,original_duration_table_unspecified,Ztor,same_station_same_Ts_nearest_geographic_row,True,7500,2006-02-20__CU,0.0002517459036445,True,False,False,False,12.144046139781636,0.903862839298752
2013-08-21__CU,2013-08-21,CU,supplemental,INTERPLATE,INTERPLATE/CU/pre-pro-CUP51308.211.npz,data/preprocessed/INTERPLATE/CU/pre-pro-CUP51308.211.npz,164101,677b03dac297ae8a4a0ed50fa3e2f9d3efa5b208ee1ecc94c2363253ad2531ff,6.2,283.0,21.36,0.5,-3.0655992,-1.8559812,-99.5812,16.7527,original_duration_table_unspecified,Ztor,same_station_same_Ts_nearest_geographic_row,True,8640,2006-02-20__CU,0.0002517459036445,True,False,False,True,34.60128896167791,0.7616005996852838
2014-04-18__CU,2014-04-18,CU,supplemental,INTERPLATE,INTERPLATE/CU/pre-pro-CUP51404.181.npz,data/preprocessed/INTERPLATE/CU/pre-pro-CUP51404.181.npz,222137,ba22edd11b0ee0896c4efd6b862b10793d6819711c5f5dbad59e9f9b26dc61d0,7.3,290.0,7.54,0.5,-3.0655992,-1.8559812,-101.055,17.375,,Ztor,original_table,False,11250,,,False,True,True,False,65.93902271500207,0.6651651718123086
2014-05-08__CU,2014-05-08,CU,supplemental,INTERPLATE,INTERPLATE/CU/pre-pro-CUP51405.081.npz,data/preprocessed/INTERPLATE/CU/pre-pro-CUP51405.081.npz,198003,7b986515bb451cd7f6f4228ccda21d7e448dad1e4aa1efa4b8c5c5ddf6c7eb8f,6.5,270.0,17.14,0.5,-3.0655992,-1.8559812,-100.74,17.36,,Ztor,original_table,True,10000,,,True,True,True,True,46.08131479160326,0.737143832116803
2014-05-10__CU,2014-05-10,CU,supplemental,INTERPLATE,INTERPLATE/CU/pre-pro-CUP51405.101.npz,data/preprocessed/INTERPLATE/CU/pre-pro-CUP51405.101.npz,160649,a0f87f71ac249ac4839940625075425bcf8d0b8d41134a4679142b8860367f1a,6.1,280.0,18.48,0.5,-3.0655992,-1.8559812,-100.82,17.31,,Ztor,original_table,True,8640,,,True,False,False,False,28.50383394029302,0.7988437971750669
2014-05-24__CU,2014-05-24,CU,supplemental,INTERPLATE,INTERPLATE/CU/pre-pro-CUP51405.241.npz,data/preprocessed/INTERPLATE/CU/pre-pro-CUP51405.241.npz,114532,5d633c92cd167e40ee25ae05353d09a68aefaf26530bacfce988b19a8d45f121,5.7,354.0,15.06,0.5,-3.0655992,-1.8559812,-98.4073,16.2002,original_duration_table_unspecified,Ztor,same_station_same_Ts_nearest_geographic_row,True,6250,2006-02-20__CU,0.0002517459036445,True,False,False,False,14.980847234921256,0.8508180916657911
2016-05-08__CU,2016-05-08,CU,supplemental,INTERPLATE,INTERPLATE/CU/pre-pro-CUP51605.081.npz,data/preprocessed/INTERPLATE/CU/pre-pro-CUP51605.081.npz,198085,c4097888e93c782a04e2497ef4c6086e10190877e688eb301851e96064ea413d,5.9,357.0,22.49,0.5,-3.0655992,-1.8559812,-97.8773,16.323,original_duration_table_unspecified,Ztor,same_station_same_Ts_nearest_geographic_row,True,10000,2006-02-20__CU,0.0002517459036445,True,False,False,True,57.69681572266244,0.6714304343811934
2016-06-27__CU,2016-06-27,CU,supplemental,INTERPLATE,INTERPLATE/CU/pre-pro-CUP51606.271.npz,data/preprocessed/INTERPLATE/CU/pre-pro-CUP51606.271.npz,390306,51270028fde658a6f3f31f9ab42ac8b17d3431e3b2a612326101dc2f6b7d6a00,5.6,366.0,20.28,0.5,-3.0655992,-1.8559812,-98.003,16.208,original_duration_table_unspecified,Ztor,same_station_same_Ts_nearest_geographic_row,True,18750,2006-02-20__CU,0.0002517459036445,True,False,False,False,48.15174514631559,0.8615891656951462
2018-02-16__CU,2018-02-16,CU,supplemental,INTERPLATE,INTERPLATE/CU/pre-pro-CUP51802.161.npz,data/preprocessed/INTERPLATE/CU/pre-pro-CUP51802.161.npz,184973,1e21f3ff502c47fffa441294d0ee40f1c7c57dcf014b9c2d6690e616919ab14e,7.2,340.0,7.49,0.5,-3.0655992,-1.8559812,-98.03,16.25,,Ztor,original_table,True,9376,,,True,True,True,True,45.17239783514799,0.7241548739915242
2018-02-17__CU,2018-02-17,CU,supplemental,INTERPLATE,INTERPLATE/CU/pre-pro-CUP51802.171.npz,data/preprocessed/INTERPLATE/CU/pre-pro-CUP51802.171.npz,469315,f97dac83bba3da14ae48386fbd56ad2b5540c85e2f5e9e71370deb8c1da6836f,6.0,402.0,15.13,0.5,-3.0655992,-1.8559812,-97.9887,15.8438,original_duration_table_unspecified,Ztor,same_station_same_Ts_nearest_geographic_row,True,22500,2006-02-20__CU,0.0002517459036445,True,False,False,False,39.94397511327503,0.9046114027145672
2018-02-19__CU,2018-02-19,CU,supplemental,INTERPLATE,INTERPLATE/CU/pre-pro-CUP51802.191.npz,data/preprocessed/INTERPLATE/CU/pre-pro-CUP51802.191.npz,123606,bb279ba24f6169548a8fa5a996d0e28eeeacc28eea6d96b74cba5f2a963729e0,5.9,369.0,22.39,0.5,-3.0655992,-1.8559812,-97.775,16.2477,original_duration_table_unspecified,Ztor,same_station_same_Ts_nearest_geographic_row,True,6750,2006-02-20__CU,0.0002517459036445,True,False,False,False,18.732066708110352,0.8278144433485582
2020-06-23__CU,2020-06-23,CU,supplemental,INTERPLATE,INTERPLATE/CU/pre-pro-CUP52006.231.npz,data/preprocessed/INTERPLATE/CU/pre-pro-CUP52006.231.npz,207794,54df2de42a3d8cd1f4e4f2881a0117ede2cf947e82bef5195009862c2e603e98,7.4,459.0,15.6,0.5,-3.0655992,-1.8559812,-96.12,15.784,,Ztor,original_table,False,10368,,,False,True,True,False,54.11396643011364,0.706157871252641
2021-09-08__CU,2021-09-08,CU,supplemental,INTERPLATE,INTERPLATE/CU/pre-pro-CUP52109.081.npz,data/preprocessed/INTERPLATE/CU/pre-pro-CUP52109.081.npz,239034,2861afa20e6245469329db7fbcb1c81e89ab5ddc24a61330ab7b1d527a2adc9d,7.1,259.0,8.33,0.5,-3.0655992,-1.8559812,-99.953,16.755,MANUAL_REF,Ztor,original_table,False,12000,,,False,True,True,False,77.23773923132924,0.6357225900517416
2022-09-19__CU,2022-09-19,CU,supplemental,INTERPLATE,INTERPLATE/CU/pre-pro-CUP52209.191.npz,data/preprocessed/INTERPLATE/CU/pre-pro-CUP52209.191.npz,219702,a2bb3f92b51249d52cc48512e047f291bdc16add65ce9d1011fff30469c20357,7.7,398.0,7.32,0.5,-3.0655992,-1.8559812,-103.269,18.238,MANUAL_REF,Ztor,original_table,True,10936,,,True,True,True,True,52.374285661240265,0.7317303403101969
2022-09-22__CU,2022-09-22,CU,supplemental,INTERPLATE,INTERPLATE/CU/pre-pro-CUP52209.221.npz,data/preprocessed/INTERPLATE/CU/pre-pro-CUP52209.221.npz,165040,c517a6145d5c58982bb920f6377bdd2d1bebb46a59c421258d6742df4ee95a67,6.8,453.0,6.23,0.5,-3.0655992,-1.8559812,-103.12,18.05,MANUAL_REF,Ztor,original_table,False,8640,,,False,True,True,False,44.97645527439447,0.6914560247348942
2022-12-11__CU,2022-12-11,CU,,INTERPLATE,INTERPLATE/CU/pre-pro-CUP52212.111.npz,data/preprocessed/INTERPLATE/CU/pre-pro-CUP52212.111.npz,147592,0fd9d57006831382b62af0775e86c57f169660399b0dbb620c613de9bab59f19,6.0,289.0,21.44,0.5,-3.0655992,-1.8559812,-100.627,17.13,Rhyp,Ztor,original_table,True,7680,,,True,False,False,False,17.833910838277262,0.8628477210007132
1995-09-14__CU,1995-09-14,CU,supplemental,INTERPLATE,INTERPLATE/CU/pre-pro-CUP59509.141.npz,data/preprocessed/INTERPLATE/CU/pre-pro-CUP59509.141.npz,235924,f871e0f458e04356772c70f1f187be7ca7da43ff1ea5faae3df14da93ae23c12,7.3,320.0,15.75,0.5,-3.0260952,-1.807429,-98.88,16.31,MANUAL_REF,Ztor,original_table,True,5400,,,True,True,True,False,11.101185997019796,0.8677800619697499
1997-12-16__CU,1997-12-16,CU,supplemental,INTERPLATE,INTERPLATE/CU/pre-pro-CUP59712.161.npz,data/preprocessed/INTERPLATE/CU/pre-pro-CUP59712.161.npz,212188,0c03779d1187d62081e7d1c57c60d79b65bcb0e31f9647dc76f27a88c334fe33,6.0,398.0,14.43,0.5,-3.0655992,-1.8559812,-99.04,15.7,original_duration_table_unspecified,Ztor,same_station_same_Ts_nearest_geographic_row,True,5000,2006-02-20__CU,0.0002517459036445,True,False,False,False,5.191522154503431,0.9312089606919034
1998-02-03__CU,1998-02-03,CU,supplemental,INTERPLATE,INTERPLATE/CU/pre-pro-CUP59802.031.npz,data/preprocessed/INTERPLATE/CU/pre-pro-CUP59802.031.npz,339156,256182a1ed64407a8551406f00acbec564b6b5818ae7eda208288417fe54cbaa,6.3,503.0,18.43,0.5,-3.0260952,-1.807429,-96.37,15.69,Rhyp,Ztor,original_table,True,7200,,,True,False,False,False,9.956348388105129,0.9177161290239244
1998-07-11__CU,1998-07-11,CU,supplemental,INTERPLATE,INTERPLATE/CU/pre-pro-CUP59807.111.npz,data/preprocessed/INTERPLATE/CU/pre-pro-CUP59807.111.npz,197269,d3b4e589e35f1485a63541638e560fdcd3a41fe185a88e2248582290eff3b443,5.5,337.0,23.18,0.5,-3.0655992,-1.8559812,-101.54,17.25,original_duration_table_unspecified,Ztor,same_station_same_Ts_nearest_geographic_row,True,4800,2006-02-20__CU,0.0002517459036445,True,False,False,False,3.04969403173061,0.9564329424038484
1998-07-12__CU,1998-07-12,CU,supplemental,INTERPLATE,INTERPLATE/CU/pre-pro-CUP59807.121.npz,data/preprocessed/INTERPLATE/CU/pre-pro-CUP59807.121.npz,197354,1a5d6f778d2ce7c974491f3d452df3646c957321c99c370216af6801c656f218,5.5,305.0,14.08,0.5,-3.0655992,-1.8559812,-100.44,16.83,original_duration_table_unspecified,Ztor,same_station_same_Ts_nearest_geographic_row,True,4800,2006-02-20__CU,0.0002517459036445,True,False,False,False,0.235970901055964,0.996628987127772
2021-09-08__CU80,2021-09-08,CU80,,INTERPLATE,INTERPLATE/CU80/pre-pro-CU8020210908014746.npz,data/preprocessed/INTERPLATE/CU80/pre-pro-CU8020210908014746.npz,256382,9a13c4bf4b958cf527bd03719d4989ee98eb11288dca329dd4bafa8a2d894334,7.1,254.0,8.33,2.46,-6.5336466,-11.849455,-99.93,16.78,ref_CU,Ztor,original_table,False,12800,,,False,True,True,False,60.98653512223351,0.7332055858863752
2022-09-19__CU80,2022-09-19,CU80,,INTERPLATE,INTERPLATE/CU80/pre-pro-CU8020220919180509.npz,data/preprocessed/INTERPLATE/CU80/pre-pro-CU8020220919180509.npz,251244,9a7b9bc3318c9a91ad6474e4b79a1bd8b71c8399d8cf701d8c08efc2a8810e0f,7.7,407.0,7.32,2.35,-6.5336466,-11.849455,-103.29,18.22,ref_CU,Ztor,original_table,False,12500,,,False,True,True,False,64.84429765022341,0.7100764658400098
2022-09-22__CU80,2022-09-22,CU80,,INTERPLATE,INTERPLATE/CU80/pre-pro-CU8020220922061609.npz,data/preprocessed/INTERPLATE/CU80/pre-pro-CU8020220922061609.npz,248736,552bc1e6ff4c5b25e43c227be17251e444392a5187355bf6d03b8a4938840ac4,6.8,459.0,6.23,2.26,-6.5336466,-11.849455,-103.12,18.05,ref_CU,Ztor,original_table,True,12288,,,True,True,True,True,83.45704035814725,0.6225712718969462
2022-12-11__CU80,2022-12-11,CU80,,INTERPLATE,INTERPLATE/CU80/pre-pro-CU8020221211143130.npz,data/preprocessed/INTERPLATE/CU80/pre-pro-CU8020221211143130.npz,232103,179ad43dfb4c2796203ec8fa90c8d555715b6554b1546428ec6a342ca7bdb51f,6.0,290.0,11.44,2.39,-6.5336466,-11.849455,-100.63,17.13,Rhyp,Ztor,original_table,False,11520,,,False,False,False,False,14.35818794764134,0.9304519837847356
2026-01-02__CU80,2026-01-02,CU80,,INTERPLATE,INTERPLATE/CU80/pre-pro-CU8020260102135815.npz,data/preprocessed/INTERPLATE/CU80/pre-pro-CU8020260102135815.npz,264921,98f979c599495ed3a5451f52c152fab97e5b8f879705a9b20b358ab5d492677e,6.5,276.0,10.82,2.2,-6.5336466,-11.849455,-99.41,16.77,MANUAL_REF,Ztor,original_table,True,12960,,,True,False,False,True,57.04736364493618,0.7579045847694101
2021-09-08__D270,2021-09-08,D270,,INTERPLATE,INTERPLATE/D270/pre-pro-D27020210908014746.npz,data/preprocessed/INTERPLATE/D270/pre-pro-D27020210908014746.npz,561724,c72648a4d5d9f543f3698902fece314cb197864025ca18ba5e01f6dc330fddb3,7.1,256.0,8.33,0.79,-6.138156,-2.7343462,-99.93,16.78,ref_CU,Ztor,original_table,True,13824,,,True,True,True,True,117.9882932229653,0.531001517547589
2022-09-19__D270,2022-09-19,D270,,INTERPLATE,INTERPLATE/D270/pre-pro-D27020220919180509.npz,data/preprocessed/INTERPLATE/D270/pre-pro-D27020220919180509.npz,514454,c143f0919c6bba681b49e6cae18b59ed04bba27b62d9dd544bbdbffe06ccf4da,7.7,399.0,7.32,0.74,-6.0211787,-2.6822367,-103.29,18.22,ref_CU,Ztor,original_table,True,12800,,,True,True,True,True,90.29255547815282,0.6081137324356988
2022-09-22__D270,2022-09-22,D270,,INTERPLATE,INTERPLATE/D270/pre-pro-D27020220922061609.npz,data/preprocessed/INTERPLATE/D270/pre-pro-D27020220922061609.npz,420776,6ced81dd960d004f1624f34291a59ce5e66812fd5a96a03f521e713fec486b37,6.8,451.0,6.23,0.78,-6.1202617,-2.7263749,-103.12,18.05,ref_CU,Ztor,original_table,False,10800,,,False,True,True,False,65.60865588842361,0.6510920235672005
2022-12-11__D270,2022-12-11,D270,,INTERPLATE,INTERPLATE/D270/pre-pro-D27020221211143130.npz,data/preprocessed/INTERPLATE/D270/pre-pro-D27020221211143130.npz,358289,b06099022b6ecfbd9bb6cdbf634ca6d3199386049bf9ec94249dbc1e02721132,6.0,289.0,11.44,0.76,-6.076889,-2.707054,-100.63,17.13,Rhyp,Ztor,original_table,False,9216,,,False,False,False,False,40.71641781834039,0.7453393512941152
2026-01-02__D270,2026-01-02,D270,,INTERPLATE,INTERPLATE/D270/pre-pro-D27020260102135815.npz,data/preprocessed/INTERPLATE/D270/pre-pro-D27020260102135815.npz,189564,9496690d438e6959394a7952bb5106355b8d9eba0e903c4904e2810dcc134f3f,6.5,280.0,10.82,0.78,-6.1202617,-2.7263749,-99.41,16.77,ref_CU_prefix,Ztor,original_table,False,9600,,,False,True,True,False,68.60302108564707,0.5915027921540605
2000-08-09__DM12,2000-08-09,DM12,,INTERPLATE,INTERPLATE/DM12/pre-pro-DM120008.091.npz,data/preprocessed/INTERPLATE/DM12/pre-pro-DM120008.091.npz,230886,04318d824f7ac74cc25c9cca6d9b792774232a09ded476f35e2c11e6dc358520,6.5,373.0,25.97,3.51,-4.320086,1.2092564,-102.66,17.99,ref_CU,Ztor,original_table,False,11520,,,False,True,True,False,47.25552622878595,0.770113221303824
2012-03-20__DM12,2012-03-20,DM12,,INTERPLATE,INTERPLATE/DM12/pre-pro-DM121203.201.npz,data/preprocessed/INTERPLATE/DM12/pre-pro-DM121203.201.npz,347665,6dc672dc7bc7cc08b4ee30f8a36f54ebe31b70570ad6c3f8b485393b036cf9d9,7.5,326.0,14.82,3.2,-4.320086,1.2092564,-98.531,16.254,ref_CU,Ztor,original_table,False,16876,,,False,True,True,False,88.4618528532423,0.7156573146049876
2003-01-22__DM12,2003-01-22,DM12,,INTERPLATE,INTERPLATE/DM12/pre-pro-DM1220030122020634.npz,data/preprocessed/INTERPLATE/DM12/pre-pro-DM1220030122020634.npz,333203,74dd96330c6c677449fa03036a9c78a86dd4c090baf85fd25fb4d43fd44c9197,7.5,510.0,19.79,3.51,-4.320086,1.2092564,-103.9,18.86,ref_CU,Ztor,original_table,False,16200,,,False,True,True,False,42.91188547228265,0.8557680644249709
2014-04-18__DM12,2014-04-18,DM12,,INTERPLATE,INTERPLATE/DM12/pre-pro-DM1220140418142723.npz,data/preprocessed/INTERPLATE/DM12/pre-pro-DM1220140418142723.npz,317778,ab1d159340dcdeb58d95dda879f408c466fd8dda9e13b9a4629c4c5b14e444e0,7.3,304.0,7.54,3.1,-4.320086,1.2092564,-101.055,17.375,ref_CU,Ztor,original_table,False,15360,,,False,True,True,False,112.40981918011778,0.6037582601426988
2014-05-08__DM12,2014-05-08,DM12,,INTERPLATE,INTERPLATE/DM12/pre-pro-DM1220140508170016.npz,data/preprocessed/INTERPLATE/DM12/pre-pro-DM1220140508170016.npz,299363,11597dd13591dfbf8dfc001a6d253b8101473e48d96de32f79564ebfdc284d7d,6.5,284.0,17.14,3.16,-4.320086,1.2092564,-100.74,17.36,ref_CU,Ztor,original_table,False,14580,,,False,True,True,False,117.92603857138424,0.5587591163234894
2014-05-10__DM12,2014-05-10,DM12,,INTERPLATE,INTERPLATE/DM12/pre-pro-DM1220140510073601.npz,data/preprocessed/INTERPLATE/DM12/pre-pro-DM1220140510073601.npz,300667,4cbf89dc92854f805e131022d5cbce296fa34cf4a40b9ed74463b181f664db2b,6.1,299.0,18.48,3.16,-4.320086,1.2092564,-100.82,17.31,Rhyp,Ztor,original_table,True,14580,,,True,True,True,True,99.13259860206752,0.630171241924762
2018-02-16__DM12,2018-02-16,DM12,,INTERPLATE,INTERPLATE/DM12/pre-pro-DM1220180216233938.npz,data/preprocessed/INTERPLATE/DM12/pre-pro-DM1220180216233938.npz,341510,5928112d94f8c635618367ce4be2a80fb4b0970d7b3ce8377d81103b0313894f,7.2,348.0,7.49,3.13,-4.320086,1.2092564,-98.03,16.25,ref_CU,Ztor,original_table,False,16384,,,False,True,True,False,109.9530222373159,0.6389181890994847
2020-06-23__DM12,2020-06-23,DM12,,INTERPLATE,INTERPLATE/DM12/pre-pro-DM1220200623152903.npz,data/preprocessed/INTERPLATE/DM12/pre-pro-DM1220200623152903.npz,295590,4a820cac3853a5fd4fbe35311cdab4f682caa398b74ae563b00e37708b88ed3e,7.4,462.0,15.6,3.0,-4.320086,1.2092564,-96.12,15.784,ref_CU,Ztor,original_table,False,14400,,,False,True,True,False,96.2573392934492,0.6347385903181831
2021-09-08__DM12,2021-09-08,DM12,,INTERPLATE,INTERPLATE/DM12/pre-pro-DM1220210908014746.npz,data/preprocessed/INTERPLATE/DM12/pre-pro-DM1220210908014746.npz,443273,71e6158589e2dca25bc31d7ea3abf889e1507bdb3bd9d8ba2eb7cccfe9f478aa,7.1,269.0,8.33,3.0,-4.320086,1.2092564,-99.93,16.78,ref_CU,Ztor,original_table,True,21600,,,True,True,True,True,195.0180244075045,0.5084487966741329
2022-09-19__DM12,2022-09-19,DM12,,INTERPLATE,INTERPLATE/DM12/pre-pro-DM1220220919180509.npz,data/preprocessed/INTERPLATE/DM12/pre-pro-DM1220220919180509.npz,352453,f4d57b5c7a1e96c57fe62339b07c3f6d0c1d7c99c0cb949452a0ace5502cc8a7,7.7,412.0,7.32,2.88,-4.320086,1.2092564,-103.29,18.22,ref_CU,Ztor,original_table,False,16876,,,False,True,True,False,107.972841608699,0.6570766638864924
2022-09-22__DM12,2022-09-22,DM12,,INTERPLATE,INTERPLATE/DM12/pre-pro-DM1220220922061609.npz,data/preprocessed/INTERPLATE/DM12/pre-pro-DM1220220922061609.npz,290648,5bbd9eddffcace8d160c185dee209848a82f86de4f3681d1b078d703afd87789,6.8,465.0,6.23,2.94,-4.320086,1.2092564,-103.12,18.05,ref_CU,Ztor,original_table,False,14400,,,False,True,True,False,76.37788976767996,0.704637109835338
2022-12-11__DM12,2022-12-11,DM12,,INTERPLATE,INTERPLATE/DM12/pre-pro-DM1220221211143130.npz,data/preprocessed/INTERPLATE/DM12/pre-pro-DM1220221211143130.npz,565459,a771a0c65d309d72d561c456ded6e07e6790471f22887125230c7b6b9b00f6e7,6.0,303.0,11.44,2.82,-4.320086,1.2092564,-100.63,17.13,Rhyp,Ztor,original_table,True,27000,,,True,False,False,False,31.806960988792923,0.9371627464759712
2026-01-02__DM12,2026-01-02,DM12,,INTERPLATE,INTERPLATE/DM12/pre-pro-DM1220260102135815.npz,data/preprocessed/INTERPLATE/DM12/pre-pro-DM1220260102135815.npz,294592,927046ae6a999b2437e8b4059c5aaa4fec386ba8530fa9407d64c1e79613d6f6,6.5,291.0,10.82,2.88,-4.320086,1.2092564,-99.41,16.77,ref_CU_prefix,Ztor,original_table,False,14400,,,False,True,True,False,97.4642099058897,0.6288632957393485
1989-04-25__DM12,1989-04-25,DM12,,INTERPLATE,INTERPLATE/DM12/pre-pro-DM128904.251.npz,data/preprocessed/INTERPLATE/DM12/pre-pro-DM128904.251.npz,268944,90f6861e0f4ab1b82a8e172066b8dce1e0c4ba5972abcef8e1856875c86ee3b4,6.9,302.0,16.26,3.97,-4.320086,1.2092564,-99.4,16.603,ref_CU,Ztor,original_table,False,13122,,,False,True,True,False,51.22751434709977,0.7863829100241868
1990-05-31__DM12,1990-05-31,DM12,,INTERPLATE,INTERPLATE/DM12/pre-pro-DM129005.311.npz,data/preprocessed/INTERPLATE/DM12/pre-pro-DM129005.311.npz,132356,3bbebe972d9cee059853350d098516d54322fc3438998cf02de184a8753e8757,6.1,315.0,15.11,3.85,-4.320086,1.2092564,-100.893,17.106,Rhyp,Ztor,original_table,True,7200,,,True,False,False,False,6.540156731772001,0.9440916675348606
1993-05-15__DM12,1993-05-15,DM12,,INTERPLATE,INTERPLATE/DM12/pre-pro-DM129305.152.npz,data/preprocessed/INTERPLATE/DM12/pre-pro-DM129305.152.npz,180325,b198953e3fc1c71621d918f2b322163bde2e13a4f2054a75b6928102cd77891f,5.9,332.0,35.38,3.73,-4.320086,1.2092564,-98.72,16.47,Rhyp,Ztor,original_table,True,9216,,,True,True,True,False,25.29412668246971,0.8421977248582587
1995-09-14__DM12,1995-09-14,DM12,,INTERPLATE,INTERPLATE/DM12/pre-pro-DM129509.141.npz,data/preprocessed/INTERPLATE/DM12/pre-pro-DM129509.141.npz,287816,13905c59c7b77e3f92418e68da854b9fae0c6eeedf1de6066ca44fae9901bb45,7.3,330.0,15.75,3.66,-4.320086,1.2092564,-98.88,16.31,ref_CU,Ztor,original_table,True,14400,,,True,True,True,True,50.662181750315085,0.8026866266150682
1995-10-09__DM12,1995-10-09,DM12,,INTERPLATE,INTERPLATE/DM12/pre-pro-DM129510.091.npz,data/preprocessed/INTERPLATE/DM12/pre-pro-DM129510.091.npz,346352,d4391464a8a6e0143accb4c77d635c5b31f2dc268698b3bc6d9152602a9889a1,8.0,459.0,19.05,3.7,-4.320086,1.2092564,-104.67,18.74,ref_fallback_MT50,Ztor,original_table,False,16876,,,False,True,True,False,47.49799156867903,0.8464140478281089
1996-07-15__DM12,1996-07-15,DM12,,INTERPLATE,INTERPLATE/DM12/pre-pro-DM129607.151.npz,data/preprocessed/INTERPLATE/DM12/pre-pro-DM129607.151.npz,122721,c8507006d4581ca37f12f3d853a55d162f0c1cb0b80746d9c3d4d13c69030e89,6.6,312.0,15.89,3.62,-4.320086,1.2092564,-101.1,17.4,ref_PA34,Ztor,original_table,True,6562,,,True,False,False,False,12.03467350594046,0.8890506729423762
1998-02-03__DM12,1998-02-03,DM12,,INTERPLATE,INTERPLATE/DM12/pre-pro-DM129802.031.npz,data/preprocessed/INTERPLATE/DM12/pre-pro-DM129802.031.npz,212203,555afb2b91d849f7c6d449a48eff56231a2a7238ce05e3b6c9844d8122962693,6.3,507.0,18.43,3.51,-4.320086,1.2092564,-96.37,15.69,Rhyp,Ztor,original_table,True,10800,,,True,False,False,False,13.379411079412392,0.9291119472321056
2000-08-09__DR16,2000-08-09,DR16,,INTERPLATE,INTERPLATE/DR16/pre-pro-DR160008.091.npz,data/preprocessed/INTERPLATE/DR16/pre-pro-DR160008.091.npz,125637,1e2a4cb490fec1b7af8e5b2cda479636fd0959c608721c254c8f16fb99ca1c60,6.5,367.0,25.97,0.57,-9.898043,6.062987,-102.66,17.99,ref_CU,Ztor,original_table,True,6750,,,True,True,True,False,16.66670515576928,0.8494969734895316
2012-03-20__DR16,2012-03-20,DR16,,INTERPLATE,INTERPLATE/DR16/pre-pro-DR161203.201.npz,data/preprocessed/INTERPLATE/DR16/pre-pro-DR161203.201.npz,199802,c142fee4c859d019172cf43cf43e7746a9225ae2713dd4c4420c5e1cd4e936bf,7.5,336.0,14.82,0.58,-10.256272,6.209761,-98.531,16.254,ref_CU,Ztor,original_table,False,10000,,,False,True,True,False,68.48119679838904,0.6142121750978027
2003-01-22__DR16,2003-01-22,DR16,,INTERPLATE,INTERPLATE/DR16/pre-pro-DR1620030122020634.npz,data/preprocessed/INTERPLATE/DR16/pre-pro-DR1620030122020634.npz,147382,93ce8bd20d7cfb02f17514336a0002224cd21ceeab66cd34ebba11f821aa667a,7.5,502.0,19.79,0.56,-9.514995,5.828353,-103.9,18.86,ref_CU,Ztor,original_table,True,7680,,,True,True,True,False,16.739157961181164,0.8714745242538301
2014-04-18__DR16,2014-04-18,DR16,,INTERPLATE,INTERPLATE/DR16/pre-pro-DR1620140418142723.npz,data/preprocessed/INTERPLATE/DR16/pre-pro-DR1620140418142723.npz,227282,7154fe7244f6821074d06c06e4e81560f1ccb253b87a337042fa4d9187707cd8,7.3,304.0,7.54,0.6,-10.910129,6.605645,-101.055,17.375,ref_CU,Ztor,original_table,False,11250,,,False,True,True,False,98.39840276236504,0.512855078160478
2014-05-08__DR16,2014-05-08,DR16,,INTERPLATE,INTERPLATE/DR16/pre-pro-DR1620140508170016.npz,data/preprocessed/INTERPLATE/DR16/pre-pro-DR1620140508170016.npz,190144,993e16f258eb0e1d130c1172993468a2d4494b521f841863f51bfe63021d97e3,6.5,285.0,17.14,0.57,-9.894921,5.990978,-100.74,17.36,ref_CU,Ztor,original_table,False,9600,,,False,True,True,False,67.24569058407117,0.6007499223174543
2014-05-10__DR16,2014-05-10,DR16,,INTERPLATE,INTERPLATE/DR16/pre-pro-DR1620140510073601.npz,data/preprocessed/INTERPLATE/DR16/pre-pro-DR1620140510073601.npz,168472,29359bfd11fa2f743f2207005458ed31330afa3fb10d7b4e22a1e82c42b85d7a,6.1,299.0,18.48,0.55,-9.109192,5.51525,-100.82,17.31,Rhyp,Ztor,original_table,True,8640,,,True,True,True,True,52.51080784789686,0.6480272950740877
2018-02-16__DR16,2018-02-16,DR16,,INTERPLATE,INTERPLATE/DR16/pre-pro-DR1620180216233938.npz,data/preprocessed/INTERPLATE/DR16/pre-pro-DR1620180216233938.npz,226145,76ddcb6b5e80a93088e3fbacc646e89e4d35abe995e738040b44302671fea8e9,7.2,358.0,7.49,0.55,-9.109192,5.51525,-98.03,16.25,ref_CU,Ztor,original_table,False,11250,,,False,True,True,False,88.68091422917935,0.5585378622601586
2020-06-23__DR16,2020-06-23,DR16,,INTERPLATE,INTERPLATE/DR16/pre-pro-DR1620200623152903.npz,data/preprocessed/INTERPLATE/DR16/pre-pro-DR1620200623152903.npz,335879,b1bc9cc56dea3d20cb1b1f0f4191f3368a3682e2f433cf5305991ba8b6e06e52,7.4,474.0,15.6,0.57,-9.894921,5.990978,-96.12,15.784,ref_CU,Ztor,original_table,False,16200,,,False,True,True,False,135.12485488180158,0.5483945894796244
2021-09-08__DR16,2021-09-08,DR16,,INTERPLATE,INTERPLATE/DR16/pre-pro-DR1620210908014746.npz,data/preprocessed/INTERPLATE/DR16/pre-pro-DR1620210908014746.npz,223153,8ae99bd6e75d20f31b6299a0b6a80e42bbfdb4b344c3aa72962ca6bf490ed726,7.1,274.0,8.33,0.58,-10.256272,6.209761,-99.93,16.78,ref_CU,Ztor,original_table,False,11250,,,False,True,True,False,94.05094997162898,0.5255223994973818
2022-09-19__DR16,2022-09-19,DR16,,INTERPLATE,INTERPLATE/DR16/pre-pro-DR1620220919180509.npz,data/preprocessed/INTERPLATE/DR16/pre-pro-DR1620220919180509.npz,209458,614b6dc320807df8ea28868ebf11c99812feb2fc99d4cef68db6652f673f0d4e,7.7,406.0,7.32,0.57,-9.894921,5.990978,-103.29,18.22,ref_CU,Ztor,original_table,False,10800,,,False,True,True,False,50.61344860105282,0.728060130017984
2022-09-22__DR16,2022-09-22,DR16,,INTERPLATE,INTERPLATE/DR16/pre-pro-DR1620220922061609.npz,data/preprocessed/INTERPLATE/DR16/pre-pro-DR1620220922061609.npz,231327,38a5b6176d068973b8bfd8598693540c12e5e84394030d5d914e4a3e672f0132,6.8,459.0,6.23,0.54,-8.688771,5.2607026,-103.12,18.05,ref_CU,Ztor,original_table,False,11520,,,False,True,True,False,58.1922071469555,0.7170052660265744
2022-12-11__DR16,2022-12-11,DR16,,INTERPLATE,INTERPLATE/DR16/pre-pro-DR1620221211143130.npz,data/preprocessed/INTERPLATE/DR16/pre-pro-DR1620221211143130.npz,563852,ed95d741c631e83e1b50320054c66259c88824052014f07ec55629ea4b06496c,6.0,305.0,11.44,0.58,-10.256272,6.209761,-100.63,17.13,Rhyp,Ztor,original_table,True,27000,,,True,False,False,False,23.83847332479729,0.9527333280628202
2026-01-02__DR16,2026-01-02,DR16,,INTERPLATE,INTERPLATE/DR16/pre-pro-DR1620260102135815.npz,data/preprocessed/INTERPLATE/DR16/pre-pro-DR1620260102135815.npz,194179,a3af511088cd9b42b658d060e41c6abe08a31f44485beb90f66acc4daa99e56f,6.5,298.0,10.82,0.59,-10.594888,6.4147797,-99.41,16.77,ref_CU_prefix,Ztor,original_table,False,10000,,,False,True,True,False,80.76586797104864,0.530540176871375
1989-04-25__DR16,1989-04-25,DR16,,INTERPLATE,INTERPLATE/DR16/pre-pro-DR168904.251.npz,data/preprocessed/INTERPLATE/DR16/pre-pro-DR168904.251.npz,147133,587e37c13a2ad6efcae7325538697cd8f7a039fb2f6edc4174f5a6663b083634,6.9,309.0,16.26,0.58,-10.259508,6.2844005,-99.4,16.603,ref_CU,Ztor,original_table,True,7680,,,True,True,True,True,38.38538365603706,0.7041132840820391
1990-05-31__DR16,1990-05-31,DR16,,INTERPLATE,INTERPLATE/DR16/pre-pro-DR169005.311.npz,data/preprocessed/INTERPLATE/DR16/pre-pro-DR169005.311.npz,98713,5e311c5fe3f49dc0452974a14c3887b9bba9a4f8101b98315fc2bc163688ccdb,6.1,316.0,15.11,0.58,-10.259508,6.2844005,-100.893,17.106,Rhyp,Ztor,original_table,True,5626,,,True,True,True,False,10.634563471119437,0.8772698964671732
1993-05-15__DR16,1993-05-15,DR16,,INTERPLATE,INTERPLATE/DR16/pre-pro-DR169305.152.npz,data/preprocessed/INTERPLATE/DR16/pre-pro-DR169305.152.npz,94898,7152af39c4f88c40e39ad6d1a1b14a9f9aea8e798bc08ae8d1eec975092575a3,5.9,341.0,35.38,0.57,-9.898043,6.062987,-98.72,16.47,Rhyp,Ztor,original_table,True,5400,,,True,False,False,False,11.167032199147728,0.8662150209758269
1995-10-09__DR16,1995-10-09,DR16,,INTERPLATE,INTERPLATE/DR16/pre-pro-DR169510.091.npz,data/preprocessed/INTERPLATE/DR16/pre-pro-DR169510.091.npz,166934,c704bb6ca767a65f760e70fd8e8dabf7570274cb371696072279c6c84bd9028f,8.0,451.0,19.05,0.57,-9.898043,6.062987,-104.67,18.74,ref_fallback_MT50,Ztor,original_table,True,8640,,,True,False,False,False,7.810392459218832,0.9473444855442672
1996-07-15__DR16,1996-07-15,DR16,,INTERPLATE,INTERPLATE/DR16/pre-pro-DR169607.151.npz,data/preprocessed/INTERPLATE/DR16/pre-pro-DR169607.151.npz,132179,66cda007f0d52f19cd867b36ccd28c8e47b8847a62023bd5e3de839a8da41b4b,6.6,312.0,15.89,0.57,-9.898043,6.062987,-101.1,17.4,ref_PA34,Ztor,original_table,True,7200,,,True,True,True,False,23.008236883563043,0.8025891301281592
1998-02-03__DR16,1998-02-03,DR16,,INTERPLATE,INTERPLATE/DR16/pre-pro-DR169802.031.npz,data/preprocessed/INTERPLATE/DR16/pre-pro-DR169802.031.npz,125379,5d131b2a2ed228d6496d4ecc3ac15febc584b0965b8ad77d3bcec7a57bd5dc50,6.3,519.0,18.43,0.59,-10.59823,6.491883,-96.37,15.69,Rhyp,Ztor,original_table,True,6750,,,True,False,False,False,7.809796089842109,0.9294762859866164
2012-03-20__DX37,2012-03-20,DX37,,INTERPLATE,INTERPLATE/DX37/pre-pro-DX371203.201.npz,data/preprocessed/INTERPLATE/DX37/pre-pro-DX371203.201.npz,253635,2e9cd4aaeecfef2edce8fb3bee86ca0c2a70997dbd3427313e70d36e54634b1b,7.5,316.0,14.82,0.91,-7.2695174,-5.7447634,-98.531,16.254,ref_CU,Ztor,original_table,False,12500,,,False,True,True,False,97.831274310304,0.5666196761304864
2003-01-22__DX37,2003-01-22,DX37,,INTERPLATE,INTERPLATE/DX37/pre-pro-DX3720030122020634.npz,data/preprocessed/INTERPLATE/DX37/pre-pro-DX3720030122020634.npz,249707,379246f5fa7625b8ee86f670ec433b0280c90e006874d25ccd882b28297e8e80,7.5,504.0,19.79,1.0,-7.2909546,-5.7617044,-103.9,18.86,ref_CU,Ztor,original_table,False,12288,,,False,True,True,False,61.64336273385115,0.7235971539151146
2014-04-18__DX37,2014-04-18,DX37,,INTERPLATE,INTERPLATE/DX37/pre-pro-DX3720140418142723.npz,data/preprocessed/INTERPLATE/DX37/pre-pro-DX3720140418142723.npz,222971,d17ff9a2cc9cca3f1b24aa340bd417ca2b767fc9ff39b4671c8fca34f00e47bf,7.3,293.0,7.54,0.93,-7.2766843,-5.750427,-101.055,17.375,ref_CU,Ztor,original_table,False,11250,,,False,True,True,False,80.27208137261746,0.5950558372969911
2014-05-08__DX37,2014-05-08,DX37,,INTERPLATE,INTERPLATE/DX37/pre-pro-DX3720140508170016.npz,data/preprocessed/INTERPLATE/DX37/pre-pro-DX3720140508170016.npz,203737,0e962a3a9f7ee7d26359f3cb0e436dd292ff20f55062235d27d9f516f0fbfee9,6.5,273.0,17.14,0.92,-7.273338,-5.747782,-100.74,17.36,ref_CU,Ztor,original_table,False,10240,,,False,True,True,False,71.12545026786455,0.606519969750694
2014-05-10__DX37,2014-05-10,DX37,,INTERPLATE,INTERPLATE/DX37/pre-pro-DX3720140510073601.npz,data/preprocessed/INTERPLATE/DX37/pre-pro-DX3720140510073601.npz,175569,9701714bcc2dfc97feea97b052b6bd6948cdfbfeb977abd097dcca4513c8f6b5,6.1,287.0,18.48,0.94,-7.2796154,-5.7527432,-100.82,17.31,Rhyp,Ztor,original_table,True,9000,,,True,True,True,True,54.93594903528552,0.6468050081311205
2018-02-16__DX37,2018-02-16,DX37,,INTERPLATE,INTERPLATE/DX37/pre-pro-DX3720180216233938.npz,data/preprocessed/INTERPLATE/DX37/pre-pro-DX3720180216233938.npz,231607,a7e585ae014cbf62a59db6f35ed766bfa49feba39865710c19b2b073f06200d5,7.2,339.0,7.49,0.91,-7.2695174,-5.7447634,-98.03,16.25,ref_CU,Ztor,original_table,False,11520,,,False,True,True,False,71.58506931025764,0.6526682711777892
2021-09-08__DX37,2021-09-08,DX37,,INTERPLATE,INTERPLATE/DX37/pre-pro-DX3720210908014746.npz,data/preprocessed/INTERPLATE/DX37/pre-pro-DX3720210908014746.npz,220240,e6bddce94666db87ae21ab400a3b9d6d447b38c9522a6902ac7c446956855d51,7.1,257.0,8.33,0.94,-7.2796154,-5.7527432,-99.93,16.78,ref_CU,Ztor,original_table,False,10936,,,False,True,True,False,71.30956146804574,0.6347407597805371
2022-09-19__DX37,2022-09-19,DX37,,INTERPLATE,INTERPLATE/DX37/pre-pro-DX3720220919180509.npz,data/preprocessed/INTERPLATE/DX37/pre-pro-DX3720220919180509.npz,283470,abcf53e23df9e61a04ec7d02d019361900071576033eca9eb25a8a96fdbb7ac1,7.7,404.0,7.32,0.99,-7.2896333,-5.76066,-103.29,18.22,ref_CU,Ztor,original_table,True,13824,,,True,True,True,True,93.37388734788436,0.6303195528233259
2022-09-22__DX37,2022-09-22,DX37,,INTERPLATE,INTERPLATE/DX37/pre-pro-DX3720220922061609.npz,data/preprocessed/INTERPLATE/DX37/pre-pro-DX3720220922061609.npz,195249,49a360edae415349d750559d8f139658d917b2897ed62e70a99d7b24afee100a,6.8,457.0,6.23,0.98,-7.2881236,-5.759467,-103.12,18.05,ref_CU,Ztor,original_table,False,10000,,,False,True,True,False,62.10140416112387,0.6408870400675194
2022-12-11__DX37,2022-12-11,DX37,,INTERPLATE,INTERPLATE/DX37/pre-pro-DX3720221211143130.npz,data/preprocessed/INTERPLATE/DX37/pre-pro-DX3720221211143130.npz,184234,c146bc2726c8e7d00565c6d13a67b022177164e6ab41f80f9c75a2ac59123f5f,6.0,291.0,11.44,0.99,-7.2896333,-5.76066,-100.63,17.13,Rhyp,Ztor,original_table,False,9376,,,False,False,False,False,28.789370456940105,0.8239505261607039
2026-01-02__DX37,2026-01-02,DX37,,INTERPLATE,INTERPLATE/DX37/pre-pro-DX3720260102135815.npz,data/preprocessed/INTERPLATE/DX37/pre-pro-DX3720260102135815.npz,205001,04f8f85b9799adabe1ae0b51d8f2674bc3f8700ecb1a421b05c7097e86024bbf,6.5,280.0,10.82,0.95,-7.2821827,-5.754772,-99.41,16.77,ref_CU_prefix,Ztor,original_table,False,10240,,,False,True,True,False,85.12177191793775,0.531422592106475
1989-04-25__DX37,1989-04-25,DX37,,INTERPLATE,INTERPLATE/DX37/pre-pro-DX378904.251.npz,data/preprocessed/INTERPLATE/DX37/pre-pro-DX378904.251.npz,186956,e6bcfda12ab6167544864a6314354072927ba6269067c26034bdb4b7ab31d146,6.9,291.0,16.26,1.08,-7.2970376,-5.7665114,-99.4,16.603,ref_CU,Ztor,original_table,False,9600,,,False,True,True,False,62.535086982664254,0.6223270504730991
1990-05-31__DX37,1990-05-31,DX37,,INTERPLATE,INTERPLATE/DX37/pre-pro-DX379005.311.npz,data/preprocessed/INTERPLATE/DX37/pre-pro-DX379005.311.npz,159397,e1dd404b9aed24dac40816c5fc85cc5221361ab98c7cb36dc2224077e2a6250c,6.1,303.0,15.11,1.05,-7.295467,-5.7652698,-100.893,17.106,Rhyp,Ztor,original_table,True,8192,,,True,True,True,False,15.24184953246018,0.8920319506094767
1993-05-15__DX37,1993-05-15,DX37,,INTERPLATE,INTERPLATE/DX37/pre-pro-DX379305.152.npz,data/preprocessed/INTERPLATE/DX37/pre-pro-DX379305.152.npz,182726,67efba0816d0c541c21bc3e2597b1ca466cee80ff0e0a36c4e7c5c435b97f5d7,5.9,321.0,35.38,1.0,-7.2909546,-5.7617044,-98.72,16.47,Rhyp,Ztor,original_table,True,9376,,,True,False,False,False,25.33022029646108,0.8441696690466867
1995-10-09__DX37,1995-10-09,DX37,,INTERPLATE,INTERPLATE/DX37/pre-pro-DX379510.091.npz,data/preprocessed/INTERPLATE/DX37/pre-pro-DX379510.091.npz,310063,d682ef5f61258db163f27efb42c55537ac475c71b115fa75752c0bb0c54208ca,8.0,453.0,19.05,1.02,-7.2931247,-5.763419,-104.67,18.74,ref_fallback_MT50,Ztor,original_table,True,15000,,,True,True,True,False,31.330148629675108,0.8870985634966663
1996-02-25__DX37,1996-02-25,DX37,,INTERPLATE,INTERPLATE/DX37/pre-pro-DX379602.251.npz,data/preprocessed/INTERPLATE/DX37/pre-pro-DX379602.251.npz,149395,0730de567aa2380dfcd172a0459baa5499f9cbb177b2aef05451fa149865ab3a,7.1,381.0,9.62,0.99,-7.2896333,-5.76066,-98.25,15.83,ref_any_BA49,Ztor,original_table,True,7776,,,True,False,False,False,7.016464889577108,0.9470015492893942
1996-07-15__DX37,1996-07-15,DX37,,INTERPLATE,INTERPLATE/DX37/pre-pro-DX379607.151.npz,data/preprocessed/INTERPLATE/DX37/pre-pro-DX379607.151.npz,196983,25df4979d8bb5bac192aae7cc12669f8c6559845d946a908bfca69c527158642,6.6,301.0,15.89,0.98,-7.2881236,-5.759467,-101.1,17.4,ref_PA34,Ztor,original_table,True,10000,,,True,True,True,True,43.90760349653215,0.7497999686789438
1997-07-19__DX37,1997-07-19,DX37,,INTERPLATE,INTERPLATE/DX37/pre-pro-DX379707.192.npz,data/preprocessed/INTERPLATE/DX37/pre-pro-DX379707.192.npz,122690,bff7c03c7fe2d12b2ee4a54e9aa07a16570594dc4da11956f5b3a1787ce36cd6,6.7,393.0,11.92,1.05,-7.295467,-5.7652698,-98.35,15.86,ref_any_AE02,Ztor,original_table,True,6750,,,True,False,False,False,4.19857156168888,0.961406640668362
1998-02-03__DX37,1998-02-03,DX37,,INTERPLATE,INTERPLATE/DX37/pre-pro-DX379802.031.npz,data/preprocessed/INTERPLATE/DX37/pre-pro-DX379802.031.npz,159662,1a33421f1a1d410509c07691dbd14cfd0fe31d1dccde1537b03ad7337c4752fe,6.3,501.0,18.43,0.97,-7.2864,-5.758105,-96.37,15.69,Rhyp,Ztor,original_table,True,8640,,,True,False,False,False,6.544715717819713,0.9539364040130932
2000-08-09__EO30,2000-08-09,EO30,,INTERPLATE,INTERPLATE/EO30/pre-pro-EO300008.091.npz,data/preprocessed/INTERPLATE/EO30/pre-pro-EO300008.091.npz,125730,318276037bf48045e3074266901c821d59966c2170c195686830d028df38285c,6.5,363.0,25.97,0.61,-9.455377,-1.7758666,-102.66,17.99,ref_CU,Ztor,original_table,True,6750,,,True,False,False,False,11.449427431797377,0.8966098299458427
2012-03-20__EO30,2012-03-20,EO30,,INTERPLATE,INTERPLATE/EO30/pre-pro-EO301203.201.npz,data/preprocessed/INTERPLATE/EO30/pre-pro-EO301203.201.npz,250907,0584f52b1110f6750b430028bcaac4d3a03c5eacd2c60e9220a28ce50b15477c,7.5,323.0,14.82,0.58,-8.657245,-1.625965,-98.531,16.254,ref_CU,Ztor,original_table,False,12500,,,False,True,True,False,74.60906778355749,0.6658647150183282
2003-01-22__EO30,2003-01-22,EO30,,INTERPLATE,INTERPLATE/EO30/pre-pro-EO3020030122020634.npz,data/preprocessed/INTERPLATE/EO30/pre-pro-EO3020030122020634.npz,125489,4d9a5fde189f77f200f60f1004881d8e65bbf6fec2c130f4340aa370305229e3,7.5,501.0,19.79,0.61,-9.455377,-1.7758666,-103.9,18.86,ref_CU,Ztor,original_table,True,6750,,,True,False,False,False,10.636556238284015,0.9039501874816324
2014-04-18__EO30,2014-04-18,EO30,,INTERPLATE,INTERPLATE/EO30/pre-pro-EO3020140418142723.npz,data/preprocessed/INTERPLATE/EO30/pre-pro-EO3020140418142723.npz,215059,30fb56a91b0b9a275656a379dd351bdb2e03d9385328f768883fe9bd3080d809,7.3,295.0,7.54,0.58,-8.657245,-1.625965,-101.055,17.375,ref_CU,Ztor,original_table,False,10800,,,False,True,True,False,65.06893536125064,0.6590571896188072
2014-05-08__EO30,2014-05-08,EO30,,INTERPLATE,INTERPLATE/EO30/pre-pro-EO3020140508170016.npz,data/preprocessed/INTERPLATE/EO30/pre-pro-EO3020140508170016.npz,194297,19fad7776f5e6bee1c17f4941f62526aa7b8d0f80f28c5ae455721a2991799a7,6.5,276.0,17.14,0.55,-7.6890025,-1.4441141,-100.74,17.36,ref_CU,Ztor,original_table,True,10000,,,True,True,True,True,33.00894153227031,0.8084328156678643
2014-05-10__EO30,2014-05-10,EO30,,INTERPLATE,INTERPLATE/EO30/pre-pro-EO3020140510073601.npz,data/preprocessed/INTERPLATE/EO30/pre-pro-EO3020140510073601.npz,149215,016e7bcf4b1d5d572dffbf6f28792d03c09674727f3ff9ed448b0d2bd55ceb6d,6.1,290.0,18.48,0.57,-8.352231,-1.5686786,-100.82,17.31,Rhyp,Ztor,original_table,True,7776,,,True,False,False,False,27.97431568813528,0.7877356727510791
2018-02-16__EO30,2018-02-16,EO30,,INTERPLATE,INTERPLATE/EO30/pre-pro-EO3020180216233938.npz,data/preprocessed/INTERPLATE/EO30/pre-pro-EO3020180216233938.npz,202242,d3767b671f44bb95c3217e5a97fff006a13ee8c7c0989cfab7a859bfd9a359e8,7.2,346.0,7.49,0.54,-7.334129,-1.3774633,-98.03,16.25,ref_CU,Ztor,original_table,False,10126,,,False,True,True,False,54.28168053418614,0.6978812237202308
2021-09-08__EO30,2021-09-08,EO30,,INTERPLATE,INTERPLATE/EO30/pre-pro-EO3020210908014746.npz,data/preprocessed/INTERPLATE/EO30/pre-pro-EO3020210908014746.npz,246012,d23b33624b9d3b56e3e71f9d914a284b98660bcdf2e0bed10c8b32e788638b46,7.1,262.0,8.33,0.57,-8.352231,-1.5686786,-99.93,16.78,ref_CU,Ztor,original_table,True,12150,,,True,True,True,True,96.70832905406974,0.55772281599712
2022-09-19__EO30,2022-09-19,EO30,,INTERPLATE,INTERPLATE/EO30/pre-pro-EO3020220919180509.npz,data/preprocessed/INTERPLATE/EO30/pre-pro-EO3020220919180509.npz,238955,52e881f9fd1a8ad47b53fc694bdaa2f80aa72c35767183e89b9e88fdd97a616f,7.7,403.0,7.32,0.61,-9.455377,-1.7758666,-103.29,18.22,ref_CU,Ztor,original_table,False,12000,,,False,True,True,False,58.29394961925075,0.7259077035017362
2022-09-22__EO30,2022-09-22,EO30,,INTERPLATE,INTERPLATE/EO30/pre-pro-EO3020220922061609.npz,data/preprocessed/INTERPLATE/EO30/pre-pro-EO3020220922061609.npz,195753,1224a40f3da058391ce4a0c146c4525cc7c5c25fc3cddc963e0981db5d1a2066,6.8,456.0,6.23,0.55,-7.6890025,-1.4441141,-103.12,18.05,ref_CU,Ztor,original_table,False,10000,,,False,True,True,False,55.399099319324094,0.6805679564128231
2022-12-11__EO30,2022-12-11,EO30,,INTERPLATE,INTERPLATE/EO30/pre-pro-EO3020221211143130.npz,data/preprocessed/INTERPLATE/EO30/pre-pro-EO3020221211143130.npz,202906,7530d2d85fcc65fc7cd69d5c95d6d8b117c85124c78ac76bbb724d76577ba5ba,6.0,295.0,11.44,0.6,-9.20916,-1.7296232,-100.63,17.13,Rhyp,Ztor,original_table,False,10240,,,False,False,False,False,30.449881522126816,0.8310029885551847
2026-01-02__EO30,2026-01-02,EO30,,INTERPLATE,INTERPLATE/EO30/pre-pro-EO3020260102135815.npz,data/preprocessed/INTERPLATE/EO30/pre-pro-EO3020260102135815.npz,181838,2559c4669baf716c82d578a4625e61d610fad0ebad11883c8061aa3476d53dae,6.5,286.0,10.82,0.58,-8.657245,-1.625965,-99.41,16.77,ref_CU_prefix,Ztor,original_table,False,9216,,,False,True,True,False,65.861757775489,0.5910223685078925
1989-04-25__EO30,1989-04-25,EO30,,INTERPLATE,INTERPLATE/EO30/pre-pro-EO308904.251.npz,data/preprocessed/INTERPLATE/EO30/pre-pro-EO308904.251.npz,142600,2dd2448925008c106e8ce8f2c07a0afd10567cbc9a89ea99072c717d7da07306,6.9,297.0,16.26,0.56,-8.029004,-1.5079716,-99.4,16.603,ref_CU,Ztor,original_table,True,7500,,,True,True,True,False,26.34669113124936,0.7906167755602849
1990-05-31__EO30,1990-05-31,EO30,,INTERPLATE,INTERPLATE/EO30/pre-pro-EO309005.311.npz,data/preprocessed/INTERPLATE/EO30/pre-pro-EO309005.311.npz,51075,f2308342e683cffdc9916a312e2ed3411a89cf126ceeef606970f886b5a86288,6.1,306.0,15.11,0.58,-8.657245,-1.625965,-100.893,17.106,Rhyp,Ztor,original_table,True,3376,,,True,False,False,False,2.925891972557828,0.9334722152669888
1995-09-14__EO30,1995-09-14,EO30,,INTERPLATE,INTERPLATE/EO30/pre-pro-EO309509.141.npz,data/preprocessed/INTERPLATE/EO30/pre-pro-EO309509.141.npz,124377,47bb02a80c476e7438cd42b90e505afc7900e58cb75304789ef0ba3461380417,7.3,326.0,15.75,0.58,-8.657245,-1.625965,-98.88,16.31,ref_CU,Ztor,original_table,True,6750,,,True,False,False,False,16.875056976050757,0.8459602284249133
1996-07-15__EO30,1996-07-15,EO30,,INTERPLATE,INTERPLATE/EO30/pre-pro-EO309607.151.npz,data/preprocessed/INTERPLATE/EO30/pre-pro-EO309607.151.npz,60457,39ae6e0705e17e4f8d9496a637e7b953750031951c261e7c8230cdb57f683f61,6.6,303.0,15.89,0.6,-9.20916,-1.7296232,-101.1,17.4,ref_PA34,Ztor,original_table,True,3750,,,True,False,False,False,2.5287597198945733,0.9516674365463575
2000-08-09__ES57,2000-08-09,ES57,,INTERPLATE,INTERPLATE/ES57/pre-pro-ES570008.091.npz,data/preprocessed/INTERPLATE/ES57/pre-pro-ES570008.091.npz,181571,e444b54ebfa30e544419cc0ab622d866f942c7082b7f6ef691599c0abd0ec391,6.5,364.0,25.97,0.82,-11.780334,-1.08391,-102.66,17.99,ref_CU,Ztor,original_table,True,9216,,,True,True,True,False,33.21513758126966,0.7940401960608318
2012-03-20__ES57,2012-03-20,ES57,,INTERPLATE,INTERPLATE/ES57/pre-pro-ES571203.201.npz,data/preprocessed/INTERPLATE/ES57/pre-pro-ES571203.201.npz,211532,0ef2312dcc432d592d2fab3e8035f322b2100a823dea25c6d90c9b55dedc2af7,7.5,325.0,14.82,0.81,-11.757134,-1.0817754,-98.531,16.254,ref_CU,Ztor,original_table,False,10800,,,False,True,True,False,55.52666230726683,0.7040945254075842
2014-04-18__ES57,2014-04-18,ES57,,INTERPLATE,INTERPLATE/ES57/pre-pro-ES5720140418142723.npz,data/preprocessed/INTERPLATE/ES57/pre-pro-ES5720140418142723.npz,247320,07cb038c3721302480a6554e46df78ea6d6e03b5b1d5f87df78afb71f24a34bc,7.3,296.0,7.54,0.79,-11.700722,-1.0765848,-101.055,17.375,ref_CU,Ztor,original_table,True,12150,,,True,True,True,True,106.98498614479976,0.5134392116390769
2014-05-08__ES57,2014-05-08,ES57,,INTERPLATE,INTERPLATE/ES57/pre-pro-ES5720140508170016.npz,data/preprocessed/INTERPLATE/ES57/pre-pro-ES5720140508170016.npz,214742,1ae796e3f7e837d41a2962ef97a1beecfb62cbae7b231d28121af5aa8f212a4a,6.5,277.0,17.14,0.84,-11.818605,-1.0874313,-100.74,17.36,ref_CU,Ztor,original_table,False,10800,,,False,True,True,False,74.13082479840759,0.6112699276433792
2014-05-10__ES57,2014-05-10,ES57,,INTERPLATE,INTERPLATE/ES57/pre-pro-ES5720140510073601.npz,data/preprocessed/INTERPLATE/ES57/pre-pro-ES5720140510073601.npz,174819,8047932825479cb82eb06d90e89dd7ff0d4a70b4f8aa9b94cfef2932a6486974,6.1,291.0,18.48,0.8,-11.730739,-1.0793467,-100.82,17.31,Rhyp,Ztor,original_table,True,9000,,,True,True,True,True,55.14428423726157,0.6437017236075365
2018-02-16__ES57,2018-02-16,ES57,,INTERPLATE,INTERPLATE/ES57/pre-pro-ES5720180216233938.npz,data/preprocessed/INTERPLATE/ES57/pre-pro-ES5720180216233938.npz,239715,52f4abfa3e75f473a544cf4ef033c8b6e19dbbd03939b77bb3b311de878caf86,7.2,347.0,7.49,0.87,-11.860172,-1.0912559,-98.03,16.25,ref_CU,Ztor,original_table,False,12000,,,False,True,True,False,90.6387251683623,0.5747056814547565
2021-09-08__ES57,2021-09-08,ES57,,INTERPLATE,INTERPLATE/ES57/pre-pro-ES5720210908014746.npz,data/preprocessed/INTERPLATE/ES57/pre-pro-ES5720210908014746.npz,246737,3d602c99f4d35222df748edd42786a69bece0aed38f04e68323a0a36ad72b04b,7.1,263.0,8.33,0.84,-11.818605,-1.0874313,-99.93,16.78,ref_CU,Ztor,original_table,False,12150,,,False,True,True,False,101.2662897497947,0.5386501605931905
2022-09-19__ES57,2022-09-19,ES57,,INTERPLATE,INTERPLATE/ES57/pre-pro-ES5720220919180509.npz,data/preprocessed/INTERPLATE/ES57/pre-pro-ES5720220919180509.npz,274389,6af9e1da744b3189f1f6d461436f218bd1df3db614d0d90a4196d4a0b9053010,7.7,403.0,7.32,0.81,-11.757134,-1.0817754,-103.29,18.22,ref_CU,Ztor,original_table,False,13500,,,False,True,True,False,90.93148260582288,0.6279551466559352
2022-09-22__ES57,2022-09-22,ES57,,INTERPLATE,INTERPLATE/ES57/pre-pro-ES5720220922061609.npz,data/preprocessed/INTERPLATE/ES57/pre-pro-ES5720220922061609.npz,224081,5d408b0ddd5fff4ad7b23ff2eb569bfdd6c5f97f5dcfbd97dbe708f49da2078c,6.8,456.0,6.23,0.8,-11.730739,-1.0793467,-103.12,18.05,ref_CU,Ztor,original_table,False,11250,,,False,True,True,False,92.43047127773777,0.5350346029592145
2022-12-11__ES57,2022-12-11,ES57,,INTERPLATE,INTERPLATE/ES57/pre-pro-ES5720221211143130.npz,data/preprocessed/INTERPLATE/ES57/pre-pro-ES5720221211143130.npz,166301,2e5665637b05fe77803312004f98dcf692f054f51e0bb8d0575ae5d6703f7556,6.0,296.0,11.44,0.78,-11.666611,-1.0734463,-100.63,17.13,Rhyp,Ztor,original_table,False,8640,,,False,False,False,False,27.298225663355566,0.8146130685001319
2026-01-02__ES57,2026-01-02,ES57,,INTERPLATE,INTERPLATE/ES57/pre-pro-ES5720260102135815.npz,data/preprocessed/INTERPLATE/ES57/pre-pro-ES5720260102135815.npz,244085,e6ea263313f1779008e8f6549b415158088d11a9926ad041a8792eae1f433c89,6.5,287.0,10.82,0.84,-11.818605,-1.0874313,-99.41,16.77,ref_CU_prefix,Ztor,original_table,False,12000,,,False,True,True,False,121.89744264018242,0.4377683564402821
1989-04-25__ES57,1989-04-25,ES57,,INTERPLATE,INTERPLATE/ES57/pre-pro-ES578904.251.npz,data/preprocessed/INTERPLATE/ES57/pre-pro-ES578904.251.npz,159200,c54e9c2961f0e123c210d37b834dd74264c6dc0931c7b1a2065bd61e35f80031,6.9,298.0,16.26,0.9,-11.888199,-1.0938346,-99.4,16.603,ref_CU,Ztor,original_table,True,8192,,,True,True,True,False,43.90223047353787,0.6881722389833236
1990-05-31__ES57,1990-05-31,ES57,,INTERPLATE,INTERPLATE/ES57/pre-pro-ES579005.311.npz,data/preprocessed/INTERPLATE/ES57/pre-pro-ES579005.311.npz,150221,4e15862ac7021baff8fa8fc48a332ed3e3e7811b2411af43bc8ea4ee3974fdc2,6.1,307.0,15.11,0.83,-11.800713,-1.085785,-100.893,17.106,Rhyp,Ztor,original_table,True,8000,,,True,True,True,False,18.68503013026759,0.860288394420012
1993-05-15__ES57,1993-05-15,ES57,,INTERPLATE,INTERPLATE/ES57/pre-pro-ES579305.152.npz,data/preprocessed/INTERPLATE/ES57/pre-pro-ES579305.152.npz,167693,374c42bf8a3c01ebe0aa77e78d6b0458926e7272bf54f0efc6d60171fb748a8d,5.9,330.0,35.38,0.81,-11.757134,-1.0817754,-98.72,16.47,Rhyp,Ztor,original_table,True,8640,,,True,True,True,False,31.402952830656844,0.788489574791831
1995-09-14__ES57,1995-09-14,ES57,,INTERPLATE,INTERPLATE/ES57/pre-pro-ES579509.141.npz,data/preprocessed/INTERPLATE/ES57/pre-pro-ES579509.141.npz,218848,c215b9ab805f22f00291ee85aa388c7d7b2731ca2669b5d0c9686d95b1456968,7.3,328.0,15.75,0.82,-11.780334,-1.08391,-98.88,16.31,ref_CU,Ztor,original_table,False,10936,,,False,True,True,False,76.19814422365633,0.6082559034308964
1995-10-09__ES57,1995-10-09,ES57,,INTERPLATE,INTERPLATE/ES57/pre-pro-ES579510.091.npz,data/preprocessed/INTERPLATE/ES57/pre-pro-ES579510.091.npz,211652,5954410b3a175680a3dcfe818ecbbac3e27cb24318963b24064da7a42f3dc1f3,8.0,450.0,19.05,0.84,-11.818605,-1.0874313,-104.67,18.74,ref_fallback_MT50,Ztor,original_table,True,10800,,,True,False,False,False,23.27132918389458,0.8763150189535234
1996-02-25__ES57,1996-02-25,ES57,,INTERPLATE,INTERPLATE/ES57/pre-pro-ES579602.251.npz,data/preprocessed/INTERPLATE/ES57/pre-pro-ES579602.251.npz,100442,2bb4f5f2b9650e1c0712899baefd76587c03a4d904943a28f4ccd63635206837,7.1,389.0,9.62,0.8,-11.730739,-1.0793467,-98.25,15.83,ref_any_BA49,Ztor,original_table,True,5626,,,True,False,False,False,1.5762295128200208,0.9821511775244024
1996-07-15__ES57,1996-07-15,ES57,,INTERPLATE,INTERPLATE/ES57/pre-pro-ES579607.151.npz,data/preprocessed/INTERPLATE/ES57/pre-pro-ES579607.151.npz,168888,837699cdd25fc82a9f7ea8d138654632887ca0e4f205512541dd075640bce4dc,6.6,304.0,15.89,0.87,-11.860172,-1.0912559,-101.1,17.4,ref_PA34,Ztor,original_table,True,8640,,,True,False,False,False,6.502310677141992,0.9565788936417896
1998-02-03__ES57,1998-02-03,ES57,,INTERPLATE,INTERPLATE/ES57/pre-pro-ES579802.031.npz,data/preprocessed/INTERPLATE/ES57/pre-pro-ES579802.031.npz,117384,476857752af5314999be2d4a136c914fec967badfc0a9aa024157ca96e76edef,6.3,509.0,18.43,0.86,-11.848087,-1.090144,-96.37,15.69,Rhyp,Ztor,original_table,True,6400,,,True,False,False,False,17.837171741427568,0.827942782469108
2021-09-08__FJ74,2021-09-08,FJ74,,INTERPLATE,INTERPLATE/FJ74/pre-pro-FJ7420210908014746.npz,data/preprocessed/INTERPLATE/FJ74/pre-pro-FJ7420210908014746.npz,208990,d8c63ab0b8d17579d10d75d64185379f8e7dbf1a8bd5c21aa205d5564dcd73e0,7.1,252.0,8.33,0.5,-0.63337046,-0.4375783,-99.93,16.78,ref_CU,Ztor,original_table,False,10800,,,False,True,True,False,82.60489491277059,0.5548585713597532
2022-09-19__FJ74,2022-09-19,FJ74,,INTERPLATE,INTERPLATE/FJ74/pre-pro-FJ7420220919180509.npz,data/preprocessed/INTERPLATE/FJ74/pre-pro-FJ7420220919180509.npz,312774,864ac95f8d83e612e498a13013b84ec92ae674e1196f183744ed14c4d6a32882,7.7,397.0,7.32,0.5,-0.63337046,-0.4375783,-103.29,18.22,ref_CU,Ztor,original_table,True,15360,,,True,True,True,True,89.65647585490254,0.6783739566117716
2022-09-22__FJ74,2022-09-22,FJ74,,INTERPLATE,INTERPLATE/FJ74/pre-pro-FJ7420220922061609.npz,data/preprocessed/INTERPLATE/FJ74/pre-pro-FJ7420220922061609.npz,247433,025e9b13c81ca339550053a019eb6396716f845e5c4be844e3c85039fe3b394c,6.8,449.0,6.23,0.5,-0.63337046,-0.4375783,-103.12,18.05,ref_CU,Ztor,original_table,True,12150,,,True,False,False,True,78.8603075327789,0.6418370990426974
2022-12-11__FJ74,2022-12-11,FJ74,,INTERPLATE,INTERPLATE/FJ74/pre-pro-FJ7420221211143130.npz,data/preprocessed/INTERPLATE/FJ74/pre-pro-FJ7420221211143130.npz,123376,daa0676e90a359821209c30f955aa85196dca131cb3682e5788edfa24bc9f2de,6.0,284.0,11.44,0.5,-0.63337046,-0.4375783,-100.63,17.13,Rhyp,Ztor,original_table,False,6750,,,False,False,False,False,16.564711114760797,0.8477508169599192
2003-01-22__GA62,2003-01-22,GA62,,INTERPLATE,INTERPLATE/GA62/pre-pro-GA6220030122020634.npz,data/preprocessed/INTERPLATE/GA62/pre-pro-GA6220030122020634.npz,247136,0a7b36daedf5e606c61b0b77e8099921e70ad404e06b03f99d3eeda558bdfccd,7.5,506.0,19.79,2.12,-10.518057,2.5618527,-103.9,18.86,ref_CU,Ztor,original_table,True,12150,,,True,True,True,True,53.10682465838403,0.7589559519862744
2014-04-18__GA62,2014-04-18,GA62,,INTERPLATE,INTERPLATE/GA62/pre-pro-GA6220140418142723.npz,data/preprocessed/INTERPLATE/GA62/pre-pro-GA6220140418142723.npz,246418,d653627e1ef061b8b8f64f5ac86b6c369dff14a39c95d73558fbdfb61ec01427,7.3,302.0,7.54,1.98,-10.518057,2.5618527,-101.055,17.375,ref_CU,Ztor,original_table,False,12150,,,False,True,True,False,83.49735755625326,0.6187161169174242
2014-05-08__GA62,2014-05-08,GA62,,INTERPLATE,INTERPLATE/GA62/pre-pro-GA6220140508170016.npz,data/preprocessed/INTERPLATE/GA62/pre-pro-GA6220140508170016.npz,243737,98de44633554a961d526bb4a34edd9eca532bc4c526cc5ac383717ba7a739b3a,6.5,282.0,17.14,2.03,-10.518057,2.5618527,-100.74,17.36,ref_CU,Ztor,original_table,False,12000,,,False,True,True,False,83.98616536141779,0.6120731392082319
2018-02-16__GA62,2018-02-16,GA62,,INTERPLATE,INTERPLATE/GA62/pre-pro-GA6220180216233938.npz,data/preprocessed/INTERPLATE/GA62/pre-pro-GA6220180216233938.npz,260178,ac3b9f39368ba5607805ed5435b7b877176aa116d0aeb7fe601766786401278c,7.2,350.0,7.49,2.0,-10.518057,2.5618527,-98.03,16.25,ref_CU,Ztor,original_table,False,12800,,,False,True,True,False,80.89384199202885,0.6506872700922841
2021-09-08__GA62,2021-09-08,GA62,,INTERPLATE,INTERPLATE/GA62/pre-pro-GA6220210908014746.npz,data/preprocessed/INTERPLATE/GA62/pre-pro-GA6220210908014746.npz,277696,523f240233a8b091eda2a685bb996c7eb150e56b827e59be95757603b9fbe1c0,7.1,268.0,8.33,2.0,-10.518057,2.5618527,-99.93,16.78,ref_CU,Ztor,original_table,False,13500,,,False,True,True,False,83.47928546286468,0.6626008994306657
2022-09-19__GA62,2022-09-19,GA62,,INTERPLATE,INTERPLATE/GA62/pre-pro-GA6220220919180509.npz,data/preprocessed/INTERPLATE/GA62/pre-pro-GA6220220919180509.npz,275215,b952d2cd892111353d5ed3d78ebf786f8fa5cc1e2183f1f4b055637a0efb4742,7.7,408.0,7.32,1.85,-10.518057,2.5618527,-103.29,18.22,ref_CU,Ztor,original_table,False,13500,,,False,True,True,False,96.77412767707015,0.6050035605017544
2022-09-22__GA62,2022-09-22,GA62,,INTERPLATE,INTERPLATE/GA62/pre-pro-GA6220220922061609.npz,data/preprocessed/INTERPLATE/GA62/pre-pro-GA6220220922061609.npz,243880,3bdae93b565852fe6ec6db4444623b863da5ff2bbf6b8d43c9f8b6648cc80b05,6.8,461.0,6.23,1.92,-10.518057,2.5618527,-103.12,18.05,ref_CU,Ztor,original_table,False,12000,,,False,True,True,False,75.40944769924249,0.6517206368961643
2022-12-11__GA62,2022-12-11,GA62,,INTERPLATE,INTERPLATE/GA62/pre-pro-GA6220221211143130.npz,data/preprocessed/INTERPLATE/GA62/pre-pro-GA6220221211143130.npz,224214,973ea9c10598395d8451a7d411983057d330e4809f5d9bf5aed5c584147f09cb,6.0,301.0,11.44,1.85,-10.518057,2.5618527,-100.63,17.13,Rhyp,Ztor,original_table,False,11250,,,False,False,False,False,50.1537234374681,0.7484137274267966
2026-01-02__GA62,2026-01-02,GA62,,INTERPLATE,INTERPLATE/GA62/pre-pro-GA6220260102135815.npz,data/preprocessed/INTERPLATE/GA62/pre-pro-GA6220260102135815.npz,233114,487c3b2ae292ca7f134fba4ab99b5b746c5b1a7bcb2347dac15fc29304e9fdf6,6.5,292.0,10.82,1.86,-10.518057,2.5618527,-99.41,16.77,ref_CU_prefix,Ztor,original_table,False,11520,,,False,True,True,False,78.64330087105728,0.6203924271320304
1989-04-25__GA62,1989-04-25,GA62,,INTERPLATE,INTERPLATE/GA62/pre-pro-GA628904.251.npz,data/preprocessed/INTERPLATE/GA62/pre-pro-GA628904.251.npz,205075,278a9722e545e09e6aaf2dc3b75fa7e217a905018b53ab82239aecfe5bcbe5ab,6.9,302.0,16.26,2.11,-10.518057,2.5618527,-99.4,16.603,ref_CU,Ztor,original_table,False,10240,,,False,True,True,False,59.40926338861894,0.6729645305041344
1990-05-31__GA62,1990-05-31,GA62,,INTERPLATE,INTERPLATE/GA62/pre-pro-GA629005.311.npz,data/preprocessed/INTERPLATE/GA62/pre-pro-GA629005.311.npz,159216,1170a4b72e200b87e4b63a395c40fa997b19a507adf73d6ae5cc0e264f459dab,6.1,313.0,15.11,2.05,-10.518057,2.5618527,-100.893,17.106,Rhyp,Ztor,original_table,True,8192,,,True,True,True,False,15.513001236068163,0.889947494068756
1995-09-14__GA62,1995-09-14,GA62,,INTERPLATE,INTERPLATE/GA62/pre-pro-GA629509.141.npz,data/preprocessed/INTERPLATE/GA62/pre-pro-GA629509.141.npz,275638,36fe04de5f32c3b158a70f1e553b7b85519c0a0aedc5de9c1542c62b531fe40b,7.3,332.0,15.75,1.94,-10.518057,2.5618527,-98.88,16.31,ref_CU,Ztor,original_table,False,13500,,,False,True,True,False,90.08420749347836,0.633595511699836
1995-10-09__GA62,1995-10-09,GA62,,INTERPLATE,INTERPLATE/GA62/pre-pro-GA629510.091.npz,data/preprocessed/INTERPLATE/GA62/pre-pro-GA629510.091.npz,265181,5b083455f9b9aa27067feb580d4e866a58580aa7e8cfc57035d5a09b204f7885,8.0,454.0,19.05,2.16,-10.518057,2.5618527,-104.67,18.74,ref_fallback_MT50,Ztor,original_table,True,13122,,,True,False,False,False,51.07198868621995,0.7843425864106919
1996-02-25__GA62,1996-02-25,GA62,,INTERPLATE,INTERPLATE/GA62/pre-pro-GA629602.251.npz,data/preprocessed/INTERPLATE/GA62/pre-pro-GA629602.251.npz,146187,f13f770378fd985982f27dc47e12355fb61a545e3262b7db978b85cdf3e3f4cc,7.1,393.0,9.62,1.92,-10.518057,2.5618527,-98.25,15.83,ref_any_BA49,Ztor,original_table,True,7680,,,True,False,False,False,14.10706029274725,0.8914423986706637
1996-07-15__GA62,1996-07-15,GA62,,INTERPLATE,INTERPLATE/GA62/pre-pro-GA629607.151.npz,data/preprocessed/INTERPLATE/GA62/pre-pro-GA629607.151.npz,201154,8e1aabe6eecb340f54dcbe63258c27660232cdd025f346a78b4d552796db5826,6.6,310.0,15.89,2.11,-10.518057,2.5618527,-101.1,17.4,ref_PA34,Ztor,original_table,True,10126,,,True,True,True,False,28.035138458683637,0.8433616132602322
1997-07-19__GA62,1997-07-19,GA62,,INTERPLATE,INTERPLATE/GA62/pre-pro-GA629707.192.npz,data/preprocessed/INTERPLATE/GA62/pre-pro-GA629707.192.npz,139704,1408f3bc1db322ac437b5fa3ca8050df327098a415e4c98bfa28126ddb5f8918,6.7,405.0,11.92,2.1,-10.518057,2.5618527,-98.35,15.86,ref_any_AE02,Ztor,original_table,True,7500,,,True,False,False,False,4.5890811367485895,0.962913519179339
1998-02-03__GA62,1998-02-03,GA62,,INTERPLATE,INTERPLATE/GA62/pre-pro-GA629802.031.npz,data/preprocessed/INTERPLATE/GA62/pre-pro-GA629802.031.npz,140301,253996baede14ade078bda9caf762d37d753fce0c142c4c6a985d0a8517950a7,6.3,510.0,18.43,1.94,-10.518057,2.5618527,-96.37,15.69,Rhyp,Ztor,original_table,True,7500,,,True,False,False,False,5.431563184216316,0.9561050332615458
2000-08-09__GC38,2000-08-09,GC38,,INTERPLATE,INTERPLATE/GC38/pre-pro-GC380008.091.npz,data/preprocessed/INTERPLATE/GC38/pre-pro-GC380008.091.npz,151525,efb652a381c4fdd69770e9e50abd5f5cc40458a99987187d54bc6bcbe3674561,6.5,367.0,25.97,1.65,-5.6351147,-8.124046,-102.66,17.99,ref_CU,Ztor,original_table,True,8000,,,True,True,True,False,12.534868356472488,0.9064980728295354
2012-03-20__GC38,2012-03-20,GC38,,INTERPLATE,INTERPLATE/GC38/pre-pro-GC381203.201.npz,data/preprocessed/INTERPLATE/GC38/pre-pro-GC381203.201.npz,276287,822a1cf00f420d458035214c116ec0894ff2713521cab1e5bd097799e7ba63c5,7.5,314.0,14.82,1.6,-5.6351137,-8.124044,-98.531,16.254,ref_CU,Ztor,original_table,False,13500,,,False,True,True,False,114.17670912325246,0.5353570621281387
2003-01-22__GC38,2003-01-22,GC38,,INTERPLATE,INTERPLATE/GC38/pre-pro-GC3820030122020634.npz,data/preprocessed/INTERPLATE/GC38/pre-pro-GC3820030122020634.npz,203570,82c2995d9a53bb64533b07b43e1ddea73fb4012d707b935df17a513b1dc0c141,7.5,508.0,19.79,1.7,-5.6351156,-8.124047,-103.9,18.86,ref_CU,Ztor,original_table,True,10240,,,True,True,True,False,29.518986450253664,0.8370467212241034
2014-04-18__GC38,2014-04-18,GC38,,INTERPLATE,INTERPLATE/GC38/pre-pro-GC3820140418142723.npz,data/preprocessed/INTERPLATE/GC38/pre-pro-GC3820140418142723.npz,201163,78bfbe9b9950c2c0a4a0bf1225ca329b99cf25cef7a0f0c4636ca36a6a3a42f4,7.3,294.0,7.54,1.55,-5.6351113,-8.124042,-101.055,17.375,ref_CU,Ztor,original_table,False,10126,,,False,True,True,False,63.53816609584821,0.6447404747226826
2014-05-08__GC38,2014-05-08,GC38,,INTERPLATE,INTERPLATE/GC38/pre-pro-GC3820140508170016.npz,data/preprocessed/INTERPLATE/GC38/pre-pro-GC3820140508170016.npz,242844,dd8b9cd79406378a05af7cf49586bac86d41f6c9089d3d641cfc0d399cfd7177,6.5,274.0,17.14,1.55,-5.6351113,-8.124042,-100.74,17.36,ref_CU,Ztor,original_table,False,12000,,,False,True,True,False,74.5942778419591,0.6552785348585466
2014-05-10__GC38,2014-05-10,GC38,,INTERPLATE,INTERPLATE/GC38/pre-pro-GC3820140510073601.npz,data/preprocessed/INTERPLATE/GC38/pre-pro-GC3820140510073601.npz,180859,af6a206c6036114d218fba764a86bc39853c35a4414e7b824962cd7df67cf879,6.1,288.0,18.48,1.58,-5.635113,-8.124043,-100.82,17.31,Rhyp,Ztor,original_table,True,9216,,,True,True,True,True,40.75991652907777,0.7462812540984888
2020-06-23__GC38,2020-06-23,GC38,,INTERPLATE,INTERPLATE/GC38/pre-pro-GC3820200623152903.npz,data/preprocessed/INTERPLATE/GC38/pre-pro-GC3820200623152903.npz,247778,1fe1bfb1816b0b7ceca5d3c528491f1f775e0acfecdcb4a3835e606ce38c3fb0,7.4,453.0,15.6,1.55,-5.6351113,-8.124042,-96.12,15.784,ref_CU,Ztor,original_table,False,12150,,,False,True,True,False,77.05505256021044,0.6505598269456694
2021-09-08__GC38,2021-09-08,GC38,,INTERPLATE,INTERPLATE/GC38/pre-pro-GC3820210908014746.npz,data/preprocessed/INTERPLATE/GC38/pre-pro-GC3820210908014746.npz,253807,bf4b17f008053b955506f819b540f03d434816bccf68c8119659f686706f0575,7.1,256.0,8.33,1.59,-5.6351132,-8.124044,-99.93,16.78,ref_CU,Ztor,original_table,False,12500,,,False,True,True,False,88.07673332859045,0.6104178462111179
2022-09-19__GC38,2022-09-19,GC38,,INTERPLATE,INTERPLATE/GC38/pre-pro-GC3820220919180509.npz,data/preprocessed/INTERPLATE/GC38/pre-pro-GC3820220919180509.npz,330450,255728454e953f1d5f690805f39f601204efeb34901f32f151878afb5d30c0a7,7.7,408.0,7.32,1.53,-5.63511,-8.12404,-103.29,18.22,ref_CU,Ztor,original_table,False,16000,,,False,True,True,False,137.17925002921518,0.5341328192990044
2022-09-22__GC38,2022-09-22,GC38,,INTERPLATE,INTERPLATE/GC38/pre-pro-GC3820220922061609.npz,data/preprocessed/INTERPLATE/GC38/pre-pro-GC3820220922061609.npz,230940,e3b45f4ad859e1fcec4a225acd66bc7ffa9b96dd4b92c68b926023ef0ff0a0ea,6.8,460.0,6.23,1.52,-5.635109,-8.124038,-103.12,18.05,ref_CU,Ztor,original_table,False,11520,,,False,True,True,False,90.64342498523344,0.5580094354143094
2022-12-11__GC38,2022-12-11,GC38,,INTERPLATE,INTERPLATE/GC38/pre-pro-GC3820221211143130.npz,data/preprocessed/INTERPLATE/GC38/pre-pro-GC3820221211143130.npz,225830,cc36e8f7e9fa0bf9013f1a2da0161730bf673b80bcf5a118bdaa9c28622dfd93,6.0,292.0,11.44,1.55,-5.6351113,-8.124042,-100.63,17.13,Rhyp,Ztor,original_table,False,11250,,,False,False,False,False,46.35047100753604,0.7692973420559651
2026-01-02__GC38,2026-01-02,GC38,,INTERPLATE,INTERPLATE/GC38/pre-pro-GC3820260102135815.npz,data/preprocessed/INTERPLATE/GC38/pre-pro-GC3820260102135815.npz,311183,6b5c0fdcfe50705da7b116fcd7fc20bd87f686cf6ac7fdf05bfd844496d51f8b,6.5,278.0,10.82,1.56,-5.635112,-8.1240425,-99.41,16.77,ref_CU_prefix,Ztor,original_table,False,15000,,,False,True,True,False,165.97529926778753,0.4010274295641012
1990-05-31__GC38,1990-05-31,GC38,,INTERPLATE,INTERPLATE/GC38/pre-pro-GC389005.311.npz,data/preprocessed/INTERPLATE/GC38/pre-pro-GC389005.311.npz,61243,91205de7830a26b32eead5bc0167ace03cd6db4e094c8792bb7e959c8f5eb415,6.1,304.0,15.11,1.81,-5.635116,-8.124048,-100.893,17.106,Rhyp,Ztor,original_table,True,3840,,,True,False,False,False,2.491612290834844,0.953138756990129
1995-09-14__GC38,1995-09-14,GC38,,INTERPLATE,INTERPLATE/GC38/pre-pro-GC389509.141.npz,data/preprocessed/INTERPLATE/GC38/pre-pro-GC389509.141.npz,151451,da011483faa99f6c26de84616955e547d8f1000ba7c428004a4e3cb9ece54638,7.3,318.0,15.75,1.75,-5.6351156,-8.124048,-98.88,16.31,ref_CU,Ztor,original_table,True,8000,,,True,True,True,True,31.644243179239385,0.7636725677427978
1995-10-09__GC38,1995-10-09,GC38,,INTERPLATE,INTERPLATE/GC38/pre-pro-GC389510.091.npz,data/preprocessed/INTERPLATE/GC38/pre-pro-GC389510.091.npz,165598,ff1fe0c77873554e62fe9e6c8076e0cd7fbfc8f44af3bbd56e6f413b3c2a96f8,8.0,457.0,19.05,1.75,-5.6351156,-8.124048,-104.67,18.74,ref_fallback_MT50,Ztor,original_table,True,8640,,,True,False,False,False,11.081952892744198,0.924566381507425
1997-07-19__GC38,1997-07-19,GC38,,INTERPLATE,INTERPLATE/GC38/pre-pro-GC389707.192.npz,data/preprocessed/INTERPLATE/GC38/pre-pro-GC389707.192.npz,117989,53b0285f7af16e50ab37e90c73262720eaac3c07c4d9c1f56a83e107c80e4d6b,6.7,391.0,11.92,1.77,-5.6351156,-8.124048,-98.35,15.86,ref_any_AE02,Ztor,original_table,True,6400,,,True,False,False,False,4.082419140614036,0.9608363474614924
1998-02-03__GC38,1998-02-03,GC38,,INTERPLATE,INTERPLATE/GC38/pre-pro-GC389802.031.npz,data/preprocessed/INTERPLATE/GC38/pre-pro-GC389802.031.npz,139908,cbd6a21731778e552775d101f96c124213d2913cd0f679cc492634dbbb693e7f,6.3,497.0,18.43,1.72,-5.6351156,-8.124047,-96.37,15.69,Rhyp,Ztor,original_table,True,7500,,,True,False,False,False,9.479008738541252,0.9233957593458764
2000-08-09__GR27,2000-08-09,GR27,,INTERPLATE,INTERPLATE/GR27/pre-pro-GR270008.091.npz,data/preprocessed/INTERPLATE/GR27/pre-pro-GR270008.091.npz,173481,8d99df5b2b878f3c99569677a52067878f842d801bde3e0f925f9d4e3a13f616,6.5,366.0,25.97,0.76,-13.032118,5.697316,-102.66,17.99,ref_CU,Ztor,original_table,True,9000,,,True,True,True,True,35.52425953365589,0.7697267159288527
2012-03-20__GR27,2012-03-20,GR27,,INTERPLATE,INTERPLATE/GR27/pre-pro-GR271203.201.npz,data/preprocessed/INTERPLATE/GR27/pre-pro-GR271203.201.npz,269024,556632cf83b2479dd0f0efbe8dad297a39b8a6ef9d283fe8182b37cf51c2b817,7.5,333.0,14.82,0.75,-12.976084,5.6728196,-98.531,16.254,ref_CU,Ztor,original_table,False,13122,,,False,True,True,False,122.54264119915236,0.487976262068473
2014-04-18__GR27,2014-04-18,GR27,,INTERPLATE,INTERPLATE/GR27/pre-pro-GR2720140418142723.npz,data/preprocessed/INTERPLATE/GR27/pre-pro-GR2720140418142723.npz,213916,530cbda168bcd379237fef739b6e6ee69f58622609c9accf41bf49e822ade160,7.3,302.0,7.54,0.74,-12.912644,5.645086,-101.055,17.375,ref_CU,Ztor,original_table,False,10800,,,False,True,True,False,93.5283307710185,0.5074604730579888
2014-05-08__GR27,2014-05-08,GR27,,INTERPLATE,INTERPLATE/GR27/pre-pro-GR2720140508170016.npz,data/preprocessed/INTERPLATE/GR27/pre-pro-GR2720140508170016.npz,204606,f9c64f71c58c5c48ab66168744de92f30aefad55a65ca4066814e15a53230530,6.5,283.0,17.14,0.78,-13.125132,5.7379794,-100.74,17.36,ref_CU,Ztor,original_table,False,10240,,,False,True,True,False,77.93637179482371,0.570834957076962
2014-05-10__GR27,2014-05-10,GR27,,INTERPLATE,INTERPLATE/GR27/pre-pro-GR2720140510073601.npz,data/preprocessed/INTERPLATE/GR27/pre-pro-GR2720140510073601.npz,173531,e0b02eb0f956a0aa120daa7aef33efbc134805b72f5a69a1e15fa9fc06dc7d14,6.1,297.0,18.48,0.73,-12.840912,5.613726,-100.82,17.31,Rhyp,Ztor,original_table,True,9000,,,True,True,True,True,59.7626057785039,0.6113759540999877
2018-02-16__GR27,2018-02-16,GR27,,INTERPLATE,INTERPLATE/GR27/pre-pro-GR2720180216233938.npz,data/preprocessed/INTERPLATE/GR27/pre-pro-GR2720180216233938.npz,256966,6e4c17948e87385a1b017cf51d8297dff3e54917e72ef5929a957f13e39b4618,7.2,355.0,7.49,0.74,-12.912644,5.645086,-98.03,16.25,ref_CU,Ztor,original_table,False,12800,,,False,True,True,False,101.6004998649632,0.555883639179249
2020-06-23__GR27,2020-06-23,GR27,,INTERPLATE,INTERPLATE/GR27/pre-pro-GR2720200623152903.npz,data/preprocessed/INTERPLATE/GR27/pre-pro-GR2720200623152903.npz,385507,89ced02eca268e4d9daaab73e268d535701d37ea167ad66b5d5a2ceb6ec71f2b,7.4,471.0,15.6,0.72,-12.759918,5.5783176,-96.12,15.784,ref_CU,Ztor,original_table,False,18432,,,False,True,True,False,141.6964539296857,0.5878400944481058
2021-09-08__GR27,2021-09-08,GR27,,INTERPLATE,INTERPLATE/GR27/pre-pro-GR2720210908014746.npz,data/preprocessed/INTERPLATE/GR27/pre-pro-GR2720210908014746.npz,176987,7c9aca7757c3690ae8c1930cf849baa7404db8c6f897a13f72e1f6ed40c02327,7.1,271.0,8.33,0.77,-13.081555,5.7189293,-99.93,16.78,ref_CU,Ztor,original_table,False,9000,,,False,True,True,False,61.01385418441421,0.6108810319871543
2022-09-19__GR27,2022-09-19,GR27,,INTERPLATE,INTERPLATE/GR27/pre-pro-GR2720220919180509.npz,data/preprocessed/INTERPLATE/GR27/pre-pro-GR2720220919180509.npz,261783,e8b4309b7bc63d2adda3788c31346c45e35ee5934cf46dd9a5f585569d03b547,7.7,405.0,7.32,0.73,-12.840912,5.613726,-103.29,18.22,ref_CU,Ztor,original_table,False,12800,,,False,True,True,False,80.31243826914817,0.655414947143999
2022-09-22__GR27,2022-09-22,GR27,,INTERPLATE,INTERPLATE/GR27/pre-pro-GR2720220922061609.npz,data/preprocessed/INTERPLATE/GR27/pre-pro-GR2720220922061609.npz,222615,659fc9f3f9a161793d44870961da9756fb4375a7d593f43ad55c26580e3300d0,6.8,458.0,6.23,0.73,-12.840912,5.613726,-103.12,18.05,ref_CU,Ztor,original_table,False,11250,,,False,True,True,False,71.98728441982709,0.635655003442519
2022-12-11__GR27,2022-12-11,GR27,,INTERPLATE,INTERPLATE/GR27/pre-pro-GR2720221211143130.npz,data/preprocessed/INTERPLATE/GR27/pre-pro-GR2720221211143130.npz,165269,9b1423dbbf561e3d74dbffa7218e7bb791a0087d9344843b44b71291bc1fa659,6.0,303.0,11.44,0.78,-13.125132,5.7379794,-100.63,17.13,Rhyp,Ztor,original_table,False,8640,,,False,False,False,False,27.41936835750458,0.8125940239388656
2026-01-02__GR27,2026-01-02,GR27,,INTERPLATE,INTERPLATE/GR27/pre-pro-GR2720260102135815.npz,data/preprocessed/INTERPLATE/GR27/pre-pro-GR2720260102135815.npz,194242,6945ad91c4a92a9cda6f2eb860a6749d4d33986c57ab3685e4eb1eea4912924b,6.5,295.0,10.82,0.73,-12.840912,5.613726,-99.41,16.77,ref_CU_prefix,Ztor,original_table,False,10000,,,False,True,True,False,78.95479491308171,0.5408003087525781
1989-04-25__GR27,1989-04-25,GR27,,INTERPLATE,INTERPLATE/GR27/pre-pro-GR278904.251.npz,data/preprocessed/INTERPLATE/GR27/pre-pro-GR278904.251.npz,113691,411c23664f19e62f9f3f2a4cf012ff84a018512bbdb7ca212906fe3f146e46aa,6.9,306.0,16.26,0.77,-13.081555,5.7189293,-99.4,16.603,ref_CU,Ztor,original_table,True,6144,,,True,True,True,False,29.538229490839825,0.7041147000817407
1993-05-15__GR27,1993-05-15,GR27,,INTERPLATE,INTERPLATE/GR27/pre-pro-GR279305.152.npz,data/preprocessed/INTERPLATE/GR27/pre-pro-GR279305.152.npz,171375,20a65b61924782da23426a23874932d75d0c96cbbdf7530a714e62ac7f664a7b,5.9,338.0,35.38,0.77,-13.081555,5.7189293,-98.72,16.47,Rhyp,Ztor,original_table,True,8748,,,True,True,True,False,17.70022375970794,0.8837881704437796
1995-10-09__GR27,1995-10-09,GR27,,INTERPLATE,INTERPLATE/GR27/pre-pro-GR279510.091.npz,data/preprocessed/INTERPLATE/GR27/pre-pro-GR279510.091.npz,229648,b0ebe657b40ca5ea5b0c1104edee7959a76cee9d87bc4fa284375ecd7ee90000,8.0,451.0,19.05,0.76,-13.032118,5.697316,-104.67,18.74,ref_fallback_MT50,Ztor,original_table,True,11520,,,True,False,False,False,17.437106246255468,0.9148537221238564
1996-02-25__GR27,1996-02-25,GR27,,INTERPLATE,INTERPLATE/GR27/pre-pro-GR279602.251.npz,data/preprocessed/INTERPLATE/GR27/pre-pro-GR279602.251.npz,134130,15a78f2f3cfb3b55aae078a9d3ce8ceb47a828b48005d6751f9206cbce126bc7,7.1,397.0,9.62,0.77,-13.081555,5.7189293,-98.25,15.83,ref_any_BA49,Ztor,original_table,True,7200,,,True,False,False,False,5.939154014067995,0.9501037216326303
1996-07-15__GR27,1996-07-15,GR27,,INTERPLATE,INTERPLATE/GR27/pre-pro-GR279607.151.npz,data/preprocessed/INTERPLATE/GR27/pre-pro-GR279607.151.npz,192635,9d8da11170c8bd5dde10a5700e64ae2ff18422992b3bbd645c7c06c48ad8c6cf,6.6,310.0,15.89,0.78,-13.125132,5.7379794,-101.1,17.4,ref_PA34,Ztor,original_table,True,9720,,,True,True,True,True,55.44984497392928,0.6767526817422801
1997-07-19__GR27,1997-07-19,GR27,,INTERPLATE,INTERPLATE/GR27/pre-pro-GR279707.192.npz,data/preprocessed/INTERPLATE/GR27/pre-pro-GR279707.192.npz,105777,d0f11770ca7e60ae7df34d7377cd85f5fd10e7c18e1cc4734ebfcc6b98fd4164,6.7,410.0,11.92,0.78,-13.125132,5.7379794,-98.35,15.86,ref_any_AE02,Ztor,original_table,True,5832,,,True,False,False,False,1.2578313365896463,0.986537179315106
1998-02-03__GR27,1998-02-03,GR27,,INTERPLATE,INTERPLATE/GR27/pre-pro-GR279802.031.npz,data/preprocessed/INTERPLATE/GR27/pre-pro-GR279802.031.npz,139702,27332fefe98130ffc9af17f03d4cec6f4b9429165adf6a67d691bda72dddd2c6,6.3,516.0,18.43,0.76,-13.032118,5.697316,-96.37,15.69,Rhyp,Ztor,original_table,True,7500,,,True,False,False,False,2.1780539005915074,0.9824562714410672
1989-04-25__HA41,1989-04-25,HA41,,INTERPLATE,INTERPLATE/HA41/pre-pro-HA418904.251.npz,data/preprocessed/INTERPLATE/HA41/pre-pro-HA418904.251.npz,614317,21c88c9ed2d0d2b8521cc63a09c6e4d25c6fd7762fc4026bbee3db7d74404d24,6.9,301.0,16.26,4.73,-3.6121554,0.29191905,-99.4,16.603,ref_CU,Ztor,original_table,True,15000,,,True,True,True,True,95.94594283487469,0.6523634745742688
1990-05-31__HA41,1990-05-31,HA41,,INTERPLATE,INTERPLATE/HA41/pre-pro-HA419005.311.npz,data/preprocessed/INTERPLATE/HA41/pre-pro-HA419005.311.npz,199934,07168e3d4f4de79febc3aa3cc14f06a05cc1a7379c25ec7ae5e05d96c11d6850,6.1,315.0,15.11,4.69,-3.6121554,0.29191905,-100.893,17.106,Rhyp,Ztor,original_table,True,10126,,,True,True,True,False,39.77682881556322,0.7764216243293619
1993-05-15__HA41,1993-05-15,HA41,,INTERPLATE,INTERPLATE/HA41/pre-pro-HA419305.152.npz,data/preprocessed/INTERPLATE/HA41/pre-pro-HA419305.152.npz,210407,270e56e1316662205cb06d9f2b5922794be052dbf57345250dc6ff37ffedada5,5.9,330.0,35.38,4.59,-3.6121554,0.29191905,-98.72,16.47,Rhyp,Ztor,original_table,True,10800,,,True,True,True,False,40.98809285159823,0.7821520443709901
1995-10-09__HA41,1995-10-09,HA41,,INTERPLATE,INTERPLATE/HA41/pre-pro-HA419510.091.npz,data/preprocessed/INTERPLATE/HA41/pre-pro-HA419510.091.npz,864988,7d0e9eb3e768775357a0f1cba11e7d572a376a1ae7f00916e512b7f20350f755,8.0,461.0,19.05,4.64,-3.6121554,0.29191905,-104.67,18.74,ref_fallback_MT50,Ztor,original_table,True,20736,,,True,True,True,True,101.82153679726996,0.7395369014586686
2000-08-09__HJ72,2000-08-09,HJ72,,INTERPLATE,INTERPLATE/HJ72/pre-pro-HJ720008.091.npz,data/preprocessed/INTERPLATE/HJ72/pre-pro-HJ720008.091.npz,190163,b510f18e06589510e9e77a29a3a9b9f70ee54d4c4c7c689a4d29ad7289f0df8d,6.5,369.0,25.97,2.65,-9.270843,1.0668378,-102.66,17.99,ref_CU,Ztor,original_table,True,9600,,,True,True,True,True,35.26820565802808,0.7907428167910996
2012-03-20__HJ72,2012-03-20,HJ72,,INTERPLATE,INTERPLATE/HJ72/pre-pro-HJ721203.201.npz,data/preprocessed/INTERPLATE/HJ72/pre-pro-HJ721203.201.npz,334678,f0f9a48cf020abafbd8fbc005e77a4758177ec1a71250d5fc25bbfcd5fbc2f64,7.5,326.0,14.82,2.05,-9.270843,1.0668378,-98.531,16.254,ref_CU,Ztor,original_table,False,16200,,,False,True,True,False,146.24016179386763,0.5105914735321186
2003-01-22__HJ72,2003-01-22,HJ72,,INTERPLATE,INTERPLATE/HJ72/pre-pro-HJ7220030122020634.npz,data/preprocessed/INTERPLATE/HJ72/pre-pro-HJ7220030122020634.npz,237189,0d4ed94444cd73a528ed3a7f0dd5fb07e693980dcc4abf7a200601a12518ffd4,7.5,507.0,19.79,2.14,-9.270843,1.0668378,-103.9,18.86,ref_CU,Ztor,original_table,False,12000,,,False,True,True,False,53.77110070557978,0.7451365024856395
2014-04-18__HJ72,2014-04-18,HJ72,,INTERPLATE,INTERPLATE/HJ72/pre-pro-HJ7220140418142723.npz,data/preprocessed/INTERPLATE/HJ72/pre-pro-HJ7220140418142723.npz,247679,737bee18bc5ea193fd5e1b94dc349ecc522638ebc245ab27f25c5c3a7dd10141,7.3,301.0,7.54,2.05,-9.270843,1.0668378,-101.055,17.375,ref_CU,Ztor,original_table,False,12150,,,False,True,True,False,83.1468776214908,0.6226770846728499
2014-05-08__HJ72,2014-05-08,HJ72,,INTERPLATE,INTERPLATE/HJ72/pre-pro-HJ7220140508170016.npz,data/preprocessed/INTERPLATE/HJ72/pre-pro-HJ7220140508170016.npz,236255,a5f4a3b6f1dffe87a7389238a670b7d8959b9ea5a3e1819fd718916804bbc8cd,6.5,282.0,17.14,2.26,-9.270843,1.0668378,-100.74,17.36,ref_CU,Ztor,original_table,False,11664,,,False,True,True,False,96.50855711805072,0.5403697808351159
2014-05-10__HJ72,2014-05-10,HJ72,,INTERPLATE,INTERPLATE/HJ72/pre-pro-HJ7220140510073601.npz,data/preprocessed/INTERPLATE/HJ72/pre-pro-HJ7220140510073601.npz,206057,1db5b313614a06be193147323da0763690f6b48640ddedb0448d67da2926ede6,6.1,296.0,18.48,2.06,-9.270843,1.0668378,-100.82,17.31,Rhyp,Ztor,original_table,False,10368,,,False,True,True,False,59.84301679201863,0.6729174858328671
2018-02-16__HJ72,2018-02-16,HJ72,,INTERPLATE,INTERPLATE/HJ72/pre-pro-HJ7220180216233938.npz,data/preprocessed/INTERPLATE/HJ72/pre-pro-HJ7220180216233938.npz,295066,d6f40609cace9746cf9361a3c46291f17fa46e727710543fc304124d923b92b6,7.2,348.0,7.49,2.29,-9.270843,1.0668378,-98.03,16.25,ref_CU,Ztor,original_table,False,14400,,,False,True,True,False,87.38688379076399,0.667351032391458
2020-06-23__HJ72,2020-06-23,HJ72,,INTERPLATE,INTERPLATE/HJ72/pre-pro-HJ7220200623152903.npz,data/preprocessed/INTERPLATE/HJ72/pre-pro-HJ7220200623152903.npz,271700,55948e2c505d6f0bcdad1d1694974c4ab2adae27534d950c4a393cc9d815596e,7.4,464.0,15.6,2.29,-9.270843,1.0668378,-96.12,15.784,ref_CU,Ztor,original_table,False,13500,,,False,True,True,False,68.26307421004157,0.7178279009174869
2021-09-08__HJ72,2021-09-08,HJ72,,INTERPLATE,INTERPLATE/HJ72/pre-pro-HJ7220210908014746.npz,data/preprocessed/INTERPLATE/HJ72/pre-pro-HJ7220210908014746.npz,279488,d1f663088a24afe2ab26ed59aa92b7270e01bb948baa4a882a21764363afe7c3,7.1,267.0,8.33,2.2,-9.270843,1.0668378,-99.93,16.78,ref_CU,Ztor,original_table,False,13824,,,False,True,True,False,113.59850755473914,0.543377652726348
2022-09-19__HJ72,2022-09-19,HJ72,,INTERPLATE,INTERPLATE/HJ72/pre-pro-HJ7220220919180509.npz,data/preprocessed/INTERPLATE/HJ72/pre-pro-HJ7220220919180509.npz,286726,75ff026cb1a0a5aa2bfc14956f49358e55517a2973ed1b5c5468d49f80cf1560,7.7,409.0,7.32,2.06,-9.270843,1.0668378,-103.29,18.22,ref_CU,Ztor,original_table,False,14400,,,False,True,True,False,90.2039361376813,0.6468130926480764
2022-09-22__HJ72,2022-09-22,HJ72,,INTERPLATE,INTERPLATE/HJ72/pre-pro-HJ7220220922061609.npz,data/preprocessed/INTERPLATE/HJ72/pre-pro-HJ7220220922061609.npz,289446,d91349bccdc3d5e6d2bfb824a3973826ac76f91e7e5258a98c1a1f158bd4abfd,6.8,461.0,6.23,1.99,-9.270843,1.0668378,-103.12,18.05,ref_CU,Ztor,original_table,False,14400,,,False,True,True,False,118.46630289997822,0.5397937110559466
2022-12-11__HJ72,2022-12-11,HJ72,,INTERPLATE,INTERPLATE/HJ72/pre-pro-HJ7220221211143130.npz,data/preprocessed/INTERPLATE/HJ72/pre-pro-HJ7220221211143130.npz,249215,804e59c26bef096e200631ac3784d8ba9ac4c730e5ac92a7219bf853d7642cac,6.0,301.0,11.44,1.83,-9.270843,1.0668378,-100.63,17.13,Rhyp,Ztor,original_table,False,12288,,,False,False,False,False,68.54405443186292,0.6908251942631353
2026-01-02__HJ72,2026-01-02,HJ72,,INTERPLATE,INTERPLATE/HJ72/pre-pro-HJ7220260102135815.npz,data/preprocessed/INTERPLATE/HJ72/pre-pro-HJ7220260102135815.npz,225350,c4b4088d6a88b239b28ad34fa2f25d58924ab1ba8a9288b148783695a41c4310,6.5,290.0,10.82,2.11,-9.270843,1.0668378,-99.41,16.77,ref_CU_prefix,Ztor,original_table,False,11250,,,False,True,True,False,80.69385534169723,0.5970545523734284
1989-04-25__HJ72,1989-04-25,HJ72,,INTERPLATE,INTERPLATE/HJ72/pre-pro-HJ728904.251.npz,data/preprocessed/INTERPLATE/HJ72/pre-pro-HJ728904.251.npz,196217,b77057643bfa109817a0f4d5169707d5202f9d4034d2e5119d82fb4b9a1a7a05,6.9,301.0,16.26,2.75,-9.270843,1.0668378,-99.4,16.603,ref_CU,Ztor,original_table,False,10000,,,False,True,True,False,67.97191440349773,0.6091771250948843
1990-05-31__HJ72,1990-05-31,HJ72,,INTERPLATE,INTERPLATE/HJ72/pre-pro-HJ729005.311.npz,data/preprocessed/INTERPLATE/HJ72/pre-pro-HJ729005.311.npz,79814,33dcc20c930a6de2fdf2f0bded2e270488d33cf717c10be1caca050b82586413,6.1,312.0,15.11,2.91,-9.270843,1.0668378,-100.893,17.106,Rhyp,Ztor,original_table,True,4800,,,True,False,False,False,4.739581388710263,0.932156006459916
1993-05-15__HJ72,1993-05-15,HJ72,,INTERPLATE,INTERPLATE/HJ72/pre-pro-HJ729305.152.npz,data/preprocessed/INTERPLATE/HJ72/pre-pro-HJ729305.152.npz,116793,9bdf12ee96bf6cd54b5b1752fa37805aa1f8b196884fc148609bb9d100bd102a,5.9,331.0,35.38,2.39,-9.270843,1.0668378,-98.72,16.47,Rhyp,Ztor,original_table,True,6400,,,True,False,False,False,12.791005295990914,0.875815482563195
1995-09-14__HJ72,1995-09-14,HJ72,,INTERPLATE,INTERPLATE/HJ72/pre-pro-HJ729509.141.npz,data/preprocessed/INTERPLATE/HJ72/pre-pro-HJ729509.141.npz,229587,a59351e27e05b811fffc1ee245ae4aa768cea0d9b7470683da6043c22d408f24,7.3,330.0,15.75,2.6,-9.270843,1.0668378,-98.88,16.31,ref_CU,Ztor,original_table,False,11520,,,False,True,True,False,48.64659354896676,0.761571369166462
1995-10-09__HJ72,1995-10-09,HJ72,,INTERPLATE,INTERPLATE/HJ72/pre-pro-HJ729510.091.npz,data/preprocessed/INTERPLATE/HJ72/pre-pro-HJ729510.091.npz,202632,73e227a30e82853101a6fb81935d7c314075470c87203664f801e651b7aee4f0,8.0,455.0,19.05,2.68,-9.270843,1.0668378,-104.67,18.74,ref_fallback_MT50,Ztor,original_table,True,10240,,,True,False,False,False,25.308608803863365,0.8595916293821727
1996-07-15__HJ72,1996-07-15,HJ72,,INTERPLATE,INTERPLATE/HJ72/pre-pro-HJ729607.151.npz,data/preprocessed/INTERPLATE/HJ72/pre-pro-HJ729607.151.npz,160297,59d7c7b8a1a6e7b6e6345ea9be735f5a6944af2002d30eb43e33a152a4cf90e4,6.6,309.0,15.89,2.2,-9.270843,1.0668378,-101.1,17.4,ref_PA34,Ztor,original_table,True,8640,,,True,True,True,False,14.391415715752998,0.8985233696534127
1997-07-19__HJ72,1997-07-19,HJ72,,INTERPLATE,INTERPLATE/HJ72/pre-pro-HJ729707.192.npz,data/preprocessed/INTERPLATE/HJ72/pre-pro-HJ729707.192.npz,118195,effe7af843b40e224e2f7954067e94b6447b917e16d395d87ab6db6754cba445,6.7,403.0,11.92,2.09,-9.270843,1.0668378,-98.35,15.86,ref_any_AE02,Ztor,original_table,True,6400,,,True,False,False,False,3.785360518454553,0.9636861040056164
1998-02-03__HJ72,1998-02-03,HJ72,,INTERPLATE,INTERPLATE/HJ72/pre-pro-HJ729802.031.npz,data/preprocessed/INTERPLATE/HJ72/pre-pro-HJ729802.031.npz,125544,46355f499b603ccf8f27d4bd0b435bc66b129f3f05f5b78f3ad45481361e199c,6.3,509.0,18.43,2.79,-9.270843,1.0668378,-96.37,15.69,Rhyp,Ztor,original_table,True,6750,,,True,False,False,False,5.978525068617572,0.9460129576610296
2000-08-09__IB22,2000-08-09,IB22,,INTERPLATE,INTERPLATE/IB22/pre-pro-IB220008.091.npz,data/preprocessed/INTERPLATE/IB22/pre-pro-IB220008.091.npz,154362,c18dc9154d791559f4ae1fb85cb1dd13af9912db3fbc22cc18bb4f29aee38a10,6.5,366.0,25.97,1.41,-8.120323,-6.196144,-102.66,17.99,ref_CU,Ztor,original_table,True,8000,,,True,True,True,False,23.505930045317086,0.8277827676363317
2012-03-20__IB22,2012-03-20,IB22,,INTERPLATE,INTERPLATE/IB22/pre-pro-IB221203.201.npz,data/preprocessed/INTERPLATE/IB22/pre-pro-IB221203.201.npz,263819,e22fba97b10c83655ccbbc461e082b69c13da8d1f92a12234aaeaaf18dfe60fd,7.5,318.0,14.82,1.39,-8.12031,-6.196134,-98.531,16.254,ref_CU,Ztor,original_table,False,12960,,,False,True,True,False,98.1449916099919,0.5816674838668774
2003-01-22__IB22,2003-01-22,IB22,,INTERPLATE,INTERPLATE/IB22/pre-pro-IB2220030122020634.npz,data/preprocessed/INTERPLATE/IB22/pre-pro-IB2220030122020634.npz,219366,04aa324dab85f64f4e7517ea1a8cf1bb9e6f6a22752e6e423f9d28de20f5be60,7.5,506.0,19.79,1.34,-8.120256,-6.1960926,-103.9,18.86,ref_CU,Ztor,original_table,True,10936,,,True,True,True,True,55.666261485351015,0.7146490594353546
2014-04-18__IB22,2014-04-18,IB22,,INTERPLATE,INTERPLATE/IB22/pre-pro-IB2220140418142723.npz,data/preprocessed/INTERPLATE/IB22/pre-pro-IB2220140418142723.npz,256617,417cc18c152e7f682f50f8b70a723c2be1e1a74d8cd646edc2d5fb9e11e15de8,7.3,295.0,7.54,1.32,-8.120222,-6.196067,-101.055,17.375,ref_CU,Ztor,original_table,False,12800,,,False,True,True,False,111.04929930290602,0.5132405571013149
2014-05-08__IB22,2014-05-08,IB22,,INTERPLATE,INTERPLATE/IB22/pre-pro-IB2220140508170016.npz,data/preprocessed/INTERPLATE/IB22/pre-pro-IB2220140508170016.npz,187994,e58167c6010b9ae1cbcc008a6af8bc0dccf893fd8f73e35caf73ff5fa58b686e,6.5,275.0,17.14,1.31,-8.120201,-6.196051,-100.74,17.36,ref_CU,Ztor,original_table,False,9600,,,False,True,True,False,61.65836481140508,0.6289887188675306
2014-05-10__IB22,2014-05-10,IB22,,INTERPLATE,INTERPLATE/IB22/pre-pro-IB2220140510073601.npz,data/preprocessed/INTERPLATE/IB22/pre-pro-IB2220140510073601.npz,168332,69d505411679b0240165abd62d57b632178f180a9e4c60aaa23efb7d6de3f44d,6.1,289.0,18.48,1.32,-8.120222,-6.196067,-100.82,17.31,Rhyp,Ztor,original_table,False,8640,,,False,True,True,False,55.69668146164628,0.6254174358622215
2018-02-16__IB22,2018-02-16,IB22,,INTERPLATE,INTERPLATE/IB22/pre-pro-IB2220180216233938.npz,data/preprocessed/INTERPLATE/IB22/pre-pro-IB2220180216233938.npz,268548,d3dfb337b847813566e7968e93eb947a8991186f4cfcd84ef94efe61ab77325d,7.2,340.0,7.49,1.41,-8.120323,-6.196144,-98.03,16.25,ref_CU,Ztor,original_table,False,13122,,,False,True,True,False,115.50248513794229,0.516604649125545
2020-06-23__IB22,2020-06-23,IB22,,INTERPLATE,INTERPLATE/IB22/pre-pro-IB2220200623152903.npz,data/preprocessed/INTERPLATE/IB22/pre-pro-IB2220200623152903.npz,270478,101cb9b6682b755e7b468c4122c831a88ab954a079b859cf708f7a2372123823,7.4,457.0,15.6,1.38,-8.120302,-6.196128,-96.12,15.784,ref_CU,Ztor,original_table,False,13500,,,False,True,True,False,82.69969647397747,0.6567765242831398
2021-09-08__IB22,2021-09-08,IB22,,INTERPLATE,INTERPLATE/IB22/pre-pro-IB2220210908014746.npz,data/preprocessed/INTERPLATE/IB22/pre-pro-IB2220210908014746.npz,225350,ca6fc00c218139527616ca7c222d4e70d0e703b200ad39e5b1d1175acff411fd,7.1,259.0,8.33,1.39,-8.12031,-6.196134,-99.93,16.78,ref_CU,Ztor,original_table,False,11250,,,False,True,True,False,80.09209390348819,0.5996196065612468
2022-09-19__IB22,2022-09-19,IB22,,INTERPLATE,INTERPLATE/IB22/pre-pro-IB2220220919180509.npz,data/preprocessed/INTERPLATE/IB22/pre-pro-IB2220220919180509.npz,226591,319b144ab21e035bd5dfbfd07021a1d83b07a8d2f541f358069b6e86db7d788f,7.7,406.0,7.32,1.38,-8.120302,-6.196128,-103.29,18.22,ref_CU,Ztor,original_table,False,11250,,,False,True,True,False,69.4560184229542,0.6551853327560234
2022-09-22__IB22,2022-09-22,IB22,,INTERPLATE,INTERPLATE/IB22/pre-pro-IB2220220922061609.npz,data/preprocessed/INTERPLATE/IB22/pre-pro-IB2220220922061609.npz,226873,a1a26866778d28aa1b7d054acf61f100d847fd4720335494c71a6c72fe69f846,6.8,459.0,6.23,1.37,-8.120293,-6.1961207,-103.12,18.05,ref_CU,Ztor,original_table,False,11250,,,False,True,True,False,80.9816976258206,0.5978063192161878
2022-12-11__IB22,2022-12-11,IB22,,INTERPLATE,INTERPLATE/IB22/pre-pro-IB2220221211143130.npz,data/preprocessed/INTERPLATE/IB22/pre-pro-IB2220221211143130.npz,209552,0bf0d9e826abd22500dcefafd9feb515d05c3a6bbd0cf06552299cc2308ba8a2,6.0,293.0,11.44,1.3,-8.120178,-6.196033,-100.63,17.13,Rhyp,Ztor,original_table,False,10800,,,False,False,False,False,45.92825766967224,0.7535508817896961
2026-01-02__IB22,2026-01-02,IB22,,INTERPLATE,INTERPLATE/IB22/pre-pro-IB2220260102135815.npz,data/preprocessed/INTERPLATE/IB22/pre-pro-IB2220260102135815.npz,213559,a4922f064f6122d1214a52268ee45c2f82c342ec4df001719fc90b5e6d16bdbb,6.5,281.0,10.82,1.31,-8.120201,-6.196051,-99.41,16.77,ref_CU_prefix,Ztor,original_table,False,10800,,,False,True,True,False,88.66939076699052,0.5316922427010113
1989-04-25__IB22,1989-04-25,IB22,,INTERPLATE,INTERPLATE/IB22/pre-pro-IB228904.251.npz,data/preprocessed/INTERPLATE/IB22/pre-pro-IB228904.251.npz,190525,648143bcbcd56b6994ee947ec57a286dbd5c8d19d7bafada221aec2c807cebf9,6.9,292.0,16.26,1.44,-8.1203375,-6.196155,-99.4,16.603,ref_CU,Ztor,original_table,True,9600,,,True,True,True,True,46.3488062683693,0.7262003410422418
1990-05-31__IB22,1990-05-31,IB22,,INTERPLATE,INTERPLATE/IB22/pre-pro-IB229005.311.npz,data/preprocessed/INTERPLATE/IB22/pre-pro-IB229005.311.npz,122617,f082a8cdaf1e5eda3c1007a6305139b81b03a7c677e6dc2f17a54b80fee8c4d3,6.1,305.0,15.11,1.44,-8.1203375,-6.196155,-100.893,17.106,Rhyp,Ztor,original_table,True,6562,,,True,True,True,False,14.991538968531842,0.8615739707430116
1993-05-15__IB22,1993-05-15,IB22,,INTERPLATE,INTERPLATE/IB22/pre-pro-IB229305.152.npz,data/preprocessed/INTERPLATE/IB22/pre-pro-IB229305.152.npz,85772,0c7fb85c6e1c697aeeab8471b5e7f0fc94f493f0a53954aeb084ba0419ca634b,5.9,323.0,35.38,1.41,-8.120323,-6.196144,-98.72,16.47,Rhyp,Ztor,original_table,True,5000,,,True,False,False,False,11.333252366748738,0.8495319653910152
1995-09-14__IB22,1995-09-14,IB22,,INTERPLATE,INTERPLATE/IB22/pre-pro-IB229509.141.npz,data/preprocessed/INTERPLATE/IB22/pre-pro-IB229509.141.npz,178027,42d06d5c5afa3298e14afd7d5c24615540700da5d28c4fbb6e80266835b8e729,7.3,321.0,15.75,1.41,-8.120323,-6.196144,-98.88,16.31,ref_CU,Ztor,original_table,True,9216,,,True,True,True,False,36.34034976226609,0.7693847584575068
1995-10-09__IB22,1995-10-09,IB22,,INTERPLATE,INTERPLATE/IB22/pre-pro-IB229510.091.npz,data/preprocessed/INTERPLATE/IB22/pre-pro-IB229510.091.npz,147759,5e92954ef2842e8458745e83cd6f25b61375c8630f1c4dfa8cc0b78bef6ef8d8,8.0,454.0,19.05,1.38,-8.120302,-6.196128,-104.67,18.74,ref_fallback_MT50,Ztor,original_table,True,7680,,,True,False,False,False,11.841294121450758,0.9096084418209864
1996-07-15__IB22,1996-07-15,IB22,,INTERPLATE,INTERPLATE/IB22/pre-pro-IB229607.151.npz,data/preprocessed/INTERPLATE/IB22/pre-pro-IB229607.151.npz,94730,326f52d9d18d8f8b1bd7d7a604898ef5d0ddf98b103295238c40c66523c3c930,6.6,303.0,15.89,1.44,-8.1203375,-6.196155,-101.1,17.4,ref_PA34,Ztor,original_table,True,5400,,,True,False,False,False,0.1204509381887675,0.99855366308611
1997-07-19__IB22,1997-07-19,IB22,,INTERPLATE,INTERPLATE/IB22/pre-pro-IB229707.192.npz,data/preprocessed/INTERPLATE/IB22/pre-pro-IB229707.192.npz,147565,6e32c20028a60a29697066825c87b05b7dbe095c4518eaf015d23e61aab6fdb1,6.7,394.0,11.92,1.44,-8.1203375,-6.196155,-98.35,15.86,ref_any_AE02,Ztor,original_table,True,7680,,,True,False,False,False,1.9375452153330173,0.985123270766792
2021-09-08__IM40,2021-09-08,IM40,,INTERPLATE,INTERPLATE/IM40/pre-pro-IM4020210908014746.npz,data/preprocessed/INTERPLATE/IM40/pre-pro-IM4020210908014746.npz,429187,1918927dff557cf1c1071aa9c5219c03e1e20a4310b4aa75e77c8946c4cb325d,7.1,256.0,8.33,0.5,-3.1333077,-1.3957853,-99.93,16.78,ref_CU,Ztor,original_table,False,10800,,,False,True,True,False,74.49834551042274,0.6116236810008199
2022-09-19__IM40,2022-09-19,IM40,,INTERPLATE,INTERPLATE/IM40/pre-pro-IM4020220919180509.npz,data/preprocessed/INTERPLATE/IM40/pre-pro-IM4020220919180509.npz,273178,fdf5d74c70c83ce1a452f42daea9d83af036f9cb08007a8afb9a88aed7901c04,7.7,399.0,7.32,0.5,-3.1333077,-1.3957853,-103.29,18.22,ref_CU,Ztor,original_table,True,13500,,,True,True,True,True,77.48818955955971,0.6816033629471188
2022-09-22__IM40,2022-09-22,IM40,,INTERPLATE,INTERPLATE/IM40/pre-pro-IM4020220922061609.npz,data/preprocessed/INTERPLATE/IM40/pre-pro-IM4020220922061609.npz,473258,7df5f250f161451e62f7dcef64269ffddfede1ca22fc766089672270ab931c0e,6.8,451.0,6.23,0.5,-3.1333077,-1.3957853,-103.12,18.05,ref_CU,Ztor,original_table,True,12000,,,True,False,False,True,84.62989402573263,0.6007647229656919
2022-12-11__IM40,2022-12-11,IM40,,INTERPLATE,INTERPLATE/IM40/pre-pro-IM4020221211143130.npz,data/preprocessed/INTERPLATE/IM40/pre-pro-IM4020221211143130.npz,342343,13bbf8a93e0ae664107a28155b30a46146959075fab9e7b86eada7cd18488639,6.0,289.0,11.44,0.5,-3.1333077,-1.3957853,-100.63,17.13,Rhyp,Ztor,original_table,False,9000,,,False,False,False,False,44.40337801138561,0.709173578652177
2026-01-02__IM40,2026-01-02,IM40,,INTERPLATE,INTERPLATE/IM40/pre-pro-IM4020260102135815.npz,data/preprocessed/INTERPLATE/IM40/pre-pro-IM4020260102135815.npz,316279,8da70f9f1c456843d78444fddc080270be54f4adf9be04777060c578ffd8793a,6.5,280.0,10.82,0.5,-3.1333077,-1.3957853,-99.41,16.77,ref_CU_prefix,Ztor,original_table,False,8192,,,False,True,True,False,51.49494768572819,0.6350205706589539
2000-08-09__JA43,2000-08-09,JA43,,INTERPLATE,INTERPLATE/JA43/pre-pro-JA430008.091.npz,data/preprocessed/INTERPLATE/JA43/pre-pro-JA430008.091.npz,205591,bd7a2b66713a8c0ec96c23aa7af09d97d40be9938c6cbefc4a41291b4d6b3c2e,6.5,369.0,25.97,2.88,-8.989972,-0.9920574,-102.66,17.99,ref_CU,Ztor,original_table,False,10368,,,False,True,True,False,52.15801401591014,0.7149212176655546
2012-03-20__JA43,2012-03-20,JA43,,INTERPLATE,INTERPLATE/JA43/pre-pro-JA431203.201.npz,data/preprocessed/INTERPLATE/JA43/pre-pro-JA431203.201.npz,339191,aaeab944bbb7dbfdb6ce3194651eedffdb298a79716845172268880846c4cdeb,7.5,324.0,14.82,2.71,-8.989972,-0.9920574,-98.531,16.254,ref_CU,Ztor,original_table,False,16384,,,False,True,True,False,122.03405515024691,0.5970744703990263
2003-01-22__JA43,2003-01-22,JA43,,INTERPLATE,INTERPLATE/JA43/pre-pro-JA4320030122020634.npz,data/preprocessed/INTERPLATE/JA43/pre-pro-JA4320030122020634.npz,622724,925d3af2592303cfd2e3fad29d0e85ced1101e4d8e5f9b4d97e2e43a08359cbd,7.5,507.0,19.79,2.76,-8.989972,-0.9920574,-103.9,18.86,ref_CU,Ztor,original_table,False,15360,,,False,True,True,False,80.42896284472482,0.7126100091305481
2014-04-18__JA43,2014-04-18,JA43,,INTERPLATE,INTERPLATE/JA43/pre-pro-JA4320140418142723.npz,data/preprocessed/INTERPLATE/JA43/pre-pro-JA4320140418142723.npz,277939,10a4642fc90e0c9980bf423d4b8f75b5e4d33c975ff437c8e1d5ac2f85886314,7.3,300.0,7.54,2.6,-8.989972,-0.9920574,-101.055,17.375,ref_CU,Ztor,original_table,True,13500,,,True,True,True,True,87.4502344252094,0.6466371649215719
2014-05-08__JA43,2014-05-08,JA43,,INTERPLATE,INTERPLATE/JA43/pre-pro-JA4320140508170016.npz,data/preprocessed/INTERPLATE/JA43/pre-pro-JA4320140508170016.npz,246486,2f27f55473589d33328ad58fe6bf90f55be6a62ecaa65f1c9abebf7781047de8,6.5,280.0,17.14,2.88,-8.989972,-0.9920574,-100.74,17.36,ref_CU,Ztor,original_table,False,12150,,,False,True,True,False,86.76327640856354,0.6039110869273521
2014-05-10__JA43,2014-05-10,JA43,,INTERPLATE,INTERPLATE/JA43/pre-pro-JA4320140510073601.npz,data/preprocessed/INTERPLATE/JA43/pre-pro-JA4320140510073601.npz,191050,d915fed11bd040bd373eac7d74d5b1661ed907725033ab788b1f30b92f23052a,6.1,294.0,18.48,2.8,-8.989972,-0.9920574,-100.82,17.31,Rhyp,Ztor,original_table,True,9600,,,True,True,True,True,32.60962601484735,0.8075787690160656
2018-02-16__JA43,2018-02-16,JA43,,INTERPLATE,INTERPLATE/JA43/pre-pro-JA4320180216233938.npz,data/preprocessed/INTERPLATE/JA43/pre-pro-JA4320180216233938.npz,279214,f97772a8d28d04532e3578455071ef803a00407ee9c81255c278558ba5b2770d,7.2,346.0,7.49,2.52,-8.989972,-0.9920574,-98.03,16.25,ref_CU,Ztor,original_table,True,13824,,,True,True,True,True,65.78421287021641,0.735391927636795
2021-09-08__JA43,2021-09-08,JA43,,INTERPLATE,INTERPLATE/JA43/pre-pro-JA4320210908014746.npz,data/preprocessed/INTERPLATE/JA43/pre-pro-JA4320210908014746.npz,309839,7a6eacc6fe6ceff4cfa8ba031e2e3a6f73e3022e4f34e11854cad98de12f6390,7.1,265.0,8.33,2.5,-8.989972,-0.9920574,-99.93,16.78,ref_CU,Ztor,original_table,False,15000,,,False,True,True,False,110.36973020307305,0.6005294067716058
2022-09-19__JA43,2022-09-19,JA43,,INTERPLATE,INTERPLATE/JA43/pre-pro-JA4320220919180509.npz,data/preprocessed/INTERPLATE/JA43/pre-pro-JA4320220919180509.npz,290611,167c74228637abc21f77953eb0aeca5f942fbe4a498a30ad23baadf627e7143a,7.7,409.0,7.32,2.49,-8.989972,-0.9920574,-103.29,18.22,ref_CU,Ztor,original_table,False,14400,,,False,True,True,False,94.37262907961014,0.6356550494957527
2022-09-22__JA43,2022-09-22,JA43,,INTERPLATE,INTERPLATE/JA43/pre-pro-JA4320220922061609.npz,data/preprocessed/INTERPLATE/JA43/pre-pro-JA4320220922061609.npz,260217,95e0bf0600ee31f499b4f10f5223761a092debd51b0916644dc9b197a3b64f2d,6.8,461.0,6.23,2.68,-8.989972,-0.9920574,-103.12,18.05,ref_CU,Ztor,original_table,False,12800,,,False,True,True,False,80.21457827575631,0.6527657751796185
2022-12-11__JA43,2022-12-11,JA43,,INTERPLATE,INTERPLATE/JA43/pre-pro-JA4320221211143130.npz,data/preprocessed/INTERPLATE/JA43/pre-pro-JA4320221211143130.npz,239713,3d5b394b79cfe9c744235a20425ce10005697d0b34a9ca5d59b45ae771fd4bb0,6.0,299.0,11.44,2.39,-8.989972,-0.9920574,-100.63,17.13,Rhyp,Ztor,original_table,False,12000,,,False,False,False,False,58.59653871591021,0.7250924761158329
2026-01-02__JA43,2026-01-02,JA43,,INTERPLATE,INTERPLATE/JA43/pre-pro-JA4320260102135815.npz,data/preprocessed/INTERPLATE/JA43/pre-pro-JA4320260102135815.npz,277764,4467a30e9c40644ee5d3a29bf9a2c99dca4f487a04a2911f2742dc0ad48e7901,6.5,288.0,10.82,2.65,-8.989972,-0.9920574,-99.41,16.77,ref_CU_prefix,Ztor,original_table,False,13500,,,False,True,True,False,92.91805322421808,0.6243914090701832
1989-04-25__JA43,1989-04-25,JA43,,INTERPLATE,INTERPLATE/JA43/pre-pro-JA438904.251.npz,data/preprocessed/INTERPLATE/JA43/pre-pro-JA438904.251.npz,251017,12d66179706401e4d410438b98d5ef9814cc05b01fb5333229e4cba8a6351306,6.9,299.0,16.26,3.23,-8.989972,-0.9920574,-99.4,16.603,ref_CU,Ztor,original_table,False,12500,,,False,True,True,False,80.44790772304819,0.640665053943862
1990-05-31__JA43,1990-05-31,JA43,,INTERPLATE,INTERPLATE/JA43/pre-pro-JA439005.311.npz,data/preprocessed/INTERPLATE/JA43/pre-pro-JA439005.311.npz,172949,7d3722ef1054fd8427a7c701f48df8a908b0439a488d750fe9b7fb48a72dc3ff,6.1,311.0,15.11,3.07,-8.989972,-0.9920574,-100.893,17.106,Rhyp,Ztor,original_table,True,9000,,,True,True,True,False,29.512927983488723,0.8078460317501873
1993-05-15__JA43,1993-05-15,JA43,,INTERPLATE,INTERPLATE/JA43/pre-pro-JA439305.152.npz,data/preprocessed/INTERPLATE/JA43/pre-pro-JA439305.152.npz,167483,103cc4c6dfa57f9bac156aac154acaec91458f9252637f2b81d3129caa181d96,5.9,329.0,35.38,3.2,-8.989972,-0.9920574,-98.72,16.47,Rhyp,Ztor,original_table,True,8640,,,True,False,False,False,19.80277152067416,0.8666210579869728
1995-09-14__JA43,1995-09-14,JA43,,INTERPLATE,INTERPLATE/JA43/pre-pro-JA439509.141.npz,data/preprocessed/INTERPLATE/JA43/pre-pro-JA439509.141.npz,587235,f7fb6367d6b0ceb9cd45a1990850779895103471c3573365df3abbee55bed537,7.3,328.0,15.75,3.13,-8.989972,-0.9920574,-98.88,16.31,ref_CU,Ztor,original_table,False,14400,,,False,True,True,False,63.18526067212602,0.7609878170974201
1995-10-09__JA43,1995-10-09,JA43,,INTERPLATE,INTERPLATE/JA43/pre-pro-JA439510.091.npz,data/preprocessed/INTERPLATE/JA43/pre-pro-JA439510.091.npz,326892,4bf8f9b162d2739ceb0d474c273abc5c375b80495e1472ebe6ecded30fd32beb,8.0,456.0,19.05,2.91,-8.989972,-0.9920574,-104.67,18.74,ref_fallback_MT50,Ztor,original_table,True,16000,,,True,False,False,False,63.94352947963824,0.7815763297023459
1996-02-25__JA43,1996-02-25,JA43,,INTERPLATE,INTERPLATE/JA43/pre-pro-JA439602.251.npz,data/preprocessed/INTERPLATE/JA43/pre-pro-JA439602.251.npz,169870,d54c23504c798ebf2542ef549b72ab2f68c6eb0b87027cb172cb7a884a93aad2,7.1,388.0,9.62,3.07,-8.989972,-0.9920574,-98.25,15.83,ref_any_BA49,Ztor,original_table,True,8748,,,True,False,False,False,7.9239766435327965,0.9475337572433769
1996-07-15__JA43,1996-07-15,JA43,,INTERPLATE,INTERPLATE/JA43/pre-pro-JA439607.151.npz,data/preprocessed/INTERPLATE/JA43/pre-pro-JA439607.151.npz,208159,d7a34d5c672a6fc99d4663d076d0a74b6328f6471a3dfdc1d9595665c54758f3,6.6,308.0,15.89,2.94,-8.989972,-0.9920574,-101.1,17.4,ref_PA34,Ztor,original_table,True,10800,,,True,False,False,False,42.59633150585634,0.7704815372279954
1997-07-19__JA43,1997-07-19,JA43,,INTERPLATE,INTERPLATE/JA43/pre-pro-JA439707.192.npz,data/preprocessed/INTERPLATE/JA43/pre-pro-JA439707.192.npz,146106,1a5a60754f44aa669e237f76fe70a41d3a2aca01900c197906a689dede8effd0,6.7,401.0,11.92,3.16,-8.989972,-0.9920574,-98.35,15.86,ref_any_AE02,Ztor,original_table,True,7680,,,True,False,False,False,7.151137109519553,0.9446806133710872
1998-02-03__JA43,1998-02-03,JA43,,INTERPLATE,INTERPLATE/JA43/pre-pro-JA439802.031.npz,data/preprocessed/INTERPLATE/JA43/pre-pro-JA439802.031.npz,114247,4aafc5f3ad8c99c14c882f7e271aa1642fd2c358accfb6671bfa98d20b03bf41,6.3,506.0,18.43,2.79,-8.989972,-0.9920574,-96.37,15.69,Rhyp,Ztor,original_table,True,6250,,,True,False,False,False,4.992034847690761,0.9506276842281598
2000-08-09__JC54,2000-08-09,JC54,,INTERPLATE,INTERPLATE/JC54/pre-pro-JC540008.091.npz,data/preprocessed/INTERPLATE/JC54/pre-pro-JC540008.091.npz,174596,29eeb08909b73c1960f14996307cdbe734bc257bbd7d81e7d13dc5bbaa8aa62c,6.5,365.0,25.97,1.11,-7.667303,-8.816798,-102.66,17.99,ref_CU,Ztor,original_table,True,9000,,,True,True,True,True,36.95087367457859,0.7612067101293875
2012-03-20__JC54,2012-03-20,JC54,,INTERPLATE,INTERPLATE/JC54/pre-pro-JC541203.201.npz,data/preprocessed/INTERPLATE/JC54/pre-pro-JC541203.201.npz,250286,c39b62376005d8eb06bc3dba77e1b498b32437d4289d8d5bc7744e6fcc1b3741,7.5,314.0,14.82,1.11,-7.667303,-8.816798,-98.531,16.254,ref_CU,Ztor,original_table,False,12288,,,False,True,True,False,98.66147031970394,0.5572144766192265
2003-01-22__JC54,2003-01-22,JC54,,INTERPLATE,INTERPLATE/JC54/pre-pro-JC5420030122020634.npz,data/preprocessed/INTERPLATE/JC54/pre-pro-JC5420030122020634.npz,223079,d5e337eef189f1018d21e37ae6b51a849f19154dcc0ddca78c86f8afed6d8669,7.5,506.0,19.79,1.08,-7.6661963,-8.815526,-103.9,18.86,ref_CU,Ztor,original_table,False,11250,,,False,True,True,False,44.82345322896779,0.7746999083741252
2014-04-18__JC54,2014-04-18,JC54,,INTERPLATE,INTERPLATE/JC54/pre-pro-JC5420140418142723.npz,data/preprocessed/INTERPLATE/JC54/pre-pro-JC5420140418142723.npz,215994,8a2b710203d52b3f45bd7210273fd1212e4dfeab7af0f1487194bc0867c230f7,7.3,292.0,7.54,1.12,-7.667584,-8.8171215,-101.055,17.375,ref_CU,Ztor,original_table,False,10800,,,False,True,True,False,79.06779605938767,0.5875440998466996
2014-05-08__JC54,2014-05-08,JC54,,INTERPLATE,INTERPLATE/JC54/pre-pro-JC5420140508170016.npz,data/preprocessed/INTERPLATE/JC54/pre-pro-JC5420140508170016.npz,227863,ed3016069a68e758aa2171d34f6f76724d9e1c73ab558bf3b3d27cd8c4a67ab5,6.5,272.0,17.14,1.07,-7.665718,-8.814975,-100.74,17.36,ref_CU,Ztor,original_table,False,11250,,,False,True,True,False,90.80091221069218,0.551134943839576
2014-05-10__JC54,2014-05-10,JC54,,INTERPLATE,INTERPLATE/JC54/pre-pro-JC5420140510073601.npz,data/preprocessed/INTERPLATE/JC54/pre-pro-JC5420140510073601.npz,196969,f3313a3de548b1f2716c590127892d18a8538cb76395aad2981d21f3ef492074,6.1,286.0,18.48,1.09,-7.6666155,-8.816008,-100.82,17.31,Rhyp,Ztor,original_table,True,10000,,,True,True,True,True,72.35531520740557,0.5856175751251042
2018-02-16__JC54,2018-02-16,JC54,,INTERPLATE,INTERPLATE/JC54/pre-pro-JC5420180216233938.npz,data/preprocessed/INTERPLATE/JC54/pre-pro-JC5420180216233938.npz,267742,52b729422f72b763fcd617bd3f6e6c0af7673f41c61f7df876a9bb2637c8548a,7.2,336.0,7.49,1.11,-7.667303,-8.816798,-98.03,16.25,ref_CU,Ztor,original_table,False,13122,,,False,True,True,False,90.6344596207456,0.619166941380959
2021-09-08__JC54,2021-09-08,JC54,,INTERPLATE,INTERPLATE/JC54/pre-pro-JC5420210908014746.npz,data/preprocessed/INTERPLATE/JC54/pre-pro-JC5420210908014746.npz,283761,89ce32654c6a079706ecda54a9f6e394514cebd60a38fc6e163e01650ea3e3eb,7.1,255.0,8.33,1.08,-7.6661963,-8.815526,-99.93,16.78,ref_CU,Ztor,original_table,False,13824,,,False,True,True,False,131.57885481157894,0.4792874478151928
2022-09-19__JC54,2022-09-19,JC54,,INTERPLATE,INTERPLATE/JC54/pre-pro-JC5420220919180509.npz,data/preprocessed/INTERPLATE/JC54/pre-pro-JC5420220919180509.npz,245710,91d1b248f0960c6a2737166af9c4135c3c4561fc1d43613eab594d9f34f1c1d2,7.7,406.0,7.32,1.05,-7.6645465,-8.813628,-103.29,18.22,ref_CU,Ztor,original_table,False,12150,,,False,True,True,False,73.12570756015654,0.6651600001824417
2022-09-22__JC54,2022-09-22,JC54,,INTERPLATE,INTERPLATE/JC54/pre-pro-JC5420220922061609.npz,data/preprocessed/INTERPLATE/JC54/pre-pro-JC5420220922061609.npz,234153,5c03b302fe8a926b9745b884c2d57e67e05e022daafea4fc45a6cd8b6050dc62,6.8,458.0,6.23,1.04,-7.6638327,-8.812807,-103.12,18.05,ref_CU,Ztor,original_table,False,11664,,,False,True,True,False,87.28561454327698,0.5802970883142906
2022-12-11__JC54,2022-12-11,JC54,,INTERPLATE,INTERPLATE/JC54/pre-pro-JC5420221211143130.npz,data/preprocessed/INTERPLATE/JC54/pre-pro-JC5420221211143130.npz,194459,56f26c5b2f89e2ca861c50350c463e683302ab949550606f4d10c98156cd57c2,6.0,290.0,11.44,1.12,-7.667584,-8.8171215,-100.63,17.13,Rhyp,Ztor,original_table,False,10000,,,False,False,False,False,38.12677540872201,0.7793333984910175
2026-01-02__JC54,2026-01-02,JC54,,INTERPLATE,INTERPLATE/JC54/pre-pro-JC5420260102135815.npz,data/preprocessed/INTERPLATE/JC54/pre-pro-JC5420260102135815.npz,204184,de0e2d6a757c53aba83fab22901d985f132fa10bc8b543dcfbcd68802a87b84f,6.5,278.0,10.82,1.09,-7.6666155,-8.816008,-99.41,16.77,ref_CU_prefix,Ztor,original_table,False,10240,,,False,True,True,False,75.63427093444122,0.5823157116498718
1989-04-25__JC54,1989-04-25,JC54,,INTERPLATE,INTERPLATE/JC54/pre-pro-JC548904.251.npz,data/preprocessed/INTERPLATE/JC54/pre-pro-JC548904.251.npz,189458,2081c0375ed1528e5c1e99f6b8d4a8066d1bb604b361a889da7178ca74dd7a01,6.9,289.0,16.26,1.12,-7.667584,-8.8171215,-99.4,16.603,ref_CU,Ztor,original_table,False,9600,,,False,True,True,False,54.35594616908766,0.6771828829487607
1990-05-31__JC54,1990-05-31,JC54,,INTERPLATE,INTERPLATE/JC54/pre-pro-JC549005.311.npz,data/preprocessed/INTERPLATE/JC54/pre-pro-JC549005.311.npz,149854,fc8baf2354dd5e9915cbfdd0f42fad1a8dd34a18ac499801a9a57d9659db066b,6.1,302.0,15.11,1.15,-7.6682334,-8.817868,-100.893,17.106,Rhyp,Ztor,original_table,True,8000,,,True,True,True,False,24.166720402269878,0.8188944813978577
1993-05-15__JC54,1993-05-15,JC54,,INTERPLATE,INTERPLATE/JC54/pre-pro-JC549305.152.npz,data/preprocessed/INTERPLATE/JC54/pre-pro-JC549305.152.npz,136992,a19ee05d83b08ae0dfebc21910ffa72b0136ba6cecce5052ccc1dcb7170881b0,5.9,319.0,35.38,1.16,-7.6683984,-8.818057,-98.72,16.47,Rhyp,Ztor,original_table,True,7200,,,True,True,True,False,28.74206431004525,0.7627563820879467
1995-09-14__JC54,1995-09-14,JC54,,INTERPLATE,INTERPLATE/JC54/pre-pro-JC549509.141.npz,data/preprocessed/INTERPLATE/JC54/pre-pro-JC549509.141.npz,202763,bda967b2abff2c54da7d2bb0c96ebd182d6639f59b47ec6c6353ba8a0615b946,7.3,318.0,15.75,1.17,-7.6685424,-8.818223,-98.88,16.31,ref_CU,Ztor,original_table,False,10240,,,False,True,True,False,58.71835908454126,0.6740946934309748
1995-10-09__JC54,1995-10-09,JC54,,INTERPLATE,INTERPLATE/JC54/pre-pro-JC549510.091.npz,data/preprocessed/INTERPLATE/JC54/pre-pro-JC549510.091.npz,200465,e4515503e952b48512626242e940c4207b674aa58bb34415517b475b5566d056,8.0,455.0,19.05,1.11,-7.667303,-8.816798,-104.67,18.74,ref_fallback_MT50,Ztor,original_table,True,10126,,,True,False,False,False,26.20615676111757,0.8534085318503241
1996-07-15__JC54,1996-07-15,JC54,,INTERPLATE,INTERPLATE/JC54/pre-pro-JC549607.151.npz,data/preprocessed/INTERPLATE/JC54/pre-pro-JC549607.151.npz,139021,863b5e6d9bcdf4712da32966f3efba55b03e917374a37248b052b09195afd52a,6.6,301.0,15.89,1.13,-7.66783,-8.817404,-101.1,17.4,ref_PA34,Ztor,original_table,True,7290,,,True,True,True,False,23.508795778184577,0.8091353756743965
1998-02-03__JC54,1998-02-03,JC54,,INTERPLATE,INTERPLATE/JC54/pre-pro-JC549802.031.npz,data/preprocessed/INTERPLATE/JC54/pre-pro-JC549802.031.npz,140386,ff4bce0e1446e1346daf660d97b71be3f272ce3ef550d7fe7f50660578d1039f,6.3,498.0,18.43,1.12,-7.667584,-8.8171215,-96.37,15.69,Rhyp,Ztor,original_table,True,7500,,,True,True,True,False,12.474089759957238,0.8989870454291259
2000-08-09__LI33,2000-08-09,LI33,,INTERPLATE,INTERPLATE/LI33/pre-pro-LI330008.091.npz,data/preprocessed/INTERPLATE/LI33/pre-pro-LI330008.091.npz,224046,5f3ff89fd81494187cbaee8842969f15507405e5e8c0c65f31e8328a0d5aa532,6.5,413.0,25.97,2.74,5.290781,-8.520587,-102.66,17.99,ref_CU,Ztor,original_table,True,11250,,,True,True,True,False,71.55955142084557,0.6408554508364087
2021-09-08__LI33,2021-09-08,LI33,,INTERPLATE,INTERPLATE/LI33/pre-pro-LI3320210908014746.npz,data/preprocessed/INTERPLATE/LI33/pre-pro-LI3320210908014746.npz,260566,8fff04d540bc18461ba06656f3974a2b142ae0e3143eab160dfbfc076d9c658d,7.1,260.0,8.33,2.41,5.290781,-8.520587,-99.93,16.78,ref_CU,Ztor,original_table,False,12800,,,False,True,True,False,76.20888581360933,0.6714142809743917
2022-09-19__LI33,2022-09-19,LI33,,INTERPLATE,INTERPLATE/LI33/pre-pro-LI3320220919180509.npz,data/preprocessed/INTERPLATE/LI33/pre-pro-LI3320220919180509.npz,321453,803af7b71d95064bac323c1ec67f427efb9b65cc48dbca62270b1ee002ea736f,7.7,422.0,7.32,2.46,5.290781,-8.520587,-103.29,18.22,ref_CU,Ztor,original_table,True,15552,,,True,True,True,True,106.28355650072888,0.6296353050816152
2022-09-22__LI33,2022-09-22,LI33,,INTERPLATE,INTERPLATE/LI33/pre-pro-LI3320220922061609.npz,data/preprocessed/INTERPLATE/LI33/pre-pro-LI3320220922061609.npz,240425,97475e3d4093d9f8c14d86622582dbef492b68aed838487f39494acf4535f87b,6.8,474.0,6.23,2.37,5.290781,-8.520587,-103.12,18.05,ref_CU,Ztor,original_table,False,12000,,,False,True,True,False,88.58868401104543,0.5853948424624634
2022-12-11__LI33,2022-12-11,LI33,,INTERPLATE,INTERPLATE/LI33/pre-pro-LI3320221211143130.npz,data/preprocessed/INTERPLATE/LI33/pre-pro-LI3320221211143130.npz,217090,24385cc6d2a3e29666c913ef4c05740f79684bf92bd3fa7cb9bc71edbe6eea85,6.0,300.0,11.44,2.44,5.290781,-8.520587,-100.63,17.13,Rhyp,Ztor,original_table,False,10800,,,False,False,False,False,24.0428120734949,0.8755419190729118
2026-01-02__LI33,2026-01-02,LI33,,INTERPLATE,INTERPLATE/LI33/pre-pro-LI3320260102135815.npz,data/preprocessed/INTERPLATE/LI33/pre-pro-LI3320260102135815.npz,259143,75f4d6d2ec2c42e8500c0fb7e7363a1655500c143e70cc5aac5abf85e2bb73cc,6.5,279.0,10.82,2.33,5.290781,-8.520587,-99.41,16.77,ref_CU_prefix,Ztor,original_table,True,12800,,,True,True,True,True,98.17780518720647,0.5740659210967182
1989-04-25__LI33,1989-04-25,LI33,,INTERPLATE,INTERPLATE/LI33/pre-pro-LI338904.251.npz,data/preprocessed/INTERPLATE/LI33/pre-pro-LI338904.251.npz,524136,7a73707562181e003677b8c70a6e527149ddbdc5537cfb91503c5a9169a0cfc0,6.9,290.0,16.26,2.6,5.290781,-8.520587,-99.4,16.603,ref_CU,Ztor,original_table,True,12960,,,True,True,True,True,110.81004341289004,0.5292091455457788
1990-05-31__LI33,1990-05-31,LI33,,INTERPLATE,INTERPLATE/LI33/pre-pro-LI339005.311.npz,data/preprocessed/INTERPLATE/LI33/pre-pro-LI339005.311.npz,166139,20bf2bcd7516bde7bba49e0efc228c4682a69c807653c1b6646798fd482f8606,6.1,319.0,15.11,2.88,5.290781,-8.520587,-100.893,17.106,Rhyp,Ztor,original_table,True,8640,,,True,True,True,False,42.9631086429699,0.7081112260142
1995-09-14__LI33,1995-09-14,LI33,,INTERPLATE,INTERPLATE/LI33/pre-pro-LI339509.141.npz,data/preprocessed/INTERPLATE/LI33/pre-pro-LI339509.141.npz,548649,db3f20d82b5c99cabb5431e0b2ac0d1674f5b1dac2c38d19240c2ce2c7d84f8f,7.3,316.0,15.75,2.79,5.290781,-8.520587,-98.88,16.31,ref_CU,Ztor,original_table,False,13500,,,False,True,True,False,103.68953008858632,0.5792845488574766
1995-10-09__LI33,1995-10-09,LI33,,INTERPLATE,INTERPLATE/LI33/pre-pro-LI339510.091.npz,data/preprocessed/INTERPLATE/LI33/pre-pro-LI339510.091.npz,717277,17be536454107761e669ef5509324349175398f168567858bb66cd48e657ea37,8.0,488.0,19.05,2.42,5.290781,-8.520587,-104.67,18.74,ref_fallback_MT50,Ztor,original_table,True,17496,,,True,True,True,True,105.32606262950536,0.6744523386047712
1996-02-25__LI33,1996-02-25,LI33,,INTERPLATE,INTERPLATE/LI33/pre-pro-LI339602.251.npz,data/preprocessed/INTERPLATE/LI33/pre-pro-LI339602.251.npz,179586,db83b9f36848ec740ce347317b9c7da98e84ba612d64195ce29f8c038ad9b502,7.1,374.0,9.62,2.9,5.290781,-8.520587,-98.25,15.83,ref_any_BA49,Ztor,original_table,True,9216,,,True,False,False,False,16.36786703431102,0.8976944369378648
1997-07-19__LI33,1997-07-19,LI33,,INTERPLATE,INTERPLATE/LI33/pre-pro-LI339707.192.npz,data/preprocessed/INTERPLATE/LI33/pre-pro-LI339707.192.npz,88789,8ae7fdc48d128bc75291a2e0f315a601fdcd48f4e6d89ccb57870830ad166015,6.7,387.0,11.92,2.75,5.290781,-8.520587,-98.35,15.86,ref_any_AE02,Ztor,original_table,True,5120,,,True,False,False,False,5.005520851966779,0.9358841955685054
1998-02-03__LI33,1998-02-03,LI33,,INTERPLATE,INTERPLATE/LI33/pre-pro-LI339802.031.npz,data/preprocessed/INTERPLATE/LI33/pre-pro-LI339802.031.npz,131331,718e160b6bbd1318e0923007ec6742c7737a822394532fd3377620c6a0c16b96,6.3,488.0,18.43,2.65,5.290781,-8.520587,-96.37,15.69,Rhyp,Ztor,original_table,True,7200,,,True,False,False,False,4.986627084298192,0.9571853087979892
2000-08-09__LI58,2000-08-09,LI58,,INTERPLATE,INTERPLATE/LI58/pre-pro-LI580008.091.npz,data/preprocessed/INTERPLATE/LI58/pre-pro-LI580008.091.npz,200006,b2edb8ca7bcb558efbf551316a3e7342f46457652ddafbdc4dd52ba6f20a7ff2,6.5,366.0,25.97,2.09,-12.034031,1.1861167,-102.66,17.99,ref_CU,Ztor,original_table,True,10126,,,True,True,True,True,36.93539417737475,0.7924628073418287
2012-03-20__LI58,2012-03-20,LI58,,INTERPLATE,INTERPLATE/LI58/pre-pro-LI581203.201.npz,data/preprocessed/INTERPLATE/LI58/pre-pro-LI581203.201.npz,274112,8b01aaaa08de5999eb41f5fcb7f3a0b0d1e4b79917b9504c304816e0524075f4,7.5,327.0,14.82,2.07,-12.034031,1.1861167,-98.531,16.254,ref_CU,Ztor,original_table,False,13500,,,False,True,True,False,91.12232588558686,0.626624356133633
2003-01-22__LI58,2003-01-22,LI58,,INTERPLATE,INTERPLATE/LI58/pre-pro-LI5820030122020634.npz,data/preprocessed/INTERPLATE/LI58/pre-pro-LI5820030122020634.npz,281024,b7aab357ef61f0f832bfcc1b55817a61cbbf7dfeabe861823646424676369e06,7.5,504.0,19.79,2.18,-12.034031,1.1861167,-103.9,18.86,ref_CU,Ztor,original_table,False,13824,,,False,True,True,False,74.73404834966786,0.7014817321762817
2014-04-18__LI58,2014-04-18,LI58,,INTERPLATE,INTERPLATE/LI58/pre-pro-LI5820140418142723.npz,data/preprocessed/INTERPLATE/LI58/pre-pro-LI5820140418142723.npz,258943,2b8372106feb056142188700a80b8a02c4f4f5838cb00ffc920337e82e6c78a6,7.3,300.0,7.54,2.0,-12.034031,1.1861167,-101.055,17.375,ref_CU,Ztor,original_table,False,12800,,,False,True,True,False,105.229036164037,0.5436728700605508
2014-05-08__LI58,2014-05-08,LI58,,INTERPLATE,INTERPLATE/LI58/pre-pro-LI5820140508170016.npz,data/preprocessed/INTERPLATE/LI58/pre-pro-LI5820140508170016.npz,255268,91d8cf6c9ef37c220f7b5ddf1bd5e7e1b0932cde37d4fa3c453f69a70e9a5bac,6.5,280.0,17.14,1.94,-12.034031,1.1861167,-100.74,17.36,ref_CU,Ztor,original_table,False,12500,,,False,True,True,False,79.5388873794661,0.649515786641993
2014-05-10__LI58,2014-05-10,LI58,,INTERPLATE,INTERPLATE/LI58/pre-pro-LI5820140510073601.npz,data/preprocessed/INTERPLATE/LI58/pre-pro-LI5820140510073601.npz,225210,37da45772757e27e5ccbf9a9892afec1ccdce57676cddb4456e556d6b5b4fce3,6.1,294.0,18.48,1.9,-12.034031,1.1861167,-100.82,17.31,Rhyp,Ztor,original_table,False,11250,,,False,True,True,False,61.66946168712036,0.6916681081589903
2018-02-16__LI58,2018-02-16,LI58,,INTERPLATE,INTERPLATE/LI58/pre-pro-LI5820180216233938.npz,data/preprocessed/INTERPLATE/LI58/pre-pro-LI5820180216233938.npz,278895,62ec65d878ff3759bb93b8b3600722ec7a3e49361cde79e4fe9864acf6014b38,7.2,349.0,7.49,1.96,-12.034031,1.1861167,-98.03,16.25,ref_CU,Ztor,original_table,False,13824,,,False,True,True,False,92.38281561576096,0.6277588217593644
2020-06-23__LI58,2020-06-23,LI58,,INTERPLATE,INTERPLATE/LI58/pre-pro-LI5820200623152903.npz,data/preprocessed/INTERPLATE/LI58/pre-pro-LI5820200623152903.npz,254913,5c7f176deb74aec27b625aded4d30f4b0c2d9d09cdb1a56fb3ac2a5cff09bbe1,7.4,466.0,15.6,1.98,-12.034031,1.1861167,-96.12,15.784,ref_CU,Ztor,original_table,False,12500,,,False,True,True,False,86.5990912230825,0.618001362050805
2021-09-08__LI58,2021-09-08,LI58,,INTERPLATE,INTERPLATE/LI58/pre-pro-LI5820210908014746.npz,data/preprocessed/INTERPLATE/LI58/pre-pro-LI5820210908014746.npz,300007,a417b3e09141f9e8ab4a1b09dd973c1b3d2c225dc34d89ff53c44fd2fe2f0a8d,7.1,267.0,8.33,1.92,-12.034031,1.1861167,-99.93,16.78,ref_CU,Ztor,original_table,False,14580,,,False,True,True,False,121.18625124436856,0.5469334109302806
2022-09-19__LI58,2022-09-19,LI58,,INTERPLATE,INTERPLATE/LI58/pre-pro-LI5820220919180509.npz,data/preprocessed/INTERPLATE/LI58/pre-pro-LI5820220919180509.npz,258128,628c348ace4d1100cf9b65dd9c6755a83f869545c5689ce5bc9d861cd82892f8,7.7,406.0,7.32,1.88,-12.034031,1.1861167,-103.29,18.22,ref_CU,Ztor,original_table,False,12800,,,False,True,True,False,77.76619334853407,0.6619302119352516
2022-09-22__LI58,2022-09-22,LI58,,INTERPLATE,INTERPLATE/LI58/pre-pro-LI5820220922061609.npz,data/preprocessed/INTERPLATE/LI58/pre-pro-LI5820220922061609.npz,278296,7b5e642b1d92b2805a8938f121c7cd7878e2d961287f3cdf19249c6e67e3e618,6.8,459.0,6.23,1.85,-12.034031,1.1861163,-103.12,18.05,ref_CU,Ztor,original_table,True,13824,,,True,True,True,True,99.4942562123376,0.5986678382786592
2022-12-11__LI58,2022-12-11,LI58,,INTERPLATE,INTERPLATE/LI58/pre-pro-LI5820221211143130.npz,data/preprocessed/INTERPLATE/LI58/pre-pro-LI5820221211143130.npz,226757,b7c5f7f00e0381748c68313c74e6cf6d3e0b0ced9899cba57faa3b35a2ffb280,6.0,299.0,11.44,1.88,-12.034031,1.1861167,-100.63,17.13,Rhyp,Ztor,original_table,False,11250,,,False,False,False,False,63.52485558330969,0.6854270794131441
2026-01-02__LI58,2026-01-02,LI58,,INTERPLATE,INTERPLATE/LI58/pre-pro-LI5820260102135815.npz,data/preprocessed/INTERPLATE/LI58/pre-pro-LI5820260102135815.npz,232913,150dc8ecebe366e277900c61a584190423e7dcba8518235ee449fe257f212ecf,6.5,290.0,10.82,1.86,-12.034031,1.1861163,-99.41,16.77,ref_CU_prefix,Ztor,original_table,False,11520,,,False,True,True,False,93.40858691207,0.548161433212064
1989-04-25__LI58,1989-04-25,LI58,,INTERPLATE,INTERPLATE/LI58/pre-pro-LI588904.251.npz,data/preprocessed/INTERPLATE/LI58/pre-pro-LI588904.251.npz,220229,d74f2740bb8eaf07139c1ad784afcbad6fe7d7f0a62e6d1605fb811453143532,6.9,301.0,16.26,2.28,-12.034031,1.1861167,-99.4,16.603,ref_CU,Ztor,original_table,True,10936,,,True,True,True,False,68.20789469185225,0.6510391144384926
1990-05-31__LI58,1990-05-31,LI58,,INTERPLATE,INTERPLATE/LI58/pre-pro-LI589005.311.npz,data/preprocessed/INTERPLATE/LI58/pre-pro-LI589005.311.npz,95043,7a4a35d4aa378a69c5cf37e1a7da3ee9fb6368c5c57be3d4fb61bdc7e71b5f9b,6.1,311.0,15.11,2.2,-12.034031,1.1861167,-100.893,17.106,Rhyp,Ztor,original_table,True,5400,,,True,False,False,False,8.249199001284197,0.9009462175638304
1993-05-15__LI58,1993-05-15,LI58,,INTERPLATE,INTERPLATE/LI58/pre-pro-LI589305.152.npz,data/preprocessed/INTERPLATE/LI58/pre-pro-LI589305.152.npz,135738,664466632a4d5945d74dd43c4d808b83b680044ae916e364046fefff2d9ead68,5.9,332.0,35.38,2.18,-12.034031,1.1861167,-98.72,16.47,Rhyp,Ztor,original_table,True,7200,,,True,False,False,False,16.236921762777243,0.864409839141735
1995-10-09__LI58,1995-10-09,LI58,,INTERPLATE,INTERPLATE/LI58/pre-pro-LI589510.091.npz,data/preprocessed/INTERPLATE/LI58/pre-pro-LI589510.091.npz,256034,5dd0949a066a3d8c21e0cd10f5cd14bd1e6be236652062c3ac976707cea8e625,8.0,452.0,19.05,2.13,-12.034031,1.1861167,-104.67,18.74,ref_fallback_MT50,Ztor,original_table,True,12800,,,True,False,False,False,57.010437895903095,0.7505886871296567
1996-02-25__LI58,1996-02-25,LI58,,INTERPLATE,INTERPLATE/LI58/pre-pro-LI589602.251.npz,data/preprocessed/INTERPLATE/LI58/pre-pro-LI589602.251.npz,128742,86845db37704d12a981a4011460659fcd19d80b157846701cfc0298c01b8881d,7.1,392.0,9.62,2.13,-12.034031,1.1861167,-98.25,15.83,ref_any_BA49,Ztor,original_table,True,6912,,,True,False,False,False,13.292093119089516,0.8833720003589584
1996-07-15__LI58,1996-07-15,LI58,,INTERPLATE,INTERPLATE/LI58/pre-pro-LI589607.151.npz,data/preprocessed/INTERPLATE/LI58/pre-pro-LI589607.151.npz,127983,c174df51c9debac142ccfedde6130d0e2c4d07a6afefb2b6c325f35bba1414c1,6.6,308.0,15.89,2.16,-12.034031,1.1861167,-101.1,17.4,ref_PA34,Ztor,original_table,True,6912,,,True,False,False,False,9.025884820813843,0.9200895544859332
1997-07-19__LI58,1997-07-19,LI58,,INTERPLATE,INTERPLATE/LI58/pre-pro-LI589707.192.npz,data/preprocessed/INTERPLATE/LI58/pre-pro-LI589707.192.npz,111076,361b31b5626f9eba47ac2061d6e8a837fd010983ae8dcd2953cff708798ae652,6.7,404.0,11.92,2.2,-12.034031,1.1861167,-98.35,15.86,ref_any_AE02,Ztor,original_table,True,6076,,,True,False,False,False,1.7213458621897502,0.9823885219747316
1998-02-03__LI58,1998-02-03,LI58,,INTERPLATE,INTERPLATE/LI58/pre-pro-LI589802.031.npz,data/preprocessed/INTERPLATE/LI58/pre-pro-LI589802.031.npz,161959,ab99ea3b1b64b33882381b8d0e91328774575b46e151d821eaa84dc719efbbec,6.3,510.0,18.43,2.13,-12.034031,1.1861167,-96.37,15.69,Rhyp,Ztor,original_table,True,8640,,,True,False,False,False,7.854660245332411,0.9451643378572158
2000-08-09__LV17,2000-08-09,LV17,,INTERPLATE,INTERPLATE/LV17/pre-pro-LV170008.091.npz,data/preprocessed/INTERPLATE/LV17/pre-pro-LV170008.091.npz,223969,39108275859c08d13e746eb1d38ef417afeb18dc3e88aa8d2ed2905dea3cfc27,6.5,372.0,25.97,1.73,-7.40619,6.5229006,-102.66,17.99,ref_CU,Ztor,original_table,True,11250,,,True,True,True,True,58.36952128437582,0.708341971296778
2012-03-20__LV17,2012-03-20,LV17,,INTERPLATE,INTERPLATE/LV17/pre-pro-LV171203.201.npz,data/preprocessed/INTERPLATE/LV17/pre-pro-LV171203.201.npz,254447,c81708a653af6138f8e226b8e52a304f267ba8697ff4a2a7fa1babdd6afef0d9,7.5,334.0,14.82,1.58,-7.2495937,6.45361,-98.531,16.254,ref_CU,Ztor,original_table,False,12500,,,False,True,True,False,111.02015304143929,0.5092164226097906
2003-01-22__LV17,2003-01-22,LV17,,INTERPLATE,INTERPLATE/LV17/pre-pro-LV1720030122020634.npz,data/preprocessed/INTERPLATE/LV17/pre-pro-LV1720030122020634.npz,159378,88fd23a31b0a4d99de73d44c65cbca0822100af31fef004ebbe0f3fa4edc2bd2,7.5,508.0,19.79,1.9,-7.4061904,6.522901,-103.9,18.86,ref_CU,Ztor,original_table,True,8640,,,True,False,False,False,26.22657434726929,0.8154098089296925
2014-04-18__LV17,2014-04-18,LV17,,INTERPLATE,INTERPLATE/LV17/pre-pro-LV1720140418142723.npz,data/preprocessed/INTERPLATE/LV17/pre-pro-LV1720140418142723.npz,236631,a3ad99e827345de7c8323dc5f94d05db566aab48cc5d32139aa0b1ce35ca42ba,7.3,307.0,7.54,1.78,-7.2495975,6.4536133,-101.055,17.375,ref_CU,Ztor,original_table,False,11664,,,False,True,True,False,88.51605376700246,0.5789961770891678
2014-05-08__LV17,2014-05-08,LV17,,INTERPLATE,INTERPLATE/LV17/pre-pro-LV1720140508170016.npz,data/preprocessed/INTERPLATE/LV17/pre-pro-LV1720140508170016.npz,199788,ed78b5b98f089e5e38f72ae66d14dbe9a8bb81e3c8383a1e757c56d546959f42,6.5,288.0,17.14,1.48,-7.2495823,6.4536,-100.74,17.36,ref_CU,Ztor,original_table,False,10000,,,False,True,True,False,79.31851702372155,0.5512897153152596
2014-05-10__LV17,2014-05-10,LV17,,INTERPLATE,INTERPLATE/LV17/pre-pro-LV1720140510073601.npz,data/preprocessed/INTERPLATE/LV17/pre-pro-LV1720140510073601.npz,247328,e7279dc1b0bfea487c7bac0f050175c972df0e74ceb53c240c02d99793fec4c0,6.1,302.0,18.48,1.55,-7.249592,6.453608,-100.82,17.31,Rhyp,Ztor,original_table,False,12150,,,False,True,True,False,103.76273388848745,0.5283940828629787
2018-02-16__LV17,2018-02-16,LV17,,INTERPLATE,INTERPLATE/LV17/pre-pro-LV1720180216233938.npz,data/preprocessed/INTERPLATE/LV17/pre-pro-LV1720180216233938.npz,258339,a7f7b67ad8ac18079d9022a7d727834367f94c9ef914abe36e591a89afecdf96,7.2,355.0,7.49,1.48,-7.2495823,6.4536,-98.03,16.25,ref_CU,Ztor,original_table,False,12800,,,False,True,True,False,100.92165654821284,0.5609047313426173
2021-09-08__LV17,2021-09-08,LV17,,INTERPLATE,INTERPLATE/LV17/pre-pro-LV1720210908014746.npz,data/preprocessed/INTERPLATE/LV17/pre-pro-LV1720210908014746.npz,227468,5212da14225af227cf8a05a3a67946fa2e86df2ef3e26e08ccef01f548bd0b39,7.1,275.0,8.33,1.41,-7.2495584,6.453579,-99.93,16.78,ref_CU,Ztor,original_table,False,11250,,,False,True,True,False,66.48344457771086,0.6713621128140838
2022-09-19__LV17,2022-09-19,LV17,,INTERPLATE,INTERPLATE/LV17/pre-pro-LV1720220919180509.npz,data/preprocessed/INTERPLATE/LV17/pre-pro-LV1720220919180509.npz,267784,56398481cd563e5700c8f687a3ea4fa7648af309d77bf1d220f3cecd8ca4f723,7.7,411.0,7.32,1.76,-7.249597,6.4536133,-103.29,18.22,ref_CU,Ztor,original_table,False,13122,,,False,True,True,False,91.3512003666044,0.6168957837424852
2022-09-22__LV17,2022-09-22,LV17,,INTERPLATE,INTERPLATE/LV17/pre-pro-LV1720220922061609.npz,data/preprocessed/INTERPLATE/LV17/pre-pro-LV1720220922061609.npz,228105,77d30c1e858c4867fc50b85135b872564592e8dc69f5c31aca24cff07e18f4f3,6.8,464.0,6.23,1.73,-7.249597,6.453613,-103.12,18.05,ref_CU,Ztor,original_table,False,11520,,,False,True,True,False,70.45652063076619,0.6523241024882004
2022-12-11__LV17,2022-12-11,LV17,,INTERPLATE,INTERPLATE/LV17/pre-pro-LV1720221211143130.npz,data/preprocessed/INTERPLATE/LV17/pre-pro-LV1720221211143130.npz,201085,990233eefea3be78f895ee7f28c3720fdd425adcbf3e586c677019983b6c3df2,6.0,307.0,11.44,1.43,-7.249568,6.453587,-100.63,17.13,Rhyp,Ztor,original_table,False,10126,,,False,False,False,False,50.38618836949479,0.7175345421600248
2026-01-02__LV17,2026-01-02,LV17,,INTERPLATE,INTERPLATE/LV17/pre-pro-LV1720260102135815.npz,data/preprocessed/INTERPLATE/LV17/pre-pro-LV1720260102135815.npz,265094,5604e37bb3202baf6fd63c2166260c6c8ab430c85148b90a0c806d08ce608868,6.5,298.0,10.82,1.42,-7.2495637,6.4535832,-99.41,16.77,ref_CU_prefix,Ztor,original_table,False,12960,,,False,True,True,False,110.99214202942672,0.5298536850668133
1989-04-25__LV17,1989-04-25,LV17,,INTERPLATE,INTERPLATE/LV17/pre-pro-LV178904.251.npz,data/preprocessed/INTERPLATE/LV17/pre-pro-LV178904.251.npz,209205,7de1f41910ff12fe8c1dc32a01a29481ed6184fdf07a3702cd267621e60b9f5b,6.9,309.0,16.26,2.01,-7.4061904,6.522901,-99.4,16.603,ref_CU,Ztor,original_table,False,10800,,,False,True,True,False,74.65989955375454,0.5983651645932834
1995-10-09__LV17,1995-10-09,LV17,,INTERPLATE,INTERPLATE/LV17/pre-pro-LV179510.091.npz,data/preprocessed/INTERPLATE/LV17/pre-pro-LV179510.091.npz,354719,73c519693824b2334518b805130e08cf2378caff7b59cdcc05cdbc8b99bc0612,8.0,456.0,19.05,1.83,-7.40619,6.522901,-104.67,18.74,ref_fallback_MT50,Ztor,original_table,True,17280,,,True,True,True,False,42.88443028403736,0.8652407683623877
1996-02-25__LV17,1996-02-25,LV17,,INTERPLATE,INTERPLATE/LV17/pre-pro-LV179602.251.npz,data/preprocessed/INTERPLATE/LV17/pre-pro-LV179602.251.npz,181405,039c7f3ff4c872aebf560f1e7503d185ff7c8955133fd14193e6ac80c1697f2f,7.1,398.0,9.62,2.03,-7.4061904,6.522901,-98.25,15.83,ref_any_BA49,Ztor,original_table,True,9216,,,True,False,False,False,13.731204018766988,0.914855806915316
1996-07-15__LV17,1996-07-15,LV17,,INTERPLATE,INTERPLATE/LV17/pre-pro-LV179607.151.npz,data/preprocessed/INTERPLATE/LV17/pre-pro-LV179607.151.npz,209656,1c3bd08a86a6513b0dfb928c6120b6f1ae4a6855faf5f167f15f930c6b4633d2,6.6,315.0,15.89,1.93,-7.4061904,6.522901,-101.1,17.4,ref_PA34,Ztor,original_table,False,10800,,,False,True,True,False,61.43688012080389,0.6713199223154083
1997-07-19__LV17,1997-07-19,LV17,,INTERPLATE,INTERPLATE/LV17/pre-pro-LV179707.192.npz,data/preprocessed/INTERPLATE/LV17/pre-pro-LV179707.192.npz,137910,4415481f30b322040969cd2982c0852685e76600e220bb559e5fad4b724b2eaf,6.7,410.0,11.92,1.98,-7.4061904,6.522901,-98.35,15.86,ref_any_AE02,Ztor,original_table,True,7290,,,True,False,False,False,3.737787805700904,0.96925908540422
1998-02-03__LV17,1998-02-03,LV17,,INTERPLATE,INTERPLATE/LV17/pre-pro-LV179802.031.npz,data/preprocessed/INTERPLATE/LV17/pre-pro-LV179802.031.npz,179684,db028fd04640299033eeee24f1f13293a1602b73942ece6421a84d40d2cf2247,6.3,515.0,18.43,1.81,-7.40619,6.522901,-96.37,15.69,Rhyp,Ztor,original_table,True,9216,,,True,True,True,False,40.515032977649696,0.7467652167157341
2021-09-08__ME52,2021-09-08,ME52,,INTERPLATE,INTERPLATE/ME52/pre-pro-ME5220210908014746.npz,data/preprocessed/INTERPLATE/ME52/pre-pro-ME5220210908014746.npz,253354,a6d8399b39eb01124312f49569fbc0abfe9b0fb0412b134a70060da258ad5fd0,7.1,267.0,8.33,0.65,-11.062481,1.8537651,-99.93,16.78,ref_CU,Ztor,original_table,False,12500,,,False,True,True,False,91.6036065345872,0.5933608268540542
2022-09-19__ME52,2022-09-19,ME52,,INTERPLATE,INTERPLATE/ME52/pre-pro-ME5220220919180509.npz,data/preprocessed/INTERPLATE/ME52/pre-pro-ME5220220919180509.npz,272457,88847c08ab4fe0764829c3cbc61bf89f5e58f3d8dac5f59fa24548fc601abbaf,7.7,404.0,7.32,0.66,-11.229574,1.8817654,-103.29,18.22,ref_CU,Ztor,original_table,False,13500,,,False,True,True,False,70.12613420798712,0.7112249456103314
2022-09-22__ME52,2022-09-22,ME52,,INTERPLATE,INTERPLATE/ME52/pre-pro-ME5220220922061609.npz,data/preprocessed/INTERPLATE/ME52/pre-pro-ME5220220922061609.npz,226280,38d58d552928f8ad29d7527c3029e46346ee018bca7daa2a5ec76425bbf3b7ff,6.8,457.0,6.23,0.67,-11.380007,1.9069736,-103.12,18.05,ref_CU,Ztor,original_table,False,11250,,,False,True,True,False,65.03267356845029,0.6767438434812094
2022-12-11__ME52,2022-12-11,ME52,,INTERPLATE,INTERPLATE/ME52/pre-pro-ME5220221211143130.npz,data/preprocessed/INTERPLATE/ME52/pre-pro-ME5220221211143130.npz,144433,eec2e9c337a57a89f3155a4158646fdd477c3e1aa3018531d6aefe209b3d5e7b,6.0,299.0,11.44,0.67,-11.380007,1.9069736,-100.63,17.13,Rhyp,Ztor,original_table,False,7680,,,False,False,False,False,14.296614184147517,0.8879400048271867
2026-01-02__ME52,2026-01-02,ME52,,INTERPLATE,INTERPLATE/ME52/pre-pro-ME5220260102135815.npz,data/preprocessed/INTERPLATE/ME52/pre-pro-ME5220260102135815.npz,250069,64df2124e43406b086d78a028c81d84a942949eacf28a7151b63b8da91e40637,6.5,291.0,10.82,0.66,-11.229574,1.8817654,-99.41,16.77,ref_CU_prefix,Ztor,original_table,True,12288,,,True,True,True,True,76.78165637077956,0.6546966344181527
2000-08-09__MI15,2000-08-09,MI15,,INTERPLATE,INTERPLATE/MI15/pre-pro-MI150008.091.npz,data/preprocessed/INTERPLATE/MI15/pre-pro-MI150008.091.npz,166425,5d5ce9638cc18977f1f546907b331c984cb496f998672e3b2fd4ee2859b8ff3f,6.5,364.0,25.97,1.24,-6.650412,-10.122548,-102.66,17.99,ref_CU,Ztor,original_table,True,8640,,,True,True,True,False,28.045311036940674,0.8094618449830785
2012-03-20__MI15,2012-03-20,MI15,,INTERPLATE,INTERPLATE/MI15/pre-pro-MI151203.201.npz,data/preprocessed/INTERPLATE/MI15/pre-pro-MI151203.201.npz,221758,c568877832fe02f003b0f416ecc82d53693f94b9822201f1b34b99df718f5fda,7.5,311.0,14.82,1.2,-6.650169,-10.122178,-98.531,16.254,ref_CU,Ztor,original_table,False,11250,,,False,True,True,False,73.22569300505204,0.6279560359462858
2003-01-22__MI15,2003-01-22,MI15,,INTERPLATE,INTERPLATE/MI15/pre-pro-MI1520030122020634.npz,data/preprocessed/INTERPLATE/MI15/pre-pro-MI1520030122020634.npz,196215,0ecd0a4f62586dd1f407cc990eba64a6a296d8d13045d52d4f98beff3d78e8b4,7.5,506.0,19.79,1.27,-6.6505256,-10.122722,-103.9,18.86,ref_CU,Ztor,original_table,True,10000,,,True,True,True,False,18.7784178651728,0.8921214576597185
2014-04-18__MI15,2014-04-18,MI15,,INTERPLATE,INTERPLATE/MI15/pre-pro-MI1520140418142723.npz,data/preprocessed/INTERPLATE/MI15/pre-pro-MI1520140418142723.npz,239096,26f8be5a47305d1a3764fc1814e3ded2cca948465fbc2f36b497388492167544,7.3,290.0,7.54,1.35,-6.650677,-10.122952,-101.055,17.375,ref_CU,Ztor,original_table,False,12000,,,False,True,True,False,90.80209372893152,0.57307774823014
2014-05-08__MI15,2014-05-08,MI15,,INTERPLATE,INTERPLATE/MI15/pre-pro-MI1520140508170016.npz,data/preprocessed/INTERPLATE/MI15/pre-pro-MI1520140508170016.npz,220581,752963e4a915205e9d156792147ce5ecf997e63f224bae1496b6448f2dfdecd9,6.5,269.0,17.14,1.31,-6.6506214,-10.122867,-100.74,17.36,ref_CU,Ztor,original_table,False,10936,,,False,True,True,False,59.39969634707549,0.6962739870784093
2014-05-10__MI15,2014-05-10,MI15,,INTERPLATE,INTERPLATE/MI15/pre-pro-MI1520140510073601.npz,data/preprocessed/INTERPLATE/MI15/pre-pro-MI1520140510073601.npz,164137,0b339da1a86d15423b11d74a2670c908975ba9fefdd33fafefcb8bfe02bc3bc2,6.1,284.0,18.48,1.28,-6.6505547,-10.122766,-100.82,17.31,Rhyp,Ztor,original_table,True,8640,,,True,True,True,False,21.13031781424344,0.8545545304636327
2018-02-16__MI15,2018-02-16,MI15,,INTERPLATE,INTERPLATE/MI15/pre-pro-MI1520180216233938.npz,data/preprocessed/INTERPLATE/MI15/pre-pro-MI1520180216233938.npz,194806,bdf010bf39b32f580896a95287effcbec7904295f1f64f5452b6e333f8c312c7,7.2,333.0,7.49,1.27,-6.6505256,-10.122722,-98.03,16.25,ref_CU,Ztor,original_table,False,10000,,,False,True,True,False,57.71576387777077,0.6656290836117794
2022-09-19__MI15,2022-09-19,MI15,,INTERPLATE,INTERPLATE/MI15/pre-pro-MI1520220919180509.npz,data/preprocessed/INTERPLATE/MI15/pre-pro-MI1520220919180509.npz,225090,5bab331feaa0b5e641242fb9ed878892636a04c9e17ca23d45450629931dd04c,7.7,405.0,7.32,1.31,-6.6506214,-10.122867,-103.29,18.22,ref_CU,Ztor,original_table,False,11250,,,False,True,True,False,66.49323652331367,0.6675836798314569
2022-09-22__MI15,2022-09-22,MI15,,INTERPLATE,INTERPLATE/MI15/pre-pro-MI1520220922061609.npz,data/preprocessed/INTERPLATE/MI15/pre-pro-MI1520220922061609.npz,199476,8e2f8e802d7ce9d96c69452f207d0c0ee9ad48630c9c296006975a9cf99b7d1d,6.8,457.0,6.23,1.3,-6.650602,-10.122838,-103.12,18.05,ref_CU,Ztor,original_table,False,10000,,,False,True,True,False,66.46287771557344,0.6239724033065152
2022-12-11__MI15,2022-12-11,MI15,,INTERPLATE,INTERPLATE/MI15/pre-pro-MI1520221211143130.npz,data/preprocessed/INTERPLATE/MI15/pre-pro-MI1520221211143130.npz,186756,3fbbbe38b0abeb83b9b690f52dbe93916dfed21bdc1e37ea070a2ae5c95d1c45,6.0,288.0,11.44,1.32,-6.650638,-10.122893,-100.63,17.13,Rhyp,Ztor,original_table,False,9600,,,False,False,False,False,15.854950309693606,0.9042286299625876
1989-04-25__MI15,1989-04-25,MI15,,INTERPLATE,INTERPLATE/MI15/pre-pro-MI158904.251.npz,data/preprocessed/INTERPLATE/MI15/pre-pro-MI158904.251.npz,457813,585528cf89592a1293ef4fd43da59748855644be9f4bda175977309b4c4c12e9,6.9,285.0,16.26,1.42,-6.650726,-10.123026,-99.4,16.603,ref_CU,Ztor,original_table,False,11520,,,False,True,True,False,82.89676766067923,0.5948448588222222
1990-05-31__MI15,1990-05-31,MI15,,INTERPLATE,INTERPLATE/MI15/pre-pro-MI159005.311.npz,data/preprocessed/INTERPLATE/MI15/pre-pro-MI159005.311.npz,177885,82a7b595ee9a8e8b2988be67c60699a2044140b3d48a84a368a8f6842c9bbc41,6.1,300.0,15.11,1.35,-6.650677,-10.122952,-100.893,17.106,Rhyp,Ztor,original_table,True,9216,,,True,True,True,False,40.13671263026493,0.7471065929666377
1993-05-15__MI15,1993-05-15,MI15,,INTERPLATE,INTERPLATE/MI15/pre-pro-MI159305.152.npz,data/preprocessed/INTERPLATE/MI15/pre-pro-MI159305.152.npz,205835,bcb688e5e86085218d78bb960dc1517962e85e3145404db0d551d5b6cdb03851,5.9,316.0,35.38,1.27,-6.6505256,-10.122722,-98.72,16.47,Rhyp,Ztor,original_table,True,10368,,,True,True,True,False,19.163453118653905,0.8952988410716609
1995-09-14__MI15,1995-09-14,MI15,,INTERPLATE,INTERPLATE/MI15/pre-pro-MI159509.141.npz,data/preprocessed/INTERPLATE/MI15/pre-pro-MI159509.141.npz,297564,39eb6357b7b6f5b6cd7f903354aa6abdfda71b3da6c73cf3923fb0369cbd4efd,7.3,314.0,15.75,1.32,-6.650638,-10.122893,-98.88,16.31,ref_CU,Ztor,original_table,False,14400,,,False,True,True,False,77.26343756357932,0.7084508601049797
1996-02-25__MI15,1996-02-25,MI15,,INTERPLATE,INTERPLATE/MI15/pre-pro-MI159602.251.npz,data/preprocessed/INTERPLATE/MI15/pre-pro-MI159602.251.npz,167382,0970b569cca8780d06cdbbdade6b62fae9c093479d068a6c5adc3605745e756f,7.1,375.0,9.62,1.28,-6.6505547,-10.122766,-98.25,15.83,ref_any_BA49,Ztor,original_table,True,8640,,,True,False,False,False,9.206797469002224,0.9379888363372922
1996-07-15__MI15,1996-07-15,MI15,,INTERPLATE,INTERPLATE/MI15/pre-pro-MI159607.151.npz,data/preprocessed/INTERPLATE/MI15/pre-pro-MI159607.151.npz,462361,f933a7e8f7f82ff9dee020c6c8e0a0aa1b18771ce2aa8878ab2087f124002a80,6.6,298.0,15.89,1.35,-6.650677,-10.122952,-101.1,17.4,ref_PA34,Ztor,original_table,True,11520,,,True,True,True,True,51.19659055466101,0.7533110532938492
1997-07-19__MI15,1997-07-19,MI15,,INTERPLATE,INTERPLATE/MI15/pre-pro-MI159707.192.npz,data/preprocessed/INTERPLATE/MI15/pre-pro-MI159707.192.npz,113262,e8b27aee5c69abde08dbee831b12a1944804ee1f1f3807b0304a8cefa73a9195,6.7,388.0,11.92,1.45,-6.650736,-10.123042,-98.35,15.86,ref_any_AE02,Ztor,original_table,True,6144,,,True,False,False,False,0.1515870303006039,0.9984815483291536
1998-02-03__MI15,1998-02-03,MI15,,INTERPLATE,INTERPLATE/MI15/pre-pro-MI159802.031.npz,data/preprocessed/INTERPLATE/MI15/pre-pro-MI159802.031.npz,120512,91837715072b145a85804d1e073f708688b7679ee8e27e82854683d0f4bbc80c,6.3,496.0,18.43,1.44,-6.650733,-10.123037,-96.37,15.69,Rhyp,Ztor,original_table,True,6480,,,True,False,False,False,2.501441111615108,0.9764525923786584
2000-08-09__MT50,2000-08-09,MT50,,INTERPLATE,INTERPLATE/MT50/pre-pro-MT500008.091.npz,data/preprocessed/INTERPLATE/MT50/pre-pro-MT500008.091.npz,154545,7018c588ddd1c3e7a2f9cf1ab501c9849c9ff128479b6f6c1f08fd292abc8df8,6.5,363.0,25.97,0.55,-7.701912,0.54810137,-102.66,17.99,ref_CU,Ztor,original_table,True,8000,,,True,True,True,False,14.262699433026045,0.8956947533053529
2012-03-20__MT50,2012-03-20,MT50,,INTERPLATE,INTERPLATE/MT50/pre-pro-MT501203.201.npz,data/preprocessed/INTERPLATE/MT50/pre-pro-MT501203.201.npz,247061,2a7af76a2c655eded9bddc96d4053076e45b2916d9ca7a775899d3806dbccb71,7.5,328.0,14.82,0.56,-8.042484,0.5723379,-98.531,16.254,MANUAL_REF,Ztor,original_table,False,12150,,,False,True,True,False,88.12059993997016,0.5991238288601121
2003-01-22__MT50,2003-01-22,MT50,,INTERPLATE,INTERPLATE/MT50/pre-pro-MT5020030122020634.npz,data/preprocessed/INTERPLATE/MT50/pre-pro-MT5020030122020634.npz,197960,adb652daa46031fd8f8b5709ed57ae290c63e555596bd32619a824a2fdc080b1,7.5,500.0,19.79,0.57,-8.366254,0.5953788,-103.9,18.86,MANUAL_REF,Ztor,original_table,True,10000,,,True,True,True,False,26.39089332923996,0.8498299002546946
2014-04-18__MT50,2014-04-18,MT50,,INTERPLATE,INTERPLATE/MT50/pre-pro-MT5020140418142723.npz,data/preprocessed/INTERPLATE/MT50/pre-pro-MT5020140418142723.npz,248037,f8c222ecba89d9172bfa8908798a83fc8974a1e2d19ff3f51454150a27e2c590,7.3,297.0,7.54,0.54,-7.3464427,0.5228047,-101.055,17.375,MANUAL_REF,Ztor,original_table,True,12288,,,True,True,True,True,90.9363308661694,0.5892111358080616
2014-05-08__MT50,2014-05-08,MT50,,INTERPLATE,INTERPLATE/MT50/pre-pro-MT5020140508170016.npz,data/preprocessed/INTERPLATE/MT50/pre-pro-MT5020140508170016.npz,213804,0cd6e2da75b89808e7efcc11e553ea58b98e0162fc3daf9c813cd4e76c7a0448,6.5,278.0,17.14,0.56,-8.042484,0.5723379,-100.74,17.36,MANUAL_REF,Ztor,original_table,False,10800,,,False,True,True,False,74.5824087651281,0.6073990168704106
2018-02-16__MT50,2018-02-16,MT50,,INTERPLATE,INTERPLATE/MT50/pre-pro-MT5020180216233938.npz,data/preprocessed/INTERPLATE/MT50/pre-pro-MT5020180216233938.npz,216566,132bf9db530f981cac7d2cd780c5b4f51d263d0995b471c47efbc8604889e9e5,7.2,350.0,7.49,0.55,-7.701912,0.54810137,-98.03,16.25,MANUAL_REF,Ztor,original_table,False,10800,,,False,True,True,False,68.18659835537058,0.6459126636788151
2020-06-23__MT50,2020-06-23,MT50,,INTERPLATE,INTERPLATE/MT50/pre-pro-MT5020200623152903.npz,data/preprocessed/INTERPLATE/MT50/pre-pro-MT5020200623152903.npz,218797,0a875b2afb693a4f457c690776b849c318e1d91441521f42596dfa61342cfdfb,7.4,468.0,15.6,0.56,-8.042484,0.5723379,-96.12,15.784,MANUAL_REF,Ztor,original_table,True,10936,,,True,True,True,True,44.29880566994953,0.7722075092818967
2021-09-08__MT50,2021-09-08,MT50,,INTERPLATE,INTERPLATE/MT50/pre-pro-MT5020210908014746.npz,data/preprocessed/INTERPLATE/MT50/pre-pro-MT5020210908014746.npz,264233,eeb8bf0b43dc20c21b67fdb12c3a502b1cf2e096104a197630eb101aece86ac8,7.1,266.0,8.33,0.59,-8.958083,0.63749593,-99.93,16.78,ref_CU,Ztor,original_table,True,12960,,,True,True,True,True,120.08459587983836,0.4894145334417349
2022-09-19__MT50,2022-09-19,MT50,,INTERPLATE,INTERPLATE/MT50/pre-pro-MT5020220919180509.npz,data/preprocessed/INTERPLATE/MT50/pre-pro-MT5020220919180509.npz,254283,08bcbd78fce77ed620ba9d887afdcf604c85e24e97b4930a72d212d8fd5db18c,7.7,403.0,7.32,0.58,-8.67178,0.61712134,-103.29,18.22,ref_CU,Ztor,original_table,False,12500,,,False,True,True,False,64.16850937288748,0.716394814050705
2022-09-22__MT50,2022-09-22,MT50,,INTERPLATE,INTERPLATE/MT50/pre-pro-MT5020220922061609.npz,data/preprocessed/INTERPLATE/MT50/pre-pro-MT5020220922061609.npz,216463,79fdce326891b0d884dccec1bdd12a050a294ca3023faf20fa0d7a4257be7ffd,6.8,456.0,6.23,0.6,-9.224622,0.656464,-103.12,18.05,ref_CU,Ztor,original_table,True,10800,,,True,True,True,True,61.97655672879603,0.6778262892925299
2022-12-11__MT50,2022-12-11,MT50,,INTERPLATE,INTERPLATE/MT50/pre-pro-MT5020221211143130.npz,data/preprocessed/INTERPLATE/MT50/pre-pro-MT5020221211143130.npz,163657,5ce2639a000eb323e53358a6607a6215719ea8d041d98f83cc7c956878b6fb95,6.0,297.0,11.44,0.51,-6.2160683,0.4423623,-100.63,17.13,Rhyp,Ztor,original_table,False,8640,,,False,False,False,False,25.335519059816637,0.8252722823460922
1989-04-25__MT50,1989-04-25,MT50,,INTERPLATE,INTERPLATE/MT50/pre-pro-MT508904.251.npz,data/preprocessed/INTERPLATE/MT50/pre-pro-MT508904.251.npz,88785,6c875463a11e147e25a9ea91eb78bfe54d6e262798557ccede51daf6523259fe,6.9,300.0,16.26,0.58,-8.67178,0.61712134,-99.4,16.603,ref_CU,Ztor,original_table,True,5120,,,True,False,False,False,11.169322182598776,0.8562506797606335
1990-05-31__MT50,1990-05-31,MT50,,INTERPLATE,INTERPLATE/MT50/pre-pro-MT509005.311.npz,data/preprocessed/INTERPLATE/MT50/pre-pro-MT509005.311.npz,50102,19c9ed740fbac38532af6b184cb811944fac5d628c834515272b4de8dbb76553,6.1,308.0,15.11,0.51,-6.2160683,0.4423623,-100.893,17.106,Rhyp,Ztor,original_table,True,3376,,,True,False,False,False,2.9604329439531725,0.9313443194816056
1995-10-09__MT50,1995-10-09,MT50,,INTERPLATE,INTERPLATE/MT50/pre-pro-MT509510.091.npz,data/preprocessed/INTERPLATE/MT50/pre-pro-MT509510.091.npz,131138,ec6cded5a14006c825077dc02208c5c2a37217b169ec220d83d81068cfbf564f,8.0,449.0,19.05,0.56,-8.042484,0.5723379,-104.67,18.74,MANUAL_REF,Ztor,original_table,True,7200,,,True,False,False,False,7.397375229393035,0.9362405168988706
1996-07-15__MT50,1996-07-15,MT50,,INTERPLATE,INTERPLATE/MT50/pre-pro-MT509607.152.npz,data/preprocessed/INTERPLATE/MT50/pre-pro-MT509607.152.npz,76763,fc91da2c251150516f50e3afaed3c8fcc926b3d79573d029f922297396154e8c,6.6,305.0,15.89,0.52,-6.6006107,0.469728,-101.1,17.4,ref_PA34,Ztor,original_table,True,4500,,,True,False,False,False,3.220404265986218,0.9519055515832404
1998-02-03__MT50,1998-02-03,MT50,,INTERPLATE,INTERPLATE/MT50/pre-pro-MT509802.031.npz,data/preprocessed/INTERPLATE/MT50/pre-pro-MT509802.031.npz,125569,9067f55ec71d9ac492234f06324b0fa9cf6f063e4474462d3c88a688298918da,6.3,512.0,18.43,0.54,-7.3464427,0.5228047,-96.37,15.69,Rhyp,Ztor,original_table,True,6750,,,True,False,False,False,5.86615716630827,0.9470276578805464
2000-08-09__MY19,2000-08-09,MY19,,INTERPLATE,INTERPLATE/MY19/pre-pro-MY190008.091.npz,data/preprocessed/INTERPLATE/MY19/pre-pro-MY190008.091.npz,242244,a4230452638a16c45a33ba9708c50fabc79515fe04e3968b61106a5a4c4ab623,6.5,374.0,25.97,2.77,-0.6569393,-5.279427,-102.66,17.99,ref_CU,Ztor,original_table,True,12000,,,True,True,True,False,75.15500713425047,0.6511233537542918
2012-03-20__MY19,2012-03-20,MY19,,INTERPLATE,INTERPLATE/MY19/pre-pro-MY191203.201.npz,data/preprocessed/INTERPLATE/MY19/pre-pro-MY191203.201.npz,299091,9bc51c18888fb13fb67fbde84dbc4461123f1e57ce24207c6b9787ef5d613bd8,7.5,316.0,14.82,2.62,-0.6569393,-5.279427,-98.531,16.254,ref_CU,Ztor,original_table,False,14580,,,False,True,True,False,109.62392940068356,0.5885142096742482
2003-01-22__MY19,2003-01-22,MY19,,INTERPLATE,INTERPLATE/MY19/pre-pro-MY1920030122020634.npz,data/preprocessed/INTERPLATE/MY19/pre-pro-MY1920030122020634.npz,310133,b984305a4222bcce9775987f8fcbd6b8526345a86d64b5d6bc62e24270ee5353,7.5,515.0,19.79,2.78,-0.6569393,-5.279427,-103.9,18.86,ref_CU,Ztor,original_table,False,15000,,,False,True,True,False,72.54875668558896,0.7382234369431011
2014-04-18__MY19,2014-04-18,MY19,,INTERPLATE,INTERPLATE/MY19/pre-pro-MY1920140418142723.npz,data/preprocessed/INTERPLATE/MY19/pre-pro-MY1920140418142723.npz,318673,c91f537e243bd0aabca9217c451772e90b867b94ab8cc7836c539866b0c9e831,7.3,301.0,7.54,2.68,-0.6569393,-5.279427,-101.055,17.375,ref_CU,Ztor,original_table,False,15360,,,False,True,True,False,104.47828371862494,0.632390543194733
2014-05-08__MY19,2014-05-08,MY19,,INTERPLATE,INTERPLATE/MY19/pre-pro-MY1920140508170016.npz,data/preprocessed/INTERPLATE/MY19/pre-pro-MY1920140508170016.npz,258429,26e324f1a92031c25e02d34eb781d691bb979ffccb11fc904a7663964560683c,6.5,280.0,17.14,2.65,-0.6569393,-5.279427,-100.74,17.36,ref_CU,Ztor,original_table,False,12800,,,False,True,True,False,85.82047027877545,0.6273697612835941
2014-05-10__MY19,2014-05-10,MY19,,INTERPLATE,INTERPLATE/MY19/pre-pro-MY1920140510073601.npz,data/preprocessed/INTERPLATE/MY19/pre-pro-MY1920140510073601.npz,264059,81d2d9c11fb5a46a65594dc2f7172d0c98726807d5d5b1f718bcb6946fe6b0d4,6.1,295.0,18.48,2.53,-0.6569393,-5.279427,-100.82,17.31,Rhyp,Ztor,original_table,False,12960,,,False,True,True,False,57.75027293109525,0.7545570447911291
2018-02-16__MY19,2018-02-16,MY19,,INTERPLATE,INTERPLATE/MY19/pre-pro-MY1920180216233938.npz,data/preprocessed/INTERPLATE/MY19/pre-pro-MY1920180216233938.npz,326370,fee6c416262a1a9a6f8d0baded94a66f0e69e2837af28b353e255b0e24d0f580,7.2,337.0,7.49,2.57,-0.6569393,-5.279427,-98.03,16.25,ref_CU,Ztor,original_table,False,16000,,,False,True,True,False,126.10666375001966,0.5669711429502793
2021-09-08__MY19,2021-09-08,MY19,,INTERPLATE,INTERPLATE/MY19/pre-pro-MY1920210908014746.npz,data/preprocessed/INTERPLATE/MY19/pre-pro-MY1920210908014746.npz,294976,d1ec5d10ce22310bc4bb6e47b2ea2a1e20caad81ede27e1c3eeec77cd74ac41d,7.1,262.0,8.33,2.47,-0.6569393,-5.279427,-99.93,16.78,ref_CU,Ztor,original_table,False,14400,,,False,True,True,False,85.18321040124147,0.6763678796351147
2022-09-19__MY19,2022-09-19,MY19,,INTERPLATE,INTERPLATE/MY19/pre-pro-MY1920220919180509.npz,data/preprocessed/INTERPLATE/MY19/pre-pro-MY1920220919180509.npz,337186,acbdaab10bae57e61e624537bdc40acde56a8bdc96bdb0b110c5bef66fc854ec,7.7,415.0,7.32,2.62,-0.6569393,-5.279427,-103.29,18.22,ref_CU,Ztor,original_table,False,16200,,,False,True,True,False,121.1064806008784,0.5973184352422996
2022-09-22__MY19,2022-09-22,MY19,,INTERPLATE,INTERPLATE/MY19/pre-pro-MY1920220922061609.npz,data/preprocessed/INTERPLATE/MY19/pre-pro-MY1920220922061609.npz,248461,def8709d5447c55f61b78af392df97a1fcc65d56bc6b14d0a6d8bac10ed94d99,6.8,467.0,6.23,2.57,-0.6569393,-5.279427,-103.12,18.05,ref_CU,Ztor,original_table,False,12288,,,False,True,True,False,93.86405874234087,0.5745441993366835
2022-12-11__MY19,2022-12-11,MY19,,INTERPLATE,INTERPLATE/MY19/pre-pro-MY1920221211143130.npz,data/preprocessed/INTERPLATE/MY19/pre-pro-MY1920221211143130.npz,225106,3f32cb3dd251d7198315bdfd8ae399cec4c37b9bf56a5d0af3abfe706a8f2779,6.0,298.0,11.44,2.52,-0.6569393,-5.279427,-100.63,17.13,Rhyp,Ztor,original_table,False,11250,,,False,False,False,False,31.096912881747382,0.8448412689265173
2026-01-02__MY19,2026-01-02,MY19,,INTERPLATE,INTERPLATE/MY19/pre-pro-MY1920260102135815.npz,data/preprocessed/INTERPLATE/MY19/pre-pro-MY1920260102135815.npz,287671,6d5c3e6f7937e6d96f3f96a94e81ab269e0cf4637594474b32507a868be02beb,6.5,283.0,10.82,2.52,-0.6569393,-5.279427,-99.41,16.77,ref_CU_prefix,Ztor,original_table,False,14400,,,False,True,True,False,89.09938029353185,0.6526610779138786
1989-04-25__MY19,1989-04-25,MY19,,INTERPLATE,INTERPLATE/MY19/pre-pro-MY198904.251.npz,data/preprocessed/INTERPLATE/MY19/pre-pro-MY198904.251.npz,264986,2345d5794efe4b0c7d5e44509cbaa59ae5d795ac2f055bd2e17f26610a6b757e,6.9,293.0,16.26,2.77,-0.6569393,-5.279427,-99.4,16.603,ref_CU,Ztor,original_table,False,12960,,,False,True,True,False,101.58040999133472,0.5677797209116895
1993-05-15__MY19,1993-05-15,MY19,,INTERPLATE,INTERPLATE/MY19/pre-pro-MY199305.152.npz,data/preprocessed/INTERPLATE/MY19/pre-pro-MY199305.152.npz,217702,e4bd9b519b88144c724bad972bee02cfb24f4e9596b16751ad57ba13d09249a8,5.9,322.0,35.38,2.71,-0.6569393,-5.279427,-98.72,16.47,Rhyp,Ztor,original_table,True,10936,,,True,True,True,False,57.20359991869296,0.7057125222826784
1995-09-14__MY19,1995-09-14,MY19,,INTERPLATE,INTERPLATE/MY19/pre-pro-MY199509.141.npz,data/preprocessed/INTERPLATE/MY19/pre-pro-MY199509.141.npz,309464,7475f0eb120e6ff7a062284ffc82c554a439914d7d3a8798c3ed4c146974e563,7.3,321.0,15.75,2.74,-0.6569393,-5.279427,-98.88,16.31,ref_CU,Ztor,original_table,False,15000,,,False,True,True,False,103.99222755683658,0.6232438679920419
1995-10-09__MY19,1995-10-09,MY19,,INTERPLATE,INTERPLATE/MY19/pre-pro-MY199510.091.npz,data/preprocessed/INTERPLATE/MY19/pre-pro-MY199510.091.npz,800040,964f5f24924f251bbe51e71a999b1aee16a958c2e9e139b6020b17baa1170805,8.0,464.0,19.05,2.76,-0.6569393,-5.279427,-104.67,18.74,ref_fallback_MT50,Ztor,original_table,True,19200,,,True,True,True,True,104.00674933519792,0.7111485285216821
1996-02-25__MY19,1996-02-25,MY19,,INTERPLATE,INTERPLATE/MY19/pre-pro-MY199602.251.npz,data/preprocessed/INTERPLATE/MY19/pre-pro-MY199602.251.npz,235323,09f7c93f79821d73c8a0e2183d528a0a3d8341a00c60bde33de8a4446624fe37,7.1,380.0,9.62,2.76,-0.6569393,-5.279427,-98.25,15.83,ref_any_BA49,Ztor,original_table,True,11664,,,True,False,False,False,49.33037726280739,0.7649927242017656
1996-07-15__MY19,1996-07-15,MY19,,INTERPLATE,INTERPLATE/MY19/pre-pro-MY199607.151.npz,data/preprocessed/INTERPLATE/MY19/pre-pro-MY199607.151.npz,263727,99c6c1e6c235892c8848bdd6c3e2f5aeccfa89aca4a6648c6a5325f53dfd6f34,6.6,309.0,15.89,2.76,-0.6569393,-5.279427,-101.1,17.4,ref_PA34,Ztor,original_table,False,12960,,,False,True,True,False,58.96782519802366,0.749903192815236
1997-07-19__MY19,1997-07-19,MY19,,INTERPLATE,INTERPLATE/MY19/pre-pro-MY199707.192.npz,data/preprocessed/INTERPLATE/MY19/pre-pro-MY199707.192.npz,192183,791d6103a340c2a6b7dedc41523c2e10690adb88042e01812440c1510bfd5757,6.7,393.0,11.92,2.71,-0.6569393,-5.279427,-98.35,15.86,ref_any_AE02,Ztor,original_table,True,9720,,,True,True,True,False,33.30896888636664,0.8043296194186298
1998-02-03__MY19,1998-02-03,MY19,,INTERPLATE,INTERPLATE/MY19/pre-pro-MY199802.031.npz,data/preprocessed/INTERPLATE/MY19/pre-pro-MY199802.031.npz,200423,d34af36d02ad98e00719cd41b9eba5dcfb138710d1f5f16536fbbee0bfb6ff9e,6.3,496.0,18.43,2.71,-0.6569393,-5.279427,-96.37,15.69,Rhyp,Ztor,original_table,True,10126,,,True,False,False,True,38.39097198676856,0.7845019815505554
2000-08-09__NZ20,2000-08-09,NZ20,,INTERPLATE,INTERPLATE/NZ20/pre-pro-NZ200008.091.npz,data/preprocessed/INTERPLATE/NZ20/pre-pro-NZ200008.091.npz,268440,9ae4f8e6871834c9f6b9fc06f909c4c980bdf599ac084d2d8e8addeddb496ab3,6.5,381.0,25.97,4.82,2.9546626,-1.0588037,-102.66,17.99,ref_CU,Ztor,original_table,True,13500,,,True,True,True,True,36.66374910796108,0.8472534720328248
2012-03-20__NZ20,2012-03-20,NZ20,,INTERPLATE,INTERPLATE/NZ20/pre-pro-NZ201203.201.npz,data/preprocessed/INTERPLATE/NZ20/pre-pro-NZ201203.201.npz,438482,5548cdf6a59b492828829eb5a199ed80e0ab1255c2f2c38f57ddaa6b18147b14,7.5,322.0,14.82,4.56,2.9546626,-1.0588037,-98.531,16.254,ref_CU,Ztor,original_table,True,21600,,,True,True,True,True,122.57291999374598,0.6884980050477878
2003-01-22__NZ20,2003-01-22,NZ20,,INTERPLATE,INTERPLATE/NZ20/pre-pro-NZ2020030122020634.npz,data/preprocessed/INTERPLATE/NZ20/pre-pro-NZ2020030122020634.npz,347812,ace1db2faa244931751f66c1564bef81ef3f70b09f8731df443e1d5837f5d02d,7.5,520.0,19.79,4.45,2.9546626,-1.0588037,-103.9,18.86,ref_CU,Ztor,original_table,True,16876,,,True,True,True,True,61.32979556340487,0.8026203798809061
2014-04-18__NZ20,2014-04-18,NZ20,,INTERPLATE,INTERPLATE/NZ20/pre-pro-NZ2020140418142723.npz,data/preprocessed/INTERPLATE/NZ20/pre-pro-NZ2020140418142723.npz,398538,111ae68ca87813d63152d269eb098c07740369b528a0ae63fe80baf051c57417,7.3,309.0,7.54,4.1,2.9546626,-1.0588037,-101.055,17.375,ref_CU,Ztor,original_table,False,19200,,,False,True,True,False,126.25775171068008,0.6456817878692258
2014-05-08__NZ20,2014-05-08,NZ20,,INTERPLATE,INTERPLATE/NZ20/pre-pro-NZ2020140508170016.npz,data/preprocessed/INTERPLATE/NZ20/pre-pro-NZ2020140508170016.npz,287652,bb8e48cd09ea71f27e98eedc0c1b09dd06ee30a43bb9ebc980b6ac3a48b94cd7,6.5,288.0,17.14,4.45,2.9546626,-1.0588037,-100.74,17.36,ref_CU,Ztor,original_table,True,14400,,,True,True,True,True,75.4908038405145,0.7055626044677463
2014-05-10__NZ20,2014-05-10,NZ20,,INTERPLATE,INTERPLATE/NZ20/pre-pro-NZ2020140510073601.npz,data/preprocessed/INTERPLATE/NZ20/pre-pro-NZ2020140510073601.npz,212701,2819c00dbce7864fb1713cc8a0cde4ff8b89ed36c0e56011282959f8b46254a7,6.1,302.0,18.48,4.27,2.9546626,-1.0588037,-100.82,17.31,Rhyp,Ztor,original_table,True,10800,,,True,True,True,False,26.604888338248685,0.8592035968551615
2018-02-16__NZ20,2018-02-16,NZ20,,INTERPLATE,INTERPLATE/NZ20/pre-pro-NZ2020180216233938.npz,data/preprocessed/INTERPLATE/NZ20/pre-pro-NZ2020180216233938.npz,306649,a83cc769ac44febf66b07b8712418e0b8f1e9fe11cc5c0200abc858aa18e45f6,7.2,342.0,7.49,4.59,2.9546626,-1.0588037,-98.03,16.25,ref_CU,Ztor,original_table,False,15000,,,False,True,True,False,80.13244745435298,0.7067538335125778
2021-09-08__NZ20,2021-09-08,NZ20,,INTERPLATE,INTERPLATE/NZ20/pre-pro-NZ2020210908014746.npz,data/preprocessed/INTERPLATE/NZ20/pre-pro-NZ2020210908014746.npz,380255,3f99781df9c04054d25faf36307f7efbd47b646cf3917139e00f8448c54d74d8,7.1,269.0,8.33,4.35,2.9546626,-1.0588037,-99.93,16.78,ref_CU,Ztor,original_table,False,18226,,,False,True,True,False,103.32009069439351,0.6956698359517127
2022-09-19__NZ20,2022-09-19,NZ20,,INTERPLATE,INTERPLATE/NZ20/pre-pro-NZ2020220919180509.npz,data/preprocessed/INTERPLATE/NZ20/pre-pro-NZ2020220919180509.npz,438290,537202694f8ede9fd00c78017de2d1fa45628ded9abff1811e853a40ed103170,7.7,421.0,7.32,4.19,2.9546626,-1.0588037,-103.29,18.22,ref_CU,Ztor,original_table,True,21600,,,True,True,True,True,124.62841073552312,0.6823701844291787
2022-09-22__NZ20,2022-09-22,NZ20,,INTERPLATE,INTERPLATE/NZ20/pre-pro-NZ2020220922061609.npz,data/preprocessed/INTERPLATE/NZ20/pre-pro-NZ2020220922061609.npz,301520,a9dd119ca5b14d7743a198de249bfe0278b0253cb142ebe732f7d8c15f2d1dcd,6.8,474.0,6.23,4.1,2.9546626,-1.0588037,-103.12,18.05,ref_CU,Ztor,original_table,False,14580,,,False,True,True,False,80.06090276812819,0.7021322168013685
2022-12-11__NZ20,2022-12-11,NZ20,,INTERPLATE,INTERPLATE/NZ20/pre-pro-NZ2020221211143130.npz,data/preprocessed/INTERPLATE/NZ20/pre-pro-NZ2020221211143130.npz,272240,79ecc9671042625171091d8fc7010c9c30672bd2b083f6cdc25dbf2f32c7588f,6.0,306.0,11.44,4.27,2.9546626,-1.0588037,-100.63,17.13,Rhyp,Ztor,original_table,False,13500,,,False,False,False,False,30.86094745967208,0.8728537102024058
2026-01-02__NZ20,2026-01-02,NZ20,,INTERPLATE,INTERPLATE/NZ20/pre-pro-NZ2020260102135815.npz,data/preprocessed/INTERPLATE/NZ20/pre-pro-NZ2020260102135815.npz,279833,5a43484e44faea604ef85b61621f792ac95612a0e01593729a0cbe2234b68fb4,6.5,289.0,10.82,4.45,2.9546626,-1.0588037,-99.41,16.77,ref_CU_prefix,Ztor,original_table,False,13824,,,False,True,True,False,103.19470071842946,0.5853136398696827
1989-04-25__NZ20,1989-04-25,NZ20,,INTERPLATE,INTERPLATE/NZ20/pre-pro-NZ208904.251.npz,data/preprocessed/INTERPLATE/NZ20/pre-pro-NZ208904.251.npz,247649,802d8f5f3734884cec98fa39f9f46ed581a4d87cd5ebef1ce427334ea5312d40,6.9,300.0,16.26,4.74,2.9546626,-1.0588037,-99.4,16.603,ref_CU,Ztor,original_table,True,12288,,,True,True,True,False,67.47324864671023,0.6940543726910754
1990-05-31__NZ20,1990-05-31,NZ20,,INTERPLATE,INTERPLATE/NZ20/pre-pro-NZ209005.311.npz,data/preprocessed/INTERPLATE/NZ20/pre-pro-NZ209005.311.npz,83221,6c9e027547b08eb4f32bb1759532605478a65f16f05a4cd73882d5730a2f2630,6.1,318.0,15.11,4.79,2.9546626,-1.0588037,-100.893,17.106,Rhyp,Ztor,original_table,True,4800,,,True,False,False,False,1.4363894122677865,0.9803342084848332
1993-05-15__NZ20,1993-05-15,NZ20,,INTERPLATE,INTERPLATE/NZ20/pre-pro-NZ209305.152.npz,data/preprocessed/INTERPLATE/NZ20/pre-pro-NZ209305.152.npz,113497,29a8d6e7a4bad8b461d4717dfb5858714d603225367dc4ec9ec4dc95676a3c1a,5.9,328.0,35.38,4.47,2.9546626,-1.0588037,-98.72,16.47,Rhyp,Ztor,original_table,True,6144,,,True,False,False,False,5.382352873225599,0.946176471267744
1995-09-14__NZ20,1995-09-14,NZ20,,INTERPLATE,INTERPLATE/NZ20/pre-pro-NZ209509.141.npz,data/preprocessed/INTERPLATE/NZ20/pre-pro-NZ209509.141.npz,174530,3ad5e075fbdb974129de9893133096b50ba7856e8239ff7f1a968f43e4e158c4,7.3,327.0,15.75,4.45,2.9546626,-1.0588037,-98.88,16.31,ref_CU,Ztor,original_table,True,9000,,,True,False,False,False,25.65053538523344,0.8344058399920372
1995-10-09__NZ20,1995-10-09,NZ20,,INTERPLATE,INTERPLATE/NZ20/pre-pro-NZ209510.091.npz,data/preprocessed/INTERPLATE/NZ20/pre-pro-NZ209510.091.npz,258314,034bd17b4719d11a28df81c3c395e3c035ef5812169bb3b217e84b956c5e2f8b,8.0,469.0,19.05,4.55,2.9546626,-1.0588037,-104.67,18.74,ref_fallback_MT50,Ztor,original_table,True,12800,,,True,False,False,False,11.512935343830833,0.9501539795478596
1997-07-19__NZ20,1997-07-19,NZ20,,INTERPLATE,INTERPLATE/NZ20/pre-pro-NZ209707.192.npz,data/preprocessed/INTERPLATE/NZ20/pre-pro-NZ209707.192.npz,256249,fd50028b7e2c8808a5ffead836975763acd0f850dbf3e4e9dbe67037e8cd90fc,6.7,398.0,11.92,4.69,2.9546626,-1.0588037,-98.35,15.86,ref_any_AE02,Ztor,original_table,True,12800,,,True,False,False,False,16.027314003098326,0.9296245103929992
1998-02-03__NZ20,1998-02-03,NZ20,,INTERPLATE,INTERPLATE/NZ20/pre-pro-NZ209802.031.npz,data/preprocessed/INTERPLATE/NZ20/pre-pro-NZ209802.031.npz,146859,72ce9fafb41c606560e77b8c33661c00b7a3a4c6f458fe8f6a02f027098b84ff,6.3,499.0,18.43,4.41,2.9546626,-1.0588037,-96.37,15.69,Rhyp,Ztor,original_table,True,7680,,,True,False,False,False,1.495622312203409,0.9885164134505268
2000-08-09__NZ31,2000-08-09,NZ31,,INTERPLATE,INTERPLATE/NZ31/pre-pro-NZ310008.091.npz,data/preprocessed/INTERPLATE/NZ31/pre-pro-NZ310008.091.npz,846276,68aa73290ae572b82631a1d04dc91ab7e2b0d9b3c29336b7ce744ac6687b28bf,6.5,379.0,25.97,5.26,0.8442842,0.23984684,-102.66,17.99,ref_CU,Ztor,original_table,True,20480,,,True,True,True,True,91.6465139150269,0.7619911079845038
2012-03-20__NZ31,2012-03-20,NZ31,,INTERPLATE,INTERPLATE/NZ31/pre-pro-NZ311203.201.npz,data/preprocessed/INTERPLATE/NZ31/pre-pro-NZ311203.201.npz,467044,57f531353369d4744dd277a9601ab70e4c1d5408c32db0e83318a5cb7e9861ed,7.5,324.0,14.82,5.15,0.8442842,0.23984684,-98.531,16.254,ref_CU,Ztor,original_table,False,22500,,,False,True,True,False,85.75881316465086,0.7947273369604795
2003-01-22__NZ31,2003-01-22,NZ31,,INTERPLATE,INTERPLATE/NZ31/pre-pro-NZ3120030122020634.npz,data/preprocessed/INTERPLATE/NZ31/pre-pro-NZ3120030122020634.npz,494925,61dafece401cbc3f626e713b77da0241204499a248dc4b8535bf78db1a652879,7.5,517.0,19.79,4.94,0.8442842,0.23984684,-103.9,18.86,ref_CU,Ztor,original_table,False,24000,,,False,True,True,False,79.73108208726052,0.8213188963128938
2014-04-18__NZ31,2014-04-18,NZ31,,INTERPLATE,INTERPLATE/NZ31/pre-pro-NZ3120140418142723.npz,data/preprocessed/INTERPLATE/NZ31/pre-pro-NZ3120140418142723.npz,463544,f21b67517ee0659dbb0cd9323a75e97272819dcdb73d95fe0f9ecb485ae8ed60,7.3,308.0,7.54,4.99,0.8442842,0.23984684,-101.055,17.375,ref_CU,Ztor,original_table,False,22500,,,False,True,True,False,159.17722081405202,0.6166067228333445
2014-05-08__NZ31,2014-05-08,NZ31,,INTERPLATE,INTERPLATE/NZ31/pre-pro-NZ3120140508170016.npz,data/preprocessed/INTERPLATE/NZ31/pre-pro-NZ3120140508170016.npz,403270,e650ac0471c7c6d2c28d334c7feb1a29f1174281cfd17393e737aae54660b1d1,6.5,288.0,17.14,4.99,0.8442842,0.23984684,-100.74,17.36,ref_CU,Ztor,original_table,False,19200,,,False,True,True,False,151.5416281879883,0.580251978539212
2014-05-10__NZ31,2014-05-10,NZ31,,INTERPLATE,INTERPLATE/NZ31/pre-pro-NZ3120140510073601.npz,data/preprocessed/INTERPLATE/NZ31/pre-pro-NZ3120140510073601.npz,350111,7518d8e4ac0f2294da33c406b9fe0bc17f60eb11445f90277d881a838844802a,6.1,302.0,18.48,4.99,0.8442842,0.23984684,-100.82,17.31,Rhyp,Ztor,original_table,False,16876,,,False,True,True,False,57.41658557708038,0.8165662899681148
2018-02-16__NZ31,2018-02-16,NZ31,,INTERPLATE,INTERPLATE/NZ31/pre-pro-NZ3120180216233938.npz,data/preprocessed/INTERPLATE/NZ31/pre-pro-NZ3120180216233938.npz,267702,f92283b592d712c7f06822f110cbe745ce54b89430e5e44bac5a4912581ecaa7,7.2,344.0,7.49,5.1,0.8442842,0.23984684,-98.03,16.25,ref_CU,Ztor,original_table,False,13122,,,False,True,True,False,20.68340098992951,0.913324389264009
2021-09-08__NZ31,2021-09-08,NZ31,,INTERPLATE,INTERPLATE/NZ31/pre-pro-NZ3120210908014746.npz,data/preprocessed/INTERPLATE/NZ31/pre-pro-NZ3120210908014746.npz,398246,45e92f11c6ab70922f40309be74ae8fdd145f55b4a0a4560c1fff975a4ac1986,7.1,270.0,8.33,4.99,0.8442842,0.23984684,-99.93,16.78,ref_CU,Ztor,original_table,False,19200,,,False,True,True,False,102.22336968371695,0.7130894224263467
2022-09-19__NZ31,2022-09-19,NZ31,,INTERPLATE,INTERPLATE/NZ31/pre-pro-NZ3120220919180509.npz,data/preprocessed/INTERPLATE/NZ31/pre-pro-NZ3120220919180509.npz,597368,663f6fba8df0d7f442a08c7219bb607a8ad6247435a03b28412a4812d1bcb13b,7.7,419.0,7.32,4.84,0.8442842,0.23984684,-103.29,18.22,ref_CU,Ztor,original_table,False,28126,,,False,True,True,False,201.86902903115936,0.6231466592656685
2022-09-22__NZ31,2022-09-22,NZ31,,INTERPLATE,INTERPLATE/NZ31/pre-pro-NZ3120220922061609.npz,data/preprocessed/INTERPLATE/NZ31/pre-pro-NZ3120220922061609.npz,453130,eaaca68002c55ba967d56d8d665d833484d1ed10d0815322501500e9fc03aa8a,6.8,472.0,6.23,4.84,0.8442842,0.23984684,-103.12,18.05,ref_CU,Ztor,original_table,False,21600,,,False,True,True,False,116.5941685737215,0.7123262556779633
2022-12-11__NZ31,2022-12-11,NZ31,,INTERPLATE,INTERPLATE/NZ31/pre-pro-NZ3120221211143130.npz,data/preprocessed/INTERPLATE/NZ31/pre-pro-NZ3120221211143130.npz,522889,8ec9182f53d1a1742ddf0a0bd602c5782bf4eaa79cae3eb77958eae042e995c4,6.0,306.0,11.44,4.89,0.8442842,0.23984684,-100.63,17.13,Rhyp,Ztor,original_table,False,24576,,,False,False,False,False,116.002312466866,0.7522271082342988
2026-01-02__NZ31,2026-01-02,NZ31,,INTERPLATE,INTERPLATE/NZ31/pre-pro-NZ3120260102135815.npz,data/preprocessed/INTERPLATE/NZ31/pre-pro-NZ3120260102135815.npz,376231,e9f43cf9a1233f027b06fc39e894887e0549e900d6a0ccfb858af99dc103e1bb,6.5,291.0,10.82,4.94,0.8442842,0.23984684,-99.41,16.77,ref_CU_prefix,Ztor,original_table,False,18000,,,False,True,True,False,137.0752459831836,0.5916612172445304
1989-04-25__NZ31,1989-04-25,NZ31,,INTERPLATE,INTERPLATE/NZ31/pre-pro-NZ318904.251.npz,data/preprocessed/INTERPLATE/NZ31/pre-pro-NZ318904.251.npz,682031,6d384e62167d8c8a9dcba283f89613f87d8d25d22fa8492a26c70e0d3fbcd4d5,6.9,301.0,16.26,5.26,0.8442842,0.23984684,-99.4,16.603,ref_CU,Ztor,original_table,True,16876,,,True,True,True,True,100.03244333669964,0.67491853391385
1990-05-31__NZ31,1990-05-31,NZ31,,INTERPLATE,INTERPLATE/NZ31/pre-pro-NZ319005.311.npz,data/preprocessed/INTERPLATE/NZ31/pre-pro-NZ319005.311.npz,208270,0170377b0e79bb962d66cc4dca7a6362f424e12b6afe92910a100925ebd84185,6.1,318.0,15.11,5.19,0.8442842,0.23984684,-100.893,17.106,Rhyp,Ztor,original_table,True,10368,,,True,False,False,False,14.403961528497206,0.921891646177012
1993-05-15__NZ31,1993-05-15,NZ31,,INTERPLATE,INTERPLATE/NZ31/pre-pro-NZ319305.152.npz,data/preprocessed/INTERPLATE/NZ31/pre-pro-NZ319305.152.npz,233203,2ff38f3eb2e8746fa2f5393c12b900b1271fd89db567dc421b081767d352214a,5.9,329.0,35.38,5.26,0.8442842,0.23984684,-98.72,16.47,Rhyp,Ztor,original_table,True,11520,,,True,True,True,False,31.9747439461072,0.845793373782941
1995-09-14__NZ31,1995-09-14,NZ31,,INTERPLATE,INTERPLATE/NZ31/pre-pro-NZ319509.141.npz,data/preprocessed/INTERPLATE/NZ31/pre-pro-NZ319509.141.npz,1000443,08724a1c55322c939f69063273f47a28e8a39d5212e53b13377c60763797ba22,7.3,328.0,15.75,5.26,0.8442842,0.23984684,-98.88,16.31,ref_CU,Ztor,original_table,False,24000,,,False,True,True,False,129.38425843012192,0.7135963997518081
1995-10-09__NZ31,1995-10-09,NZ31,,INTERPLATE,INTERPLATE/NZ31/pre-pro-NZ319510.091.npz,data/preprocessed/INTERPLATE/NZ31/pre-pro-NZ319510.091.npz,686231,f91c7a44569641c6b9f8b9d5266705584a595c48085096882f5540173c6f5644,8.0,466.0,19.05,5.15,0.8442842,0.23984684,-104.67,18.74,ref_fallback_MT50,Ztor,original_table,False,32400,,,False,True,True,False,110.92339293319615,0.8212412284322888
1996-02-25__NZ31,1996-02-25,NZ31,,INTERPLATE,INTERPLATE/NZ31/pre-pro-NZ319602.251.npz,data/preprocessed/INTERPLATE/NZ31/pre-pro-NZ319602.251.npz,493671,a0e07e63b353d27b11634e8cfd5ce3c45f77a11053f55246d70365eb4c41b915,7.1,387.0,9.62,5.33,0.8442842,0.23984684,-98.25,15.83,ref_any_BA49,Ztor,original_table,True,23328,,,True,False,False,False,53.87560477425137,0.8783489403792278
1996-07-15__NZ31,1996-07-15,NZ31,,INTERPLATE,INTERPLATE/NZ31/pre-pro-NZ319607.151.npz,data/preprocessed/INTERPLATE/NZ31/pre-pro-NZ319607.151.npz,323338,c54a6b961129a2d4f3adcfd1696362011ec42372edda3cd3f1fcd5714b41817e,6.6,316.0,15.89,5.1,0.8442842,0.23984684,-101.1,17.4,ref_PA34,Ztor,original_table,True,16000,,,True,True,True,False,52.229100201471056,0.8202405775203199
1997-07-19__NZ31,1997-07-19,NZ31,,INTERPLATE,INTERPLATE/NZ31/pre-pro-NZ319707.192.npz,data/preprocessed/INTERPLATE/NZ31/pre-pro-NZ319707.192.npz,401284,3017ab445a211776b6978f7adacf493c6acf2ead662ca13088539d7742ab2a2a,6.7,400.0,11.92,5.23,0.8442842,0.23984684,-98.35,15.86,ref_any_AE02,Ztor,original_table,True,19440,,,True,False,False,False,17.745879722386178,0.951009359461154
1998-02-03__NZ31,1998-02-03,NZ31,,INTERPLATE,INTERPLATE/NZ31/pre-pro-NZ319802.031.npz,data/preprocessed/INTERPLATE/NZ31/pre-pro-NZ319802.031.npz,232423,ff7ba54a87c6d29b4fa8807e9b3e5ab8b1df877f698e3da71661e746124b4e45,6.3,502.0,18.43,4.95,0.8442842,0.23984684,-96.37,15.69,Rhyp,Ztor,original_table,True,11664,,,True,False,False,False,12.666786811110429,0.9392858802132464
1989-04-25__PA34,1989-04-25,PA34,,INTERPLATE,INTERPLATE/PA34/pre-pro-APA348904.251.npz,data/preprocessed/INTERPLATE/PA34/pre-pro-APA348904.251.npz,136835,e93031dc06aac0e0d55dd6ac7a5375e905f26b31730292bf4116cb2f8640e793,6.9,277.0,16.26,0.5,-0.06876244,-1.0244392,-99.4,16.603,ref_CU,Ztor,original_table,True,7200,,,True,True,True,False,24.0830302794228,0.8006371665610695
1990-05-31__PA34,1990-05-31,PA34,,INTERPLATE,INTERPLATE/PA34/pre-pro-APA349005.311.npz,data/preprocessed/INTERPLATE/PA34/pre-pro-APA349005.311.npz,50026,2de6c698d656f2558bcfb4a30a8f28051dcac7c55ac6dc763e8206149bf0a436,6.1,298.0,15.11,0.5,-0.06876244,-1.0244392,-100.893,17.106,Rhyp,Ztor,original_table,True,3376,,,True,False,False,False,0.7975398232586741,0.9814439315202728
1995-09-14__PA34,1995-09-14,PA34,,INTERPLATE,INTERPLATE/PA34/pre-pro-APA349509.141.npz,data/preprocessed/INTERPLATE/PA34/pre-pro-APA349509.141.npz,162471,031edfac8261e72a69ca22f0395570cd68a16a34d0a83b3e3b315acccddcbeaf,7.3,305.0,15.75,0.5,-0.06876244,-1.0244392,-98.88,16.31,ref_CU,Ztor,original_table,True,8640,,,True,True,True,True,36.56801539320509,0.7460730824720152
1995-10-09__PA34,1995-10-09,PA34,,INTERPLATE,INTERPLATE/PA34/pre-pro-APA349510.091.npz,data/preprocessed/INTERPLATE/PA34/pre-pro-APA349510.091.npz,155755,55d5b9a41dc57a4eeb807d01c3bd50c6414ab2bc895a222cb51cc4d5ffd34920,8.0,462.0,19.05,0.5,-0.06876244,-1.0244392,-104.67,18.74,ref_fallback_MT50,Ztor,original_table,True,8100,,,True,False,False,False,12.503765124422628,0.9093798729930234
1996-07-15__PA34,1996-07-15,PA34,,INTERPLATE,INTERPLATE/PA34/pre-pro-APA349607.151.npz,data/preprocessed/INTERPLATE/PA34/pre-pro-APA349607.151.npz,114657,9fd0e78b0e1f35b4b5e4d0e911719f84815ddb68975922280dcd81551c015b43,6.6,298.0,15.89,0.5,-0.06876244,-1.0244392,-101.1,17.4,MANUAL_REF,Ztor,original_table,True,6250,,,True,True,True,False,11.817063950395791,0.8830572592736685
2000-08-09__PA34,2000-08-09,PA34,,INTERPLATE,INTERPLATE/PA34/pre-pro-PA340008.091.npz,data/preprocessed/INTERPLATE/PA34/pre-pro-PA340008.091.npz,125655,726deab8ee057ff30485c474f40ac40338d6998042f0ea587b2f40a01f22c0d2,6.5,368.0,25.97,0.5,-0.06876244,-1.0244392,-102.66,17.99,ref_CU,Ztor,original_table,True,6750,,,True,False,False,False,13.398800131308631,0.8790066811332072
2012-03-20__PA34,2012-03-20,PA34,,INTERPLATE,INTERPLATE/PA34/pre-pro-PA341203.201.npz,data/preprocessed/INTERPLATE/PA34/pre-pro-PA341203.201.npz,126910,7635e06dad71407c1cd10b59cd949231aaa840e33c38012cb2239bb04fab4df7,7.5,300.0,14.82,0.5,-0.06876244,-1.0244392,-98.531,16.254,MANUAL_REF,Ztor,original_table,True,6750,,,True,True,True,False,11.866388244382335,0.8941446186941807
2003-01-22__PA34,2003-01-22,PA34,,INTERPLATE,INTERPLATE/PA34/pre-pro-PA3420030122020634.npz,data/preprocessed/INTERPLATE/PA34/pre-pro-PA3420030122020634.npz,176545,ec2ca99d73e6f68dab5875adb5601c7d69921a7e82cac7bb25e04cefd1536bae,7.5,513.0,19.79,0.5,-0.06876244,-1.0244392,-103.9,18.86,MANUAL_REF,Ztor,original_table,True,9000,,,True,True,True,False,34.344625827986164,0.780180326241768
2014-04-18__PA34,2014-04-18,PA34,,INTERPLATE,INTERPLATE/PA34/pre-pro-PA3420140418142723.npz,data/preprocessed/INTERPLATE/PA34/pre-pro-PA3420140418142723.npz,192253,7113c0159609ccebc6cf0fea7cdf9a9f73cfea95c97477b79534f2ca98fcc836,7.3,290.0,7.54,0.5,-0.06876244,-1.0244392,-101.055,17.375,MANUAL_REF,Ztor,original_table,False,9720,,,False,True,True,False,53.77860940995431,0.6848232467329642
2014-05-08__PA34,2014-05-08,PA34,,INTERPLATE,INTERPLATE/PA34/pre-pro-PA3420140508170016.npz,data/preprocessed/INTERPLATE/PA34/pre-pro-PA3420140508170016.npz,197627,6418e3c9544921d437a4e3aca6b0b7258e163dd2dcea63badef3342c83799d15,6.5,268.0,17.14,0.5,-0.06876244,-1.0244392,-100.74,17.36,MANUAL_REF,Ztor,original_table,True,10000,,,True,True,True,True,62.07038704708394,0.6460604034493702
2018-02-16__PA34,2018-02-16,PA34,,INTERPLATE,INTERPLATE/PA34/pre-pro-PA3420180216233938.npz,data/preprocessed/INTERPLATE/PA34/pre-pro-PA3420180216233938.npz,262903,10af956f4ac32f4ed168b4167a8e591c7755c9149210e12894e30f6d5c07b134,7.2,322.0,7.49,0.5,-0.06876244,-1.0244392,-98.03,16.25,MANUAL_REF,Ztor,original_table,False,12960,,,False,True,True,False,107.42581166253984,0.5408564702203708
2020-06-23__PA34,2020-06-23,PA34,,INTERPLATE,INTERPLATE/PA34/pre-pro-PA3420200623152903.npz,data/preprocessed/INTERPLATE/PA34/pre-pro-PA3420200623152903.npz,288952,d40cc162a2500b8d978c8e49a32ccfa990507373e1a319150561dc7b90e77b20,7.4,439.0,15.6,0.5,-0.06876244,-1.0244392,-96.12,15.784,MANUAL_REF,Ztor,original_table,False,14400,,,False,True,True,False,105.70400028127014,0.589514969200147
2021-09-08__PA34,2021-09-08,PA34,,INTERPLATE,INTERPLATE/PA34/pre-pro-PA3420210908014746.npz,data/preprocessed/INTERPLATE/PA34/pre-pro-PA3420210908014746.npz,237787,f2cba969da469404d152206c92addaa650a510f75db3ed69e1c937143a7b3629,7.1,246.0,8.33,0.5,-0.06876244,-1.0244392,-99.93,16.78,ref_CU,Ztor,original_table,False,12000,,,False,True,True,False,78.71527607393935,0.6278237537875208
2022-09-19__PA34,2022-09-19,PA34,,INTERPLATE,INTERPLATE/PA34/pre-pro-PA3420220919180509.npz,data/preprocessed/INTERPLATE/PA34/pre-pro-PA3420220919180509.npz,220632,165a11f43e1783f84ee319d2c707f4675ca84515dc923144d91816e7bf12f08b,7.7,411.0,7.32,0.5,-0.06876244,-1.0244392,-103.29,18.22,ref_CU,Ztor,original_table,False,10936,,,False,True,True,False,52.09669363244541,0.7341191505948483
2022-09-22__PA34,2022-09-22,PA34,,INTERPLATE,INTERPLATE/PA34/pre-pro-PA3420220922061609.npz,data/preprocessed/INTERPLATE/PA34/pre-pro-PA3420220922061609.npz,199441,538d9c777065d5c0c934cdf35700520257ad8ea46b90150bdbbfc21892267d01,6.8,462.0,6.23,0.5,-0.06876244,-1.0244392,-103.12,18.05,ref_CU,Ztor,original_table,False,10000,,,False,True,True,False,59.30038016578024,0.6645526633907668
2022-12-11__PA34,2022-12-11,PA34,,INTERPLATE,INTERPLATE/PA34/pre-pro-PA3420221211143130.npz,data/preprocessed/INTERPLATE/PA34/pre-pro-PA3420221211143130.npz,150565,d87ba6580ecbd59db1db4e0da347da696dd891cdd41609b3d02eba1b2f5dcc87,6.0,285.0,11.44,0.5,-0.06876244,-1.0244392,-100.63,17.13,Rhyp,Ztor,original_table,False,8000,,,False,False,False,False,19.48675708755277,0.8536920407872004
2000-08-09__PD42,2000-08-09,PD42,,INTERPLATE,INTERPLATE/PD42/pre-pro-PD420008.091.npz,data/preprocessed/INTERPLATE/PD42/pre-pro-PD420008.091.npz,214010,b9b4797fd51227b4ac17b22e80286c287ef6083c7f204b356a473887badd22bf,6.5,371.0,25.97,4.1,-6.0602336,-0.8268638,-102.66,17.99,ref_CU,Ztor,original_table,True,10800,,,True,True,True,False,22.357095277737614,0.8825474374692008
2012-03-20__PD42,2012-03-20,PD42,,INTERPLATE,INTERPLATE/PD42/pre-pro-PD421203.201.npz,data/preprocessed/INTERPLATE/PD42/pre-pro-PD421203.201.npz,352065,4a70ace4497a741536c3e884e30e3017682142d57317e287ca98d062aa1dc6a3,7.5,324.0,14.82,3.93,-6.098303,-0.92946535,-98.531,16.254,ref_CU,Ztor,original_table,False,16876,,,False,True,True,False,59.95493948582831,0.8094369732190315
2003-01-22__PD42,2003-01-22,PD42,,INTERPLATE,INTERPLATE/PD42/pre-pro-PD4220030122020634.npz,data/preprocessed/INTERPLATE/PD42/pre-pro-PD4220030122020634.npz,291193,fb3c24e1615f8755a2a36e7c77a62d875a12c73970a90916f249bafba136405f,7.5,509.0,19.79,4.06,-6.0602336,-0.8268638,-103.9,18.86,ref_CU,Ztor,original_table,True,14400,,,True,True,True,False,39.30761220187532,0.8489563010994646
2014-04-18__PD42,2014-04-18,PD42,,INTERPLATE,INTERPLATE/PD42/pre-pro-PD4220140418142723.npz,data/preprocessed/INTERPLATE/PD42/pre-pro-PD4220140418142723.npz,330381,56d87d640fd27decda006ee0df5176f73ccb4d5be5b79cedb7be68745752c53c,7.3,302.0,7.54,3.77,-6.098303,-0.92946535,-101.055,17.375,ref_CU,Ztor,original_table,False,16000,,,False,True,True,False,58.46883606913525,0.8014910162655828
2014-05-08__PD42,2014-05-08,PD42,,INTERPLATE,INTERPLATE/PD42/pre-pro-PD4220140508170016.npz,data/preprocessed/INTERPLATE/PD42/pre-pro-PD4220140508170016.npz,271858,f3577b4363b78df932a02ce3105079d31eb6ca6a2edd4e5c62a8c967e5e432c3,6.5,282.0,17.14,3.85,-6.098303,-0.92946535,-100.74,17.36,ref_CU,Ztor,original_table,True,13500,,,True,True,True,True,72.4034621943585,0.7005770555628035
2018-02-16__PD42,2018-02-16,PD42,,INTERPLATE,INTERPLATE/PD42/pre-pro-PD4220180216233938.npz,data/preprocessed/INTERPLATE/PD42/pre-pro-PD4220180216233938.npz,291185,4198bdc1114617b81651e21ad1a7a720068fafec226dd1253cbb69b3e73bb084,7.2,345.0,7.49,3.81,-6.098303,-0.92946535,-98.03,16.25,ref_CU,Ztor,original_table,True,14400,,,True,True,True,True,67.27206969369641,0.7406627999471996
2020-06-23__PD42,2020-06-23,PD42,,INTERPLATE,INTERPLATE/PD42/pre-pro-PD4220200623152903.npz,data/preprocessed/INTERPLATE/PD42/pre-pro-PD4220200623152903.npz,434284,26c869bc52d163568545699d021bec083aab12b3df76fb5f42e3445b7de49430,7.4,460.0,15.6,3.7,-6.098303,-0.92946535,-96.12,15.784,ref_CU,Ztor,original_table,True,20736,,,True,True,True,True,97.9362976787802,0.7477818756662885
2022-09-22__PD42,2022-09-22,PD42,,INTERPLATE,INTERPLATE/PD42/pre-pro-PD4220220922061609.npz,data/preprocessed/INTERPLATE/PD42/pre-pro-PD4220220922061609.npz,278332,364d0adf25925597539943386a2ff26427ee21ad0b2d25279dc7d2c772327bf0,6.8,464.0,6.23,3.7,-6.098303,-0.92946535,-103.12,18.05,ref_CU,Ztor,original_table,False,13824,,,False,True,True,False,73.92000828335074,0.7015985456024918
2022-12-11__PD42,2022-12-11,PD42,,INTERPLATE,INTERPLATE/PD42/pre-pro-PD4220221211143130.npz,data/preprocessed/INTERPLATE/PD42/pre-pro-PD4220221211143130.npz,272687,b91b1b01c8914883e2108a560d151ba5dd11947a8dcc409c81b09272fcc62bc8,6.0,300.0,11.44,3.62,-6.098303,-0.92946535,-100.63,17.13,Rhyp,Ztor,original_table,False,13500,,,False,False,False,False,30.428840384137573,0.8746339799598815
2026-01-02__PD42,2026-01-02,PD42,,INTERPLATE,INTERPLATE/PD42/pre-pro-PD4220260102135815.npz,data/preprocessed/INTERPLATE/PD42/pre-pro-PD4220260102135815.npz,362363,4092f2f92d7146badb58e688a491efef5bb5f335068545acee1843d12385280b,6.5,288.0,10.82,3.51,-6.098303,-0.92946535,-99.41,16.77,ref_CU_prefix,Ztor,original_table,False,17496,,,False,True,True,False,91.97322222684454,0.7160443895435489
1989-04-25__PD42,1989-04-25,PD42,,INTERPLATE,INTERPLATE/PD42/pre-pro-PD428904.251.npz,data/preprocessed/INTERPLATE/PD42/pre-pro-PD428904.251.npz,271190,217456ba3d54e0f945a98460f78372266aabf61703933474a407d67a26fedc80,6.9,299.0,16.26,4.41,-6.0602336,-0.8268638,-99.4,16.603,ref_CU,Ztor,original_table,True,13500,,,True,True,True,True,63.18953853396821,0.7391449036741735
1990-05-31__PD42,1990-05-31,PD42,,INTERPLATE,INTERPLATE/PD42/pre-pro-PD429005.311.npz,data/preprocessed/INTERPLATE/PD42/pre-pro-PD429005.311.npz,117798,0bf9d2261f986d973eaac0f1d685932a12a8b949cf88f211f901120ed0a1c577,6.1,312.0,15.11,4.32,-6.0602336,-0.8268638,-100.893,17.106,Rhyp,Ztor,original_table,True,6400,,,True,False,False,False,11.247403842120477,0.8918206805605418
1993-05-15__PD42,1993-05-15,PD42,,INTERPLATE,INTERPLATE/PD42/pre-pro-PD429305.152.npz,data/preprocessed/INTERPLATE/PD42/pre-pro-PD429305.152.npz,102113,2cb504318005f7edfdddd24fb698451666de12f9e5a92403ac8e2c17d8e80809,5.9,329.0,35.38,4.27,-6.0602336,-0.8268638,-98.72,16.47,Rhyp,Ztor,original_table,True,5626,,,True,False,False,False,3.675790826887564,0.959162417210448
1995-09-14__PD42,1995-09-14,PD42,,INTERPLATE,INTERPLATE/PD42/pre-pro-PD429509.141.npz,data/preprocessed/INTERPLATE/PD42/pre-pro-PD429509.141.npz,196557,ed345c963e5734c67b7e5eb37827e9b9fc3cf6b824030c2bf4b822a6e0865be3,7.3,328.0,15.75,4.32,-6.0602336,-0.8268638,-98.88,16.31,ref_CU,Ztor,original_table,True,10000,,,True,False,False,False,11.840972962876776,0.9323604880448032
1995-10-09__PD42,1995-10-09,PD42,,INTERPLATE,INTERPLATE/PD42/pre-pro-PD429510.091.npz,data/preprocessed/INTERPLATE/PD42/pre-pro-PD429510.091.npz,219777,08d4f227fac9d4b6a400e6c14cb1b777f6890a760db001f68a5360273146414a,8.0,458.0,19.05,4.14,-6.0602336,-0.8268638,-104.67,18.74,ref_fallback_MT50,Ztor,original_table,True,11250,,,True,False,False,False,14.848971316011928,0.9243672830641678
2000-08-09__PE10,2000-08-09,PE10,,INTERPLATE,INTERPLATE/PE10/pre-pro-PE100008.091.npz,data/preprocessed/INTERPLATE/PE10/pre-pro-PE100008.091.npz,171781,2282bcd4fff704dfeb615c574ced2d43e3e59be7f3f32db05224a399acdbe340,6.5,367.0,25.97,2.07,-9.756742,-2.5731807,-102.66,17.99,ref_CU,Ztor,original_table,True,8748,,,True,True,True,False,16.88914266637954,0.8890332282103841
2012-03-20__PE10,2012-03-20,PE10,,INTERPLATE,INTERPLATE/PE10/pre-pro-PE101203.201.npz,data/preprocessed/INTERPLATE/PE10/pre-pro-PE101203.201.npz,218288,af20b7eb0200a8bfb18cf958212ba991e8aa65f0eaf3ef887b6b559eb237fdf6,7.5,322.0,14.82,2.09,-9.526261,-3.434275,-98.531,16.254,ref_CU,Ztor,original_table,False,10936,,,False,True,True,False,52.71712448566805,0.7285281194414334
2003-01-22__PE10,2003-01-22,PE10,,INTERPLATE,INTERPLATE/PE10/pre-pro-PE1020030122020634.npz,data/preprocessed/INTERPLATE/PE10/pre-pro-PE1020030122020634.npz,216869,eda180913061e8737154bc85e3cf45b13d734b0963b191f90d78734d61d0b9ee,7.5,506.0,19.79,2.11,-9.756742,-2.5731807,-103.9,18.86,ref_CU,Ztor,original_table,True,10800,,,True,True,True,True,52.77635117724037,0.7260790409651716
2014-04-18__PE10,2014-04-18,PE10,,INTERPLATE,INTERPLATE/PE10/pre-pro-PE1020140418142723.npz,data/preprocessed/INTERPLATE/PE10/pre-pro-PE1020140418142723.npz,226039,c42a4887f80f8821b7067498549f57dfb245788e59da4c93263663d0be7472eb,7.3,298.0,7.54,2.0,-9.526261,-3.434275,-101.055,17.375,ref_CU,Ztor,original_table,False,11250,,,False,True,True,False,67.32363088997724,0.6649565497662127
2014-05-08__PE10,2014-05-08,PE10,,INTERPLATE,INTERPLATE/PE10/pre-pro-PE1020140508170016.npz,data/preprocessed/INTERPLATE/PE10/pre-pro-PE1020140508170016.npz,251565,70390a4b7103a94d7c2ab484e816f0571a123cd9925831e5f68f2f8cda09ea09,6.5,278.0,17.14,1.86,-9.526261,-3.434275,-100.74,17.36,ref_CU,Ztor,original_table,True,12500,,,True,True,True,True,98.0147655160432,0.5620626177738117
2014-05-10__PE10,2014-05-10,PE10,,INTERPLATE,INTERPLATE/PE10/pre-pro-PE1020140510073601.npz,data/preprocessed/INTERPLATE/PE10/pre-pro-PE1020140510073601.npz,179868,f05e3595b7fad0b7eea51c1007c93074793ab2727deb7955ae959dbdfd0ccd32,6.1,292.0,18.48,1.92,-9.526261,-3.434275,-100.82,17.31,Rhyp,Ztor,original_table,True,9216,,,True,True,True,False,27.11295452820337,0.8299701835682718
2018-02-16__PE10,2018-02-16,PE10,,INTERPLATE,INTERPLATE/PE10/pre-pro-PE1020180216233938.npz,data/preprocessed/INTERPLATE/PE10/pre-pro-PE1020180216233938.npz,241977,6b1fffbbd7b82ac0b85512f7669cb7f9831608f305731bde71a6644755cced95,7.2,344.0,7.49,2.01,-9.526261,-3.434275,-98.03,16.25,ref_CU,Ztor,original_table,False,12000,,,False,True,True,False,60.11267161177256,0.7204971794682078
2020-06-23__PE10,2020-06-23,PE10,,INTERPLATE,INTERPLATE/PE10/pre-pro-PE1020200623152903.npz,data/preprocessed/INTERPLATE/PE10/pre-pro-PE1020200623152903.npz,292033,7d4d83b0af3499a40c878d8eff35142c6ab6854fee303f9470e450878ad58a63,7.4,460.0,15.6,1.99,-9.526261,-3.434275,-96.12,15.784,ref_CU,Ztor,original_table,True,14400,,,True,True,True,True,94.62653843242448,0.636093764440932
2021-09-08__PE10,2021-09-08,PE10,,INTERPLATE,INTERPLATE/PE10/pre-pro-PE1020210908014746.npz,data/preprocessed/INTERPLATE/PE10/pre-pro-PE1020210908014746.npz,279637,1a4707be122290ba8d66cc3eea9032c03333ccefa9033ef9511f2dcb168d8f65,7.1,263.0,8.33,1.85,-9.526261,-3.434275,-99.93,16.78,ref_CU,Ztor,original_table,False,13824,,,False,True,True,False,116.86427534788253,0.5303637865781928
2022-09-19__PE10,2022-09-19,PE10,,INTERPLATE,INTERPLATE/PE10/pre-pro-PE1020220919180509.npz,data/preprocessed/INTERPLATE/PE10/pre-pro-PE1020220919180509.npz,269884,90b2e84b194fe8b05a7ae7b7ce5de6a63ae99b0423958e0a7c4c4de429e921c0,7.7,407.0,7.32,1.85,-9.526261,-3.434275,-103.29,18.22,ref_CU,Ztor,original_table,False,13500,,,False,True,True,False,86.32644117087878,0.6408751095312473
2022-09-22__PE10,2022-09-22,PE10,,INTERPLATE,INTERPLATE/PE10/pre-pro-PE1020220922061609.npz,data/preprocessed/INTERPLATE/PE10/pre-pro-PE1020220922061609.npz,282792,3c691d2c83db8ad7d4bbb5f1b80ef3a01fbf459390dbfd58766c8dddf4f5aa7a,6.8,460.0,6.23,1.73,-9.52626,-3.4342747,-103.12,18.05,ref_CU,Ztor,original_table,True,13824,,,True,True,True,True,116.24771960404576,0.5386812190799407
2022-12-11__PE10,2022-12-11,PE10,,INTERPLATE,INTERPLATE/PE10/pre-pro-PE1020221211143130.npz,data/preprocessed/INTERPLATE/PE10/pre-pro-PE1020221211143130.npz,238682,036d52034217a6f43b1f311d7909e7d134b7e03583f435b603c09bec3b6939ac,6.0,296.0,11.44,1.75,-9.52626,-3.4342747,-100.63,17.13,Rhyp,Ztor,original_table,False,12000,,,False,False,False,False,41.620779540287714,0.8038975709560511
2026-01-02__PE10,2026-01-02,PE10,,INTERPLATE,INTERPLATE/PE10/pre-pro-PE1020260102135815.npz,data/preprocessed/INTERPLATE/PE10/pre-pro-PE1020260102135815.npz,227580,2b3c3895dcde8c4dc7cafdd02203b97cec2dc6120373ac6b37b157e74e4007b7,6.5,285.0,10.82,1.68,-9.526259,-3.4342744,-99.41,16.77,ref_CU_prefix,Ztor,original_table,False,11250,,,False,True,True,False,92.92930014019856,0.5407950776291023
1989-04-25__PE10,1989-04-25,PE10,,INTERPLATE,INTERPLATE/PE10/pre-pro-PE108904.251.npz,data/preprocessed/INTERPLATE/PE10/pre-pro-PE108904.251.npz,178057,17a013aed10dd659fef3882c963377d4e0152e6893894118655fc087648e8086,6.9,297.0,16.26,2.34,-9.756742,-2.5731807,-99.4,16.603,ref_CU,Ztor,original_table,True,9216,,,True,True,True,False,33.80984489851363,0.7854296826901463
1990-05-31__PE10,1990-05-31,PE10,,INTERPLATE,INTERPLATE/PE10/pre-pro-PE109005.311.npz,data/preprocessed/INTERPLATE/PE10/pre-pro-PE109005.311.npz,83800,48b3fe8d7c99577a12bb1292af6db4d1caf9ca4b545d6c5ce6beaae76afe57e6,6.1,309.0,15.11,2.29,-9.756742,-2.5731807,-100.893,17.106,Rhyp,Ztor,original_table,True,4800,,,True,False,False,False,4.514147817250759,0.9385579445045492
1995-09-14__PE10,1995-09-14,PE10,,INTERPLATE,INTERPLATE/PE10/pre-pro-PE109509.141.npz,data/preprocessed/INTERPLATE/PE10/pre-pro-PE109509.141.npz,140599,31626b11f42f76e48e4016b71ccc6fcd206d2af3d3dd071ffe22356280991913,7.3,326.0,15.75,2.2,-9.756742,-2.5731807,-98.88,16.31,ref_CU,Ztor,original_table,True,7500,,,True,True,True,False,17.982389637100212,0.854992422892507
1995-10-09__PE10,1995-10-09,PE10,,INTERPLATE,INTERPLATE/PE10/pre-pro-PE109510.091.npz,data/preprocessed/INTERPLATE/PE10/pre-pro-PE109510.091.npz,175762,164864c47afd5801a1565521b6c163e5bf0271ffb80c93bccfcff32fd27138a3,8.0,455.0,19.05,2.18,-9.756742,-2.5731807,-104.67,18.74,ref_fallback_MT50,Ztor,original_table,True,9000,,,True,False,False,False,13.062694030728096,0.916264781854307
1996-07-15__PE10,1996-07-15,PE10,,INTERPLATE,INTERPLATE/PE10/pre-pro-PE109607.152.npz,data/preprocessed/INTERPLATE/PE10/pre-pro-PE109607.152.npz,81094,305dac9b200b66c362c9c4f11f6cf2e249e8b633b51c494d690983ad600b31bf,6.6,306.0,15.89,2.11,-9.756742,-2.5731807,-101.1,17.4,ref_PA34,Ztor,original_table,True,4800,,,True,False,False,False,4.209856146104485,0.940731294578284
2000-08-09__RI76,2000-08-09,RI76,,INTERPLATE,INTERPLATE/RI76/pre-pro-RI760008.091.npz,data/preprocessed/INTERPLATE/RI76/pre-pro-RI760008.091.npz,240487,149b2e39e6fd680c25a5e2f5601670f902d3292683add8f2c52b07244e8e303b,6.5,373.0,25.97,3.27,-4.8878584,2.5353456,-102.66,17.99,ref_CU,Ztor,original_table,True,12000,,,True,True,True,True,55.69704098810129,0.7395265351536207
2012-03-20__RI76,2012-03-20,RI76,,INTERPLATE,INTERPLATE/RI76/pre-pro-RI761203.201.npz,data/preprocessed/INTERPLATE/RI76/pre-pro-RI761203.201.npz,412376,dc42f5004076fcb763cea575cd498c4022fadab4388c0a674a10895bc7f6ff75,7.5,328.0,14.82,3.18,-4.8878584,2.5353456,-98.531,16.254,ref_CU,Ztor,original_table,False,19684,,,False,True,True,False,138.53995538288157,0.6258508280682684
2003-01-22__RI76,2003-01-22,RI76,,INTERPLATE,INTERPLATE/RI76/pre-pro-RI7620030122020634.npz,data/preprocessed/INTERPLATE/RI76/pre-pro-RI7620030122020634.npz,319448,066f13f0ff0b265b6d957a2f1d6ae9da772f7669ac798ad89a58d20de5abf356,7.5,510.0,19.79,3.27,-4.8878584,2.5353456,-103.9,18.86,ref_CU,Ztor,original_table,True,15552,,,True,True,True,True,62.534906165646845,0.780886803904531
2014-04-18__RI76,2014-04-18,RI76,,INTERPLATE,INTERPLATE/RI76/pre-pro-RI7620140418142723.npz,data/preprocessed/INTERPLATE/RI76/pre-pro-RI7620140418142723.npz,274687,df3c769e4336339b4569692463851694260443f8a3bdc2cc69186952d03c3533,7.3,305.0,7.54,2.88,-4.8878584,2.5353456,-101.055,17.375,ref_CU,Ztor,original_table,False,13500,,,False,True,True,False,73.07745717985728,0.7009801662103307
2014-05-08__RI76,2014-05-08,RI76,,INTERPLATE,INTERPLATE/RI76/pre-pro-RI7620140508170016.npz,data/preprocessed/INTERPLATE/RI76/pre-pro-RI7620140508170016.npz,264794,7e05654789358aaeeb9bd354784c39e5f95212b73cffca3fc9c7f978afcca639,6.5,286.0,17.14,2.97,-4.8878584,2.5353456,-100.74,17.36,ref_CU,Ztor,original_table,False,12960,,,False,True,True,False,96.7978295396149,0.5894744071435816
2018-02-16__RI76,2018-02-16,RI76,,INTERPLATE,INTERPLATE/RI76/pre-pro-RI7620180216233938.npz,data/preprocessed/INTERPLATE/RI76/pre-pro-RI7620180216233938.npz,336267,618d442d9e1a158babb073d2833d85dfe4d7898030fc10cdba2b861b09ea89d0,7.2,350.0,7.49,3.16,-4.8878584,2.5353456,-98.03,16.25,ref_CU,Ztor,original_table,False,16200,,,False,True,True,False,89.77251027734815,0.7007682734663906
2021-09-08__RI76,2021-09-08,RI76,,INTERPLATE,INTERPLATE/RI76/pre-pro-RI7620210908014746.npz,data/preprocessed/INTERPLATE/RI76/pre-pro-RI7620210908014746.npz,395802,8c58d1d04bfcaa9f91baf28654535be9749cabd5a261d0dc4a07ca1d57151c15,7.1,271.0,8.33,2.91,-4.8878584,2.5353456,-99.93,16.78,ref_CU,Ztor,original_table,False,19200,,,False,True,True,False,141.25974089665408,0.600927364192858
2022-09-19__RI76,2022-09-19,RI76,,INTERPLATE,INTERPLATE/RI76/pre-pro-RI7620220919180509.npz,data/preprocessed/INTERPLATE/RI76/pre-pro-RI7620220919180509.npz,329842,849aff656c43b3478d2a66e9faeeeb571f118781e12ecbfe104a6dc31e466777,7.7,412.0,7.32,2.88,-4.8878584,2.5353456,-103.29,18.22,ref_CU,Ztor,original_table,False,16000,,,False,True,True,False,102.8176369636776,0.6507434458925997
2022-09-22__RI76,2022-09-22,RI76,,INTERPLATE,INTERPLATE/RI76/pre-pro-RI7620220922061609.npz,data/preprocessed/INTERPLATE/RI76/pre-pro-RI7620220922061609.npz,287257,b2bf2628eddd519061c4b8b6f543c13c46897d708457ed97a4da54b724d6958e,6.8,465.0,6.23,2.71,-4.8878584,2.5353456,-103.12,18.05,ref_CU,Ztor,original_table,False,14400,,,False,True,True,False,85.18916160017582,0.666995693846549
2022-12-11__RI76,2022-12-11,RI76,,INTERPLATE,INTERPLATE/RI76/pre-pro-RI7620221211143130.npz,data/preprocessed/INTERPLATE/RI76/pre-pro-RI7620221211143130.npz,288887,294a83a4873e71ab0a481aefaaff43ac7f7bf71576d5016fd1d26f2d1052aa5d,6.0,304.0,11.44,2.75,-4.8878584,2.5353456,-100.63,17.13,Rhyp,Ztor,original_table,False,14400,,,False,False,False,False,54.39300293242749,0.7891417160318364
2026-01-02__RI76,2026-01-02,RI76,,INTERPLATE,INTERPLATE/RI76/pre-pro-RI7620260102135815.npz,data/preprocessed/INTERPLATE/RI76/pre-pro-RI7620260102135815.npz,313546,17b62bc2f04eed84cc4182fc636613e2dbf2b897023a0b8a22feefddc57f9469,6.5,293.0,10.82,2.94,-4.8878584,2.5353456,-99.41,16.77,ref_CU_prefix,Ztor,original_table,False,15360,,,False,True,True,False,118.41870270127026,0.5765921671150234
2000-08-09__RM48,2000-08-09,RM48,,INTERPLATE,INTERPLATE/RM48/pre-pro-RM480008.091.npz,data/preprocessed/INTERPLATE/RM48/pre-pro-RM480008.091.npz,194510,c88c0f5923bf1f876bc9dd8b6cbbbad83eeec20ef738232eecdc2199231c1a2c,6.5,370.0,25.97,2.85,-8.905299,2.1453938,-102.66,17.99,ref_CU,Ztor,original_table,True,10000,,,True,True,True,True,39.122444118768215,0.773111151662888
2012-03-20__RM48,2012-03-20,RM48,,INTERPLATE,INTERPLATE/RM48/pre-pro-RM481203.201.npz,data/preprocessed/INTERPLATE/RM48/pre-pro-RM481203.201.npz,290922,6523c83f404a2f58f887784fa5f8d47e9b15736f32a921788095d2d431cb659d,7.5,328.0,14.82,2.18,-8.905299,2.1453938,-98.531,16.254,ref_CU,Ztor,original_table,False,14400,,,False,True,True,False,97.55348961097786,0.6243174428660305
2003-01-22__RM48,2003-01-22,RM48,,INTERPLATE,INTERPLATE/RM48/pre-pro-RM4820030122020634.npz,data/preprocessed/INTERPLATE/RM48/pre-pro-RM4820030122020634.npz,215189,50f1ce4e07f476f8e17265f342fc0d1a81b9478e6f2a0e3311fba1925b76fb2f,7.5,507.0,19.79,2.42,-8.905299,2.1453938,-103.9,18.86,ref_CU,Ztor,original_table,True,10800,,,True,True,True,True,35.137680904593566,0.8164463203019716
2014-04-18__RM48,2014-04-18,RM48,,INTERPLATE,INTERPLATE/RM48/pre-pro-RM4820140418142723.npz,data/preprocessed/INTERPLATE/RM48/pre-pro-RM4820140418142723.npz,278657,8b72fd429ea50e9413630ff4b6ea51274f232d73ab79ec3c81152956be91d8fb,7.3,302.0,7.54,2.07,-8.905299,2.1453938,-101.055,17.375,ref_CU,Ztor,original_table,False,13824,,,False,True,True,False,86.50264562512464,0.6514941153655186
2014-05-08__RM48,2014-05-08,RM48,,INTERPLATE,INTERPLATE/RM48/pre-pro-RM4820140508170016.npz,data/preprocessed/INTERPLATE/RM48/pre-pro-RM4820140508170016.npz,209922,066fb994aca8d6cf0cd1e128358300b05f6b6397b7a0698549d1973a940b8f52,6.5,283.0,17.14,2.25,-8.905299,2.1453938,-100.74,17.36,ref_CU,Ztor,original_table,False,10800,,,False,True,True,False,66.91307234681909,0.6410628025597087
2014-05-10__RM48,2014-05-10,RM48,,INTERPLATE,INTERPLATE/RM48/pre-pro-RM4820140510073601.npz,data/preprocessed/INTERPLATE/RM48/pre-pro-RM4820140510073601.npz,214239,368d3e7cd89cfcf88c8496b01ad39681859993d419a755c8509725ad16320a93,6.1,297.0,18.48,2.34,-8.905299,2.1453938,-100.82,17.31,Rhyp,Ztor,original_table,False,10800,,,False,True,True,False,55.41729112249169,0.7087133186728426
2018-02-16__RM48,2018-02-16,RM48,,INTERPLATE,INTERPLATE/RM48/pre-pro-RM4820180216233938.npz,data/preprocessed/INTERPLATE/RM48/pre-pro-RM4820180216233938.npz,233877,b7b6efc39faf53d9c1a915cbe9766ae55596df9ca76754ad62ba35b613eb34e7,7.2,349.0,7.49,2.07,-8.905299,2.1453938,-98.03,16.25,ref_CU,Ztor,original_table,False,11520,,,False,True,True,False,61.85432675863055,0.7020504491395445
2022-09-19__RM48,2022-09-19,RM48,,INTERPLATE,INTERPLATE/RM48/pre-pro-RM4820220919180509.npz,data/preprocessed/INTERPLATE/RM48/pre-pro-RM4820220919180509.npz,275086,97319773232b17fc9701ba8edf63fd639c1ae1f264b00bc1d4ba5ff733a00949,7.7,409.0,7.32,2.16,-8.905299,2.1453938,-103.29,18.22,ref_CU,Ztor,original_table,False,13500,,,False,True,True,False,77.2053242029819,0.6853129363210977
2022-09-22__RM48,2022-09-22,RM48,,INTERPLATE,INTERPLATE/RM48/pre-pro-RM4820220922061609.npz,data/preprocessed/INTERPLATE/RM48/pre-pro-RM4820220922061609.npz,236716,c033deb1b2f7d238c52070def578ff2800f95022c1977577d3426265e8755473,6.8,462.0,6.23,2.32,-8.905299,2.1453938,-103.12,18.05,ref_CU,Ztor,original_table,False,11664,,,False,True,True,False,77.93116295602613,0.6299213460156419
2022-12-11__RM48,2022-12-11,RM48,,INTERPLATE,INTERPLATE/RM48/pre-pro-RM4820221211143130.npz,data/preprocessed/INTERPLATE/RM48/pre-pro-RM4820221211143130.npz,200958,7100b67e897cf7036db121c513e1f33386d57b2afbba45a0ca05e0d1662f6d47,6.0,302.0,11.44,2.35,-8.905299,2.1453938,-100.63,17.13,Rhyp,Ztor,original_table,False,10126,,,False,False,False,False,20.91554937082188,0.8829571943434702
2026-01-02__RM48,2026-01-02,RM48,,INTERPLATE,INTERPLATE/RM48/pre-pro-RM4820260102135815.npz,data/preprocessed/INTERPLATE/RM48/pre-pro-RM4820260102135815.npz,250823,54346b9b7e7f67a22b93482705ce75065d5e2058d8df085e3d833bf30060265e,6.5,291.0,10.82,2.18,-8.905299,2.1453938,-99.41,16.77,ref_CU_prefix,Ztor,original_table,False,12288,,,False,True,True,False,93.16390259168496,0.5819622068038904
1989-04-25__RM48,1989-04-25,RM48,,INTERPLATE,INTERPLATE/RM48/pre-pro-RM488904.251.npz,data/preprocessed/INTERPLATE/RM48/pre-pro-RM488904.251.npz,222263,44d313c2b91fef5c90c0ea54047b1639d345ef6ffc796e5eea26dd76058bd23d,6.9,302.0,16.26,2.96,-8.905299,2.1453938,-99.4,16.603,ref_CU,Ztor,original_table,False,11250,,,False,True,True,False,76.46693876991779,0.6123742141738846
1990-05-31__RM48,1990-05-31,RM48,,INTERPLATE,INTERPLATE/RM48/pre-pro-RM489005.311.npz,data/preprocessed/INTERPLATE/RM48/pre-pro-RM489005.311.npz,100249,a96dcbb6402bd1a07245bac0f3e36da888002a6a56ee6eb281538283ff0f555d,6.1,313.0,15.11,2.97,-8.905299,2.1453938,-100.893,17.106,Rhyp,Ztor,original_table,True,5626,,,True,False,False,False,8.831844052007213,0.8999564561394743
1995-10-09__RM48,1995-10-09,RM48,,INTERPLATE,INTERPLATE/RM48/pre-pro-RM489510.091.npz,data/preprocessed/INTERPLATE/RM48/pre-pro-RM489510.091.npz,188861,1ede8007f2ac3c5038a9d2f585ceb8ef85a71a9571fb8ea8dbfb25b860ad1b25,8.0,456.0,19.05,2.61,-8.905299,2.1453938,-104.67,18.74,ref_fallback_MT50,Ztor,original_table,True,9600,,,True,False,False,False,19.33148971475592,0.8847601209254491
1996-07-15__RM48,1996-07-15,RM48,,INTERPLATE,INTERPLATE/RM48/pre-pro-RM489607.151.npz,data/preprocessed/INTERPLATE/RM48/pre-pro-RM489607.151.npz,103922,d004abff5c2765dab0065505e14500720a85738204c8b03c39d95ff365ff08fa,6.6,310.0,15.89,2.57,-8.905299,2.1453938,-101.1,17.4,ref_PA34,Ztor,original_table,True,5760,,,True,False,False,False,6.170598323544596,0.932635389480954
1985-09-19__SCT,1985-09-19,SCT,,INTERPLATE,INTERPLATE/SCT/pre-pro-SCT18509.191.npz,data/preprocessed/INTERPLATE/SCT/pre-pro-SCT18509.191.npz,205804,7e839ba38f40f8957a1a4c8b46fe7164bc265f9ec7f2a89a7cb52a5d7ca6fc65,8.1,306.0,3.54,2.0,-11.199875,-2.247067,-102.71,18.14,ref_CU,Ztor,original_table,True,10368,,,True,True,True,True,53.13106785521953,0.7090462304626278
2003-01-22__SCT,2003-01-22,SCT,,INTERPLATE,INTERPLATE/SCT/pre-pro-SCT20301.221.npz,data/preprocessed/INTERPLATE/SCT/pre-pro-SCT20301.221.npz,171616,8bebcfec2cab24491576dd4807e2f1dc37c8dedd150b865bbb0cb947283b1920,7.5,504.0,19.79,1.81,-11.199874,-2.2470667,-103.9,18.86,ref_CU,Ztor,original_table,True,8748,,,True,True,True,False,23.29305604099065,0.8467461277650461
2012-03-20__SCT,2012-03-20,SCT,,INTERPLATE,INTERPLATE/SCT/pre-pro-SCT21203.201.npz,data/preprocessed/INTERPLATE/SCT/pre-pro-SCT21203.201.npz,261039,512ab4392b23a1dda161ba18e7c8f324752ebf82a2dff7f221998b3850ad0ce7,7.5,323.0,14.82,1.9,-11.341993,-2.0279515,-98.531,16.254,ref_CU,Ztor,original_table,False,12800,,,False,True,True,False,100.118851786788,0.5690290913572899
2014-04-18__SCT,2014-04-18,SCT,,INTERPLATE,INTERPLATE/SCT/pre-pro-SCT21404.181.npz,data/preprocessed/INTERPLATE/SCT/pre-pro-SCT21404.181.npz,235122,4baabc52ccf12b3a046973ce8e26165696e6ccc986293669530fbc77ed16bf6e,7.3,298.0,7.54,1.85,-11.341993,-2.0279515,-101.055,17.375,ref_CU,Ztor,original_table,False,11664,,,False,True,True,False,87.17622898422732,0.5827690773225456
2014-05-08__SCT,2014-05-08,SCT,,INTERPLATE,INTERPLATE/SCT/pre-pro-SCT21405.081.npz,data/preprocessed/INTERPLATE/SCT/pre-pro-SCT21405.081.npz,230727,7884ccb956fbef49706b447d11a769ff9d300c2b09ba6778bd5ad151ad6a74fc,6.5,278.0,17.14,1.67,-11.341991,-2.027951,-100.74,17.36,ref_CU,Ztor,original_table,False,11520,,,False,True,True,False,84.30962770127968,0.5884323763667089
2018-02-16__SCT,2018-02-16,SCT,,INTERPLATE,INTERPLATE/SCT/pre-pro-SCT21802.161.npz,data/preprocessed/INTERPLATE/SCT/pre-pro-SCT21802.161.npz,264388,c7532998908a523bf40e4ae85cf8b075dcb4cef1213a98d6ecba3dcfdb980b4c,7.2,346.0,7.49,1.68,-11.341991,-2.0279512,-98.03,16.25,ref_CU,Ztor,original_table,True,12960,,,True,True,True,True,96.97996421375154,0.5874597404553703
2020-06-23__SCT,2020-06-23,SCT,,INTERPLATE,INTERPLATE/SCT/pre-pro-SCT22006.231.npz,data/preprocessed/INTERPLATE/SCT/pre-pro-SCT22006.231.npz,266006,760cd06627842fee23c329cefbde351ef229bd5b0170b0bbe7df558e0a08bbb6,7.4,462.0,15.6,1.61,-11.341989,-2.0279508,-96.12,15.784,ref_CU,Ztor,original_table,True,13122,,,True,True,True,True,106.35142326681851,0.5508428783393086
2021-09-08__SCT,2021-09-08,SCT,,INTERPLATE,INTERPLATE/SCT/pre-pro-SCT22109.081.npz,data/preprocessed/INTERPLATE/SCT/pre-pro-SCT22109.081.npz,185817,a8c369f48f04667744999ca23f2bc99703f4daa74f6281cfd3e943314d13797a,7.1,267.0,8.33,1.61,-11.341989,-2.0279508,-99.953,16.755,ref_CU,Ztor,original_table,False,9376,,,False,True,True,False,36.78584949875364,0.7767713483903536
2022-09-19__SCT,2022-09-19,SCT,,INTERPLATE,INTERPLATE/SCT/pre-pro-SCT22209.193.npz,data/preprocessed/INTERPLATE/SCT/pre-pro-SCT22209.193.npz,280428,3383fca6b10af36a5f01ddca6e9dc747e618f9dade9a56bf1b20929161bda910,7.7,403.0,7.32,1.56,-11.341985,-2.02795,-103.269,18.238,ref_CU,Ztor,original_table,False,13824,,,False,True,True,False,104.199060533725,0.5832037578651
2022-09-22__SCT,2022-09-22,SCT,,INTERPLATE,INTERPLATE/SCT/pre-pro-SCT22209.222.npz,data/preprocessed/INTERPLATE/SCT/pre-pro-SCT22209.222.npz,220115,d1766f481d13be7341448e13eee8b3172722a19768cf7d959c107e00eb219700,6.8,458.0,6.23,1.7,-11.341991,-2.0279512,-103.12,18.05,ref_CU,Ztor,original_table,False,10936,,,False,True,True,False,64.78776072556846,0.6685030662834197
2022-12-11__SCT,2022-12-11,SCT,,INTERPLATE,INTERPLATE/SCT/pre-pro-SCT22212.111.npz,data/preprocessed/INTERPLATE/SCT/pre-pro-SCT22212.111.npz,213315,b68c56c9c8563645588ae12fae5357862a137bc88e510e58b22ea5c5f3176a44,6.0,297.0,21.44,1.66,-11.341991,-2.027951,-100.627,17.13,Rhyp,Ztor,original_table,True,10800,,,True,False,False,False,14.162227303183895,0.9252139868871316
1989-04-25__SCT,1989-04-25,SCT,,INTERPLATE,INTERPLATE/SCT/pre-pro-SCT28904.251.npz,data/preprocessed/INTERPLATE/SCT/pre-pro-SCT28904.251.npz,171902,555963e384261ab0f47c0044d271ef895c1c52320585b5d38ac05d2974d9331e,6.9,297.0,16.26,2.09,-11.199875,-2.247067,-99.4,16.603,ref_CU,Ztor,original_table,True,8748,,,True,True,True,True,47.19767831659695,0.6899581007909286
1990-05-31__SCT,1990-05-31,SCT,,INTERPLATE,INTERPLATE/SCT/pre-pro-SCT29005.311.npz,data/preprocessed/INTERPLATE/SCT/pre-pro-SCT29005.311.npz,62175,e994967ef919a105ba819ab45c12aefee50759896e7f7e329e8227c475bb09f3,6.1,308.0,15.11,1.99,-11.199875,-2.247067,-100.893,17.106,Rhyp,Ztor,original_table,True,3840,,,True,False,False,False,5.613092001721526,0.8960153389825579
1995-09-14__SCT,1995-09-14,SCT,,INTERPLATE,INTERPLATE/SCT/pre-pro-SCT29509.141.npz,data/preprocessed/INTERPLATE/SCT/pre-pro-SCT29509.141.npz,552724,c9d2f8bde92bcf5fea5763cfc0349d44fe76102656fbc53b979182ccf305ee4d,7.3,327.0,15.75,1.95,-11.199875,-2.247067,-98.88,16.31,ref_CU,Ztor,original_table,False,11250,,,False,True,True,False,67.13257427142594,0.6610082294561295
1995-10-09__SCT,1995-10-09,SCT,,INTERPLATE,INTERPLATE/SCT/pre-pro-SCT29510.091.npz,data/preprocessed/INTERPLATE/SCT/pre-pro-SCT29510.091.npz,212275,a3876a509f2a6dd4a20bc41bebc9fcbce21e65174a65c8562d9599b7e244499e,8.0,453.0,19.05,2.07,-11.199875,-2.247067,-104.67,18.74,ref_fallback_MT50,Ztor,original_table,True,10800,,,True,False,False,False,22.26661467130174,0.8821622847623743
1996-07-15__SCT,1996-07-15,SCT,,INTERPLATE,INTERPLATE/SCT/pre-pro-SCT29607.151.npz,data/preprocessed/INTERPLATE/SCT/pre-pro-SCT29607.151.npz,111600,d7f065653f1b3b0c120df6406921685d38dcde84da33af92806acbb5579e510e,6.6,306.0,15.89,1.88,-11.199875,-2.2470667,-101.1,17.4,ref_PA34,Ztor,original_table,True,6076,,,True,False,False,False,8.019293628791843,0.9181621223717538
2000-08-09__SI53,2000-08-09,SI53,,INTERPLATE,INTERPLATE/SI53/pre-pro-SI530008.091.npz,data/preprocessed/INTERPLATE/SI53/pre-pro-SI530008.091.npz,462166,f2cfe3b0b1cb813a2b9a941f82fddec24ce4fe1b45885418f44fceccaed4e5b3,6.5,365.0,25.97,1.41,-11.115779,-4.0599155,-102.66,17.99,ref_CU,Ztor,original_table,True,11520,,,True,True,True,True,35.45325881877815,0.8290750225688065
2012-03-20__SI53,2012-03-20,SI53,,INTERPLATE,INTERPLATE/SI53/pre-pro-SI531203.201.npz,data/preprocessed/INTERPLATE/SI53/pre-pro-SI531203.201.npz,231512,b46ba87a1c17255771e9744f3a95d42f4136f92572c9297e1247321d027c5c70,7.5,321.0,14.82,1.31,-11.115612,-4.0598545,-98.531,16.254,ref_CU,Ztor,original_table,False,11520,,,False,True,True,False,91.08703245969,0.5575722145925297
2014-04-18__SI53,2014-04-18,SI53,,INTERPLATE,INTERPLATE/SI53/pre-pro-SI5320140418142723.npz,data/preprocessed/INTERPLATE/SI53/pre-pro-SI5320140418142723.npz,233999,57271b892e388696defecec8a5e78c9ec8c99ba5d76f5448a2ceed701ee1e045,7.3,296.0,7.54,1.37,-11.115737,-4.0599003,-101.055,17.375,ref_CU,Ztor,original_table,False,11520,,,False,True,True,False,90.21104561698463,0.5658338357061092
2014-05-08__SI53,2014-05-08,SI53,,INTERPLATE,INTERPLATE/SI53/pre-pro-SI5320140508170016.npz,data/preprocessed/INTERPLATE/SI53/pre-pro-SI5320140508170016.npz,237368,d2b298a66be3fd133b3de82269005116b450062b7e6136a8cee6b846faa9ad32,6.5,276.0,17.14,1.37,-11.115737,-4.0599003,-100.74,17.36,ref_CU,Ztor,original_table,False,11664,,,False,True,True,False,94.7334490731247,0.5502803272104215
2014-05-10__SI53,2014-05-10,SI53,,INTERPLATE,INTERPLATE/SI53/pre-pro-SI5320140510073601.npz,data/preprocessed/INTERPLATE/SI53/pre-pro-SI5320140510073601.npz,197093,7bee679ab46f8e8908627d1b24326219cc0e8e7278645b1e8d8c32322eebbc38,6.1,290.0,18.48,1.34,-11.115686,-4.0598817,-100.82,17.31,Rhyp,Ztor,original_table,False,10000,,,False,True,True,False,60.470244787187866,0.6540999611761362
2021-09-08__SI53,2021-09-08,SI53,,INTERPLATE,INTERPLATE/SI53/pre-pro-SI5320210908014746.npz,data/preprocessed/INTERPLATE/SI53/pre-pro-SI5320210908014746.npz,270707,601290452dfcbc5e1fc313c752cbe766b64abe586fd6afa23dcd5d64efefdfe9,7.1,261.0,8.33,1.31,-11.115612,-4.0598545,-99.93,16.78,ref_CU,Ztor,original_table,False,13500,,,False,True,True,False,114.08133249624336,0.5266334751193221
2022-09-19__SI53,2022-09-19,SI53,,INTERPLATE,INTERPLATE/SI53/pre-pro-SI5320220919180509.npz,data/preprocessed/INTERPLATE/SI53/pre-pro-SI5320220919180509.npz,254606,d265cb3f155f5471f597e3a9b49024f3641a66e5d1ec492f0de795e240110ff5,7.7,405.0,7.32,1.35,-11.1157055,-4.059889,-103.29,18.22,ref_CU,Ztor,original_table,False,12500,,,False,True,True,False,90.93621653797008,0.5985687699732042
2022-09-22__SI53,2022-09-22,SI53,,INTERPLATE,INTERPLATE/SI53/pre-pro-SI5320220922061609.npz,data/preprocessed/INTERPLATE/SI53/pre-pro-SI5320220922061609.npz,239736,389b523b567450f5eef439515c5bc2171f1d3789e66587a007b165f91eb00553,6.8,458.0,6.23,1.29,-11.115542,-4.059829,-103.12,18.05,ref_CU,Ztor,original_table,False,12000,,,False,True,True,False,87.96891838230657,0.5870779272328832
2022-12-11__SI53,2022-12-11,SI53,,INTERPLATE,INTERPLATE/SI53/pre-pro-SI5320221211143130.npz,data/preprocessed/INTERPLATE/SI53/pre-pro-SI5320221211143130.npz,185555,c5dc1b481da206c131b97b64b964f0f8790e51b8e0a147bc72d5cf976fb0fb0c,6.0,295.0,11.44,1.28,-11.1155,-4.0598135,-100.63,17.13,Rhyp,Ztor,original_table,False,9376,,,False,False,False,False,35.71234248182017,0.7830355863801933
2026-01-02__SI53,2026-01-02,SI53,,INTERPLATE,INTERPLATE/SI53/pre-pro-SI5320260102135815.npz,data/preprocessed/INTERPLATE/SI53/pre-pro-SI5320260102135815.npz,207214,e691e473505fd81321f1be5de0fb279fb0670c69fb051012225a1a189e82a6fb,6.5,284.0,10.82,1.27,-11.115452,-4.0597963,-99.41,16.77,ref_CU_prefix,Ztor,original_table,False,10368,,,False,True,True,False,86.749978809769,0.5273253483911676
1989-04-25__SI53,1989-04-25,SI53,,INTERPLATE,INTERPLATE/SI53/pre-pro-SI538904.251.npz,data/preprocessed/INTERPLATE/SI53/pre-pro-SI538904.251.npz,419363,ca6b5231a1d1e997b9c2bba7fdcc703ed89b77a046fe546d893221870dd8866c,6.9,295.0,16.26,1.44,-11.115799,-4.0599227,-99.4,16.603,ref_CU,Ztor,original_table,False,10800,,,False,True,True,False,90.9770381568472,0.5148408801362672
1990-05-31__SI53,1990-05-31,SI53,,INTERPLATE,INTERPLATE/SI53/pre-pro-SI539005.311.npz,data/preprocessed/INTERPLATE/SI53/pre-pro-SI539005.311.npz,182653,74c4b7dd359a8f9c5543f500503dafeadc480df80b7ab3298515ce582c5e6070,6.1,307.0,15.11,1.39,-11.115761,-4.059909,-100.893,17.106,Rhyp,Ztor,original_table,True,9216,,,True,True,True,False,48.66608425414557,0.6982322548884135
1993-05-15__SI53,1993-05-15,SI53,,INTERPLATE,INTERPLATE/SI53/pre-pro-SI539305.152.npz,data/preprocessed/INTERPLATE/SI53/pre-pro-SI539305.152.npz,192486,cc94df0afdabe79dc3c713596d0ec778bee9cf1bcf099b20d79fd1698e87e389,5.9,326.0,35.38,1.4,-11.11577,-4.059912,-98.72,16.47,Rhyp,Ztor,original_table,True,9720,,,True,True,True,False,61.849002503328094,0.6393854439780299
1995-10-09__SI53,1995-10-09,SI53,,INTERPLATE,INTERPLATE/SI53/pre-pro-SI539510.091.npz,data/preprocessed/INTERPLATE/SI53/pre-pro-SI539510.091.npz,645742,289ee22971d4867138a1204351ffb1d8ea6cbea56d56a9acc0fd3208aeff9c06,8.0,453.0,19.05,1.38,-11.115749,-4.0599046,-104.67,18.74,ref_fallback_MT50,Ztor,original_table,True,15626,,,True,True,True,True,46.66070746270432,0.8389232689080905
1996-02-25__SI53,1996-02-25,SI53,,INTERPLATE,INTERPLATE/SI53/pre-pro-SI539602.251.npz,data/preprocessed/INTERPLATE/SI53/pre-pro-SI539602.251.npz,170016,9560eacbe2a825be52b145e9400979787b245f99f9d6ec35bd117584bb174159,7.1,385.0,9.62,1.43,-11.115793,-4.059921,-98.25,15.83,ref_any_BA49,Ztor,original_table,True,8748,,,True,True,True,False,22.443902411735053,0.851394408980103
1996-07-15__SI53,1996-07-15,SI53,,INTERPLATE,INTERPLATE/SI53/pre-pro-SI539607.151.npz,data/preprocessed/INTERPLATE/SI53/pre-pro-SI539607.151.npz,415801,82307f3292aa2983f807f3d111f08f6f6e00b6f9f944875c803f87ec99fa8235,6.6,304.0,15.89,1.44,-11.115799,-4.0599227,-101.1,17.4,ref_PA34,Ztor,original_table,True,10800,,,True,True,True,True,42.03210549752998,0.7748862946333718
1997-07-19__SI53,1997-07-19,SI53,,INTERPLATE,INTERPLATE/SI53/pre-pro-SI539707.192.npz,data/preprocessed/INTERPLATE/SI53/pre-pro-SI539707.192.npz,172163,11a7cbfd0688198489fed39f4db3a8c30fa36d157e38783f2cf7ecfbf19361a0,6.7,398.0,11.92,1.43,-11.115793,-4.059921,-98.35,15.86,ref_any_AE02,Ztor,original_table,True,9000,,,True,False,False,False,2.2103183375551225,0.9856089697405096
1998-02-03__SI53,1998-02-03,SI53,,INTERPLATE,INTERPLATE/SI53/pre-pro-SI539802.031.npz,data/preprocessed/INTERPLATE/SI53/pre-pro-SI539802.031.npz,165402,25d2902c77aae5f2bc990a767575740ae4abd303cd5b0ed01ff9b83e0e247ecf,6.3,505.0,18.43,1.42,-11.115787,-4.0599184,-96.37,15.69,Rhyp,Ztor,original_table,True,8640,,,True,False,False,False,10.372203334737437,0.9295318748913824
2000-08-09__SP51,2000-08-09,SP51,,INTERPLATE,INTERPLATE/SP51/pre-pro-SP510008.091.npz,data/preprocessed/INTERPLATE/SP51/pre-pro-SP510008.091.npz,231490,0419a6109ba3b455c74d603ffa5cefd04d4c9c97d16f8756caf015cfbb02f2c6,6.5,368.0,25.97,1.98,-7.2299366,-4.3501544,-102.66,17.99,ref_CU,Ztor,original_table,False,11520,,,False,True,True,False,57.4119246020623,0.7216931281106098
2012-03-20__SP51,2012-03-20,SP51,,INTERPLATE,INTERPLATE/SP51/pre-pro-SP511203.201.npz,data/preprocessed/INTERPLATE/SP51/pre-pro-SP511203.201.npz,297270,d1007ceddae2949fb1e085884744e76dcffd0b3ca697ce230fc0af8f340b27fd,7.5,320.0,14.82,1.93,-7.2299366,-4.3501544,-98.531,16.254,ref_CU,Ztor,original_table,False,14400,,,False,True,True,False,128.74634801567873,0.5137977793969837
2003-01-22__SP51,2003-01-22,SP51,,INTERPLATE,INTERPLATE/SP51/pre-pro-SP5120030122020634.npz,data/preprocessed/INTERPLATE/SP51/pre-pro-SP5120030122020634.npz,317664,aeb1b992af9489f16eaa95cf0f4efdc4b3d19331e9e989f30654568c90031f99,7.5,507.0,19.79,1.94,-7.2299366,-4.3501544,-103.9,18.86,ref_CU,Ztor,original_table,True,15552,,,True,True,True,True,94.54611141241269,0.66820104785958
2014-04-18__SP51,2014-04-18,SP51,,INTERPLATE,INTERPLATE/SP51/pre-pro-SP5120140418142723.npz,data/preprocessed/INTERPLATE/SP51/pre-pro-SP5120140418142723.npz,282536,35577ca05696798d015813051d2958a465e7d3807794f168436775c16b97a400,7.3,297.0,7.54,1.86,-7.2299366,-4.3501544,-101.055,17.375,ref_CU,Ztor,original_table,False,13824,,,False,True,True,False,111.97158531068904,0.5551210405233062
2014-05-08__SP51,2014-05-08,SP51,,INTERPLATE,INTERPLATE/SP51/pre-pro-SP5120140508170016.npz,data/preprocessed/INTERPLATE/SP51/pre-pro-SP5120140508170016.npz,250702,508f0ca7258d16364d181c4955ffb6987674f542c7f9f9d41e5b8343698a0a72,6.5,277.0,17.14,1.79,-7.2299366,-4.3501544,-100.74,17.36,ref_CU,Ztor,original_table,False,12288,,,False,True,True,False,107.52750090740112,0.5180516296562183
2014-05-10__SP51,2014-05-10,SP51,,INTERPLATE,INTERPLATE/SP51/pre-pro-SP5120140510073601.npz,data/preprocessed/INTERPLATE/SP51/pre-pro-SP5120140510073601.npz,199190,24f96f8a549f48da0f4634a23642ccc005e2e996aa0991a00b78fbb4514d5816,6.1,291.0,18.48,1.81,-7.2299366,-4.3501544,-100.82,17.31,Rhyp,Ztor,original_table,False,10000,,,False,True,True,False,55.60534962046985,0.68588097604525
2018-02-16__SP51,2018-02-16,SP51,,INTERPLATE,INTERPLATE/SP51/pre-pro-SP5120180216233938.npz,data/preprocessed/INTERPLATE/SP51/pre-pro-SP5120180216233938.npz,302907,ba1898d844a1868079ca7f8768c596df530a5748e84c88c11688a4f25a4d2c51,7.2,342.0,7.49,1.75,-7.2299366,-4.3501544,-98.03,16.25,ref_CU,Ztor,original_table,False,15000,,,False,True,True,False,95.06950076846992,0.6477602787385331
2021-09-08__SP51,2021-09-08,SP51,,INTERPLATE,INTERPLATE/SP51/pre-pro-SP5120210908014746.npz,data/preprocessed/INTERPLATE/SP51/pre-pro-SP5120210908014746.npz,269725,a7c8b2d90f6fee9f0372e6b8a56080599b9c774bf8acbd2e2d13aaec7c62556c,7.1,261.0,8.33,1.85,-7.2299366,-4.3501544,-99.93,16.78,ref_CU,Ztor,original_table,False,13500,,,False,True,True,False,97.9830553230218,0.5925013294946068
2022-09-19__SP51,2022-09-19,SP51,,INTERPLATE,INTERPLATE/SP51/pre-pro-SP5120220919180509.npz,data/preprocessed/INTERPLATE/SP51/pre-pro-SP5120220919180509.npz,266851,0a47adad159dc35c9e0a1c60498730b879021490740804c95bf0785fe6b6d0da,7.7,408.0,7.32,1.83,-7.2299366,-4.3501544,-103.29,18.22,ref_CU,Ztor,original_table,False,13122,,,False,True,True,False,57.34411721823594,0.7589874449702184
2022-09-22__SP51,2022-09-22,SP51,,INTERPLATE,INTERPLATE/SP51/pre-pro-SP5120220922061609.npz,data/preprocessed/INTERPLATE/SP51/pre-pro-SP5120220922061609.npz,347334,cd41439c1dc9a62b4de69c1b750737528b63e1f7bdd10e634625cd9c2109fd16,6.8,460.0,6.23,1.81,-7.2299366,-4.3501544,-103.12,18.05,ref_CU,Ztor,original_table,True,16876,,,True,True,True,True,168.83536779523124,0.4556507357646659
2022-12-11__SP51,2022-12-11,SP51,,INTERPLATE,INTERPLATE/SP51/pre-pro-SP5120221211143130.npz,data/preprocessed/INTERPLATE/SP51/pre-pro-SP5120221211143130.npz,206958,75204626b8ba211c28bfbb67628cb0d43bcab08f3771eaa6980fe0b6fd4e483a,6.0,296.0,11.44,1.73,-7.229936,-4.350154,-100.63,17.13,Rhyp,Ztor,original_table,False,10368,,,False,False,False,False,39.34164468988746,0.785790892464949
2026-01-02__SP51,2026-01-02,SP51,,INTERPLATE,INTERPLATE/SP51/pre-pro-SP5120260102135815.npz,data/preprocessed/INTERPLATE/SP51/pre-pro-SP5120260102135815.npz,250960,040544751beb9c884578c10147174c82c73addad93af81d099c1315e8a4429e0,6.5,284.0,10.82,1.72,-7.229936,-4.350154,-99.41,16.77,ref_CU_prefix,Ztor,original_table,False,12500,,,False,True,True,False,96.75365150840815,0.566768228592629
1989-04-25__SP51,1989-04-25,SP51,,INTERPLATE,INTERPLATE/SP51/pre-pro-SP518904.251.npz,data/preprocessed/INTERPLATE/SP51/pre-pro-SP518904.251.npz,222645,fce5376845c3cc8c093617c94aac25abd6cb5f5a178fb7e968b57b1b70a8e1cf,6.9,295.0,16.26,2.22,-7.2299366,-4.3501544,-99.4,16.603,ref_CU,Ztor,original_table,False,11250,,,False,True,True,False,74.97293263620352,0.6211574904689059
1990-05-31__SP51,1990-05-31,SP51,,INTERPLATE,INTERPLATE/SP51/pre-pro-SP519005.311.npz,data/preprocessed/INTERPLATE/SP51/pre-pro-SP519005.311.npz,197747,8da6229d9910b7232defabd42b239d319764bce786f27dee6c7fd7273e584a01,6.1,308.0,15.11,2.22,-7.2299366,-4.3501544,-100.893,17.106,Rhyp,Ztor,original_table,True,10000,,,True,True,True,True,31.146508971337,0.8221520643445612
1993-05-15__SP51,1993-05-15,SP51,,INTERPLATE,INTERPLATE/SP51/pre-pro-SP519305.152.npz,data/preprocessed/INTERPLATE/SP51/pre-pro-SP519305.152.npz,239358,057a53a5d9f44c8ece608eba17615d18299d75119c9ae42326cc7ad1d9115e72,5.9,325.0,35.38,2.05,-7.2299366,-4.3501544,-98.72,16.47,Rhyp,Ztor,original_table,True,12000,,,True,False,False,False,37.40309772707863,0.8250147474756555
1995-09-14__SP51,1995-09-14,SP51,,INTERPLATE,INTERPLATE/SP51/pre-pro-SP519509.141.npz,data/preprocessed/INTERPLATE/SP51/pre-pro-SP519509.141.npz,310510,57d0f49e25fc66dac437320c6c1239625e4a050112f98b19d17334bac2378af9,7.3,323.0,15.75,2.05,-7.2299366,-4.3501544,-98.88,16.31,ref_CU,Ztor,original_table,False,15360,,,False,True,True,False,130.5300004016068,0.5297910648357104
1995-10-09__SP51,1995-10-09,SP51,,INTERPLATE,INTERPLATE/SP51/pre-pro-SP519510.091.npz,data/preprocessed/INTERPLATE/SP51/pre-pro-SP519510.091.npz,802010,5f53a06d12672e2d9bd320f0aca843a76e3ae7f732d5a9503dfb564de7ac22ba,8.0,456.0,19.05,2.03,-7.2299366,-4.3501544,-104.67,18.74,ref_fallback_MT50,Ztor,original_table,True,19200,,,True,True,True,True,69.63822640327868,0.8071310528484381
1996-02-25__SP51,1996-02-25,SP51,,INTERPLATE,INTERPLATE/SP51/pre-pro-SP519602.251.npz,data/preprocessed/INTERPLATE/SP51/pre-pro-SP519602.251.npz,226106,46bad7ca73180be97b225027daf57e3b8b877f3104d8deeb9d57c10140325f10,7.1,384.0,9.62,2.03,-7.2299366,-4.3501544,-98.25,15.83,ref_any_BA49,Ztor,original_table,True,11250,,,True,True,True,False,27.97156406910713,0.8608033636769986
1996-07-15__SP51,1996-07-15,SP51,,INTERPLATE,INTERPLATE/SP51/pre-pro-SP519607.151.npz,data/preprocessed/INTERPLATE/SP51/pre-pro-SP519607.151.npz,237130,5793e46fe0dcd632eec7db341f342fa4022f4b8184fc219054112efe683e2045,6.6,305.0,15.89,2.09,-7.2299366,-4.3501544,-101.1,17.4,ref_PA34,Ztor,original_table,False,12000,,,False,True,True,False,47.046481375514105,0.777189290194108
1997-07-19__SP51,1997-07-19,SP51,,INTERPLATE,INTERPLATE/SP51/pre-pro-SP519707.192.npz,data/preprocessed/INTERPLATE/SP51/pre-pro-SP519707.192.npz,188966,118d4bcd0a12011b7364bdf5526527e12b6564eda612befa8819e238494d3fb0,6.7,396.0,11.92,1.98,-7.2299366,-4.3501544,-98.35,15.86,ref_any_AE02,Ztor,original_table,True,9600,,,True,False,False,False,2.124104183366313,0.9873316384364148
1998-02-03__SP51,1998-02-03,SP51,,INTERPLATE,INTERPLATE/SP51/pre-pro-SP519802.031.npz,data/preprocessed/INTERPLATE/SP51/pre-pro-SP519802.031.npz,165158,858d01d24f3885f9d0e568c078e3af019ff9f01cc85b5df6e49be11212fd213f,6.3,503.0,18.43,2.03,-7.2299366,-4.3501544,-96.37,15.69,Rhyp,Ztor,original_table,True,8640,,,True,False,False,False,13.198523620324949,0.9101957976435672
2021-09-08__SS60,2021-09-08,SS60,,INTERPLATE,INTERPLATE/SS60/pre-pro-SS6020210908014746.npz,data/preprocessed/INTERPLATE/SS60/pre-pro-SS6020210908014746.npz,310045,4e02fe15e284a460d09e3b8f483421c31d339b9c1b02c79467471e067443e2cd,7.1,263.0,8.33,1.7,-11.199873,-2.2470665,-99.93,16.78,ref_CU,Ztor,original_table,False,15000,,,False,True,True,False,138.0030740786972,0.5008208273215032
2022-09-19__SS60,2022-09-19,SS60,,INTERPLATE,INTERPLATE/SS60/pre-pro-SS6020220919180509.npz,data/preprocessed/INTERPLATE/SS60/pre-pro-SS6020220919180509.npz,293493,e1e602622a516878659e613b8f2de29cb7b61d5f1bb309c919820f4cd5a02f89,7.7,406.0,7.32,1.68,-11.199873,-2.2470665,-103.29,18.22,ref_CU,Ztor,original_table,False,14400,,,False,True,True,False,119.9046233875319,0.5417716077978679
2022-09-22__SS60,2022-09-22,SS60,,INTERPLATE,INTERPLATE/SS60/pre-pro-SS6020220922061609.npz,data/preprocessed/INTERPLATE/SS60/pre-pro-SS6020220922061609.npz,466410,1de48c5f36dbfff8ef2485335769155a7c6daa9b959e60686dbb5d0bb0f81018,6.8,459.0,6.23,1.68,-11.199873,-2.2470665,-103.12,18.05,ref_CU,Ztor,original_table,True,11664,,,True,True,True,True,70.00141060165743,0.6644790634282003
2022-12-11__SS60,2022-12-11,SS60,,INTERPLATE,INTERPLATE/SS60/pre-pro-SS6020221211143130.npz,data/preprocessed/INTERPLATE/SS60/pre-pro-SS6020221211143130.npz,335020,c018cd9fd02320390044241b2becb7e5f01e2f2299b5133fd27ffbf55940f17c,6.0,297.0,11.44,1.66,-11.199873,-2.2470665,-100.63,17.13,Rhyp,Ztor,original_table,False,16200,,,False,False,False,False,140.1997923359679,0.5304447975886935
2026-01-02__SS60,2026-01-02,SS60,,INTERPLATE,INTERPLATE/SS60/pre-pro-SS6020260102135815.npz,data/preprocessed/INTERPLATE/SS60/pre-pro-SS6020260102135815.npz,183120,4938a1c19b30af3ac9b160f95b67a03bb83bbe925527bcb24880fc6fb0139c50,6.5,286.0,10.82,1.6,-11.19987,-2.247066,-99.41,16.77,ref_CU_prefix,Ztor,original_table,False,9376,,,False,True,True,False,47.95328774084811,0.7041199004081686
1985-09-19__SXVI,1985-09-19,SXVI,,INTERPLATE,INTERPLATE/SXVI/pre-pro-SXVI8509.191.npz,data/preprocessed/INTERPLATE/SXVI/pre-pro-SXVI8509.191.npz,146762,2e34729593fe9219c69ac12944a9e12eb165d266b467816f4662d8a7c6bfe94e,8.1,302.0,3.54,0.53,-6.6344495,-2.8824813,-102.71,18.14,ref_CU,Ztor,original_table,True,7680,,,True,True,True,False,32.21715028786039,0.7505253965629519
1985-09-21__SXVI,1985-09-21,SXVI,,INTERPLATE,INTERPLATE/SXVI/pre-pro-SXVI8509.211.npz,data/preprocessed/INTERPLATE/SXVI/pre-pro-SXVI8509.211.npz,95424,ba55c86e216eaa1d25b69b2cc47cc538b7f83994b59036f65b4013d09a19a103,7.6,320.0,5.29,0.53,-6.6344495,-2.8824813,-101.479,18.021,ref_CDAO,Ztor,original_table,True,5400,,,True,False,False,False,7.957357752429274,0.9047707305836612
1985-09-19__TCYA,1985-09-19,TCYA,,INTERPLATE,INTERPLATE/TCYA/pre-pro-ATACY8509.191.npz,data/preprocessed/INTERPLATE/TCYA/pre-pro-ATACY8509.191.npz,197527,d728a09e649c7aaa5eb2aefcea5a42b35cffe1aabb7c5067bc4fc9c81b15867f,8.1,302.0,3.54,0.5,-5.207793,-0.3933503,-102.71,18.14,ref_CU,Ztor,original_table,True,10000,,,True,True,True,False,50.64461322309748,0.7108500529654725
1985-09-21__TCYA,1985-09-21,TCYA,,INTERPLATE,INTERPLATE/TCYA/pre-pro-ATACY8509.211.npz,data/preprocessed/INTERPLATE/TCYA/pre-pro-ATACY8509.211.npz,150716,7a6cadbb02112ccc33d10753292ab7ba7d2319ba2afde9ed6a0562afe3bd9169,7.6,321.0,5.29,0.5,-5.207793,-0.3933503,-101.479,18.021,ref_CDAO,Ztor,original_table,True,7776,,,True,True,True,False,29.26083654772671,0.7800102507501186
1989-04-25__TCYA,1989-04-25,TCYA,,INTERPLATE,INTERPLATE/TCYA/pre-pro-ATACY8904.251.npz,data/preprocessed/INTERPLATE/TCYA/pre-pro-ATACY8904.251.npz,147660,cd91752fe33ef21f2a2334c709843f6f9e65f42f16a0101ce76ea5b528f8966e,6.9,298.0,16.26,0.5,-5.207793,-0.3933503,-99.4,16.603,ref_CU,Ztor,original_table,True,7680,,,True,True,True,False,25.70553630223739,0.8033241292866306
1990-05-31__TCYA,1990-05-31,TCYA,,INTERPLATE,INTERPLATE/TCYA/pre-pro-ATACY9005.311.npz,data/preprocessed/INTERPLATE/TCYA/pre-pro-ATACY9005.311.npz,94941,6f8fc544f6212a425d73c04faac04d9a6b014aa93295601fb7d1e278805b5c2b,6.1,306.0,15.11,0.5,-5.207793,-0.3933503,-100.893,17.106,Rhyp,Ztor,original_table,True,5400,,,True,False,False,False,4.456079474572803,0.9467803717356646
1995-09-14__TCYA,1995-09-14,TCYA,,INTERPLATE,INTERPLATE/TCYA/pre-pro-ATACY9509.141.npz,data/preprocessed/INTERPLATE/TCYA/pre-pro-ATACY9509.141.npz,190337,964adab3605dfa1c23acb78b94ee969009766dd1182ec366ad5e47fe344720a9,7.3,328.0,15.75,0.5,-5.207793,-0.3933503,-98.88,16.31,ref_CU,Ztor,original_table,True,9600,,,True,True,True,False,33.42918531818637,0.8020653365019458
1995-10-09__TCYA,1995-10-09,TCYA,,INTERPLATE,INTERPLATE/TCYA/pre-pro-ATACY9510.091.npz,data/preprocessed/INTERPLATE/TCYA/pre-pro-ATACY9510.091.npz,159561,8e563fecbf9f7c831de5fcd8ffcfa0515f8ef0d8d0f6f6fb3782ae041c1413dc,8.0,448.0,19.05,0.5,-5.207793,-0.3933503,-104.67,18.74,ref_fallback_MT50,Ztor,original_table,True,8640,,,True,False,False,False,6.579600382424928,0.9535535762923556
1996-07-15__TCYA,1996-07-15,TCYA,,INTERPLATE,INTERPLATE/TCYA/pre-pro-ATACY9607.151.npz,data/preprocessed/INTERPLATE/TCYA/pre-pro-ATACY9607.151.npz,109781,046015c0f12cf48db9e05505b41addc050170a198dd6073e8c260349e0df822c,6.6,303.0,15.89,0.5,-5.207793,-0.3933503,-101.1,17.4,ref_PA34,Ztor,original_table,False,6000,,,False,False,False,False,8.739549596828596,0.9095846306969936
2000-08-09__TCYA,2000-08-09,TCYA,,INTERPLATE,INTERPLATE/TCYA/pre-pro-TACY0008.091.npz,data/preprocessed/INTERPLATE/TCYA/pre-pro-TACY0008.091.npz,107440,90a92bb70d385e2e0d704b7b2d7182ca260d42afa08de5edff55669cc1cb8c10,6.5,362.0,25.97,0.5,-5.207793,-0.3933503,-102.66,17.99,ref_CU,Ztor,original_table,True,6000,,,True,False,False,False,12.482988414194864,0.8683229070232609
2003-01-22__TCYA,2003-01-22,TCYA,,INTERPLATE,INTERPLATE/TCYA/pre-pro-TACY0301.221.npz,data/preprocessed/INTERPLATE/TCYA/pre-pro-TACY0301.221.npz,86236,3072507387b89da0e5dd29e046b7b09481e6b92f6ae9df6710668d7f4e9c41d9,7.5,500.0,19.79,0.5,-5.207793,-0.3933503,-103.9,18.86,MANUAL_REF,Ztor,original_table,True,5000,,,True,False,False,False,5.0134757987953975,0.9335875506849198
2012-03-20__TCYA,2012-03-20,TCYA,,INTERPLATE,INTERPLATE/TCYA/pre-pro-TACY1203.201.npz,data/preprocessed/INTERPLATE/TCYA/pre-pro-TACY1203.201.npz,157913,f883e841f25465c4fd04c8233987dfb6014928aa4b8a3100d9ac98abcc439fd4,7.5,325.0,14.82,0.5,-5.1746197,-0.3206296,-98.531,16.254,MANUAL_REF,Ztor,original_table,True,8192,,,True,True,True,False,25.1011932908129,0.8202435312889366
2018-02-16__TCYA,2018-02-16,TCYA,,INTERPLATE,INTERPLATE/TCYA/pre-pro-TACY1802.161.npz,data/preprocessed/INTERPLATE/TCYA/pre-pro-TACY1802.161.npz,172937,4757b42e171d63e93ac0e3061bcb6943438932ec927dcfb0162c01e0e2f2609f,7.2,348.0,7.49,0.5,-5.1746197,-0.3206296,-98.03,16.25,MANUAL_REF,Ztor,original_table,True,9000,,,True,True,True,True,36.94751296925266,0.7587179979804568
2020-06-23__TCYA,2020-06-23,TCYA,,INTERPLATE,INTERPLATE/TCYA/pre-pro-TACY2006.231.npz,data/preprocessed/INTERPLATE/TCYA/pre-pro-TACY2006.231.npz,342503,8a4793c2ecc626892e2c2d1c6dad100792a17d0ba0bb697c39da9c889ef1debe,7.4,466.0,15.6,0.5,-5.1746197,-0.3206296,-96.12,15.784,MANUAL_REF,Ztor,original_table,True,9000,,,True,True,True,False,25.595773582904627,0.8327237618344304
2021-09-08__TCYA,2021-09-08,TCYA,,INTERPLATE,INTERPLATE/TCYA/pre-pro-TACY2109.081.npz,data/preprocessed/INTERPLATE/TCYA/pre-pro-TACY2109.081.npz,386511,3a2145387c1824e6b0c27f0da5f028426585c6ce4ab0b192472dce3106500cf0,7.1,267.0,8.33,0.5,-5.1746197,-0.3206296,-99.953,16.755,ref_CU,Ztor,original_table,True,10000,,,True,True,True,True,59.31718908129584,0.6564409424499966
2022-09-19__TCYA,2022-09-19,TCYA,,INTERPLATE,INTERPLATE/TCYA/pre-pro-TACY2209.191.npz,data/preprocessed/INTERPLATE/TCYA/pre-pro-TACY2209.191.npz,371576,be2b6e2eb82e826e6c475dddf91a043cbf89972605d8e94b2978f9f7f00835dd,7.7,399.0,7.32,0.5,-5.1746197,-0.3206296,-103.269,18.238,ref_CU,Ztor,original_table,True,9600,,,True,True,True,False,28.61976164333868,0.8277889064123072
2022-09-22__TCYA,2022-09-22,TCYA,,INTERPLATE,INTERPLATE/TCYA/pre-pro-TACY2209.221.npz,data/preprocessed/INTERPLATE/TCYA/pre-pro-TACY2209.221.npz,304767,03a55f2f34cb44ffa823ce6b1592e3c21f6c547b5e8ed9358428528456053ff3,6.8,454.0,6.23,0.5,-5.1746197,-0.3206296,-103.12,18.05,ref_CU,Ztor,original_table,True,8000,,,True,True,True,False,22.92791961997783,0.8312883030170873
2022-12-11__TCYA,2022-12-11,TCYA,,INTERPLATE,INTERPLATE/TCYA/pre-pro-TACY2212.111.npz,data/preprocessed/INTERPLATE/TCYA/pre-pro-TACY2212.111.npz,293299,dd63d62ce5b89a91e5af8608f4a1b56bcd63f481fff865ed7027a6d23ae593c4,6.0,296.0,21.44,0.5,-5.1746197,-0.3206296,-100.627,17.13,Rhyp,Ztor,original_table,True,7680,,,True,False,False,False,22.310874931038228,0.8293362278663028
2000-08-09__TH35,2000-08-09,TH35,,INTERPLATE,INTERPLATE/TH35/pre-pro-TH350008.091.npz,data/preprocessed/INTERPLATE/TH35/pre-pro-TH350008.091.npz,245323,3d83cdbc85d656cdfb63ce4c3f842adc99c72e1ac687f8621fd196ba4abf5d9d,6.5,376.0,25.97,4.86,3.017067,-12.669528,-102.66,17.99,ref_CU,Ztor,original_table,True,12150,,,True,True,True,False,65.31477273394262,0.7015818854391072
2012-03-20__TH35,2012-03-20,TH35,,INTERPLATE,INTERPLATE/TH35/pre-pro-TH351203.201.npz,data/preprocessed/INTERPLATE/TH35/pre-pro-TH351203.201.npz,310268,617c8dac9a88598923bfd104928ce1f84a5a899192b3b6fc106edd4c837a2607,7.5,308.0,14.82,4.01,3.017067,-12.669528,-98.531,16.254,ref_CU,Ztor,original_table,False,15000,,,False,True,True,False,96.79125596484454,0.6500677658537797
2003-01-22__TH35,2003-01-22,TH35,,INTERPLATE,INTERPLATE/TH35/pre-pro-TH3520030122020634.npz,data/preprocessed/INTERPLATE/TH35/pre-pro-TH3520030122020634.npz,317858,413015a1afb78281ee189639e76857b023ecb45f98d29c3b38e8396d750d9bf8,7.5,519.0,19.79,4.45,3.017067,-12.669528,-103.9,18.86,ref_CU,Ztor,original_table,True,15360,,,True,True,True,False,93.99266601126442,0.6692262598139626
2014-04-18__TH35,2014-04-18,TH35,,INTERPLATE,INTERPLATE/TH35/pre-pro-TH3520140418142723.npz,data/preprocessed/INTERPLATE/TH35/pre-pro-TH3520140418142723.npz,344496,6a694ce28011b6363a5fa981d0b73f155bd9cc0775f094e88ae77eef6f713536,7.3,299.0,7.54,4.16,3.017067,-12.669528,-101.055,17.375,ref_CU,Ztor,original_table,False,16876,,,False,True,True,False,133.17534349186087,0.5667544699181467
2014-05-08__TH35,2014-05-08,TH35,,INTERPLATE,INTERPLATE/TH35/pre-pro-TH3520140508170016.npz,data/preprocessed/INTERPLATE/TH35/pre-pro-TH3520140508170016.npz,292369,cec1fb77c79e39b07836907542b6643818edd9285bf4c412feaa45209010d3d8,6.5,278.0,17.14,4.23,3.017067,-12.669528,-100.74,17.36,ref_CU,Ztor,original_table,False,14400,,,False,True,True,False,91.50035275541428,0.6484541541593121
2014-05-10__TH35,2014-05-10,TH35,,INTERPLATE,INTERPLATE/TH35/pre-pro-TH3520140510073601.npz,data/preprocessed/INTERPLATE/TH35/pre-pro-TH3520140510073601.npz,257375,cf3ab83a2f276fa8c405f23a1e8d1eea85ba6f5ff05387ff21201cbeb9944c9e,6.1,292.0,18.48,4.12,3.017067,-12.669528,-100.82,17.31,Rhyp,Ztor,original_table,False,12800,,,False,True,True,False,61.99720734508435,0.7295178772955615
2021-09-08__TH35,2021-09-08,TH35,,INTERPLATE,INTERPLATE/TH35/pre-pro-TH3520210908014746.npz,data/preprocessed/INTERPLATE/TH35/pre-pro-TH3520210908014746.npz,406400,5e7f65f67397e85eeaeac62347010a6efd69d02b0e38e0f9407d79d4ea40ef92,7.1,256.0,8.33,4.59,3.017067,-12.669528,-99.93,16.78,ref_CU,Ztor,original_table,True,19440,,,True,True,True,True,146.822799220558,0.5959079671366818
2022-09-19__TH35,2022-09-19,TH35,,INTERPLATE,INTERPLATE/TH35/pre-pro-TH3520220919180509.npz,data/preprocessed/INTERPLATE/TH35/pre-pro-TH3520220919180509.npz,347105,303283946e2a575149c90fe3e3734f886a7a6090804c6621c0f07acc5aa8d2e3,7.7,418.0,7.32,4.5,3.017067,-12.669528,-103.29,18.22,ref_CU,Ztor,original_table,False,16876,,,False,True,True,False,92.9981750191712,0.6999284492153742
2022-09-22__TH35,2022-09-22,TH35,,INTERPLATE,INTERPLATE/TH35/pre-pro-TH3520220922061609.npz,data/preprocessed/INTERPLATE/TH35/pre-pro-TH3520220922061609.npz,334966,1b14e1b4437cafa44588bc04e382d3164bd47c257d1bab70837085df4085bdf7,6.8,469.0,6.23,4.39,3.017067,-12.669528,-103.12,18.05,ref_CU,Ztor,original_table,True,16200,,,True,True,True,True,141.415423688882,0.5263734219007234
2022-12-11__TH35,2022-12-11,TH35,,INTERPLATE,INTERPLATE/TH35/pre-pro-TH3520221211143130.npz,data/preprocessed/INTERPLATE/TH35/pre-pro-TH3520221211143130.npz,548724,69dbd815a95f071d5102b828536d85d2dab5cdced763c333e3aa8d5d4ffbe23c,6.0,295.0,11.44,4.5,3.017067,-12.669528,-100.63,17.13,Rhyp,Ztor,original_table,False,25920,,,False,False,False,False,75.95809411969873,0.8452393102836154
2026-01-02__TH35,2026-01-02,TH35,,INTERPLATE,INTERPLATE/TH35/pre-pro-TH3520260102135815.npz,data/preprocessed/INTERPLATE/TH35/pre-pro-TH3520260102135815.npz,273384,6da30bc87f5f650223a366f4cca9ca710a24202e948cca0963e7c15b60480bc2,6.5,276.0,10.82,4.47,3.017067,-12.669528,-99.41,16.77,ref_CU_prefix,Ztor,original_table,False,13500,,,False,True,True,False,95.3717578966866,0.607814138100639
1989-04-25__TH35,1989-04-25,TH35,,INTERPLATE,INTERPLATE/TH35/pre-pro-TH358904.251.npz,data/preprocessed/INTERPLATE/TH35/pre-pro-TH358904.251.npz,130684,3d4178f747f2136b0cdeedb8da1c795ad882a877c0f7d060e82991143ee6db16,6.9,286.0,16.26,5.79,3.017067,-12.669528,-99.4,16.603,ref_CU,Ztor,original_table,True,6912,,,True,True,True,False,16.214358880408156,0.8592381380292721
1995-09-14__TH35,1995-09-14,TH35,,INTERPLATE,INTERPLATE/TH35/pre-pro-TH359509.141.npz,data/preprocessed/INTERPLATE/TH35/pre-pro-TH359509.141.npz,607190,366a16e3c6337889b88845fae0203e3105e1febbe4a7e5e5d9b11d327a629cf1,7.3,313.0,15.75,4.77,3.017067,-12.669528,-98.88,16.31,ref_CU,Ztor,original_table,True,15000,,,True,True,True,True,101.38795313863396,0.6276950219824329
1996-07-15__TH35,1996-07-15,TH35,,INTERPLATE,INTERPLATE/TH35/pre-pro-TH359607.151.npz,data/preprocessed/INTERPLATE/TH35/pre-pro-TH359607.151.npz,155870,5e8533a80c9e15b58d9f2793921ff3661f7715465a122620916920693d260a51,6.6,308.0,15.89,4.84,3.017067,-12.669528,-101.1,17.4,ref_PA34,Ztor,original_table,True,8100,,,True,False,False,False,12.786669915432157,0.907497143055544
1998-02-03__TH35,1998-02-03,TH35,,INTERPLATE,INTERPLATE/TH35/pre-pro-TH359802.031.npz,data/preprocessed/INTERPLATE/TH35/pre-pro-TH359802.031.npz,127184,930a711c3978fdd41a390e10f10eed258358d1329a12c0c7998d4926966e50ff,6.3,487.0,18.43,4.45,3.017067,-12.669528,-96.37,15.69,Rhyp,Ztor,original_table,True,6912,,,True,False,False,False,2.671713259266397,0.9762788488034592
2000-08-09__TL08,2000-08-09,TL08,,INTERPLATE,INTERPLATE/TL08/pre-pro-TL080008.091.npz,data/preprocessed/INTERPLATE/TL08/pre-pro-TL080008.091.npz,244646,bc1639f7e417751025ad21040032aeb07700e95bc67bfd9705181f8aae06147e,6.5,370.0,25.97,2.05,-9.780387,3.6594527,-102.66,17.99,ref_CU,Ztor,original_table,True,12150,,,True,True,True,True,73.86063428300434,0.6612829758644211
2012-03-20__TL08,2012-03-20,TL08,,INTERPLATE,INTERPLATE/TL08/pre-pro-TL081203.201.npz,data/preprocessed/INTERPLATE/TL08/pre-pro-TL081203.201.npz,272239,ecd802088d7622446e27bfd8b7ffe5d8b9b6de104a070adca0d5404ca25e6118,7.5,329.0,14.82,1.86,-9.780387,3.6594527,-98.531,16.254,ref_CU,Ztor,original_table,False,13500,,,False,True,True,False,97.70743519440074,0.5973815922432802
2003-01-22__TL08,2003-01-22,TL08,,INTERPLATE,INTERPLATE/TL08/pre-pro-TL0820030122020634.npz,data/preprocessed/INTERPLATE/TL08/pre-pro-TL0820030122020634.npz,316757,4cd37bc737f2abfdc3063e296496d0718ec1824763d0712f37b733c02a3d20ac,7.5,506.0,19.79,2.04,-9.780387,3.6594527,-103.9,18.86,ref_CU,Ztor,original_table,True,15360,,,True,True,True,True,114.7752359223391,0.5945484106177084
2014-04-18__TL08,2014-04-18,TL08,,INTERPLATE,INTERPLATE/TL08/pre-pro-TL0820140418142723.npz,data/preprocessed/INTERPLATE/TL08/pre-pro-TL0820140418142723.npz,253150,b23ef91f971816d5fb4a3a5b2759950fd25a10a393ad1db663a8e97e37c82807,7.3,303.0,7.54,1.88,-9.780387,3.6594527,-101.055,17.375,ref_CU,Ztor,original_table,False,12500,,,False,True,True,False,80.69224543040875,0.6416385600639128
2014-05-08__TL08,2014-05-08,TL08,,INTERPLATE,INTERPLATE/TL08/pre-pro-TL0820140508170016.npz,data/preprocessed/INTERPLATE/TL08/pre-pro-TL0820140508170016.npz,259101,c761e08f5b1c6d3bb6768eade1fdad944294834c1754a390f82b46b37543ca15,6.5,284.0,17.14,1.75,-9.780386,3.6594527,-100.74,17.36,ref_CU,Ztor,original_table,False,12800,,,False,True,True,False,91.01571741797456,0.6052063962090112
2018-02-16__TL08,2018-02-16,TL08,,INTERPLATE,INTERPLATE/TL08/pre-pro-TL0820180216233938.npz,data/preprocessed/INTERPLATE/TL08/pre-pro-TL0820180216233938.npz,260177,7dea3ae3e6daa780bcd1621cf492209dd1b3118eb367eb0bb30aa1317f727d10,7.2,351.0,7.49,1.94,-9.780387,3.6594527,-98.03,16.25,ref_CU,Ztor,original_table,False,12800,,,False,True,True,False,79.66910504460199,0.6559164505286258
2020-06-23__TL08,2020-06-23,TL08,,INTERPLATE,INTERPLATE/TL08/pre-pro-TL0820200623152903.npz,data/preprocessed/INTERPLATE/TL08/pre-pro-TL0820200623152903.npz,256932,9d680265280bc87d47514b5d1a5c04768cbc597591bf7a09c129eb23d425488d,7.4,466.0,15.6,1.88,-9.780387,3.6594527,-96.12,15.784,ref_CU,Ztor,original_table,False,12800,,,False,True,True,False,90.77743124680336,0.6021674500534518
2021-09-08__TL08,2021-09-08,TL08,,INTERPLATE,INTERPLATE/TL08/pre-pro-TL0820210908014746.npz,data/preprocessed/INTERPLATE/TL08/pre-pro-TL0820210908014746.npz,280465,6d7a872597fa8b4a582b09dcb738d4c3564d6acf16fe69dbafd1534b4e04fadd,7.1,270.0,8.33,1.77,-9.780386,3.6594527,-99.93,16.78,ref_CU,Ztor,original_table,False,13824,,,False,True,True,False,109.13237105486316,0.5625781752580739
2022-09-19__TL08,2022-09-19,TL08,,INTERPLATE,INTERPLATE/TL08/pre-pro-TL0820220919180509.npz,data/preprocessed/INTERPLATE/TL08/pre-pro-TL0820220919180509.npz,269947,d34bf3c5685e621b0831e23fb518f25cbb8755c766d56935707221ac81b3859b,7.7,409.0,7.32,1.9,-9.780387,3.6594527,-103.29,18.22,ref_CU,Ztor,original_table,False,13500,,,False,True,True,False,102.16093283958551,0.575037716973438
2022-09-22__TL08,2022-09-22,TL08,,INTERPLATE,INTERPLATE/TL08/pre-pro-TL0820220922061609.npz,data/preprocessed/INTERPLATE/TL08/pre-pro-TL0820220922061609.npz,261138,e09793a79ec50e06047752d105eb82db906b925b5e68ed489fda1a14d6e3897d,6.8,462.0,6.23,1.79,-9.780386,3.6594527,-103.12,18.05,ref_CU,Ztor,original_table,False,12800,,,False,True,True,False,98.12002524834232,0.5774877266143809
2022-12-11__TL08,2022-12-11,TL08,,INTERPLATE,INTERPLATE/TL08/pre-pro-TL0820221211143130.npz,data/preprocessed/INTERPLATE/TL08/pre-pro-TL0820221211143130.npz,562204,164752a7ab0137eed84c7a9da10d6c7fcbaac06c4f42ff51a3c74b0cb2506d13,6.0,303.0,11.44,1.75,-9.780386,3.6594527,-100.63,17.13,Rhyp,Ztor,original_table,False,27000,,,False,False,False,False,67.12527131301124,0.866627051375924
2026-01-02__TL08,2026-01-02,TL08,,INTERPLATE,INTERPLATE/TL08/pre-pro-TL0820260102135815.npz,data/preprocessed/INTERPLATE/TL08/pre-pro-TL0820260102135815.npz,252251,1396aca3285f8c5acf6509e5f2de0a543bd21bfa69f98e6cd7719296c43a8f37,6.5,293.0,10.82,1.7,-9.780385,3.6594527,-99.41,16.77,ref_CU_prefix,Ztor,original_table,False,12500,,,False,True,True,False,106.36402036585844,0.5259436628521708
1989-04-25__TL08,1989-04-25,TL08,,INTERPLATE,INTERPLATE/TL08/pre-pro-TL088904.251.npz,data/preprocessed/INTERPLATE/TL08/pre-pro-TL088904.251.npz,210545,eaca245efa2d1476a981941284f31db07cd849bea1a7f9f0cfb9d2f5c549ba2f,6.9,304.0,16.26,2.26,-9.780387,3.6594527,-99.4,16.603,ref_CU,Ztor,original_table,False,10800,,,False,True,True,False,59.62999389099123,0.6810377432950455
1990-05-31__TL08,1990-05-31,TL08,,INTERPLATE,INTERPLATE/TL08/pre-pro-TL089005.311.npz,data/preprocessed/INTERPLATE/TL08/pre-pro-TL089005.311.npz,121806,6adc48cedc2dea0adf1eee3e1392269abe1f22ffa8cb041ecd8f9ac14f687d7e,6.1,314.0,15.11,2.2,-9.780387,3.6594527,-100.893,17.106,Rhyp,Ztor,original_table,True,6562,,,True,True,True,False,13.338683179940958,0.8758730394570914
1993-05-15__TL08,1993-05-15,TL08,,INTERPLATE,INTERPLATE/TL08/pre-pro-TL089305.152.npz,data/preprocessed/INTERPLATE/TL08/pre-pro-TL089305.152.npz,128696,e0e847c936d811ed778b5014ca6c4d1fdd1477347ce0de9eeaedac6befd24a3f,5.9,334.0,35.38,2.1,-9.780387,3.6594527,-98.72,16.47,Rhyp,Ztor,original_table,True,6912,,,True,False,False,False,13.24868422568396,0.8837528803572523
1995-09-14__TL08,1995-09-14,TL08,,INTERPLATE,INTERPLATE/TL08/pre-pro-TL089509.141.npz,data/preprocessed/INTERPLATE/TL08/pre-pro-TL089509.141.npz,267183,81323067a45c0dad3aba45e80973250a309b2b80020c237e1c15a43c2ea766e1,7.3,333.0,15.75,1.94,-9.780387,3.6594527,-98.88,16.31,ref_CU,Ztor,original_table,False,13122,,,False,True,True,False,80.70654551914984,0.6611104534152852
1995-10-09__TL08,1995-10-09,TL08,,INTERPLATE,INTERPLATE/TL08/pre-pro-TL089510.091.npz,data/preprocessed/INTERPLATE/TL08/pre-pro-TL089510.091.npz,262434,301a79f26fe3310359b748d844047087d873c97fa75c2117f8c0ebdf0180c44a,8.0,455.0,19.05,1.98,-9.780387,3.6594527,-104.67,18.74,ref_fallback_MT50,Ztor,original_table,True,12960,,,True,True,True,False,40.36869429585752,0.8275063269843288
1996-02-25__TL08,1996-02-25,TL08,,INTERPLATE,INTERPLATE/TL08/pre-pro-TL089602.251.npz,data/preprocessed/INTERPLATE/TL08/pre-pro-TL089602.251.npz,126622,ad1697269371e8b6d6b2556d29e1a5db221aed0cd419f8acd8df8f0befe43455,7.1,394.0,9.62,2.13,-9.780387,3.6594527,-98.25,15.83,ref_any_BA49,Ztor,original_table,True,6750,,,True,False,False,False,3.097412385664157,0.9723962892285524
1996-07-15__TL08,1996-07-15,TL08,,INTERPLATE,INTERPLATE/TL08/pre-pro-TL089607.151.npz,data/preprocessed/INTERPLATE/TL08/pre-pro-TL089607.151.npz,154518,a71ffd29c376328e021f9c3f5886fc8b12bba769692421d79602cb6792eb4223,6.6,311.0,15.89,2.06,-9.780387,3.6594527,-101.1,17.4,ref_PA34,Ztor,original_table,True,8000,,,True,True,True,False,17.80842828131182,0.8698023959547315
1997-07-19__TL08,1997-07-19,TL08,,INTERPLATE,INTERPLATE/TL08/pre-pro-TL089707.192.npz,data/preprocessed/INTERPLATE/TL08/pre-pro-TL089707.192.npz,153898,489652b27edf4ed8ccead841bb0a64a49428ac1f4952d470ddfa2949ad856498,6.7,406.0,11.92,2.0,-9.780387,3.6594527,-98.35,15.86,ref_any_AE02,Ztor,original_table,True,8000,,,True,False,False,False,8.02223060863875,0.9412247739128232
1998-02-03__TL08,1998-02-03,TL08,,INTERPLATE,INTERPLATE/TL08/pre-pro-TL089802.031.npz,data/preprocessed/INTERPLATE/TL08/pre-pro-TL089802.031.npz,168700,70ed238e835d20ae3d6f8bd1b1ce9667b6e32ef8022a11305b850616180ba663,6.3,511.0,18.43,1.9,-9.780387,3.6594527,-96.37,15.69,Rhyp,Ztor,original_table,True,8640,,,True,False,False,False,14.399322227859528,0.903837837399095
2000-08-09__TL55,2000-08-09,TL55,,INTERPLATE,INTERPLATE/TL55/pre-pro-TL550008.091.npz,data/preprocessed/INTERPLATE/TL55/pre-pro-TL550008.091.npz,423424,ed4663d9b0064726aaf92a304a2a6f31f14ec22fe672e3bcfbd3870025062ec3,6.5,368.0,25.97,1.75,-10.903959,2.2664754,-102.66,17.99,ref_CU,Ztor,original_table,False,10800,,,False,True,True,False,61.36944476043348,0.6777999435058881
2012-03-20__TL55,2012-03-20,TL55,,INTERPLATE,INTERPLATE/TL55/pre-pro-TL551203.201.npz,data/preprocessed/INTERPLATE/TL55/pre-pro-TL551203.201.npz,253030,4f1e7893fe9761f0298a45fe4f3cb603e6ce95e41cf529e5958dcc506a2ec1ec,7.5,330.0,14.82,1.51,-10.835544,4.1778245,-98.531,16.254,ref_CU,Ztor,original_table,False,12500,,,False,True,True,False,92.20332820537604,0.5902256423920001
2014-04-18__TL55,2014-04-18,TL55,,INTERPLATE,INTERPLATE/TL55/pre-pro-TL5520140418142723.npz,data/preprocessed/INTERPLATE/TL55/pre-pro-TL5520140418142723.npz,233244,dfe4d6d4eb8e6186def3f245a2f9050975b2d52bda260eebcd901c229efa12a5,7.3,303.0,7.54,1.88,-10.835559,4.17783,-101.055,17.375,ref_CU,Ztor,original_table,False,11520,,,False,True,True,False,82.61873111813547,0.6012032093539823
2014-05-08__TL55,2014-05-08,TL55,,INTERPLATE,INTERPLATE/TL55/pre-pro-TL5520140508170016.npz,data/preprocessed/INTERPLATE/TL55/pre-pro-TL5520140508170016.npz,317279,161815e298fb74c82504eb87cb33bc91eb8ceb9bb1b42cc8ad0f1e595eb3ee88,6.5,284.0,17.14,1.53,-10.8355465,4.1778255,-100.74,17.36,ref_CU,Ztor,original_table,True,15360,,,True,True,True,True,161.10974795407247,0.4299219845225843
2014-05-10__TL55,2014-05-10,TL55,,INTERPLATE,INTERPLATE/TL55/pre-pro-TL5520140510073601.npz,data/preprocessed/INTERPLATE/TL55/pre-pro-TL5520140510073601.npz,214271,0aa5023fe917d4fe4a2ebf3ad2ca3467e0a5b79f5b04682e5d8ce4a9d7cd055c,6.1,298.0,18.48,1.72,-10.835558,4.1778297,-100.82,17.31,Rhyp,Ztor,original_table,False,10800,,,False,True,True,False,67.58743432793801,0.6448187801359083
2018-02-16__TL55,2018-02-16,TL55,,INTERPLATE,INTERPLATE/TL55/pre-pro-TL5520180216233938.npz,data/preprocessed/INTERPLATE/TL55/pre-pro-TL5520180216233938.npz,257822,ad7df1238909753a1a445c0ba65e56ec3b37c97bf974d76455523e7cc0544dc8,7.2,352.0,7.49,1.73,-10.835558,4.1778297,-98.03,16.25,ref_CU,Ztor,original_table,False,12800,,,False,True,True,False,90.7682836034297,0.6036838684738693
2021-09-08__TL55,2021-09-08,TL55,,INTERPLATE,INTERPLATE/TL55/pre-pro-TL5520210908014746.npz,data/preprocessed/INTERPLATE/TL55/pre-pro-TL5520210908014746.npz,238542,d2560882b14dd1cd65025c7449a5ea90cf227dd12f23e06f2dad95e90c4c1374,7.1,270.0,8.33,1.44,-10.83552,4.177815,-99.93,16.78,ref_CU,Ztor,original_table,False,12000,,,False,True,True,False,98.61937007378964,0.5345727968578525
2022-09-19__TL55,2022-09-19,TL55,,INTERPLATE,INTERPLATE/TL55/pre-pro-TL5520220919180509.npz,data/preprocessed/INTERPLATE/TL55/pre-pro-TL5520220919180509.npz,259233,650aaa982cd2e194909c22d87d3ec8380dcfd84c2a80337412dbfd056553dd6b,7.7,408.0,7.32,1.78,-10.835558,4.17783,-103.29,18.22,ref_CU,Ztor,original_table,False,12800,,,False,True,True,False,85.377222254489,0.6299530935571732
2022-09-22__TL55,2022-09-22,TL55,,INTERPLATE,INTERPLATE/TL55/pre-pro-TL5520220922061609.npz,data/preprocessed/INTERPLATE/TL55/pre-pro-TL5520220922061609.npz,252013,cfae46a496d8cf0e7b553e69d75644d45e49a7cf097c590619fe273d40e25e7a,6.8,461.0,6.23,1.41,-10.835501,4.177808,-103.12,18.05,ref_CU,Ztor,original_table,False,12500,,,False,True,True,False,96.38118000872298,0.5698996831240887
2022-12-11__TL55,2022-12-11,TL55,,INTERPLATE,INTERPLATE/TL55/pre-pro-TL5520221211143130.npz,data/preprocessed/INTERPLATE/TL55/pre-pro-TL5520221211143130.npz,217380,12039d686d437130d241a636bde0e43eb131094a77787cf45fc7180797fb3cea,6.0,303.0,11.44,1.45,-10.835525,4.177817,-100.63,17.13,Rhyp,Ztor,original_table,False,10800,,,False,False,False,False,56.870533498685234,0.7056085852640789
2026-01-02__TL55,2026-01-02,TL55,,INTERPLATE,INTERPLATE/TL55/pre-pro-TL5520260102135815.npz,data/preprocessed/INTERPLATE/TL55/pre-pro-TL5520260102135815.npz,256324,fd58ae8b34d40072a1d7adf2deb3531b741500fa328401cce1d9f92ab4dac5a6,6.5,293.0,10.82,1.65,-10.835556,4.1778293,-99.41,16.77,ref_CU_prefix,Ztor,original_table,False,12800,,,False,True,True,False,111.85199951922196,0.508882548763021
1989-04-25__TL55,1989-04-25,TL55,,INTERPLATE,INTERPLATE/TL55/pre-pro-TL558904.251.npz,data/preprocessed/INTERPLATE/TL55/pre-pro-TL558904.251.npz,192194,665a1d48f84a15acaf7bc4c7445f3bba27d9c6592231cc3fe9110224b7291d62,6.9,302.0,16.26,2.07,-10.90396,2.2664757,-99.4,16.603,ref_CU,Ztor,original_table,False,9720,,,False,True,True,False,68.63799351947361,0.5976906774545829
1990-05-31__TL55,1990-05-31,TL55,,INTERPLATE,INTERPLATE/TL55/pre-pro-TL559005.311.npz,data/preprocessed/INTERPLATE/TL55/pre-pro-TL559005.311.npz,158489,4f14861f2fc7ce1bc18405493d9e813717cda8f94249ed94cb67cdc102c22772,6.1,312.0,15.11,1.92,-10.90396,2.2664754,-100.893,17.106,Rhyp,Ztor,original_table,True,8192,,,True,True,True,False,23.41999074542608,0.8336530240398744
1993-05-15__TL55,1993-05-15,TL55,,INTERPLATE,INTERPLATE/TL55/pre-pro-TL559305.151.npz,data/preprocessed/INTERPLATE/TL55/pre-pro-TL559305.151.npz,493998,4ebb285c38103ecd500e6c4d81126691fd59a05be7efdf8d3a582c76641b025c,5.9,337.0,35.38,2.0,-10.90396,2.2664754,-98.74,16.43,Rhyp,Ztor,original_table,True,12500,,,True,True,True,True,68.11252106592798,0.6968870051803303
1995-09-14__TL55,1995-09-14,TL55,,INTERPLATE,INTERPLATE/TL55/pre-pro-TL559509.141.npz,data/preprocessed/INTERPLATE/TL55/pre-pro-TL559509.141.npz,587720,a18aa048c916d24aaf7063ab83e9357f0b07942726c224c4a37d0e0f940a8a77,7.3,331.0,15.75,1.88,-10.903959,2.2664754,-98.88,16.31,ref_CU,Ztor,original_table,False,14400,,,False,True,True,False,126.98953060574168,0.5187420676630853
1995-10-09__TL55,1995-10-09,TL55,,INTERPLATE,INTERPLATE/TL55/pre-pro-TL559510.091.npz,data/preprocessed/INTERPLATE/TL55/pre-pro-TL559510.091.npz,756070,9d91c7bbb9c6b3e43fda38b617ff31669f3fad51ddcf53cd85488cf5d9b12cbd,8.0,454.0,19.05,1.83,-10.903959,2.2664754,-104.67,18.74,ref_fallback_MT50,Ztor,original_table,True,18226,,,True,True,True,True,99.5380013929146,0.7073745751409958
1996-02-25__TL55,1996-02-25,TL55,,INTERPLATE,INTERPLATE/TL55/pre-pro-TL559602.251.npz,data/preprocessed/INTERPLATE/TL55/pre-pro-TL559602.251.npz,190593,34ee67c445e1c70ad71c922ac16a38d561c676fd720778a9acc0de0201713171,7.1,392.0,9.62,1.88,-10.903959,2.2664754,-98.25,15.83,ref_any_BA49,Ztor,original_table,True,9720,,,True,False,False,False,17.8606245357619,0.8950794540576755
1996-07-15__TL55,1996-07-15,TL55,,INTERPLATE,INTERPLATE/TL55/pre-pro-TL559607.151.npz,data/preprocessed/INTERPLATE/TL55/pre-pro-TL559607.151.npz,495161,03f61de90186f65b41372b5017059fc7d940523a6c61f9e287a2716d783b1de6,6.6,309.0,15.89,1.86,-10.903959,2.2664754,-101.1,17.4,ref_PA34,Ztor,original_table,True,12288,,,True,True,True,True,74.67959119015478,0.6619991799309567
1997-07-19__TL55,1997-07-19,TL55,,INTERPLATE,INTERPLATE/TL55/pre-pro-TL559707.192.npz,data/preprocessed/INTERPLATE/TL55/pre-pro-TL559707.192.npz,154247,fe87375231d1f372325c00fc4a7ddf90e7140256cde389bd7356513afe0f2a57,6.7,405.0,11.92,1.97,-10.90396,2.2664754,-98.35,15.86,ref_any_AE02,Ztor,original_table,True,8000,,,True,False,False,False,13.8420135079906,0.8989265169186521
1998-02-03__TL55,1998-02-03,TL55,,INTERPLATE,INTERPLATE/TL55/pre-pro-TL559802.031.npz,data/preprocessed/INTERPLATE/TL55/pre-pro-TL559802.031.npz,161104,6633071182c8240551efb173999949c89ad08c01c7cd1cac6b7e763758466d89,6.3,510.0,18.43,1.9,-10.90396,2.2664754,-96.37,15.69,Rhyp,Ztor,original_table,True,8640,,,True,False,False,False,20.8218227984726,0.8547483585736129
1989-04-25__TP13,1989-04-25,TP13,,INTERPLATE,INTERPLATE/TP13/pre-pro-ATP138904.251.npz,data/preprocessed/INTERPLATE/TP13/pre-pro-ATP138904.251.npz,324625,f284073c993d602368beda857424a53297d181d84da06b9e04dfc36ca3336b56,6.9,286.0,16.26,0.5,-1.8922405,-1.7817824,-99.4,16.603,ref_CU,Ztor,original_table,True,8640,,,True,True,True,True,51.17581382981298,0.6461359851347463
1990-05-31__TP13,1990-05-31,TP13,,INTERPLATE,INTERPLATE/TP13/pre-pro-ATP139005.311.npz,data/preprocessed/INTERPLATE/TP13/pre-pro-ATP139005.311.npz,111213,21624ba2eaea3b69071572fcf7e13a5825b3b72a4849ff265caae877a410fe2b,6.1,298.0,15.11,0.5,-1.8922405,-1.7817824,-100.893,17.106,Rhyp,Ztor,original_table,True,6076,,,True,False,False,False,10.068043897719562,0.8978382151423687
1993-05-15__TP13,1993-05-15,TP13,,INTERPLATE,INTERPLATE/TP13/pre-pro-ATP139305.151.npz,data/preprocessed/INTERPLATE/TP13/pre-pro-ATP139305.151.npz,136455,cd5ac13a90e75d59553e0318a3cce02b43b06339f62c0ed19a373f1af7b550b6,5.9,322.0,35.38,0.5,-1.8922405,-1.7817824,-98.74,16.43,Rhyp,Ztor,original_table,True,7290,,,True,True,True,False,22.66068506760972,0.8136303555587654
1995-09-14__TP13,1995-09-14,TP13,,INTERPLATE,INTERPLATE/TP13/pre-pro-ATP139509.141.npz,data/preprocessed/INTERPLATE/TP13/pre-pro-ATP139509.141.npz,414061,0140288797dece1f9323d108c00eae9d54eb69a26b50eb0a675d8b1e45da332c,7.3,316.0,15.75,0.5,-1.8922405,-1.7817824,-98.88,16.31,ref_CU,Ztor,original_table,True,10800,,,True,True,True,True,50.78866773366525,0.7255853267037754
1996-07-15__TP13,1996-07-15,TP13,,INTERPLATE,INTERPLATE/TP13/pre-pro-ATP139607.151.npz,data/preprocessed/INTERPLATE/TP13/pre-pro-ATP139607.151.npz,360840,257d45ed6dae7f44bc59096367f1d5b34bb970c5d27640d81972b56fbb17cacf,6.6,296.0,15.89,0.5,-1.8922405,-1.7817824,-101.1,17.4,ref_PA34,Ztor,original_table,True,9376,,,True,True,True,True,63.03333868941319,0.613493952911591
2000-08-09__TP13,2000-08-09,TP13,,INTERPLATE,INTERPLATE/TP13/pre-pro-TP130008.091.npz,data/preprocessed/INTERPLATE/TP13/pre-pro-TP130008.091.npz,129383,513b5e40ddc2aecc81c211869568d82f6227048e97786a95daa29f7d15d789c2,6.5,360.0,25.97,0.5,-1.8922405,-1.7817824,-102.66,17.99,ref_CU,Ztor,original_table,True,6912,,,True,False,False,False,25.437070617882213,0.7791729263140705
2012-03-20__TP13,2012-03-20,TP13,,INTERPLATE,INTERPLATE/TP13/pre-pro-TP131203.201.npz,data/preprocessed/INTERPLATE/TP13/pre-pro-TP131203.201.npz,261032,6ba30f190a0816fa1b25c87b074d38032f48b2c748095fc1ae4b5db7ff4e79d5,7.5,313.0,14.82,0.5,-1.8922405,-1.7817824,-98.531,16.254,MANUAL_REF,Ztor,original_table,False,12800,,,False,True,True,False,102.70398216219496,0.5579011572373339
2003-01-22__TP13,2003-01-22,TP13,,INTERPLATE,INTERPLATE/TP13/pre-pro-TP1320030122020634.npz,data/preprocessed/INTERPLATE/TP13/pre-pro-TP1320030122020634.npz,166871,abb1a3506e5d2780cc2cbf0dca277547f7c70909648ac72d3a275d66b53f99fa,7.5,501.0,19.79,0.5,-1.8922405,-1.7817824,-103.9,18.86,MANUAL_REF,Ztor,original_table,True,8640,,,True,False,False,False,31.036983047546684,0.7909545157436069
2014-04-18__TP13,2014-04-18,TP13,,INTERPLATE,INTERPLATE/TP13/pre-pro-TP1320140418142723.npz,data/preprocessed/INTERPLATE/TP13/pre-pro-TP1320140418142723.npz,273060,b6e458b69d6400e988d69a432416a64f1c190c6205d15d290ef03db7c1594924,7.3,288.0,7.54,0.5,-1.8922405,-1.7817824,-101.055,17.375,MANUAL_REF,Ztor,original_table,True,13500,,,True,True,True,True,137.71813439537777,0.4338411741197214
2014-05-08__TP13,2014-05-08,TP13,,INTERPLATE,INTERPLATE/TP13/pre-pro-TP1320140508170016.npz,data/preprocessed/INTERPLATE/TP13/pre-pro-TP1320140508170016.npz,202043,f0395038ec4ae90d5e3ded019ab9b42a1e2ea0f84c6df9cd9586f2b69f20b2c8,6.5,267.0,17.14,0.5,-1.8922405,-1.7817824,-100.74,17.36,MANUAL_REF,Ztor,original_table,False,10126,,,False,True,True,False,59.06799581539839,0.6701954449168153
2014-05-10__TP13,2014-05-10,TP13,,INTERPLATE,INTERPLATE/TP13/pre-pro-TP1320140510073601.npz,data/preprocessed/INTERPLATE/TP13/pre-pro-TP1320140510073601.npz,164467,a91235f3e5f044e985adbc71e7069df6d4397afe972e37fd9791535853947ef7,6.1,282.0,18.48,0.5,-1.8922405,-1.7817824,-100.82,17.31,Rhyp,Ztor,original_table,True,8640,,,True,False,False,True,47.47013743571684,0.6739912270055846
2018-02-16__TP13,2018-02-16,TP13,,INTERPLATE,INTERPLATE/TP13/pre-pro-TP1320180216233938.npz,data/preprocessed/INTERPLATE/TP13/pre-pro-TP1320180216233938.npz,254556,68541b3f67e3d43dd9dd9317d5be9dab79e93b37c0bf9f181cde38e7536b2e28,7.2,336.0,7.49,0.5,-1.8922405,-1.7817824,-98.03,16.25,MANUAL_REF,Ztor,original_table,False,12500,,,False,True,True,False,99.61149054158248,0.5600199181025509
2020-06-23__TP13,2020-06-23,TP13,,INTERPLATE,INTERPLATE/TP13/pre-pro-TP1320200623152903.npz,data/preprocessed/INTERPLATE/TP13/pre-pro-TP1320200623152903.npz,198671,7c53695982ff3b1f58740b8f3b1a8b331f765facf69b5b5fc13b75bbc5627f49,7.4,455.0,15.6,0.5,-1.8922405,-1.7817824,-96.12,15.784,MANUAL_REF,Ztor,original_table,False,10000,,,False,True,True,False,35.93479221361315,0.7960220683793316
2021-09-08__TP13,2021-09-08,TP13,,INTERPLATE,INTERPLATE/TP13/pre-pro-TP1320210908014746.npz,data/preprocessed/INTERPLATE/TP13/pre-pro-TP1320210908014746.npz,227907,f8786a7aafb51e44782e1c90c237e309a84f7e148af7abc49c84116730697c46,7.1,252.0,8.33,0.5,-1.8922405,-1.7817824,-99.93,16.78,ref_CU,Ztor,original_table,True,11250,,,True,True,True,True,88.60504426584093,0.5623577780013784
2022-09-19__TP13,2022-09-19,TP13,,INTERPLATE,INTERPLATE/TP13/pre-pro-TP1320220919180509.npz,data/preprocessed/INTERPLATE/TP13/pre-pro-TP1320220919180509.npz,244744,d83b2f7587938250dbf59eb6e3a3a7d8ddbd0b7b60d0108707da317d1e7266b4,7.7,401.0,7.32,0.5,-1.8922405,-1.7817824,-103.29,18.22,ref_CU,Ztor,original_table,False,12150,,,False,True,True,False,68.27088010170243,0.6865576415146116
2022-09-22__TP13,2022-09-22,TP13,,INTERPLATE,INTERPLATE/TP13/pre-pro-TP1320220922061609.npz,data/preprocessed/INTERPLATE/TP13/pre-pro-TP1320220922061609.npz,219189,178c12378adf6257dca0e440d0e8b739b2b04afd62cbbc80c4b4204fa4b3d7b6,6.8,453.0,6.23,0.5,-1.8922405,-1.7817824,-103.12,18.05,ref_CU,Ztor,original_table,False,10936,,,False,True,True,False,77.4260541400822,0.6022293648082085
2026-01-02__TP13,2026-01-02,TP13,,INTERPLATE,INTERPLATE/TP13/pre-pro-TP1320260102135815.npz,data/preprocessed/INTERPLATE/TP13/pre-pro-TP1320260102135815.npz,174604,4ca706405da8c2fca0791a3ecaa9495d4328d5699c838b561ff6e8b4d6d625a2,6.5,275.0,10.82,0.5,-1.8922405,-1.7817824,-99.41,16.77,ref_CU_prefix,Ztor,original_table,False,9000,,,False,True,True,False,63.14638041814421,0.5915235111058659
2000-08-09__UC44,2000-08-09,UC44,,INTERPLATE,INTERPLATE/UC44/pre-pro-UC440008.091.npz,data/preprocessed/INTERPLATE/UC44/pre-pro-UC440008.091.npz,140142,9b3f7625fabeeae0c720d4cf9a0bf07693853f70a426e02875b9c71c242051fe,6.5,366.0,25.97,1.36,-12.475371,1.9585478,-102.66,17.99,ref_CU,Ztor,original_table,True,7500,,,True,True,True,False,18.64236136971087,0.8493424812533468
2012-03-20__UC44,2012-03-20,UC44,,INTERPLATE,INTERPLATE/UC44/pre-pro-UC441203.201.npz,data/preprocessed/INTERPLATE/UC44/pre-pro-UC441203.201.npz,216288,f6aaa2fc45ae8d279d796926762c9413e3879a1cbaa2ac24e5ee8074dd2f5fcf,7.5,328.0,14.82,1.27,-12.475068,1.9585001,-98.531,16.254,ref_CU,Ztor,original_table,False,10800,,,False,True,True,False,81.17309438306607,0.5769590661712212
2003-01-22__UC44,2003-01-22,UC44,,INTERPLATE,INTERPLATE/UC44/pre-pro-UC4420030122020634.npz,data/preprocessed/INTERPLATE/UC44/pre-pro-UC4420030122020634.npz,176088,5430460d4284e24886b96ee45fd6335c86512035c5d78fdba313bf0ce3e1283a,7.5,503.0,19.79,1.31,-12.475247,1.9585283,-103.9,18.86,ref_CU,Ztor,original_table,True,9000,,,True,True,True,False,25.709927207608303,0.8354459344111091
2014-04-18__UC44,2014-04-18,UC44,,INTERPLATE,INTERPLATE/UC44/pre-pro-UC4420140418142723.npz,data/preprocessed/INTERPLATE/UC44/pre-pro-UC4420140418142723.npz,235901,844406c8749c5ce723dc95a0c6a2edadc3a3ba0c24689224f46f84cebc153b92,7.3,300.0,7.54,1.33,-12.4753065,1.9585378,-101.055,17.375,ref_CU,Ztor,original_table,False,11664,,,False,True,True,False,90.24827921390433,0.5696314772822874
2014-05-08__UC44,2014-05-08,UC44,,INTERPLATE,INTERPLATE/UC44/pre-pro-UC4420140508170016.npz,data/preprocessed/INTERPLATE/UC44/pre-pro-UC4420140508170016.npz,203158,1e603795b52c05f4c3cf51001dc8c2b863ad11a172ca9b2f5828ccd3151c52f4,6.5,280.0,17.14,1.33,-12.4753065,1.9585378,-100.74,17.36,ref_CU,Ztor,original_table,False,10126,,,False,True,True,False,71.60547707312392,0.6020370306612354
2014-05-10__UC44,2014-05-10,UC44,,INTERPLATE,INTERPLATE/UC44/pre-pro-UC4420140510073601.npz,data/preprocessed/INTERPLATE/UC44/pre-pro-UC4420140510073601.npz,166268,ed499438d458da6d6230c15690c2b2d43af74fc370943e57178d224ac42155d1,6.1,294.0,18.48,1.34,-12.475331,1.9585416,-100.82,17.31,Rhyp,Ztor,original_table,True,8640,,,True,True,True,True,37.11980922768532,0.7479130103383
2018-02-16__UC44,2018-02-16,UC44,,INTERPLATE,INTERPLATE/UC44/pre-pro-UC4420180216233938.npz,data/preprocessed/INTERPLATE/UC44/pre-pro-UC4420180216233938.npz,204377,faa8c36428a70aa28cb50a3a747f4b4e42df589579051e61c5884daf8d9549b1,7.2,350.0,7.49,1.27,-12.475068,1.9585001,-98.03,16.25,ref_CU,Ztor,original_table,False,10240,,,False,True,True,False,69.8993043965558,0.6143486653983128
2020-06-23__UC44,2020-06-23,UC44,,INTERPLATE,INTERPLATE/UC44/pre-pro-UC4420200623152903.npz,data/preprocessed/INTERPLATE/UC44/pre-pro-UC4420200623152903.npz,207427,13c32f78cb0b2fa66877ade60891a7e2af0b7994d4770db3732691e3d370d559,7.4,467.0,15.6,1.17,-12.473856,1.95831,-96.12,15.784,ref_CU,Ztor,original_table,False,10368,,,False,True,True,False,59.41970910392181,0.676732990022731
2021-09-08__UC44,2021-09-08,UC44,,INTERPLATE,INTERPLATE/UC44/pre-pro-UC4420210908014746.npz,data/preprocessed/INTERPLATE/UC44/pre-pro-UC4420210908014746.npz,242351,c37fdcb0c629746bdbb52332e40c17fc7f1aad0de4ea032e1ae3a0f92de0befc,7.1,267.0,8.33,1.3,-12.475211,1.9585228,-99.93,16.78,ref_CU,Ztor,original_table,False,12000,,,False,True,True,False,97.04573004235516,0.5499850218300247
2022-09-19__UC44,2022-09-19,UC44,,INTERPLATE,INTERPLATE/UC44/pre-pro-UC4420220919180509.npz,data/preprocessed/INTERPLATE/UC44/pre-pro-UC4420220919180509.npz,251400,188b26de2e7050eae3b718e994d6b807fefa5bc0f90904610c42934ac91fc6b9,7.7,405.0,7.32,1.31,-12.475247,1.9585283,-103.29,18.22,ref_CU,Ztor,original_table,False,12500,,,False,True,True,False,85.98033053899425,0.6156788372117189
2022-09-22__UC44,2022-09-22,UC44,,INTERPLATE,INTERPLATE/UC44/pre-pro-UC4420220922061609.npz,data/preprocessed/INTERPLATE/UC44/pre-pro-UC4420220922061609.npz,243414,883ee8b1a1e948ad23fe687f5c1852275afc26f28c1e7e986f3dc54f6270f978,6.8,458.0,6.23,1.26,-12.475006,1.9584906,-103.12,18.05,ref_CU,Ztor,original_table,True,12000,,,True,True,True,True,77.57436516242493,0.6415895159747509
2022-12-11__UC44,2022-12-11,UC44,,INTERPLATE,INTERPLATE/UC44/pre-pro-UC4420221211143130.npz,data/preprocessed/INTERPLATE/UC44/pre-pro-UC4420221211143130.npz,193794,f457a1d4f8e9038656014c28f501b2054876434ad1c8ada88196b5ab848753ab,6.0,300.0,11.44,1.19,-12.474241,1.9583706,-100.63,17.13,Rhyp,Ztor,original_table,False,9720,,,False,False,False,False,7.020405726687187,0.9591456836203028
2026-01-02__UC44,2026-01-02,UC44,,INTERPLATE,INTERPLATE/UC44/pre-pro-UC4420260102135815.npz,data/preprocessed/INTERPLATE/UC44/pre-pro-UC4420260102135815.npz,154666,bce2c760d2df850884f7424a50e053392f21e0eb56f3d7988821c99529cf302a,6.5,291.0,10.82,1.28,-12.475122,1.958509,-99.41,16.77,ref_CU_prefix,Ztor,original_table,False,8000,,,False,True,True,False,52.57801621456059,0.6146719222091565
1989-04-25__UC44,1989-04-25,UC44,,INTERPLATE,INTERPLATE/UC44/pre-pro-UC448904.251.npz,data/preprocessed/INTERPLATE/UC44/pre-pro-UC448904.251.npz,127075,7c4f282e58e3390e5f0e8a03d6bac35c226ee7f3fd0693e7e3963a138ffd6392,6.9,302.0,16.26,1.37,-12.475388,1.9585503,-99.4,16.603,ref_CU,Ztor,original_table,True,6750,,,True,True,True,False,40.12839921916981,0.6413264281447103
1990-05-31__UC44,1990-05-31,UC44,,INTERPLATE,INTERPLATE/UC44/pre-pro-UC449005.311.npz,data/preprocessed/INTERPLATE/UC44/pre-pro-UC449005.311.npz,61877,8969c440f9e25f01f5bc0a4cf6154131b688682b2a1a3d71814877470baa1073,6.1,311.0,15.11,1.38,-12.475402,1.9585526,-100.893,17.106,Rhyp,Ztor,original_table,True,3840,,,True,False,False,False,3.057253625515955,0.9430785025969848
1995-10-09__UC44,1995-10-09,UC44,,INTERPLATE,INTERPLATE/UC44/pre-pro-UC449510.091.npz,data/preprocessed/INTERPLATE/UC44/pre-pro-UC449510.091.npz,104695,418e18a86d60a32c664f5592825ab5269ab2b55ce4186db44d6effeea5269691,8.0,452.0,19.05,1.31,-12.475247,1.9585283,-104.67,18.74,ref_fallback_MT50,Ztor,original_table,True,5760,,,True,False,False,False,1.8463420763294067,0.9799854517471068
1998-02-03__UC44,1998-02-03,UC44,,INTERPLATE,INTERPLATE/UC44/pre-pro-UC449802.031.npz,data/preprocessed/INTERPLATE/UC44/pre-pro-UC449802.031.npz,125640,ea4664085769c8a039c2646fabd821a90e2dfcf98a34c1c4266e57a592f3a980,6.3,512.0,18.43,1.29,-12.475169,1.9585162,-96.37,15.69,Rhyp,Ztor,original_table,True,6750,,,True,False,False,False,5.848013170690351,0.9471915010773851
2021-09-08__UI21,2021-09-08,UI21,,INTERPLATE,INTERPLATE/UI21/pre-pro-UI2120210908014746.npz,data/preprocessed/INTERPLATE/UI21/pre-pro-UI2120210908014746.npz,221878,ebbbd4a7fde202858f244405123a1d8759b8d646ea8b902394397239c7bd00c8,7.1,258.0,8.33,0.5,-0.3740757,-0.076055825,-99.93,16.78,ref_CU,Ztor,original_table,True,11250,,,True,True,True,True,86.78603357861287,0.5599978017713807
2022-09-19__UI21,2022-09-19,UI21,,INTERPLATE,INTERPLATE/UI21/pre-pro-UI2120220919180509.npz,data/preprocessed/INTERPLATE/UI21/pre-pro-UI2120220919180509.npz,227533,d8f5b30e7adca5648060b67afb9f6eb488d9010dca67e7717ee05c9c77a3435d,7.7,394.0,7.32,0.5,-0.3740757,-0.076055825,-103.29,18.22,ref_CU,Ztor,original_table,False,11250,,,False,True,True,False,60.73198266552245,0.6998518203740118
2022-09-22__UI21,2022-09-22,UI21,,INTERPLATE,INTERPLATE/UI21/pre-pro-UI2120220922061609.npz,data/preprocessed/INTERPLATE/UI21/pre-pro-UI2120220922061609.npz,218291,2f5039df0faca3210913ef6660222a6549e4b8af63ae49a409cf6d5bcf2ba3c2,6.8,446.0,6.23,0.5,-0.3740757,-0.076055825,-103.12,18.05,ref_CU,Ztor,original_table,False,10936,,,False,True,True,False,65.50960952809274,0.6626172450528262
2022-12-11__UI21,2022-12-11,UI21,,INTERPLATE,INTERPLATE/UI21/pre-pro-UI2120221211143130.npz,data/preprocessed/INTERPLATE/UI21/pre-pro-UI2120221211143130.npz,140153,3ff313f07dc99fb7e61568f9426c870bda94229219ac4f8acb29802785127cd9,6.0,288.0,11.44,0.5,-0.3740757,-0.076055825,-100.63,17.13,Rhyp,Ztor,original_table,False,7500,,,False,False,False,False,20.82366041109316,0.8318367083009517
2026-01-02__UI21,2026-01-02,UI21,,INTERPLATE,INTERPLATE/UI21/pre-pro-UI2120260102135815.npz,data/preprocessed/INTERPLATE/UI21/pre-pro-UI2120260102135815.npz,196940,9728807a0cacca806c36f6331ff2f64f254e54e4e459156e56005838a7c4d2cb,6.5,283.0,10.82,0.5,-0.3740757,-0.076055825,-99.41,16.77,ref_CU_prefix,Ztor,original_table,False,10000,,,False,True,True,False,81.3050634790694,0.5342285547716006
2000-08-09__VG09,2000-08-09,VG09,,INTERPLATE,INTERPLATE/VG09/pre-pro-VG090008.091.npz,data/preprocessed/INTERPLATE/VG09/pre-pro-VG090008.091.npz,501683,d7cc28587d72b25cc156b3b461c4ac0a516ac2df9c5431e216323f418c843ac1,6.5,371.0,25.97,2.2,-8.355636,3.9083138,-102.66,17.99,ref_CU,Ztor,original_table,False,12500,,,False,True,True,False,68.4479691743806,0.6970859682942907
2012-03-20__VG09,2012-03-20,VG09,,INTERPLATE,INTERPLATE/VG09/pre-pro-VG091203.201.npz,data/preprocessed/INTERPLATE/VG09/pre-pro-VG091203.201.npz,314097,a082f04514dfa304b1f5c00da15f0778050df63f3d85ae7a134583907f9229cc,7.5,329.0,14.82,2.16,-8.355636,3.9083138,-98.531,16.254,ref_CU,Ztor,original_table,False,15360,,,False,True,True,False,120.96073317899004,0.5676885876376339
2003-01-22__VG09,2003-01-22,VG09,,INTERPLATE,INTERPLATE/VG09/pre-pro-VG0920030122020634.npz,data/preprocessed/INTERPLATE/VG09/pre-pro-VG0920030122020634.npz,156032,84159d0f6c4d47c7d83882009831b86a75ae946bd9904304ded49f6857bdf75f,7.5,508.0,19.79,2.13,-8.355636,3.9083138,-103.9,18.86,ref_CU,Ztor,original_table,True,8100,,,True,False,False,False,13.079605283771514,0.906246109355806
2014-05-08__VG09,2014-05-08,VG09,,INTERPLATE,INTERPLATE/VG09/pre-pro-VG0920140508170016.npz,data/preprocessed/INTERPLATE/VG09/pre-pro-VG0920140508170016.npz,290205,9e181835bf0151f130d104d304df01074ea7ae881fc464f122582e52ddd09be2,6.5,285.0,17.14,2.1,-8.355636,3.9083138,-100.74,17.36,ref_CU,Ztor,original_table,False,14400,,,False,True,True,False,116.8523719104062,0.5476974185778742
2014-05-10__VG09,2014-05-10,VG09,,INTERPLATE,INTERPLATE/VG09/pre-pro-VG0920140510073601.npz,data/preprocessed/INTERPLATE/VG09/pre-pro-VG0920140510073601.npz,232335,ee8f9cce0a73dfef12b4f9923e9de6de38748e0d83584c864f7681a61862137e,6.1,299.0,18.48,1.9,-8.355636,3.9083138,-100.82,17.31,Rhyp,Ztor,original_table,False,11520,,,False,True,True,False,63.14228220431289,0.6942854546126034
2018-02-16__VG09,2018-02-16,VG09,,INTERPLATE,INTERPLATE/VG09/pre-pro-VG0920180216233938.npz,data/preprocessed/INTERPLATE/VG09/pre-pro-VG0920180216233938.npz,236140,7ef5f0354673beb09893c2496a9a7221a6263e16ca5db85f33859ab3698d6059,7.2,351.0,7.49,1.99,-8.355636,3.9083138,-98.03,16.25,ref_CU,Ztor,original_table,False,11664,,,False,True,True,False,49.292465221321095,0.7650166123786952
2020-06-23__VG09,2020-06-23,VG09,,INTERPLATE,INTERPLATE/VG09/pre-pro-VG0920200623152903.npz,data/preprocessed/INTERPLATE/VG09/pre-pro-VG0920200623152903.npz,276543,7c97088c2c037ea445cde76d4b915734685f27417363a34c0ca81d61f7510c38,7.4,466.0,15.6,2.04,-8.355636,3.9083138,-96.12,15.784,ref_CU,Ztor,original_table,False,13500,,,False,True,True,False,97.05282199596866,0.6053319425970125
2021-09-08__VG09,2021-09-08,VG09,,INTERPLATE,INTERPLATE/VG09/pre-pro-VG0920210908014746.npz,data/preprocessed/INTERPLATE/VG09/pre-pro-VG0920210908014746.npz,280274,b8a7f94a9493a994ec1ba003096bacbd677e19719f490c0935a54db6999adae6,7.1,271.0,8.33,1.9,-8.355636,3.9083138,-99.93,16.78,ref_CU,Ztor,original_table,False,13824,,,False,True,True,False,89.97245864809292,0.6398076037948159
2022-09-19__VG09,2022-09-19,VG09,,INTERPLATE,INTERPLATE/VG09/pre-pro-VG0920220919180509.npz,data/preprocessed/INTERPLATE/VG09/pre-pro-VG0920220919180509.npz,384452,e0bdd351943c358ad86f06dc943890e9c493ef7a1a45da81daa6816311f6fe08,7.7,410.0,7.32,2.11,-8.355636,3.9083138,-103.29,18.22,ref_CU,Ztor,original_table,True,18432,,,True,True,True,True,159.56686859561057,0.5353864762531721
2022-09-22__VG09,2022-09-22,VG09,,INTERPLATE,INTERPLATE/VG09/pre-pro-VG0920220922061609.npz,data/preprocessed/INTERPLATE/VG09/pre-pro-VG0920220922061609.npz,237975,f0c7dd1175b849e0abb7428a68ee5aabe1de3b9a45829aa842f119a4ec3dce4f,6.8,463.0,6.23,1.86,-8.355636,3.9083138,-103.12,18.05,ref_CU,Ztor,original_table,False,12000,,,False,True,True,False,74.54956480917997,0.6471694599404612
2022-12-11__VG09,2022-12-11,VG09,,INTERPLATE,INTERPLATE/VG09/pre-pro-VG0920221211143130.npz,data/preprocessed/INTERPLATE/VG09/pre-pro-VG0920221211143130.npz,566192,0c2aab2257c3016d2c616e5ae2a2067f0b437b002cd05aff1b14811eb099f579,6.0,304.0,11.44,2.16,-8.355636,3.9083138,-100.63,17.13,Rhyp,Ztor,original_table,True,27000,,,True,False,False,False,40.509158157988566,0.9200719029280838
2026-01-02__VG09,2026-01-02,VG09,,INTERPLATE,INTERPLATE/VG09/pre-pro-VG0920260102135815.npz,data/preprocessed/INTERPLATE/VG09/pre-pro-VG0920260102135815.npz,313139,8b052494188cfe86ba69246e50e2bcd8b71129fae8c13f40f0f005cfc6b83a51,6.5,293.0,10.82,2.04,-8.355636,3.9083138,-99.41,16.77,ref_CU_prefix,Ztor,original_table,False,15360,,,False,True,True,False,135.82032010960853,0.5126997699856182
1989-04-25__VG09,1989-04-25,VG09,,INTERPLATE,INTERPLATE/VG09/pre-pro-VG098904.251.npz,data/preprocessed/INTERPLATE/VG09/pre-pro-VG098904.251.npz,630379,506e01f7a47afab3fe19382593203450cae5976c3eb6c5cd195e05e487e8db2a,6.9,304.0,16.26,2.71,-8.355636,3.9083138,-99.4,16.603,ref_CU,Ztor,original_table,True,15360,,,True,True,True,True,138.12606367805515,0.5122495014723147
1990-05-31__VG09,1990-05-31,VG09,,INTERPLATE,INTERPLATE/VG09/pre-pro-VG099005.311.npz,data/preprocessed/INTERPLATE/VG09/pre-pro-VG099005.311.npz,368257,bf5c172589964ac0baaf47c7d7fcd31471f3ca977765df9a863c5e14611efdef,6.1,315.0,15.11,2.55,-8.355636,3.9083138,-100.893,17.106,Rhyp,Ztor,original_table,True,9600,,,True,True,True,False,28.6486966809824,0.8266289649854314
1995-10-09__VG09,1995-10-09,VG09,,INTERPLATE,INTERPLATE/VG09/pre-pro-VG099510.091.npz,data/preprocessed/INTERPLATE/VG09/pre-pro-VG099510.091.npz,320679,89fe598063a54f8cbd7e14f126d6451a303e042127c18289ebd51f0b5591d13b,8.0,456.0,19.05,2.37,-8.355636,3.9083138,-104.67,18.74,ref_fallback_MT50,Ztor,original_table,False,15552,,,False,True,True,False,57.93667994789351,0.7978623963858297
1996-07-15__VG09,1996-07-15,VG09,,INTERPLATE,INTERPLATE/VG09/pre-pro-VG099607.151.npz,data/preprocessed/INTERPLATE/VG09/pre-pro-VG099607.151.npz,454485,e21c1fbd61c049636091a1653dfdb1aca1cc9a43c80c6839668e0cefcaf790dd,6.6,312.0,15.89,2.37,-8.355636,3.9083138,-101.1,17.4,ref_PA34,Ztor,original_table,True,11520,,,True,True,True,True,43.202905514279934,0.7877893483592606
1997-07-19__VG09,1997-07-19,VG09,,INTERPLATE,INTERPLATE/VG09/pre-pro-VG099707.192.npz,data/preprocessed/INTERPLATE/VG09/pre-pro-VG099707.192.npz,147870,49848a18cb6afeacae6a9ae446d989a1bb795ca39980920991d36571c6ab69d2,6.7,406.0,11.92,2.49,-8.355636,3.9083138,-98.35,15.86,ref_any_AE02,Ztor,original_table,True,7776,,,True,False,False,False,5.3694570799112284,0.9592698393392154
1998-02-03__VG09,1998-02-03,VG09,,INTERPLATE,INTERPLATE/VG09/pre-pro-VG099802.031.npz,data/preprocessed/INTERPLATE/VG09/pre-pro-VG099802.031.npz,182103,5c89b1f18a4d1bc8a09f2d61282910a478b5ce0b5361b8ddc99a3e3478a1a912,6.3,511.0,18.43,2.49,-8.355636,3.9083138,-96.37,15.69,Rhyp,Ztor,original_table,True,9376,,,True,False,False,False,14.201232017508572,0.9126346846046842
2012-03-20__VM29,2012-03-20,VM29,,INTERPLATE,INTERPLATE/VM29/pre-pro-VM291203.201.npz,data/preprocessed/INTERPLATE/VM29/pre-pro-VM291203.201.npz,327623,876453f0c013c4205ec0edc33689e3a63c16587cfee33e3c8db3b8aea7437398,7.5,321.0,14.82,2.44,-8.677059,-3.3693051,-98.531,16.254,ref_CU,Ztor,original_table,False,16000,,,False,True,True,False,119.90862653326369,0.589297758140623
2003-01-22__VM29,2003-01-22,VM29,,INTERPLATE,INTERPLATE/VM29/pre-pro-VM2920030122020634.npz,data/preprocessed/INTERPLATE/VM29/pre-pro-VM2920030122020634.npz,300115,b0de7c55a3340e92832607497eba4a04b7d7e78a7551a916bfc9bc91a3f9302c,7.5,507.0,19.79,2.52,-8.677059,-3.3693051,-103.9,18.86,ref_CU,Ztor,original_table,False,14580,,,False,True,True,False,83.33848400513745,0.6897532424795717
2014-04-18__VM29,2014-04-18,VM29,,INTERPLATE,INTERPLATE/VM29/pre-pro-VM2920140418142723.npz,data/preprocessed/INTERPLATE/VM29/pre-pro-VM2920140418142723.npz,315780,85a292f53cdc9599d93763144c529aef85f0d695523896598fdd895a992fefe4,7.3,298.0,7.54,2.37,-8.677059,-3.3693051,-101.055,17.375,ref_CU,Ztor,original_table,False,15360,,,False,True,True,False,134.87008543875635,0.5208197063925376
2014-05-08__VM29,2014-05-08,VM29,,INTERPLATE,INTERPLATE/VM29/pre-pro-VM2920140508170016.npz,data/preprocessed/INTERPLATE/VM29/pre-pro-VM2920140508170016.npz,265927,9503e671173adb48db4f11359d805a8e9e9a06e105754fc1dba2dc286cf0ca9d,6.5,278.0,17.14,2.29,-8.677059,-3.3693051,-100.74,17.36,ref_CU,Ztor,original_table,False,12960,,,False,True,True,False,96.17143855102148,0.5935960169412547
2014-05-10__VM29,2014-05-10,VM29,,INTERPLATE,INTERPLATE/VM29/pre-pro-VM2920140510073601.npz,data/preprocessed/INTERPLATE/VM29/pre-pro-VM2920140510073601.npz,273287,2f02b5007540dbfec5b225a3cc0e4f37f8b481e53ff7cdf25d4ce0c2bc4e60c5,6.1,292.0,18.48,2.29,-8.677059,-3.3693051,-100.82,17.31,Rhyp,Ztor,original_table,False,13500,,,False,True,True,False,77.76003739133591,0.6808273308240532
2018-02-16__VM29,2018-02-16,VM29,,INTERPLATE,INTERPLATE/VM29/pre-pro-VM2920180216233938.npz,data/preprocessed/INTERPLATE/VM29/pre-pro-VM2920180216233938.npz,220596,9a691e2f2a0219c1ac72983acaca37abf040561b3c3ca37fbd7243ebea6498de,7.2,343.0,7.49,2.25,-8.677059,-3.3693051,-98.03,16.25,ref_CU,Ztor,original_table,False,10936,,,False,True,True,False,39.11207540773242,0.7999689285136172
2021-09-08__VM29,2021-09-08,VM29,,INTERPLATE,INTERPLATE/VM29/pre-pro-VM2920210908014746.npz,data/preprocessed/INTERPLATE/VM29/pre-pro-VM2920210908014746.npz,303236,daae25a33b421ea1c1a3345ee6d047db2db330fcc9dee065cf433f004028ae89,7.1,263.0,8.33,2.27,-8.677059,-3.3693051,-99.93,16.78,ref_CU,Ztor,original_table,False,15000,,,False,True,True,False,120.7574646904651,0.5530977214371596
2022-09-19__VM29,2022-09-19,VM29,,INTERPLATE,INTERPLATE/VM29/pre-pro-VM2920220919180509.npz,data/preprocessed/INTERPLATE/VM29/pre-pro-VM2920220919180509.npz,302551,a3d09f7589e5c892fcbf1af21ed4d6e6ca5471e2a4a4822f894495278346afa9,7.7,408.0,7.32,2.27,-8.677059,-3.3693051,-103.29,18.22,ref_CU,Ztor,original_table,False,15000,,,False,True,True,False,94.89044091656672,0.6486320043080548
2022-09-22__VM29,2022-09-22,VM29,,INTERPLATE,INTERPLATE/VM29/pre-pro-VM2920220922061609.npz,data/preprocessed/INTERPLATE/VM29/pre-pro-VM2920220922061609.npz,243945,120d5ce89b64c0e1b5c4bf7cf7456f4b148baeee221d6e679371501462529e50,6.8,460.0,6.23,2.22,-8.677059,-3.3693051,-103.12,18.05,ref_CU,Ztor,original_table,False,12000,,,False,True,True,False,92.93344252959491,0.5712215441100169
2022-12-11__VM29,2022-12-11,VM29,,INTERPLATE,INTERPLATE/VM29/pre-pro-VM2920221211143130.npz,data/preprocessed/INTERPLATE/VM29/pre-pro-VM2920221211143130.npz,247232,b5494401f7439d1e7aa79ca78c61671c2ff4dab2fef25990b284501f9a53122c,6.0,297.0,11.44,2.2,-8.677059,-3.3693051,-100.63,17.13,Rhyp,Ztor,original_table,False,12150,,,False,False,False,False,65.06650694968093,0.704054821478755
2026-01-02__VM29,2026-01-02,VM29,,INTERPLATE,INTERPLATE/VM29/pre-pro-VM2920260102135815.npz,data/preprocessed/INTERPLATE/VM29/pre-pro-VM2920260102135815.npz,229484,5a49105eb456bb6977ca966d9ed89abc2f1cb3c5aebbb95b0332075f4e8c0931,6.5,285.0,10.82,2.22,-8.677059,-3.3693051,-99.41,16.77,ref_CU_prefix,Ztor,original_table,False,11520,,,False,True,True,False,59.92810001823688,0.7063211799557146
1989-04-25__VM29,1989-04-25,VM29,,INTERPLATE,INTERPLATE/VM29/pre-pro-VM298904.251.npz,data/preprocessed/INTERPLATE/VM29/pre-pro-VM298904.251.npz,204978,ebcc29aa282f63013430d0d08a6e019b95a3e15b81ae8adced08a196e2016225,6.9,296.0,16.26,3.0,-8.677059,-3.3693051,-99.4,16.603,ref_CU,Ztor,original_table,False,10368,,,False,True,True,False,44.313588718984136,0.756972750252363
1990-05-31__VM29,1990-05-31,VM29,,INTERPLATE,INTERPLATE/VM29/pre-pro-VM299005.311.npz,data/preprocessed/INTERPLATE/VM29/pre-pro-VM299005.311.npz,398742,c17dd8f27430630afa9e0eb4f29ef09418a33e19d55fa7c87520dcaf93f60c62,6.1,308.0,15.11,2.88,-8.677059,-3.3693051,-100.893,17.106,Rhyp,Ztor,original_table,True,10126,,,True,True,True,True,40.46961354739298,0.7740768517423492
1995-10-09__VM29,1995-10-09,VM29,,INTERPLATE,INTERPLATE/VM29/pre-pro-VM299510.091.npz,data/preprocessed/INTERPLATE/VM29/pre-pro-VM299510.091.npz,785839,995a206e2cad5a5f04152f47e660783d06b6cf39e7697957f1a606e00bfdc675,8.0,455.0,19.05,2.65,-8.677059,-3.3693051,-104.67,18.74,ref_fallback_MT50,Ztor,original_table,False,19200,,,False,True,True,False,112.49128747131032,0.6819270002083601
1996-07-15__VM29,1996-07-15,VM29,,INTERPLATE,INTERPLATE/VM29/pre-pro-VM299607.151.npz,data/preprocessed/INTERPLATE/VM29/pre-pro-VM299607.151.npz,596185,d3bef8a0b24c1e28ffd271795a4c97d79fa7d61906d6338cef0589e03b188e6d,6.6,306.0,15.89,2.74,-8.677059,-3.3693051,-101.1,17.4,ref_PA34,Ztor,original_table,True,14580,,,True,True,True,True,88.54342954980942,0.6690954871447439
1997-07-19__VM29,1997-07-19,VM29,,INTERPLATE,INTERPLATE/VM29/pre-pro-VM299707.192.npz,data/preprocessed/INTERPLATE/VM29/pre-pro-VM299707.192.npz,206287,2ca90d1ff19a82051cf47034ae919e9af248e923f0a48a10632b81dde2f4921f,6.7,398.0,11.92,2.74,-8.677059,-3.3693051,-98.35,15.86,ref_any_AE02,Ztor,original_table,True,10368,,,True,False,False,False,23.108193889291783,0.8737464137611769
1998-02-03__VM29,1998-02-03,VM29,,INTERPLATE,INTERPLATE/VM29/pre-pro-VM299802.031.npz,data/preprocessed/INTERPLATE/VM29/pre-pro-VM299802.031.npz,216625,ca4c52700a701e81d70491322a88243fa51a932deb3f250b4c91bd9b30cea1ab,6.3,504.0,18.43,2.71,-8.677059,-3.3693051,-96.37,15.69,Rhyp,Ztor,original_table,True,10800,,,True,False,False,False,29.86193527158545,0.8454910991277206
2000-08-09__XO36,2000-08-09,XO36,,INTERPLATE,INTERPLATE/XO36/pre-pro-XO360008.091.npz,data/preprocessed/INTERPLATE/XO36/pre-pro-XO360008.091.npz,317866,2a00673a03b3c1603c8665cea753ed244ca21af4c86105577ec988080288c806,6.5,366.0,25.97,3.39,-5.42725,-12.063298,-102.66,17.99,ref_CU,Ztor,original_table,False,15360,,,False,True,True,False,95.91790936014888,0.6625816675690404
2012-03-20__XO36,2012-03-20,XO36,,INTERPLATE,INTERPLATE/XO36/pre-pro-XO361203.201.npz,data/preprocessed/INTERPLATE/XO36/pre-pro-XO361203.201.npz,391010,8623d150a5b388c8031c663943a0f34472fe4951faa22274861773afc61b2599,7.5,309.0,14.82,3.39,-5.42725,-12.063298,-98.531,16.254,ref_CU,Ztor,original_table,False,18750,,,False,True,True,False,127.05269220342882,0.6365769673814965
2003-01-22__XO36,2003-01-22,XO36,,INTERPLATE,INTERPLATE/XO36/pre-pro-XO3620030122020634.npz,data/preprocessed/INTERPLATE/XO36/pre-pro-XO3620030122020634.npz,353312,e418c8e3b862192286e0631535ffffd7713a261d2134ef3990a2bbf17140bb10,7.5,508.0,19.79,3.3,-5.42725,-12.063298,-103.9,18.86,ref_CU,Ztor,original_table,False,17280,,,False,True,True,False,105.00888707626842,0.6670190034364903
2014-04-18__XO36,2014-04-18,XO36,,INTERPLATE,INTERPLATE/XO36/pre-pro-XO3620140418142723.npz,data/preprocessed/INTERPLATE/XO36/pre-pro-XO3620140418142723.npz,360820,34b9a872dffbc9d2ae3339e9751b417fb449c4d305c5ba466065083d2230abff,7.3,291.0,7.54,3.3,-5.42725,-12.063298,-101.055,17.375,ref_CU,Ztor,original_table,False,17280,,,False,True,True,False,128.90529544701852,0.6000580328037649
2014-05-08__XO36,2014-05-08,XO36,,INTERPLATE,INTERPLATE/XO36/pre-pro-XO3620140508170016.npz,data/preprocessed/INTERPLATE/XO36/pre-pro-XO3620140508170016.npz,369925,8f2f24dfae858e28dd1a46af45a8b585d9dfea3e8134d1c7162d1e259535f500,6.5,270.0,17.14,3.23,-5.42725,-12.063298,-100.74,17.36,ref_CU,Ztor,original_table,False,18000,,,False,True,True,False,125.61951378638628,0.6197956604528261
2018-02-16__XO36,2018-02-16,XO36,,INTERPLATE,INTERPLATE/XO36/pre-pro-XO3620180216233938.npz,data/preprocessed/INTERPLATE/XO36/pre-pro-XO3620180216233938.npz,327818,e89ee4ca81936ddcba4de58349d84a717539c570221342d82271093ece7e0b3c,7.2,331.0,7.49,3.26,-5.42725,-12.063298,-98.03,16.25,ref_CU,Ztor,original_table,False,16000,,,False,True,True,False,72.94967121786019,0.7505738324687654
2021-09-08__XO36,2021-09-08,XO36,,INTERPLATE,INTERPLATE/XO36/pre-pro-XO3620210908014746.npz,data/preprocessed/INTERPLATE/XO36/pre-pro-XO3620210908014746.npz,424912,ed3695bfab286c46c9ed7aa1a93f9da44a1cb1006da37753cf332fe78f70b6a0,7.1,252.0,8.33,3.36,-5.42725,-12.063298,-99.93,16.78,ref_CU,Ztor,original_table,False,20250,,,False,True,True,False,146.289618745514,0.6150475797444503
2022-09-19__XO36,2022-09-19,XO36,,INTERPLATE,INTERPLATE/XO36/pre-pro-XO3620220919180509.npz,data/preprocessed/INTERPLATE/XO36/pre-pro-XO3620220919180509.npz,362110,5e1b06dad094d8dd8b7c1d44ad1bb86b3178fea18e8f9145c0ccd7a23e1bb153,7.7,407.0,7.32,3.23,-5.42725,-12.063298,-103.29,18.22,ref_CU,Ztor,original_table,False,17280,,,False,True,True,False,125.42516903049312,0.6117468842888311
2022-09-22__XO36,2022-09-22,XO36,,INTERPLATE,INTERPLATE/XO36/pre-pro-XO3620220922061609.npz,data/preprocessed/INTERPLATE/XO36/pre-pro-XO3620220922061609.npz,266905,c8b5dbcb693f9ad72f545371ae2d0709ce26ffc503f07b53e4de6ae984828fe3,6.8,459.0,6.23,3.18,-5.42725,-12.063298,-103.12,18.05,ref_CU,Ztor,original_table,False,13122,,,False,True,True,False,90.35796907108768,0.619240786013705
2022-12-11__XO36,2022-12-11,XO36,,INTERPLATE,INTERPLATE/XO36/pre-pro-XO3620221211143130.npz,data/preprocessed/INTERPLATE/XO36/pre-pro-XO3620221211143130.npz,327058,6d9e78db30024ac9362defc945cc657ff42225cf3dd8c20d1085590617df5443,6.0,288.0,11.44,3.23,-5.42725,-12.063298,-100.63,17.13,Rhyp,Ztor,original_table,False,16000,,,False,False,False,False,70.00868677051429,0.7601374352605123
2026-01-02__XO36,2026-01-02,XO36,,INTERPLATE,INTERPLATE/XO36/pre-pro-XO3620260102135815.npz,data/preprocessed/INTERPLATE/XO36/pre-pro-XO3620260102135815.npz,307184,b292895f365fb85c57dd3ca1a6340c898f71d8f57a1cb7c7470ef677e5ff23be,6.5,273.0,10.82,3.2,-5.42725,-12.063298,-99.41,16.77,ref_CU_prefix,Ztor,original_table,False,15000,,,False,True,True,False,107.67159494593083,0.6067078388942146
1990-05-31__XO36,1990-05-31,XO36,,INTERPLATE,INTERPLATE/XO36/pre-pro-XO369005.311.npz,data/preprocessed/INTERPLATE/XO36/pre-pro-XO369005.311.npz,177118,ba8a7298f1c2e1b464aa1591f32e32514f5fa139496411169127a8add351ee96,6.1,300.0,15.11,3.51,-5.42725,-12.063298,-100.893,17.106,Rhyp,Ztor,original_table,True,9000,,,True,True,True,False,17.30712150634824,0.8899668033164967
1996-07-15__XO36,1996-07-15,XO36,,INTERPLATE,INTERPLATE/XO36/pre-pro-XO369607.151.npz,data/preprocessed/INTERPLATE/XO36/pre-pro-XO369607.151.npz,249962,8942a1af66fc2c3ffddab38cecccb8bcfc2ff3b2da5b87a2c93582d92659aa03,6.6,299.0,15.89,3.51,-5.42725,-12.063298,-101.1,17.4,ref_PA34,Ztor,original_table,True,12288,,,True,True,True,False,20.07335472052736,0.9100132033867064
1997-07-19__XO36,1997-07-19,XO36,,INTERPLATE,INTERPLATE/XO36/pre-pro-XO369707.192.npz,data/preprocessed/INTERPLATE/XO36/pre-pro-XO369707.192.npz,245571,4c4b262a8cf46a40a6de73e6f0e8a57339fed192484d329ae5092d1bbec87621,6.7,386.0,11.92,3.62,-5.42725,-12.063298,-98.35,15.86,ref_any_AE02,Ztor,original_table,True,12150,,,True,False,False,False,29.1267823865563,0.867249521960912
1998-02-03__XO36,1998-02-03,XO36,,INTERPLATE,INTERPLATE/XO36/pre-pro-XO369802.031.npz,data/preprocessed/INTERPLATE/XO36/pre-pro-XO369802.031.npz,233012,3ff051bb705a05d5fc6b477c2c17592c9213b6ddabe7f69a2d0cb021d4c47209,6.3,493.0,18.43,3.33,-5.42725,-12.063298,-96.37,15.69,Rhyp,Ztor,original_table,True,11520,,,True,True,True,True,32.0220671986724,0.8459292378816763
2012-03-20__XP06,2012-03-20,XP06,,INTERPLATE,INTERPLATE/XP06/pre-pro-XP061203.201.npz,data/preprocessed/INTERPLATE/XP06/pre-pro-XP061203.201.npz,310993,eeb48566a2480ee27031e510f6d72e576f5acbf67fa3b4792b7b9404a8a8f8eb,7.5,326.0,14.82,2.39,-9.984001,0.5712561,-98.531,16.254,ref_CU,Ztor,original_table,False,15360,,,False,True,True,False,102.09590555933876,0.6321133411669835
2003-01-22__XP06,2003-01-22,XP06,,INTERPLATE,INTERPLATE/XP06/pre-pro-XP0620030122020634.npz,data/preprocessed/INTERPLATE/XP06/pre-pro-XP0620030122020634.npz,227636,9e318e447d051e9c1b419b39c3c6b89e312aa6e4147f39a885c0bf9db7c23718,7.5,506.0,19.79,2.65,-9.984001,0.5712561,-103.9,18.86,ref_CU,Ztor,original_table,True,11520,,,True,True,True,True,43.27378798736916,0.7864183012320756
2014-04-18__XP06,2014-04-18,XP06,,INTERPLATE,INTERPLATE/XP06/pre-pro-XP0620140418142723.npz,data/preprocessed/INTERPLATE/XP06/pre-pro-XP0620140418142723.npz,305578,4909891542a3a68a80197d6831077d4e20effa31e5c5d3f73d8a1ba69feb57a4,7.3,301.0,7.54,2.48,-9.984001,0.5712561,-101.055,17.375,ref_CU,Ztor,original_table,False,15000,,,False,True,True,False,109.03166929644638,0.5998544139149795
2014-05-08__XP06,2014-05-08,XP06,,INTERPLATE,INTERPLATE/XP06/pre-pro-XP0620140508170016.npz,data/preprocessed/INTERPLATE/XP06/pre-pro-XP0620140508170016.npz,273644,35698969fc57b8de1b6becab5830548e75de45cc4694b38436959fbccd3066e3,6.5,281.0,17.14,2.44,-9.984001,0.5712561,-100.74,17.36,ref_CU,Ztor,original_table,False,13500,,,False,True,True,False,102.09097313890896,0.580666338869182
2014-05-10__XP06,2014-05-10,XP06,,INTERPLATE,INTERPLATE/XP06/pre-pro-XP0620140510073601.npz,data/preprocessed/INTERPLATE/XP06/pre-pro-XP0620140510073601.npz,204070,4f9b7e35e88d272492bda610c63e830d07e84dacd63703ebd86760e3ba5f1330,6.1,295.0,18.48,2.42,-9.984001,0.5712561,-100.82,17.31,Rhyp,Ztor,original_table,True,10240,,,True,True,True,True,59.8016332644373,0.669750202869244
2018-02-16__XP06,2018-02-16,XP06,,INTERPLATE,INTERPLATE/XP06/pre-pro-XP0620180216233938.npz,data/preprocessed/INTERPLATE/XP06/pre-pro-XP0620180216233938.npz,238538,5941e75bf4710fb7700942cf52934e3af13b28de1f2863691a0928d7486f8681,7.2,348.0,7.49,2.27,-9.984001,0.5712561,-98.03,16.25,ref_CU,Ztor,original_table,True,12000,,,True,True,True,True,33.449088765361864,0.8421691654538674
2021-09-08__XP06,2021-09-08,XP06,,INTERPLATE,INTERPLATE/XP06/pre-pro-XP0620210908014746.npz,data/preprocessed/INTERPLATE/XP06/pre-pro-XP0620210908014746.npz,282069,e8bba4be1c4c1280ca68a4257aa592d84c04cfa252f6f10e8c616a400a02c646,7.1,267.0,8.33,2.22,-9.984001,0.5712561,-99.93,16.78,ref_CU,Ztor,original_table,False,13824,,,False,True,True,False,92.28529239357366,0.6321683112376991
2022-09-19__XP06,2022-09-19,XP06,,INTERPLATE,INTERPLATE/XP06/pre-pro-XP0620220919180509.npz,data/preprocessed/INTERPLATE/XP06/pre-pro-XP0620220919180509.npz,271648,ea83220f291ee639a947cf9e0df3150b94638c06e6772fbd08432e1ef73d53d6,7.7,408.0,7.32,2.22,-9.984001,0.5712561,-103.29,18.22,ref_CU,Ztor,original_table,False,13500,,,False,True,True,False,62.31563391659918,0.7422843924044699
2022-09-22__XP06,2022-09-22,XP06,,INTERPLATE,INTERPLATE/XP06/pre-pro-XP0620220922061609.npz,data/preprocessed/INTERPLATE/XP06/pre-pro-XP0620220922061609.npz,251920,bb3743a2f135e0749edbfbab34bbe1623fa2ef893514f2d052c1bdb155dd6950,6.8,461.0,6.23,2.37,-9.984001,0.5712561,-103.12,18.05,ref_CU,Ztor,original_table,False,12500,,,False,True,True,False,83.28692901842558,0.6282663288621934
2022-12-11__XP06,2022-12-11,XP06,,INTERPLATE,INTERPLATE/XP06/pre-pro-XP0620221211143130.npz,data/preprocessed/INTERPLATE/XP06/pre-pro-XP0620221211143130.npz,550737,615c0208d019f7c204181156f49954432d9b9b71e0b7edf65af2c496799474a1,6.0,300.0,11.44,2.29,-9.984001,0.5712561,-100.63,17.13,Rhyp,Ztor,original_table,False,25920,,,False,False,False,False,33.43913364363959,0.9321280879198676
2026-01-02__XP06,2026-01-02,XP06,,INTERPLATE,INTERPLATE/XP06/pre-pro-XP0620260102135815.npz,data/preprocessed/INTERPLATE/XP06/pre-pro-XP0620260102135815.npz,249806,7ccae277ea5f9b0c54583a3777e94c4c4884a9dd617b1145bfdc3d98b3c33823,6.5,290.0,10.82,2.22,-9.984001,0.5712561,-99.41,16.77,ref_CU_prefix,Ztor,original_table,False,12288,,,False,True,True,False,87.41527059969644,0.6068750197890967
1989-04-25__XP06,1989-04-25,XP06,,INTERPLATE,INTERPLATE/XP06/pre-pro-XP068904.251.npz,data/preprocessed/INTERPLATE/XP06/pre-pro-XP068904.251.npz,204696,01d569d5445bc0c5c9d0ac2bdf30538d523f51466973e0c324356680bee116b8,6.9,300.0,16.26,2.88,-9.984001,0.5712561,-99.4,16.603,ref_CU,Ztor,original_table,True,10240,,,True,True,True,False,45.61918702905717,0.7492762460617908
1990-05-31__XP06,1990-05-31,XP06,,INTERPLATE,INTERPLATE/XP06/pre-pro-XP069005.311.npz,data/preprocessed/INTERPLATE/XP06/pre-pro-XP069005.311.npz,61399,4d82723ae116335bc6dfd845da21b955bb7b0053c66afe28e236224fef5fceb7,6.1,311.0,15.11,2.91,-9.984001,0.5712561,-100.893,17.106,Rhyp,Ztor,original_table,True,3840,,,True,False,False,False,2.328313348283181,0.956406789959124
1993-05-15__XP06,1993-05-15,XP06,,INTERPLATE,INTERPLATE/XP06/pre-pro-XP069305.152.npz,data/preprocessed/INTERPLATE/XP06/pre-pro-XP069305.152.npz,121419,2d582508eda7f9401f9c21dab5cbbcf2810a5e78160c16e9751a5c6f2b70103a,5.9,331.0,35.38,2.6,-9.984001,0.5712561,-98.72,16.47,Rhyp,Ztor,original_table,True,6562,,,True,False,False,False,13.84499423520657,0.8708248345287687
1995-10-09__XP06,1995-10-09,XP06,,INTERPLATE,INTERPLATE/XP06/pre-pro-XP069510.091.npz,data/preprocessed/INTERPLATE/XP06/pre-pro-XP069510.091.npz,284442,a3b37982c5c9443e6eaa02b8d8bde18d6563236f5901bd171d18784f8d55a2ce,8.0,455.0,19.05,2.76,-9.984001,0.5712561,-104.67,18.74,ref_fallback_MT50,Ztor,original_table,True,14400,,,True,True,True,False,56.44865588412506,0.7777786950471417
1997-07-19__XP06,1997-07-19,XP06,,INTERPLATE,INTERPLATE/XP06/pre-pro-XP069707.192.npz,data/preprocessed/INTERPLATE/XP06/pre-pro-XP069707.192.npz,182637,1aacbcb30b69f5c15cd7cb9c18e8d2367fa5310417ee52215c5184593fb3cb79,6.7,403.0,11.92,2.54,-9.984001,0.5712561,-98.35,15.86,ref_any_AE02,Ztor,original_table,True,9376,,,True,False,False,False,21.47789695044241,0.8680232459724566
1998-02-03__XP06,1998-02-03,XP06,,INTERPLATE,INTERPLATE/XP06/pre-pro-XP069802.031.npz,data/preprocessed/INTERPLATE/XP06/pre-pro-XP069802.031.npz,154240,551c41bc7bd990b64de2a25fc58a157f206f5642d19897168d5042989f26300d,6.3,508.0,18.43,2.71,-9.984001,0.5712561,-96.37,15.69,Rhyp,Ztor,original_table,True,8000,,,True,False,False,False,1.7895149310911052,0.9869130105960868
