record_id,D5H_s,major_status,intermediate_status,incomplete_start_original,incomplete_end_original,d5_95_eligible,energy_end_recovered,min_end97p5_margin_s,max_t97p5_frac,manual_complete,PGAH_RMS20_Gal
2000-07-21__AE02,86.37221601812976,observed_censored,observed_censored,False,True,True,False,30.194101348502286,0.8023040571694998,True,10.284863605488669
2007-04-13__AE02,79.06065109863613,observed_censored,observed_censored,False,True,True,False,16.649469568827328,0.8892619250493693,True,10.89358694104142
2009-05-22__AE02,40.20551944954208,observed_censored,observed_censored,False,True,True,False,18.06817429958352,0.8014922621447647,True,22.33708069326787
2006-08-11__AE02,73.17650380758987,observed_censored,observed_censored,False,True,False,False,4.242644037206745,0.9653407071545892,True,5.101869325937328
2008-04-28__AE02,79.62571105121681,observed_censored,observed_censored,False,True,False,False,6.9453099323335294,0.939857032106568,True,5.046049518727488
2011-12-11__AE02,119.13104843393327,observed_censored,observed_censored,False,True,True,False,130.6689308122349,0.5915064061140587,True,21.077283699126696
2013-06-16__AE02,59.48065631508505,observed_complete,observed_complete,False,False,True,False,79.44609255670417,0.5761292612884588,True,22.873416143163567
2017-09-08__AE02,149.43725702893786,observed_complete,observed_complete,False,False,True,False,167.5318439192991,0.6159992575426353,True,34.72528248173687
2023-12-07__AE02,57.692492381655775,observed_complete,observed_complete,False,False,True,False,81.24446346283088,0.5663029762300172,True,11.457288938891368
2025-01-12__AE02,195.8470951914773,observed_complete,observed_complete,False,False,False,False,56.80202536297344,0.8303606935761156,False,3.548860419810448
1994-05-23__AE02,66.76844379828216,observed_censored,observed_censored,True,True,False,False,6.565446070485052,0.9282543320895524,False,7.266702461589143
1997-01-11__AE02,118.89420074342658,observed_censored,observed_censored,True,True,True,False,34.50336858200188,0.828971108446506,True,21.82143813030569
1997-05-22__AE02,90.69810738579886,observed_censored,observed_censored,True,True,False,False,20.94829665974112,0.8601021994140435,False,5.819340129761208
1998-04-20__AE02,89.88130193297181,observed_censored,observed_censored,True,True,False,False,6.329101593991084,0.953714336741326,False,3.6067432943038193
1999-06-15__AE02,135.23665910542917,observed_censored,observed_censored,False,True,True,False,61.06001878567997,0.762514025959006,True,29.989837929603272
1999-06-21__AE02,74.78064109096937,observed_censored,observed_censored,True,True,False,False,3.3051760567678343,0.9701537289437616,False,5.681025112633122
1999-09-30__AE02,192.2015331004041,observed_censored,observed_censored,False,True,True,False,83.19824315330004,0.7699799746936686,True,23.300377726975057
2000-07-21__AL01,55.13056098966891,observed_censored,observed_censored,False,True,True,False,49.56402815724773,0.6406320464236679,True,12.695418004492204
2007-04-13__AL01,73.31421066169614,observed_censored,observed_censored,False,True,True,False,60.217371015119696,0.6605846686293735,True,16.711169290411238
2009-05-22__AL01,43.62694606950598,observed_complete,observed_complete,False,False,True,False,69.24242772252225,0.525964073919886,True,19.30465221581694
2006-02-20__AL01,50.7212023110946,observed_censored,observed_censored,False,True,False,False,8.660309731662295,0.9004905235934472,False,2.140840574279864
2006-08-11__AL01,73.80818178978481,observed_censored,observed_censored,True,True,True,False,38.86143022345279,0.760926298225452,True,6.455033249582351
2008-04-28__AL01,66.61490374835692,observed_censored,observed_censored,False,True,True,False,33.76438393856526,0.7579787546515285,True,6.662944691515052
2012-11-15__AL01,60.83084392241349,observed_censored,observed_censored,False,True,True,False,32.12607661297271,0.7296695000591323,True,10.19356911435638
2013-06-16__AL01,45.47515496685932,observed_complete,observed_complete,False,False,True,False,91.29388817903204,0.4560011430161361,True,27.54747679256173
2017-09-08__AL01,87.87288201964247,observed_complete,observed_complete,False,False,True,False,89.08985192336058,0.6516934399743507,True,25.05535544864601
2023-12-07__AL01,41.82452678915404,observed_complete,observed_complete,False,False,True,False,68.90757298422447,0.5445331946313406,True,13.841495409321409
2025-01-12__AL01,84.2789147879777,observed_complete,observed_complete,False,False,False,False,38.39456429319401,0.7985277625376817,False,3.627901841003664
1994-05-23__AL01,60.6576940473677,observed_censored,observed_censored,True,False,True,False,60.97357684852778,0.5989372041799133,True,9.970795466741082
1997-01-11__AL01,84.28147480634038,observed_complete,observed_complete,False,False,True,False,82.60981084667108,0.6525495842586175,True,17.31721673366815
1997-05-22__AL01,85.5278514311006,observed_censored,observed_censored,True,True,True,False,41.77191969287966,0.7564461565338484,True,5.642671812348531
1998-04-20__AL01,69.32752123063034,observed_complete,observed_complete,False,False,True,False,28.15103628899536,0.795451144130824,True,4.6214910787993615
1999-06-15__AL01,90.89386474497384,observed_complete,observed_complete,False,False,True,False,90.99787118445757,0.6055746556956458,True,28.361815660954303
1999-09-30__AL01,96.2613910520006,observed_complete,observed_complete,False,False,True,False,113.81233269065731,0.5774006917896987,True,24.440843051355923
2000-07-21__AO24,45.02371745377314,observed_censored,observed_censored,False,True,True,False,35.9751412271773,0.6595842048904494,True,11.177838760908834
2007-04-13__AO24,47.14610480335453,observed_censored,observed_censored,False,True,True,False,16.306803922715616,0.8487870556128003,True,10.276667471895207
2009-05-22__AO24,30.650056289090777,observed_censored,observed_censored,False,True,True,False,12.809113102838277,0.8281117404342689,True,17.333635325368434
2008-04-28__AO24,52.370271043402006,observed_censored,observed_censored,False,True,False,False,8.259905940697905,0.9163553828790084,True,4.729425559390015
2012-11-15__AO24,59.469926782274825,observed_censored,observed_censored,False,True,True,False,64.27141401702578,0.6042644294253693,True,7.00358629824872
2013-06-16__AO24,39.222673134579765,observed_complete,observed_complete,False,False,True,False,66.22044897249103,0.4884476711279178,True,20.9580642216712
2017-09-08__AO24,73.461398198801,observed_censored,observed_censored,False,True,True,False,127.399976464626,0.5447562034496123,True,25.93153464894632
2023-12-07__AO24,35.80382999879889,observed_complete,observed_complete,False,False,True,False,109.47793527492748,0.3797986898089311,True,16.25887847954455
2025-01-12__AO24,90.68720196952717,observed_complete,observed_complete,False,False,False,False,9.034704184569762,0.9533981318173532,False,1.885437016523466
1994-12-10__AO24,54.66797673696672,observed_censored,observed_censored,True,True,True,False,14.699078106946828,0.8708454607947735,True,9.350242153209113
1997-01-11__AO24,56.94837852256335,observed_censored,observed_censored,True,True,True,False,18.592263658753453,0.8572351711682911,True,10.530044296197062
1998-04-20__AO24,55.13689256581524,observed_censored,observed_censored,False,True,True,False,17.59721338011957,0.8404459753366618,True,4.007741514270984
1999-06-15__AO24,63.501785312741184,observed_complete,observed_complete,False,False,True,False,62.08099820618574,0.6440717910435401,True,26.639340820698525
1999-06-21__AO24,63.89093326621872,observed_censored,observed_censored,True,True,False,False,1.1803503354046114,0.989317129736586,False,4.317829862844433
1999-09-30__AO24,82.23378846504257,observed_censored,observed_censored,False,True,True,False,63.04047513426349,0.6810338234453376,True,16.283058056026018
2000-07-21__AP68,48.31267238785769,observed_censored,observed_censored,False,True,True,False,17.709360934926153,0.826616791316564,True,18.460455517444608
2007-04-13__AP68,96.43010726143385,observed_censored,observed_censored,False,True,True,False,17.683853208735144,0.8848407579530142,True,10.662541170595471
2006-08-11__AP68,83.68852820841947,observed_censored,observed_censored,False,True,False,False,2.4252529801097324,0.9796299934477596,True,5.371581228929887
2008-04-28__AP68,69.09509283321327,observed_censored,observed_censored,False,True,False,False,5.810678044473221,0.9450162940530544,True,6.079242298772628
2011-12-11__AP68,98.13667413917986,observed_censored,observed_censored,False,True,True,False,27.15846072495552,0.8383424956847886,True,20.79682479666637
2012-11-15__AP68,98.50360977926854,observed_censored,observed_censored,False,True,True,False,18.10793603387026,0.8764469430003394,True,8.2801891771037
2013-06-16__AP68,43.90386606918425,observed_censored,observed_censored,False,True,False,False,9.068198890111034,0.8800185381038498,True,25.10132809446269
2017-09-08__AP68,133.63697290340428,observed_complete,observed_complete,False,False,True,False,76.16633290687344,0.7278899185206908,True,33.91842471304668
2023-12-07__AP68,65.99068246747505,observed_complete,observed_complete,False,False,True,False,55.4830819698248,0.6754995790746006,True,20.01297047828032
2025-01-12__AP68,143.53888809301384,observed_complete,observed_complete,False,False,False,False,10.925260231951256,0.9506202927369436,False,3.4277881750309547
1994-05-23__AP68,53.51169164102277,observed_censored,observed_censored,True,True,False,False,2.09017119878186,0.9697646289775516,False,8.494939245610283
1994-12-10__AP68,95.77140434712892,observed_censored,observed_censored,True,True,False,False,14.991139681001757,0.8860769079641176,False,11.800140685885204
1997-01-11__AP68,99.45708780889348,observed_censored,observed_censored,True,True,True,False,17.872192598035355,0.8806451676370017,True,21.29098496035016
1997-05-22__AP68,85.74482845714478,observed_censored,observed_censored,True,True,True,False,14.744864311022807,0.8921686096897556,True,6.14856567957226
1998-04-20__AP68,78.16134359516636,observed_censored,observed_censored,True,True,False,False,5.551026655959504,0.949873337042085,True,3.75755956041408
1999-06-15__AP68,113.49324394826267,observed_complete,observed_complete,False,False,True,False,82.54447754577805,0.6545822590878434,True,30.777372155439327
1999-06-21__AP68,76.92393463892428,observed_censored,observed_censored,True,True,False,False,5.237348292267868,0.9576745733613392,True,6.033665625494504
1999-09-30__AP68,112.8559769020447,observed_censored,observed_censored,False,True,True,False,65.1051797819961,0.7407097862041655,True,29.5643538823568
2023-12-07__AR14,79.40928158260851,observed_complete,observed_complete,False,False,True,False,44.48574602378338,0.7493195873786579,True,9.31513846215243
2025-01-12__AR14,104.08447758956468,observed_complete,observed_complete,False,False,False,False,38.15030555344106,0.8368459754803017,False,3.941550429302045
2000-07-21__AU11,83.9556387312759,observed_complete,observed_complete,False,False,True,False,56.12485997782039,0.6780908518622288,True,12.867986325448411
2007-04-13__AU11,159.9582786048176,observed_censored,observed_censored,True,True,True,False,47.85431492153191,0.8193836009755353,True,7.096941938089064
2009-05-22__AU11,55.45527291462744,observed_censored,observed_censored,False,True,True,False,34.15475860390734,0.7486032783460376,True,13.874334818018909
2006-08-11__AU11,112.4747670514911,observed_censored,observed_censored,True,True,False,False,5.076074700644796,0.968524370926739,False,4.086527147449445
2008-04-28__AU11,96.38445316638428,observed_censored,observed_censored,True,True,True,False,17.625271933714117,0.8907095434134426,True,4.535158545251533
2011-12-11__AU11,138.06257426440712,observed_complete,observed_complete,False,False,True,False,97.610255402208,0.6700684285881089,True,13.646843691067454
2012-11-15__AU11,149.4779671232857,observed_complete,observed_complete,False,False,True,False,96.2261872233488,0.6763765816124679,True,5.7575068208905416
2013-06-16__AU11,85.19233835627332,observed_complete,observed_complete,False,False,True,False,115.14256145352806,0.5276590168867045,True,16.156926908954226
2023-12-07__AU11,100.21629491957373,observed_complete,observed_complete,False,False,True,False,72.38487998053861,0.6565693410801413,True,8.091687160155969
2025-01-12__AU11,187.4430905721144,observed_complete,observed_complete,False,False,False,False,80.75002399995174,0.7769213105697781,False,3.731367502754628
1994-05-23__AU11,140.6258316862617,observed_censored,observed_censored,True,True,True,False,41.764480020636086,0.8245779569025702,True,5.36939773929562
1994-12-10__AU11,145.37900265017214,observed_censored,observed_censored,False,True,True,False,72.02484707830698,0.7473787412636983,True,9.790865967603832
1997-01-11__AU11,111.40288502306912,observed_complete,observed_complete,False,False,True,False,82.70746026295973,0.7126616861347981,True,18.933467944732435
1997-05-22__AU11,120.0350389284612,observed_censored,observed_censored,True,True,False,False,4.8769357602458285,0.9695172463263588,False,4.224703672661075
1998-04-20__AU11,76.5242915157718,observed_censored,observed_censored,True,True,False,False,4.40127830640958,0.9580630937931436,False,2.536473199478085
1999-06-15__AU11,157.8248584858088,observed_censored,observed_censored,True,False,True,False,71.58529272755936,0.7416439557977502,True,21.257927565694057
1999-06-21__AU11,89.2221693588463,observed_censored,observed_censored,True,True,False,False,4.085180388120122,0.9641367712393984,False,3.4339289939580206
2007-04-13__AU46,52.776149632446646,observed_censored,observed_censored,False,True,True,False,18.385538648393137,0.8306104786401959,True,8.926669251827276
2009-05-22__AU46,31.96065516800957,observed_censored,observed_censored,False,True,True,False,31.592195942857515,0.6561954952349819,True,18.30139322436047
2006-08-11__AU46,65.77197590829977,observed_censored,observed_censored,False,True,False,False,12.664884033760115,0.8956678142041344,True,3.733098534471367
2008-04-28__AU46,61.55513471673562,observed_censored,observed_censored,False,True,True,False,16.85353402380575,0.8526531384524764,True,4.091915785800774
2011-12-11__AU46,61.09326996488944,observed_censored,observed_censored,False,True,True,False,65.13303767907747,0.5949689840241436,True,15.259124414199972
2012-11-15__AU46,65.68334886593262,observed_censored,observed_censored,False,True,True,False,44.65383613141769,0.6882368489044356,True,5.04464206286357
2013-06-16__AU46,31.426340689092523,observed_complete,observed_complete,False,False,True,False,74.9392263588523,0.4444831255830075,True,20.078938525653907
2017-09-08__AU46,90.89698259871749,observed_censored,observed_censored,False,True,True,False,99.33898563971697,0.6330970059474905,True,18.43165781155689
2023-12-07__AU46,30.303249334825374,observed_complete,observed_complete,False,False,True,False,106.73926460260358,0.3666077343780941,True,17.01619258276661
2025-01-12__AU46,78.07488331551907,observed_complete,observed_complete,False,False,False,False,4.881871145996939,0.9655624213741753,False,2.0094763574857777
1994-05-23__AU46,49.97041524468062,observed_censored,observed_censored,True,True,True,False,21.38197383090997,0.7944040977797118,True,6.654069516332833
1994-12-10__AU46,56.51303012703169,observed_censored,observed_censored,True,True,True,False,12.259877196962194,0.882150560444466,True,7.235683972202145
1997-01-11__AU46,56.46966138605194,observed_censored,observed_censored,False,True,True,False,10.530292207542828,0.8806495272861518,True,9.103704748206717
1998-04-20__AU46,58.4784702177212,observed_censored,observed_censored,True,True,True,False,14.584699151110923,0.8682978223667065,True,4.074478993155503
1999-06-15__AU46,51.75591150115918,observed_censored,observed_censored,False,True,True,False,62.35827338865354,0.6036214506187799,True,27.52442699842153
2000-07-21__BA49,82.5868207350385,observed_censored,observed_censored,False,True,True,False,37.19386831990181,0.7873785610249711,True,13.096228860620188
2007-04-13__BA49,106.27737150274685,observed_complete,observed_complete,False,False,True,False,59.83352403522534,0.7225690915044961,True,14.03313721429532
2009-05-22__BA49,62.29987055669725,observed_complete,observed_complete,False,False,True,False,50.70923945763006,0.6784245072126954,True,11.46405407145696
2006-02-20__BA49,70.58059690135862,observed_censored,observed_censored,True,True,False,False,5.241895948288359,0.9431156164049012,False,1.7868922247728405
2006-08-11__BA49,77.11512082580397,observed_censored,observed_censored,True,True,False,False,2.433944779768183,0.9781414927726252,False,1.908095491499325
2008-04-28__BA49,98.270842216627,observed_censored,observed_censored,True,True,True,False,54.92353549254187,0.7080864443659747,True,6.178477411092174
2011-12-11__BA49,108.38960513217192,observed_complete,observed_complete,False,False,True,False,126.19214105918088,0.5333821141133676,True,18.050156653714453
2012-11-15__BA49,100.5862251025542,observed_complete,observed_complete,False,False,True,False,98.9611459816596,0.5878851206360738,True,7.72289177585352
2013-06-16__BA49,67.7580196438913,observed_complete,observed_complete,False,False,True,False,68.23776014678891,0.6402290285928776,True,24.4215274802361
2017-09-08__BA49,116.61101198364337,observed_censored,observed_censored,False,True,True,False,310.10032061289326,0.3930550367711319,True,47.80890931408055
2023-12-07__BA49,91.29505668054836,observed_censored,observed_censored,False,True,True,False,111.89379773515326,0.533075455954126,True,9.463534589345691
2025-01-12__BA49,125.6741630083355,observed_complete,observed_complete,False,False,False,False,84.1390389250613,0.7070469728593667,False,6.914057375852855
1994-05-23__BA49,138.8792421824201,observed_censored,observed_censored,True,False,True,False,57.93496286097951,0.7647215608309799,True,8.514932444340324
1994-12-10__BA49,112.34053867120473,observed_complete,observed_complete,False,False,True,False,56.45092598065085,0.7462765698204376,True,14.123527156812775
1997-01-11__BA49,121.35125741538842,observed_complete,observed_complete,False,False,True,False,48.10966153346792,0.7946926917873601,True,23.705499810677725
1997-05-22__BA49,80.82445590037743,observed_censored,observed_censored,True,True,True,False,21.666332253282576,0.8782174568417594,True,10.018997220690936
1998-04-20__BA49,84.3923178167527,observed_censored,observed_censored,True,True,True,False,16.927118978983074,0.8752331467606467,True,4.728941135205517
1999-06-15__BA49,126.63045812639147,observed_complete,observed_complete,False,False,True,False,123.40253756397664,0.5914229130749376,True,34.380122167453464
1999-06-21__BA49,134.46615650551544,observed_censored,observed_censored,True,True,True,False,23.19944608203241,0.8775302429286153,True,6.419981666409051
1999-09-30__BA49,115.80285855645356,observed_complete,observed_complete,False,False,True,False,100.17653709451142,0.64936458839863,True,41.02612887040827
2000-07-21__BL45,69.29723974342043,observed_censored,observed_censored,False,True,True,False,65.5965288705891,0.6250234151508326,True,12.798990818606768
2007-04-13__BL45,78.83380217678945,observed_complete,observed_complete,False,False,True,False,51.95608400433801,0.7334218368171472,True,12.923338013806276
2009-05-22__BL45,42.4722348048786,observed_complete,observed_complete,False,False,True,False,55.78309454852774,0.5796300335453825,True,17.646431593728416
2006-02-20__BL45,55.13976933046735,observed_censored,observed_censored,True,True,False,False,2.9098764148714054,0.9627273419383706,False,1.7733598554557437
2008-04-28__BL45,76.10272788131992,observed_censored,observed_censored,False,True,True,False,23.97564789056369,0.8407780057739163,True,5.490399855358247
2012-11-15__BL45,84.75535422567691,observed_censored,observed_censored,False,True,True,False,54.494229680934026,0.694949453196742,True,8.25607876179602
2013-06-16__BL45,55.96630846795932,observed_complete,observed_complete,False,False,True,False,59.041940626905,0.6270485716195755,True,25.98764232257829
2017-09-08__BL45,103.64598149826608,observed_complete,observed_complete,False,False,True,False,111.58038393593417,0.6073878116258474,True,30.314679341692383
2025-01-12__BL45,109.03069580628171,observed_complete,observed_complete,False,False,False,False,30.494113644334902,0.8855283094548034,False,4.41554650358706
1994-05-23__BL45,95.22322075440496,observed_censored,observed_censored,True,False,True,False,62.62078299188096,0.6824825930844693,True,9.220531896639091
1994-12-10__BL45,90.17063380685386,observed_complete,observed_complete,False,False,True,False,106.42391557912768,0.5852213127323732,True,12.482902240775369
1997-01-11__BL45,94.58561125126332,observed_complete,observed_complete,False,False,True,False,72.07772459736032,0.6835504034887812,True,20.76129802868017
1997-05-22__BL45,91.60918349245384,observed_censored,observed_censored,True,True,True,False,29.973665289698232,0.8265312501319623,True,5.456556466196004
1998-04-20__BL45,69.35628625918575,observed_censored,observed_censored,True,True,True,False,27.889182315813983,0.7924757622158347,True,4.385626384426718
1999-06-15__BL45,94.32169473533692,observed_censored,observed_censored,False,True,True,False,119.80977499013328,0.5503142476818178,True,24.786701398759444
1999-06-21__BL45,82.38461921378395,observed_censored,observed_censored,True,True,True,False,29.67151352226753,0.8202924503526889,True,6.737812554535564
1999-09-30__BL45,116.8513611483772,observed_complete,observed_complete,False,False,True,False,95.9047884755966,0.6550311554419028,True,30.32814442269668
2007-04-13__BO39,110.13927691880944,observed_censored,observed_censored,False,True,True,False,63.30574497128728,0.7267888957261781,True,9.358902026420068
2009-05-22__BO39,72.9689292786085,observed_complete,observed_complete,False,False,True,False,83.71986252871677,0.5749613518367428,True,8.857111950311845
2006-02-20__BO39,59.55475664144618,observed_censored,observed_censored,True,True,False,False,4.836365090321451,0.9380509146878256,False,1.5581775356485543
2006-08-11__BO39,118.1043505667984,observed_censored,observed_censored,True,True,True,False,48.07176875639294,0.7777644641653509,True,6.811126821903723
2008-04-28__BO39,97.18101101966816,observed_censored,observed_censored,True,True,True,False,34.56491977977467,0.801430919861121,True,5.094533006227978
2012-11-15__BO39,93.66305781921216,observed_complete,observed_complete,False,False,True,False,82.52631542200263,0.6474891485968023,True,7.220820710262888
2013-06-16__BO39,81.38421450301568,observed_complete,observed_complete,False,False,True,False,82.26838380393053,0.6204982756530559,True,16.711504267668964
2017-09-08__BO39,105.34529546385453,observed_complete,observed_complete,False,False,True,False,79.3518374008097,0.6942125726365714,True,44.77306317723415
2023-12-07__BO39,256.2931293782416,observed_censored,observed_censored,True,True,False,False,8.599131436823768,0.9712394011946092,False,0.5527031562986282
2025-01-12__BO39,95.98851324027343,observed_censored,observed_censored,False,True,False,False,17.613547722036458,0.8974525633323448,False,3.780013081112058
1994-05-23__BO39,119.1236108553364,observed_censored,observed_censored,True,True,True,False,42.1035995785854,0.7918033942610622,True,7.054439819238914
1994-12-10__BO39,83.18082444877898,observed_censored,observed_censored,False,True,True,False,134.3902481339402,0.5325068767734367,True,25.077114019560305
1997-01-11__BO39,97.25016766672113,observed_censored,observed_censored,False,True,True,False,87.48391464078108,0.645706531777742,True,25.274321898716263
1997-05-22__BO39,96.49939049774886,observed_censored,observed_censored,True,False,True,False,50.31351063191156,0.720635698878892,True,6.639034937822798
1999-06-15__BO39,114.15044061625508,observed_complete,observed_complete,False,False,True,False,68.18426902303219,0.7072631417523949,True,26.411342701377
1999-06-21__BO39,91.9292652909528,observed_censored,observed_censored,True,True,True,False,41.79256369004449,0.7716752420779912,True,8.078533891304799
1999-09-30__BO39,107.78173946773896,observed_censored,observed_censored,False,True,True,False,105.93599104853864,0.6380545943641162,True,36.617816328353726
2000-07-21__CA59,100.35761418342628,observed_complete,observed_complete,False,False,True,False,46.04032106979605,0.7581026581737191,True,12.41260437082718
2007-04-13__CA59,118.59010442169296,observed_censored,observed_censored,False,True,True,False,55.90814293037835,0.7500530090737735,True,8.026865736276081
2006-08-11__CA59,116.77849247969986,observed_censored,observed_censored,True,True,True,False,31.664118899207523,0.8339671810644039,True,5.453254243516338
2008-04-28__CA59,102.72794071371356,observed_censored,observed_censored,True,True,False,False,28.14909418720427,0.8358749099923953,False,4.187885088467088
2011-12-11__CA59,111.35435735758006,observed_complete,observed_complete,False,False,True,False,62.65543515111531,0.7280343990315334,True,13.50505314260152
2012-11-15__CA59,109.67413454709246,observed_complete,observed_complete,False,False,True,False,101.0628498346944,0.622646367580112,True,6.063294930526359
2013-06-16__CA59,89.60065094515446,observed_complete,observed_complete,False,False,True,False,61.8366657736897,0.6900573115448363,True,13.303523689387603
2017-09-08__CA59,128.2872084303075,observed_complete,observed_complete,False,False,True,False,149.71979880311756,0.5914875885317393,True,24.488565439679405
2023-12-07__CA59,73.77649758101985,observed_complete,observed_complete,False,False,True,False,61.91522206180136,0.6816698094508927,True,10.18175663181275
2025-01-12__CA59,113.07255316502396,observed_complete,observed_complete,False,False,False,False,56.73257433288427,0.7995598702201658,False,3.96879788729546
1994-05-23__CA59,124.69485528522917,observed_censored,observed_censored,True,False,True,False,52.72421219949692,0.7624393430679601,True,7.834327701917005
1994-12-10__CA59,102.2451718292666,observed_complete,observed_complete,False,False,True,False,84.41904664598309,0.657848471422271,True,14.339137326993074
1997-01-11__CA59,98.81165019508155,observed_complete,observed_complete,False,False,True,False,92.59351306958744,0.6142740551152367,True,25.154587761537982
1997-05-22__CA59,78.94876750249492,observed_censored,observed_censored,True,True,True,False,31.735390620702987,0.8228953031938,True,9.067532190787537
1998-04-20__CA59,79.02413432835685,observed_censored,observed_censored,True,True,True,False,23.61236233583601,0.8307478866329582,True,4.407197810309415
1999-06-15__CA59,129.31198216675847,observed_complete,observed_complete,False,False,True,False,125.02406502660244,0.5888718677191633,True,22.343680064893807
1999-06-21__CA59,98.4648147691999,observed_censored,observed_censored,True,True,True,False,38.93663925001261,0.8011712237654466,True,7.040428956908818
1999-09-30__CA59,143.17844506390898,observed_complete,observed_complete,False,False,True,False,71.94899907371246,0.7521649303375273,True,22.44269569794629
2000-07-21__CDAO,63.96281317718653,observed_censored,observed_censored,True,True,True,False,25.867346572628463,0.8235755928752663,True,14.232461021417564
2007-04-13__CDAO,54.1317538586635,observed_censored,observed_censored,True,True,False,False,12.452179212318327,0.8654691096335531,False,11.964611842917064
2008-04-28__CDAO,44.869409241672926,observed_censored,observed_censored,True,True,False,False,3.986782108039776,0.9383137535503672,False,5.857022573312049
2009-05-22__CDAO,34.58222123079813,observed_censored,observed_censored,False,True,True,False,12.709176098707516,0.8259732151347732,True,22.35944842983369
1994-05-23__CDAO,89.40662852161742,observed_censored,observed_censored,False,True,True,False,14.30287175452682,0.9036259567783382,True,8.28821086580378
1994-12-10__CDAO,118.81080067160948,observed_censored,observed_censored,True,True,True,False,50.830141960714656,0.7586756779152322,True,16.887415612208915
1997-01-11__CDAO,99.04160783074036,observed_censored,observed_censored,True,True,True,False,17.901930310430387,0.8680868741402227,True,22.63120359586506
1997-05-22__CDAO,65.39639692514596,observed_censored,observed_censored,True,True,False,False,5.89104465066616,0.9315233680034156,False,5.463388240199626
1998-04-20__CDAO,66.05890733639986,observed_censored,observed_censored,True,True,True,False,9.816115311265122,0.8928839446610092,True,4.7289979114405165
1999-06-21__CDAO,98.58205799751546,observed_censored,observed_censored,True,True,True,False,20.74639781423156,0.8699611519729751,True,6.65062354686902
1999-09-30__CDAO,116.64966203938862,observed_complete,observed_complete,False,False,True,False,59.98611480708772,0.7482219735274388,True,35.97771133026325
2000-07-21__CE23,90.07829785342172,observed_censored,observed_censored,True,True,False,False,8.390013583243402,0.9381586674781204,True,3.347524888662998
2007-04-13__CE23,125.27885398653451,observed_censored,observed_censored,True,True,True,False,34.33370634631666,0.828047747051051,True,5.007820604136263
2009-05-22__CE23,62.88064122237156,observed_censored,observed_censored,False,True,True,False,24.51152766528801,0.8095896242889147,True,8.759689627035039
2006-08-11__CE23,118.244607670355,observed_censored,observed_censored,True,True,False,False,16.222871998843374,0.9074829084753728,False,3.388934161811999
2008-04-28__CE23,108.42321607275832,observed_censored,observed_censored,True,True,False,False,17.15419213619583,0.8927795978736431,False,2.733545980351279
2011-12-11__CE23,123.23158950690885,observed_complete,observed_complete,False,False,True,False,129.61230089105322,0.600060784710401,True,8.847310133422468
2012-11-15__CE23,143.69880625213037,observed_censored,observed_censored,False,True,False,False,54.6966753249182,0.781257047290869,True,3.80592915284986
2013-06-16__CE23,90.4442887359704,observed_complete,observed_complete,False,False,True,False,80.09778711997168,0.6459140306795823,True,7.44081005352575
2017-09-08__CE23,135.8894109388337,observed_complete,observed_complete,False,False,True,False,121.633703951938,0.6477754497091536,True,32.30738580452207
2023-12-07__CE23,115.16185813606236,observed_censored,observed_censored,False,True,True,False,83.05576338580914,0.6644618293305492,True,4.88885829794326
2025-01-12__CE23,190.48800679407893,observed_complete,observed_complete,False,False,False,False,38.35308792414804,0.8764477548993362,False,2.976307657156809
1994-05-23__CE23,140.83646163066143,observed_censored,observed_censored,True,True,False,False,13.820133355530205,0.9284931269440152,True,3.117314199995384
1994-12-10__CE23,113.75678458144486,observed_censored,observed_censored,True,False,True,False,67.68425063034164,0.7525527341412582,True,9.450687191945422
1997-05-22__CE23,63.00905522304584,observed_censored,observed_censored,True,True,False,False,4.743802176354947,0.9485208662359744,False,3.2006055929413413
1998-04-20__CE23,64.85332678912214,observed_censored,observed_censored,True,True,False,False,3.7505775999948696,0.9542109925528643,False,2.209114014180108
1999-06-15__CE23,147.7557750710556,observed_censored,observed_censored,True,False,True,False,111.17664536171677,0.6498924724871146,True,16.369761189714662
1999-06-21__CE23,72.35177518946483,observed_censored,observed_censored,True,True,False,False,12.101713799238809,0.8972253605160186,False,4.400848164544811
1999-09-30__CE23,135.17710450858104,observed_complete,observed_complete,False,False,True,False,58.90398706821168,0.7939267175055567,True,19.66370610152275
2000-07-21__CE32,59.91319648328429,observed_censored,observed_censored,False,True,True,False,25.61225423238659,0.7821902012723311,True,11.418739201865272
2007-04-13__CE32,77.97885052420227,observed_censored,observed_censored,False,True,False,False,4.479846311217855,0.964957397440411,True,7.21578584456913
2009-05-22__CE32,35.750408542617286,observed_censored,observed_censored,False,True,True,False,15.915386795735657,0.8266675365308684,True,12.00098092938368
2006-08-11__CE32,77.20598618132536,observed_censored,observed_censored,False,True,False,False,3.255011032105457,0.9710485543706712,False,3.042607259255447
2008-04-28__CE32,63.06298540113298,observed_censored,observed_censored,False,True,False,False,5.131766600087062,0.9482945430721706,False,2.8807333646931093
2011-12-11__CE32,123.31987620595712,observed_complete,observed_complete,False,False,True,False,69.98063934969213,0.7134407299058511,True,10.422458602952888
2013-06-16__CE32,53.71357262526857,observed_censored,observed_censored,False,True,True,False,59.76539246410853,0.6557887895864278,True,18.6479131305484
2017-09-08__CE32,134.14371437166974,observed_complete,observed_complete,False,False,True,False,87.71267316695216,0.705849716063744,True,29.298349489472635
2023-12-07__CE32,79.93810819428599,observed_censored,observed_censored,False,True,True,False,62.62732374519948,0.7472564520553716,True,7.79434401523188
2025-01-12__CE32,198.4756876708103,observed_complete,observed_complete,False,False,False,False,54.37376986243726,0.8479183009469492,False,2.2646604642469854
1994-05-23__CE32,54.86982293119746,observed_censored,observed_censored,True,True,False,False,4.210365084282159,0.945840428553098,False,4.220170809051715
1994-12-10__CE32,68.15673013077456,observed_censored,observed_censored,True,True,False,False,9.099291283653798,0.9105808639578048,False,7.621118487582065
1997-01-11__CE32,103.67145072934504,observed_censored,observed_censored,True,True,True,False,31.236858416341107,0.840007895839269,True,14.12417768730452
1997-05-22__CE32,78.65353469358787,observed_censored,observed_censored,True,True,False,False,11.090721974354809,0.8936039718500115,False,3.4892677744578755
1998-04-20__CE32,84.55878442617241,observed_censored,observed_censored,True,True,False,False,5.322480514577165,0.951937145434557,False,1.8674838307714048
1999-06-15__CE32,121.1733240500597,observed_censored,observed_censored,False,True,True,False,48.54564620392682,0.7963433057686503,True,22.84712784675129
1999-06-21__CE32,76.06008057598251,observed_censored,observed_censored,False,True,False,False,4.900655566829258,0.9515936826666412,False,3.247466274108404
1999-09-30__CE32,163.32296972376784,observed_censored,observed_censored,False,True,True,False,43.03247151175202,0.8522236555228296,True,18.214357513560312
2000-07-21__CH84,39.22149293798216,observed_censored,observed_censored,False,True,True,False,28.249262345101343,0.7195267837063012,True,32.065759853990635
2007-04-13__CH84,48.44325693531151,observed_censored,observed_censored,False,True,True,False,9.830876447641288,0.8999401888280785,True,16.674689362482678
2009-05-22__CH84,29.392806055898912,observed_censored,observed_censored,False,True,False,False,7.8877394473442735,0.8974819411574698,True,18.380655865410503
2006-08-11__CH84,61.91736319652632,observed_censored,observed_censored,False,True,True,False,16.045389290852583,0.8608620422229225,True,5.815200201685927
2008-04-28__CH84,60.857325105098745,observed_censored,observed_censored,False,True,False,False,3.858551592014834,0.9604048066494116,True,4.8237054331778895
2011-12-11__CH84,65.73205631374616,observed_censored,observed_censored,False,True,True,False,86.2481960909525,0.566722615839684,True,20.616612417232787
2012-11-15__CH84,67.2900443623915,observed_censored,observed_censored,False,True,True,False,46.99883282996909,0.7110431427607188,True,7.224640754579785
2013-06-16__CH84,42.77933358021211,observed_complete,observed_complete,False,False,True,False,62.95182195181961,0.5814095222300711,True,35.02558252327682
2017-09-08__CH84,61.41154670530679,observed_complete,observed_complete,False,False,True,False,76.49017543738381,0.6690885769526982,True,42.31808401632222
2023-12-07__CH84,33.26183920018015,observed_complete,observed_complete,False,False,True,False,46.87847935379453,0.5830429658116648,True,22.94586417098263
2025-01-12__CH84,99.86496292536977,observed_complete,observed_complete,False,False,False,False,25.776427991784857,0.8859752809352169,False,2.4447021138074634
1994-05-23__CH84,64.20463437025661,observed_censored,observed_censored,True,True,False,False,0.5332406068005326,0.9944279978390748,True,8.618309109875756
1994-12-10__CH84,61.41546455370147,observed_censored,observed_censored,True,True,False,False,3.136104640087936,0.9727934012311276,False,14.041273417627291
1997-05-22__CH84,69.2405892591385,observed_censored,observed_censored,True,True,False,False,14.16859232264204,0.8791488201753493,False,6.23309722930963
1998-04-20__CH84,71.06424820642816,observed_censored,observed_censored,True,True,False,False,6.471874520660407,0.9415579328096404,False,4.213530611451761
1999-06-15__CH84,63.55510706675803,observed_complete,observed_complete,False,False,True,False,64.10662079160979,0.63744700378006,True,33.89456211046714
1999-06-21__CH84,68.23984213810228,observed_censored,observed_censored,True,True,False,False,5.849762137118532,0.9471757076294156,True,4.300147586300509
1999-09-30__CH84,80.24946263407107,observed_complete,observed_complete,False,False,True,False,57.88476829314273,0.6859379941775122,True,24.78931519959164
2000-07-21__CI05,56.764637613485554,observed_complete,observed_complete,False,False,True,False,78.27974415174988,0.5533380265798414,True,19.06222090668217
2007-04-13__CI05,71.51824540671034,observed_complete,observed_complete,False,False,True,False,56.14361542108682,0.6880043599828463,True,11.429083498569216
2009-05-22__CI05,33.54875352295427,observed_complete,observed_complete,False,False,True,False,55.99312065102504,0.5546558446589912,True,22.56664607018452
2006-02-20__CI05,62.25319459102145,observed_censored,observed_censored,True,True,False,False,12.098165321706546,0.8649607621195832,False,1.724632705949059
2006-08-11__CI05,90.91927135481434,observed_censored,observed_censored,True,True,False,False,6.94271102433396,0.9658851603148052,False,5.517939609474232
2008-04-28__CI05,71.2073061900642,observed_censored,observed_censored,False,True,True,False,27.54250780532449,0.8018524618321979,True,5.7940449318826985
2011-12-11__CI05,65.07346583142396,observed_complete,observed_complete,False,False,True,False,93.37669878013322,0.5304400141801608,True,26.79301654731756
2012-11-15__CI05,78.62729026496292,observed_complete,observed_complete,False,False,True,False,64.01969330997915,0.665151455044829,True,6.450489255906134
2013-06-16__CI05,45.43311946326689,observed_complete,observed_complete,False,False,True,False,83.19729308369728,0.4915212499468447,True,30.18836326033722
2017-09-08__CI05,84.98096688253524,observed_complete,observed_complete,False,False,True,False,98.8636947128032,0.6330635240589273,True,31.03464632861521
2023-12-07__CI05,33.88300981185349,observed_complete,observed_complete,False,False,True,False,88.66362698857225,0.4680607932051101,True,19.430782114843097
2025-01-12__CI05,107.9874713221289,observed_complete,observed_complete,False,False,False,False,21.73606363763324,0.9114187642121068,False,3.3318814401698065
1994-02-23__CI05,96.6978855964275,observed_censored,observed_censored,True,True,False,False,19.37657189569134,0.8759105226020407,False,1.8899806502219605
1994-05-23__CI05,73.29003314209456,observed_complete,observed_complete,False,False,True,False,68.40790252339384,0.6301775779246177,True,8.288297868534924
1997-01-11__CI05,82.06807788218629,observed_complete,observed_complete,False,False,True,False,92.29681532789216,0.608513677774465,True,18.175545309595595
1997-05-22__CI05,99.06056084653984,observed_censored,observed_censored,True,True,True,False,66.59060242716481,0.6808196212090073,True,5.978072863764387
1998-04-20__CI05,70.84640600163334,observed_censored,observed_censored,True,True,True,False,34.54205858353214,0.7841053871462724,True,5.071159707187359
1999-06-15__CI05,80.88752627063546,observed_complete,observed_complete,False,False,True,False,117.40277176065224,0.524482991714485,True,32.07166750423184
1999-06-21__CI05,83.70918654653403,observed_complete,observed_complete,False,False,True,False,59.39298955133566,0.6950608946381083,True,7.168730986486778
1999-09-30__CI05,83.94612874350219,observed_complete,observed_complete,False,False,True,False,86.99066185288078,0.6232049991212337,True,37.76327158909427
2000-07-21__CJ03,61.863288796496526,observed_complete,observed_complete,False,False,True,False,86.64687845032915,0.5557481621701745,True,14.745806601102885
2007-04-13__CJ03,80.39687922235218,observed_complete,observed_complete,False,False,True,False,72.70887646897607,0.6271530871802673,True,12.173066567938932
2009-05-22__CJ03,50.61866101393235,observed_complete,observed_complete,False,False,True,False,48.41641563551181,0.6364588103655818,True,14.028140884058828
2006-02-20__CJ03,65.92915938334424,observed_censored,observed_censored,True,True,False,False,7.606946361843285,0.9150915686812894,False,1.8884974048127643
2006-08-11__CJ03,84.56945681692237,observed_censored,observed_censored,True,False,True,False,48.29559993475567,0.7327600711888244,True,5.862550943323918
2008-04-28__CJ03,75.85105149358677,observed_censored,observed_censored,False,True,True,False,24.81301227119505,0.8204167889469852,True,5.11847167120257
2011-12-11__CJ03,69.48517094857303,observed_complete,observed_complete,False,False,True,False,94.83028545544254,0.5368484226840413,True,24.192051497154235
2012-11-15__CJ03,91.01030886288058,observed_censored,observed_censored,False,True,True,False,81.08317373680666,0.614806775597118,True,5.710498616171071
2013-06-16__CJ03,54.05780368776023,observed_complete,observed_complete,False,False,True,False,59.8094842355291,0.624359475973313,True,24.96962806290974
2017-09-08__CJ03,94.96867102109192,observed_complete,observed_complete,False,False,True,False,99.04825950835784,0.645686784087434,True,29.207498423306827
2023-12-07__CJ03,52.67224141507143,observed_complete,observed_complete,False,False,True,False,94.03091849595168,0.4612026214992455,True,16.65375326700378
2025-01-12__CJ03,108.62373391642802,observed_complete,observed_complete,False,False,False,False,19.88525902440901,0.9161525593506114,False,3.4435562335581853
1994-12-10__CJ03,92.39184010691196,observed_complete,observed_complete,False,False,True,False,74.49243878001653,0.682511022546066,True,11.671413911156108
1997-01-11__CJ03,106.0604089435746,observed_complete,observed_complete,False,False,True,False,87.15849365313662,0.6405390619328716,True,15.219337971179348
1997-05-22__CJ03,110.3215996392468,observed_censored,observed_censored,True,True,True,False,46.087147237032525,0.7735386603261141,True,4.843482789057155
1998-04-20__CJ03,81.17829063385047,observed_censored,observed_censored,True,True,False,False,20.59574490350517,0.8523708343236672,False,2.8133969616993
1999-06-15__CJ03,85.88823009643573,observed_complete,observed_complete,False,False,True,False,98.48868989392574,0.5785678652378018,True,24.11025936387859
1999-06-21__CJ03,66.2168981075163,observed_complete,observed_complete,False,False,True,False,51.93904808562593,0.7001555935479394,True,7.02228542055213
1999-09-30__CJ03,87.12864760859254,observed_complete,observed_complete,False,False,True,False,110.91049021554474,0.5884888311978898,True,28.49776373893464
2000-07-21__CJ04,56.54343451055186,observed_complete,observed_complete,False,False,True,False,32.370355370677586,0.7620876424321801,True,15.43212114864763
2007-04-13__CJ04,79.22836129893807,observed_censored,observed_censored,False,True,True,False,36.387843573485625,0.7662951600932202,True,12.45575680851519
2009-05-22__CJ04,43.24043205224619,observed_censored,observed_censored,False,True,True,False,18.80495601768247,0.7986836953465103,True,14.43561236249653
2006-08-11__CJ04,67.23622549611972,observed_censored,observed_censored,False,True,True,False,12.065101838278409,0.895999466957345,True,5.96099751322691
2008-04-28__CJ04,59.49912119961707,observed_censored,observed_censored,False,True,False,False,1.973727115176743,0.979315372928351,True,5.631903475144839
2011-12-11__CJ04,67.66996143719581,observed_complete,observed_complete,False,False,True,False,78.80802078478456,0.5843458819367903,True,26.994816703105133
2012-11-15__CJ04,89.68592035368923,observed_complete,observed_complete,False,False,True,False,50.00976062754168,0.7149628918350431,True,5.886954170124622
2013-06-16__CJ04,53.40824069592834,observed_complete,observed_complete,False,False,True,False,59.77860130349718,0.6326967661843491,True,26.392657814532026
2017-09-08__CJ04,95.2260464176855,observed_complete,observed_complete,False,False,True,False,99.54704149751092,0.644614467539499,True,29.67902919009638
2023-12-07__CJ04,52.36282388960571,observed_complete,observed_complete,False,False,True,False,91.25612704684828,0.4627568171032128,True,17.212011955697932
2025-01-12__CJ04,108.66753981377154,observed_complete,observed_complete,False,False,False,False,42.58923834543032,0.8220852270639556,False,3.492857857414212
1994-05-23__CJ04,74.87387688383438,observed_censored,observed_censored,True,True,False,False,12.966195465676122,0.8913690058170566,False,7.822759234563845
1994-12-10__CJ04,80.99506963034536,observed_censored,observed_censored,True,True,True,False,26.70274184198989,0.82541522169343,True,11.606108753112636
1997-01-11__CJ04,93.72622438121306,observed_censored,observed_censored,True,True,True,False,16.23125847133099,0.8961132970344919,True,15.3015407346814
1997-05-22__CJ04,109.68117317315514,observed_censored,observed_censored,True,True,False,False,39.2348428118662,0.7990430095683968,False,5.186187512051368
1998-04-20__CJ04,70.31536897662515,observed_censored,observed_censored,True,True,False,False,11.99706809604332,0.8916645467216605,False,3.0453664527446342
1999-06-15__CJ04,84.59763080788251,observed_complete,observed_complete,False,False,True,False,72.25167237547086,0.6416620920722568,True,23.960131074636376
1999-06-21__CJ04,61.85044447005069,observed_censored,observed_censored,True,True,True,False,33.82222740933378,0.7638772171925874,True,7.075802018808744
1999-09-30__CJ04,85.37213447373513,observed_complete,observed_complete,False,False,True,False,72.88299562553038,0.677808250627601,True,28.52626885057128
2007-04-13__CO47,60.3293202133282,observed_censored,observed_censored,True,True,True,False,30.476313424777004,0.7964853861450617,True,5.495311479889781
2009-05-22__CO47,22.628170491273924,observed_complete,observed_complete,False,False,True,False,49.953828509413256,0.5134999171268674,True,22.075717620947948
2006-08-11__CO47,66.11197464090601,observed_censored,observed_censored,True,True,False,False,4.479759120473432,0.9573153013770992,False,2.1400464262411427
2008-04-28__CO47,58.174595026787806,observed_censored,observed_censored,True,True,False,False,29.3741250256598,0.7609333032826582,False,3.4538624025289857
2011-12-11__CO47,60.1062061277505,observed_complete,observed_complete,False,False,True,False,68.90326394540264,0.540583651517518,True,14.862304446602671
2012-11-15__CO47,44.55919421298805,observed_complete,observed_complete,False,False,True,False,45.1434096226814,0.6400047079530988,True,7.417055234909954
2013-06-16__CO47,26.987518930421416,observed_censored,observed_censored,False,True,True,False,94.71440898966844,0.3573455761319823,True,22.317189677562727
2017-09-08__CO47,100.7778729365984,observed_complete,observed_complete,False,False,True,False,75.72872289153364,0.6957830599303675,True,11.112417979753332
2023-12-07__CO47,25.25821831445016,observed_complete,observed_complete,False,False,True,False,134.13041854905777,0.2930830686778867,True,17.42868264349551
2025-01-12__CO47,122.27328215758054,observed_complete,observed_complete,False,False,False,False,17.630103985547464,0.9128861350649892,False,1.0975819564267837
1994-12-10__CO47,69.31365182487346,observed_censored,observed_censored,True,True,True,False,38.88864941050639,0.802705852516329,True,5.939632505195235
1997-01-11__CO47,77.18211830200637,observed_censored,observed_censored,True,True,True,False,39.60082162537918,0.7638168925545465,True,6.611985954149255
1997-05-22__CO47,74.6318524687026,observed_censored,observed_censored,True,True,False,False,17.93287261859612,0.8639697138845777,False,2.5549931395566072
1998-04-20__CO47,58.45743402705708,observed_censored,observed_censored,True,True,False,False,9.416167502888229,0.9044528919037216,False,2.556382786185889
1999-06-15__CO47,49.45197899844485,observed_complete,observed_complete,False,False,True,False,71.7821382278813,0.5692640970424164,True,28.07170066970085
1999-06-21__CO47,58.34773226753452,observed_censored,observed_censored,False,True,False,False,13.813620493178163,0.8693500378967355,False,3.373446133899612
1999-09-30__CO47,72.49815136265777,observed_complete,observed_complete,False,False,True,False,56.21827795613464,0.7126295662417081,True,11.425621994454294
2006-02-20__CO47,42.15975939642376,observed_censored,observed_censored,True,True,False,False,20.02226479252932,0.7435344589147007,False,1.6577044602365012
2000-07-21__CO56,64.53844658610937,observed_censored,observed_censored,False,True,True,False,48.21010055317343,0.7003164011116216,True,19.65610108432154
2007-04-13__CO56,87.33609916026995,observed_censored,observed_censored,False,True,True,False,36.63522958996279,0.7893195146934109,True,11.598843396128231
2009-05-22__CO56,45.707269152620015,observed_censored,observed_censored,False,True,True,False,18.937981368004685,0.7955523980567345,True,15.519940961036022
2006-08-11__CO56,88.44279525852251,observed_censored,observed_censored,False,True,True,False,16.459963893851125,0.8870981281716775,True,6.094971756188622
2008-04-28__CO56,62.55560348971788,observed_censored,observed_censored,False,True,False,False,3.383291113313433,0.966362188175448,True,7.067057961013559
2011-12-11__CO56,72.78643961357966,observed_complete,observed_complete,False,False,True,False,60.62661022232663,0.678884479754626,True,27.951640993935406
2012-11-15__CO56,94.11946079772405,observed_censored,observed_censored,False,True,True,False,29.732238465481487,0.8333955033874174,True,6.7088959951785485
2013-06-16__CO56,60.53105369929545,observed_complete,observed_complete,False,False,True,False,46.25771766851258,0.6949303062157054,True,28.73482103030998
2017-09-08__CO56,97.5215731183704,observed_censored,observed_censored,False,True,True,False,169.11495640833957,0.5116941748957943,True,34.38891133569819
2023-12-07__CO56,54.981673808410704,observed_complete,observed_complete,False,False,True,False,77.71853641808481,0.57125538468536,True,14.34757102956448
2025-01-12__CO56,95.277051482929,observed_complete,observed_complete,False,False,False,False,48.73704717037549,0.7960878324322184,False,3.978317726248248
1994-05-23__CO56,75.46370461746565,observed_censored,observed_censored,True,True,True,False,11.886440071896317,0.8963602748984539,True,9.837561350936422
1994-12-10__CO56,89.05785075132404,observed_censored,observed_censored,True,True,False,False,33.136585095837006,0.8048608144641834,False,18.454579159227023
1997-01-11__CO56,92.07798535721028,observed_complete,observed_complete,False,False,True,False,78.2765876649502,0.6752951936576504,True,21.695580187285344
1997-05-22__CO56,105.2796299326068,observed_censored,observed_censored,True,True,False,False,22.014764367933424,0.8699198512885049,False,6.289715236582361
1998-04-20__CO56,66.47711373279375,observed_censored,observed_censored,True,True,False,False,13.154167794468435,0.8809469834874791,False,5.534239404133398
1999-06-15__CO56,102.75487976073362,observed_complete,observed_complete,False,False,True,False,65.63840504522386,0.7030473894081439,True,27.62043454655788
1999-06-21__CO56,80.93075398469063,observed_censored,observed_censored,True,True,True,False,15.232160719715964,0.8886049384253623,True,8.43023873506914
1999-09-30__CO56,113.03602855175951,observed_complete,observed_complete,False,False,True,False,46.19329161500448,0.7930408081765032,True,43.24263837250977
2023-12-07__CP28,21.76962391457054,observed_complete,observed_complete,False,False,True,False,53.76197518167402,0.4528600123990025,True,12.73268835993858
2025-01-12__CP28,361.2549218263058,observed_censored,observed_censored,False,True,False,False,23.74921903270581,0.957286345510502,False,0.9450649879252534
2023-12-07__CS66,52.43046246259434,observed_complete,observed_complete,False,False,True,False,55.41831813643107,0.6229918151200309,True,14.20124187613298
2025-01-12__CS66,114.576585674125,observed_censored,observed_censored,False,True,False,False,56.53360099766536,0.828173180561174,False,4.212054728474384
1994-05-23__CS78,49.71735417761295,observed_censored,observed_censored,True,True,False,False,8.789211713718132,0.8901348535785234,True,4.849089147223212
1994-12-10__CS78,51.303836367329154,observed_censored,observed_censored,True,True,False,False,7.621337725028425,0.90595585235651,False,4.343550989552909
1997-01-11__CS78,54.45518132352333,observed_censored,observed_censored,True,True,False,False,4.471562298486504,0.9428481301318188,False,5.2901960909474575
1997-05-22__CS78,54.41586080634783,observed_censored,observed_censored,True,True,False,False,8.301104500063758,0.8939020385983671,False,2.187322597955049
1999-06-15__CS78,50.33545285517626,observed_censored,observed_censored,False,True,True,False,47.125835032267176,0.6628812144483355,True,17.10454649217142
1999-06-21__CS78,65.31332538098874,observed_censored,observed_censored,True,True,False,False,21.31070850816764,0.8071254547183669,False,3.407687348708108
1999-09-30__CS78,72.48623333705662,observed_complete,observed_complete,False,False,True,False,48.29686322552817,0.7360971355361555,True,10.890559833739353
2000-07-21__CS78,31.90804882036144,observed_censored,observed_censored,False,True,True,False,26.33619535970536,0.6662079168605152,True,19.42833393159833
2007-04-13__CS78,62.61612966146708,observed_censored,observed_censored,False,True,True,False,22.451880095547992,0.7869840598145352,True,5.527436438143809
2008-04-28__CS78,55.4901065621953,observed_censored,observed_censored,False,True,False,False,23.356884898926864,0.78124112673104,True,3.071097951877426
2009-05-22__CS78,22.362641010398985,observed_complete,observed_complete,False,False,True,False,32.35258946328496,0.5866012079825588,True,11.737708119288426
2023-12-07__CS78,17.908379019818685,observed_complete,observed_complete,False,False,True,False,46.2925400264408,0.477687690099957,True,13.343567787674251
2025-01-12__CS78,357.0625003734855,observed_censored,observed_censored,False,True,False,False,35.44183140685652,0.9368924495524358,False,0.8535942658273186
2011-12-11__CS78,54.18929625986269,observed_censored,observed_censored,False,True,True,False,60.44045372740803,0.560049106657388,True,12.629657782281374
2013-06-16__CS78,25.07138870389604,observed_censored,observed_censored,False,True,True,False,73.45680842171322,0.3848353703901412,True,28.122584416377386
2017-09-08__CS78,101.36810400097,observed_censored,observed_censored,False,True,True,False,78.61365215310548,0.6905218008302281,True,8.05681960734454
1964-07-06__CU,38.12561476580151,observed_censored,observed_censored,True,True,False,False,1.542326302564078,0.9674614704100406,True,17.206744622533385
1993-08-05__CU,68.20529921085567,observed_censored,observed_censored,True,True,False,False,46.99880510234621,0.7369518939813835,False,0.4948503623006939
1994-02-23__CU,101.42592289466836,observed_censored,observed_censored,True,False,False,False,75.40407773582544,0.751943951128938,False,0.9661856091639623
1994-05-06__CU,30.6472809122112,observed_censored,observed_censored,True,True,False,False,0.1304122101393972,0.9972299870403696,False,0.5219736698321628
1994-05-23__CU,53.61212770784214,observed_complete,observed_complete,False,False,True,False,121.195608692032,0.4367186805538575,True,4.786915269089823
1994-12-10__CU,63.907815211153554,observed_complete,observed_complete,False,False,True,False,112.22455526594428,0.5315779478005498,True,4.908481079864437
1997-04-03__CU,42.763653404598045,observed_censored,observed_censored,True,False,False,False,82.25438274777876,0.4711349402187439,False,1.6218142832684572
2000-07-21__CU,35.90448062124302,observed_censored,observed_censored,False,True,True,False,36.07079363268483,0.6201954930644313,True,12.110150146973318
2003-11-19__CU,35.90595153050475,observed_censored,observed_censored,False,True,False,False,3.961173499592178,0.941381947738958,False,1.719353923990182
2006-02-20__CU,48.8342978944539,observed_censored,observed_censored,False,True,False,False,28.72416022649074,0.7357969074090256,False,1.247047508573316
2006-08-11__CU,66.71258377777362,observed_censored,observed_censored,False,True,False,False,27.863869522242965,0.7937690065706242,False,1.8880740404123089
2007-04-13__CU,62.63277106058807,observed_complete,observed_complete,False,False,True,False,37.84807199455598,0.7500127345141613,True,4.446437521667266
2008-04-28__CU,54.23788506679152,observed_complete,observed_complete,False,False,False,False,108.87294847512584,0.4482696575526993,False,2.655978613494546
2009-05-22__CU,21.65340040062836,observed_censored,observed_censored,False,True,True,False,58.91331010926289,0.4818986007452037,True,9.5638657552827
2011-12-11__CU,52.9073783479062,observed_complete,observed_complete,False,False,True,False,80.04795256339199,0.4851228367955748,True,20.150157572730244
2012-11-15__CU,50.73899582943276,observed_censored,observed_censored,False,True,True,False,46.8867084268876,0.641127375224741,True,4.69764137737102
2013-06-16__CU,24.83609204954484,observed_complete,observed_complete,False,False,True,False,59.28344163502058,0.4650474496027741,True,19.047582878643706
2017-09-08__CU,101.51894479222624,observed_censored,observed_censored,False,True,True,False,50.73342949972371,0.7836250714388889,True,8.456766272536687
1997-05-22__CU,62.9708671566332,observed_censored,observed_censored,True,True,False,False,5.861844607033177,0.9362842977496394,False,1.8476366999141085
1998-04-20__CU,57.432784410664986,observed_censored,observed_censored,False,True,False,False,17.965788423910197,0.8484769210587156,True,1.83377561254943
1999-06-15__CU,57.37729913453865,observed_complete,observed_complete,False,False,True,False,53.14618640905513,0.6575985310209312,True,12.051610285014773
1999-06-21__CU,51.03863727718983,observed_censored,observed_censored,False,True,False,False,8.562338684470106,0.9062093208115704,True,2.669064828470501
1999-09-30__CU,86.38983363138288,observed_censored,observed_censored,False,True,True,False,51.4789648983413,0.7343267985511472,True,8.422258470606574
2023-12-07__CU80,69.72625957777028,observed_complete,observed_complete,False,False,False,False,40.71716636051771,0.7417406675090846,False,13.868380812407295
2025-01-12__CU80,102.01440549156663,observed_complete,observed_complete,False,False,False,False,29.63649193995224,0.8604027699484115,False,5.275254468561028
2023-12-07__D270,19.30266822809688,observed_complete,observed_complete,False,False,True,False,78.83643006392288,0.3672838678657875,True,11.776359511319708
2025-01-12__D270,133.99744133412662,observed_complete,observed_complete,False,False,False,False,64.95033483437726,0.7786966001077472,False,0.915327403058361
2000-07-21__DM12,67.526804244222,observed_censored,observed_censored,False,True,True,False,25.14477291404632,0.8099986934105613,True,10.230296566974529
2007-04-13__DM12,88.3145582921526,observed_censored,observed_censored,False,True,True,False,19.08281924095411,0.874231732413141,True,8.546015273783363
2009-05-22__DM12,49.25712097131082,observed_censored,observed_censored,False,True,True,False,15.994833322184178,0.8292427316944146,True,13.542720700507516
2006-08-11__DM12,94.77761041413476,observed_censored,observed_censored,False,True,False,False,10.602263735622444,0.9269615339237912,True,6.864280217275127
2008-04-28__DM12,58.17772896778197,observed_censored,observed_censored,False,True,False,False,4.332059185412817,0.9570274855132148,True,4.899089412823636
2011-12-11__DM12,90.56254847677432,observed_censored,observed_censored,False,True,True,False,51.91367714982198,0.7398984059831556,True,21.07508272405144
2012-11-15__DM12,138.09699730474932,observed_censored,observed_censored,False,True,True,False,57.27075863803418,0.7592148049693749,True,7.294544326271653
2013-06-16__DM12,74.04780105724701,observed_complete,observed_complete,False,False,True,False,89.45725952034131,0.5882668591138155,True,12.348430615704585
2017-09-08__DM12,93.014518698925,observed_complete,observed_complete,False,False,True,False,138.813528627192,0.5854703955947322,True,46.76872334099028
2023-12-07__DM12,66.27987363546404,observed_complete,observed_complete,False,False,True,False,61.75726740639681,0.6571897451768148,True,11.245695679107488
2025-01-12__DM12,104.5748929775644,observed_complete,observed_complete,False,False,False,False,55.47313604590556,0.8040787735893707,False,4.136697270461716
1994-05-23__DM12,89.51654819251284,observed_censored,observed_censored,False,True,True,False,13.02341805024072,0.9034944938848408,True,7.460861205229575
1994-12-10__DM12,125.59798709296548,observed_censored,observed_censored,True,True,False,False,20.0454042121699,0.9049935816286558,False,11.70471569016156
1997-01-11__DM12,85.28401338727579,observed_complete,observed_complete,False,False,True,False,52.99587947721975,0.7454690962143041,True,26.47836774821896
1997-05-22__DM12,121.14226301415562,observed_censored,observed_censored,True,True,False,False,37.74013117882254,0.8187661775892118,False,5.2341830269073535
1998-04-20__DM12,85.5569098276981,observed_censored,observed_censored,True,True,False,False,13.896297501019262,0.911058003705714,True,3.939905050603798
1999-06-15__DM12,121.97289531089046,observed_complete,observed_complete,False,False,True,False,64.65670571771042,0.7418172514566529,True,28.46673884417256
1999-06-21__DM12,71.1911251877469,observed_censored,observed_censored,True,True,False,False,8.669428588217954,0.9260540038534804,True,6.782536805010045
1999-09-30__DM12,133.5897743976275,observed_complete,observed_complete,False,False,True,False,86.11019325722256,0.6979755418707777,True,24.834761788616152
2000-07-21__DR16,40.26289932774673,observed_censored,observed_censored,False,True,True,False,25.695324055305832,0.7472922496527751,True,12.968759320582064
2007-04-13__DR16,48.48248928131657,observed_censored,observed_censored,False,True,True,False,17.33872547028686,0.8397085562513926,True,9.049915941742327
2008-04-28__DR16,55.6595826987852,observed_censored,observed_censored,False,True,False,False,6.627635848632039,0.929101028576893,True,4.145855592650918
2011-12-11__DR16,59.04492917134033,observed_complete,observed_complete,False,False,True,False,59.84022642238642,0.627093996246112,True,12.217148210025927
2013-06-16__DR16,34.672879138938704,observed_complete,observed_complete,False,False,True,False,64.58683017384739,0.4757987973878144,True,18.1153233163467
2017-09-08__DR16,89.93823059155834,observed_censored,observed_censored,False,True,True,False,90.84266695775426,0.6232314422555918,True,11.033316307478644
2023-12-07__DR16,33.06721746914373,observed_complete,observed_complete,False,False,True,False,134.7233166329727,0.3626487054926071,True,11.100279666148955
2025-01-12__DR16,72.42410597938627,observed_complete,observed_complete,False,False,False,False,7.633427855771345,0.9504033015673358,False,1.6658400570531104
1993-08-05__DR16,21.83175387599369,observed_censored,observed_censored,True,True,False,False,0.7126498191944179,0.9758505652594232,False,1.9393147672044184
1994-02-23__DR16,41.6511133547234,observed_censored,observed_censored,True,True,False,False,0.2686040803178358,0.9949214581146184,False,1.2467380450640126
1994-05-23__DR16,57.47016662333677,observed_censored,observed_censored,True,True,True,False,21.911295588344103,0.7899406040806816,True,7.215071972438868
1994-12-10__DR16,30.2801921535534,observed_censored,observed_censored,False,True,True,False,18.615492723276944,0.8018574483951363,True,12.431768244908309
1997-01-11__DR16,56.73762361101509,observed_censored,observed_censored,True,True,True,False,18.21316300824199,0.8355322105089219,True,8.419639968839704
1997-05-22__DR16,62.825974423196215,observed_censored,observed_censored,True,True,False,False,7.474468661360589,0.9117952718744324,False,4.024903885077099
1998-04-20__DR16,59.9347146016434,observed_censored,observed_censored,False,True,False,False,8.695444618738748,0.9157091448358012,True,3.598975882856929
1999-06-15__DR16,56.74019524342228,observed_complete,observed_complete,False,False,True,False,74.0967965198493,0.569279797013025,True,26.38553088346578
1999-06-21__DR16,49.51867494198848,observed_censored,observed_censored,False,True,True,False,16.371522590773168,0.8363175105901502,True,6.593263808718271
1999-09-30__DR16,67.54444793333225,observed_complete,observed_complete,False,False,True,False,51.771595535114045,0.708804794785342,True,14.990160761393712
2000-07-21__DX37,47.90355858646653,observed_complete,observed_complete,False,False,True,False,62.36216511617876,0.5611234377270223,True,12.31726202087099
2007-04-13__DX37,49.993188274853146,observed_censored,observed_censored,False,True,True,False,31.62699246266561,0.8084721585256125,True,13.003807286607977
2009-05-22__DX37,35.988264716187764,observed_complete,observed_complete,False,False,True,False,57.70023666323255,0.5272797258460384,True,20.27341403463699
2006-02-20__DX37,57.30828201102821,observed_censored,observed_censored,True,True,False,False,2.074867795887968,0.976840408573636,False,1.794340110309142
2006-08-11__DX37,58.72799231858204,observed_censored,observed_censored,True,True,True,False,20.155397398744384,0.8654063612771661,True,5.341802240653725
2011-12-11__DX37,50.87935306566196,observed_censored,observed_censored,False,True,True,False,128.8719025184139,0.4003447837773304,True,27.43022213991104
2012-11-15__DX37,58.76993254836029,observed_complete,observed_complete,False,False,True,False,82.60507319918099,0.5331727991004183,True,8.01372310842842
2013-06-16__DX37,29.129153082466743,observed_complete,observed_complete,False,False,True,False,59.41802371130662,0.5004369958692902,True,24.913829018961195
2017-09-08__DX37,72.27142251477622,observed_complete,observed_complete,False,False,True,False,62.17616825273589,0.7199902352950421,True,28.137228489488766
2023-12-07__DX37,30.059734865464257,observed_complete,observed_complete,False,False,True,False,75.87745322471407,0.446352037762028,True,16.570355010608026
2025-01-12__DX37,79.50257889723316,observed_complete,observed_complete,False,False,False,False,24.339035170454626,0.8801741080619603,False,2.680166358966692
1994-02-23__DX37,75.25145146746408,observed_censored,observed_censored,True,True,False,False,10.281263826003084,0.9319256847910808,False,1.6879667499450854
1997-01-11__DX37,59.664384797982855,observed_complete,observed_complete,False,False,True,False,62.4076284937309,0.7079115019482781,True,18.007085314511656
1997-05-22__DX37,79.10915831693953,observed_censored,observed_censored,False,True,True,False,33.27702647441464,0.830288522672304,True,4.875220909053646
1998-04-20__DX37,53.74187914820479,observed_censored,observed_censored,True,True,True,False,23.97283440056381,0.8464756042230944,True,6.067584659386285
1999-06-21__DX37,63.59346598492687,observed_censored,observed_censored,True,True,True,False,26.26338506183692,0.8384288830400682,True,4.417457637801694
1999-09-30__DX37,73.36467342403823,observed_censored,observed_censored,False,True,True,False,108.62631343616565,0.5892601537588504,True,23.277946430804928
2000-07-21__EO30,34.77791707608412,observed_censored,observed_censored,False,True,True,False,34.67753810659535,0.6310507702245415,True,12.182372209231
2007-04-13__EO30,50.86176205890584,observed_censored,observed_censored,False,True,True,False,17.246614847570257,0.8490185166106079,True,6.852593965703594
2009-05-22__EO30,27.17886103687509,observed_censored,observed_censored,False,True,True,False,39.3196407508497,0.5725196700277267,True,16.04422314358015
2011-12-11__EO30,61.30795276639291,observed_complete,observed_complete,False,False,True,False,57.55351236244006,0.5894020663305982,True,17.163068746121183
2012-11-15__EO30,51.24873410827181,observed_censored,observed_censored,False,True,True,False,33.551998425970595,0.7280376231987469,True,5.574451224695542
2013-06-16__EO30,26.74744002999623,observed_censored,observed_censored,False,True,True,False,80.27705496756175,0.3947749173133161,True,20.314229647209284
2017-09-08__EO30,93.41366641893744,observed_censored,observed_censored,False,True,True,False,55.46005569182486,0.7567861435257428,True,13.723808838892117
2023-12-07__EO30,26.785372028713887,observed_complete,observed_complete,False,False,True,False,105.76234497285772,0.364485368508246,True,14.605179771954177
2025-01-12__EO30,313.87656278354,observed_censored,observed_censored,False,True,False,False,25.54828491900196,0.9551988831077018,False,1.22520622156076
1997-01-11__EO30,43.54548674540349,observed_censored,observed_censored,True,True,False,False,3.198237021641617,0.9455526554027645,False,7.040516973965708
1998-04-20__EO30,62.851534444397714,observed_censored,observed_censored,True,True,False,False,15.604708054827768,0.859086978013114,False,3.073556408261475
1999-06-15__EO30,50.08831427678126,observed_censored,observed_censored,False,True,True,False,38.732799669348594,0.7180198043873866,True,30.86933073104462
1999-06-21__EO30,56.65680571163063,observed_censored,observed_censored,True,True,True,False,18.453078428304423,0.8333657357025066,True,4.453501488724956
1999-09-30__EO30,75.51230340559314,observed_censored,observed_censored,True,True,True,False,24.800490523243525,0.8412667017201515,True,13.042499091813388
2000-07-21__ES57,44.58721961271409,observed_complete,observed_complete,False,False,True,False,57.89695348556442,0.5690587756936031,True,9.263607932328435
2007-04-13__ES57,48.99978817513337,observed_censored,observed_censored,False,True,True,False,63.05490801768431,0.5993715736852131,True,7.2836233167076925
2009-05-22__ES57,31.55800789248001,observed_complete,observed_complete,False,False,True,False,52.67925671200407,0.5361516535000083,True,18.207376270309588
2008-04-28__ES57,68.20221662458302,observed_censored,observed_censored,False,True,False,False,12.001675023227904,0.8971931212675355,True,3.854413365874293
2012-11-15__ES57,64.17417186182358,observed_censored,observed_censored,False,True,True,False,21.01222402057592,0.8291827979792219,True,4.75488244739515
2013-06-16__ES57,34.118973415015915,observed_censored,observed_censored,False,True,True,False,64.33397383064586,0.4784859449526114,True,17.773640481977477
2017-09-08__ES57,79.97042060532526,observed_complete,observed_complete,False,False,True,False,85.46568368344131,0.650775615235397,True,18.014396315198738
2023-12-07__ES57,28.414907167922976,observed_complete,observed_complete,False,False,True,False,114.78674514517613,0.3278677529852668,True,13.331855237276471
2025-01-12__ES57,84.79314360220832,observed_complete,observed_complete,False,False,False,False,11.487442045928134,0.928622828097874,False,2.131268393758443
1994-05-23__ES57,61.11517056148462,observed_censored,observed_censored,True,False,True,False,61.13032566189035,0.6167858220794236,True,6.409740398986974
1994-12-10__ES57,58.10119599262268,observed_censored,observed_censored,True,True,True,False,57.34878330760833,0.6951964745808752,True,8.821028498505397
1997-01-11__ES57,72.86402865722066,observed_censored,observed_censored,False,True,True,False,36.77198499347408,0.7761218569651502,True,8.715778872207368
1997-05-22__ES57,73.6481986186342,observed_censored,observed_censored,True,True,False,False,37.48110476734037,0.7497088162448056,True,3.8743979589941335
1998-04-20__ES57,48.661204103650256,observed_censored,observed_censored,False,True,False,False,5.514911227409826,0.9449554723284777,False,3.702507421148381
1999-06-15__ES57,58.491829667412624,observed_complete,observed_complete,False,False,True,False,67.73522606462366,0.612188102229339,True,23.075075835854733
1999-06-21__ES57,53.710731027138245,observed_censored,observed_censored,True,True,True,False,24.745988447416902,0.7777639115633865,True,5.196163131041572
1999-09-30__ES57,64.78367592002932,observed_censored,observed_censored,False,True,True,False,59.08151316866571,0.6881007619444862,True,16.378554171228043
2025-01-12__FJ74,87.61288125876742,observed_complete,observed_complete,False,False,False,False,10.782065057711776,0.9152819591599608,False,0.9595607964233434
2000-07-21__GA62,68.11721405859622,observed_censored,observed_censored,False,True,True,False,37.77274222277615,0.74412178415678,True,14.101970208840283
2007-04-13__GA62,70.39409929950115,observed_censored,observed_censored,False,True,True,False,26.6379746586217,0.8246809618361083,True,13.967154520950194
2006-08-11__GA62,75.63003700664562,observed_censored,observed_censored,False,True,False,False,4.333685315591467,0.9627241930535742,True,4.858657380969804
2008-04-28__GA62,67.06103441361414,observed_censored,observed_censored,False,True,False,False,1.6795398258574892,0.982570155397909,True,4.726411259570612
2011-12-11__GA62,81.86692989571232,observed_censored,observed_censored,False,True,True,False,44.872359679779024,0.7289170562449162,True,19.00759974141481
2013-06-16__GA62,59.34494237432084,observed_complete,observed_complete,False,False,True,False,70.0003426454615,0.5681123973009533,True,23.60923026536808
2017-09-08__GA62,112.91402923316676,observed_complete,observed_complete,False,False,True,False,86.74428223311455,0.6846923694772471,True,24.240833279568022
2023-12-07__GA62,59.824181175921616,observed_complete,observed_complete,False,False,True,False,68.16485475026371,0.6049101330188158,True,10.1276087052985
2025-01-12__GA62,99.00548347522346,observed_complete,observed_complete,False,False,False,False,29.12720578091585,0.8431237906990043,False,4.119775015182336
1994-05-23__GA62,83.23627042681834,observed_censored,observed_censored,True,True,False,False,23.21607096065412,0.8374679994353534,False,6.821516747252537
1994-12-10__GA62,75.26475378535788,observed_censored,observed_censored,True,True,True,False,50.62904658790367,0.6993881570603036,True,15.332746264746865
1997-01-11__GA62,87.5023748786806,observed_censored,observed_censored,False,True,True,False,55.88537283946605,0.7295520091005321,True,19.711089943797194
1997-05-22__GA62,97.52830838298668,observed_censored,observed_censored,True,True,True,False,24.140374779267063,0.857360111207356,True,5.558340301315772
1998-04-20__GA62,68.08514464729694,observed_censored,observed_censored,True,True,True,False,13.967712364669495,0.873869312220792,True,4.354577943290543
1999-06-15__GA62,94.90999726192156,observed_complete,observed_complete,False,False,True,False,68.49048845262453,0.6780100209081635,True,29.25155433391229
1999-06-21__GA62,79.2975749888858,observed_censored,observed_censored,False,True,True,False,28.96592180632115,0.8164739161989409,True,7.094632317462854
1999-09-30__GA62,107.3823035659612,observed_censored,observed_censored,False,True,True,False,102.08477318826591,0.6352421724791298,True,21.74179257183654
2017-09-08__GC38,113.76245797938309,observed_censored,observed_censored,False,True,True,False,127.99806405733509,0.6048222783039979,True,24.240833279568022
2000-07-21__GC38,46.620367296858895,observed_censored,observed_censored,False,True,True,False,15.853146428847566,0.8370694097754618,True,11.601333678613187
2007-04-13__GC38,48.95968697188389,observed_censored,observed_censored,False,True,True,False,19.59196370497036,0.8295165010009541,True,14.456459348393627
2009-05-22__GC38,43.3828997420793,observed_censored,observed_censored,False,True,True,False,16.917891067115022,0.8142524037426985,True,17.519720795466007
2006-08-11__GC38,56.00829775408427,observed_censored,observed_censored,False,True,False,False,8.26299192722405,0.9188390931418912,True,6.193082055887203
2008-04-28__GC38,48.12612894276063,observed_censored,observed_censored,False,True,True,False,9.430755523369156,0.903323879821946,True,6.9061433173224485
2011-12-11__GC38,67.48552439663233,observed_complete,observed_complete,False,False,True,False,92.81906435229511,0.5330328301439095,True,26.627868101644385
2013-06-16__GC38,46.14189657752888,observed_complete,observed_complete,False,False,True,False,60.5835827506574,0.5912038950697882,True,26.13371182403049
2023-12-07__GC38,49.46332862835085,observed_complete,observed_complete,False,False,True,False,122.56800834369496,0.4045761071474619,True,15.83288691267756
2025-01-12__GC38,97.88581597947112,observed_complete,observed_complete,False,False,False,False,21.996766987703893,0.905038995908721,False,3.086705159410213
1994-12-10__GC38,50.49864223296754,observed_censored,observed_censored,True,True,False,False,9.7685602260121,0.875749679140014,False,11.289629684102804
1997-01-11__GC38,67.75271183095792,observed_censored,observed_censored,True,True,True,False,16.199208941980203,0.8756203244626827,True,16.559494915261155
1997-05-22__GC38,71.08906972544078,observed_censored,observed_censored,True,True,True,False,24.651100036740782,0.8107255832559829,True,5.994229335849088
1998-04-20__GC38,71.83913325727542,observed_censored,observed_censored,True,True,False,False,3.750940403769519,0.9661284052395746,True,3.638496071718613
1999-06-15__GC38,70.16574441079234,observed_complete,observed_complete,False,False,True,False,52.904546516188574,0.7038316827174127,True,32.339677622116014
1999-06-21__GC38,55.550555562162494,observed_censored,observed_censored,False,True,True,False,15.49153564247905,0.8578497371767384,True,6.116229025329844
1999-09-30__GC38,83.79016869362557,observed_censored,observed_censored,False,True,True,False,79.71680819159499,0.6420118187911128,True,24.76434406139916
2007-04-13__GR27,52.08673019340205,observed_censored,observed_censored,False,True,True,False,43.19936688423528,0.7532874535452012,True,11.077152962241248
2009-05-22__GR27,34.93424480237974,observed_complete,observed_complete,False,False,True,False,59.91301907515269,0.5349812241916122,True,19.38504640188192
2006-02-20__GR27,52.25586846296759,observed_censored,observed_censored,True,True,False,False,6.360647159647499,0.9319207196869582,False,1.9798382368437235
2006-08-11__GR27,63.063406672198326,observed_censored,observed_censored,True,True,True,False,22.91133407430803,0.8482994499483014,True,5.0490464389422325
2008-04-28__GR27,58.43844552919192,observed_censored,observed_censored,True,True,True,False,41.014761294304805,0.7213481806216129,True,6.372238015206419
2011-12-11__GR27,50.32523615446931,observed_complete,observed_complete,False,False,True,False,89.88838948253246,0.5113699201862771,True,21.221805791209803
2012-11-15__GR27,51.10164910901773,observed_censored,observed_censored,False,True,False,False,4.119921628959531,0.95131267278469,True,8.756412171877106
2013-06-16__GR27,33.09955522373392,observed_censored,observed_censored,False,True,True,False,38.62429974376524,0.6123225961681699,True,24.739082261172005
2017-09-08__GR27,89.78038743735962,observed_complete,observed_complete,False,False,True,False,103.3424159498573,0.6234288672890818,True,13.684406903110244
2023-12-07__GR27,34.56303747583089,observed_complete,observed_complete,False,False,True,False,104.67385632387332,0.3704585534138851,True,15.1574038069909
2025-01-12__GR27,85.34217178601956,observed_complete,observed_complete,False,False,False,False,19.5742809743048,0.8931184832679655,False,2.2277722849940296
1993-08-05__GR27,49.31099847911945,observed_censored,observed_censored,False,True,False,False,8.018583049278831,0.9249126037149656,False,2.1887220607008024
1994-05-23__GR27,62.84497745301662,observed_censored,observed_censored,True,False,True,False,67.17080701952348,0.6302795738687611,True,9.98255799469409
1994-12-10__GR27,52.00244607944534,observed_complete,observed_complete,False,False,True,False,72.0261693748239,0.5838561972797326,True,14.082223778445888
1997-01-11__GR27,67.06866467310003,observed_censored,observed_censored,True,False,True,False,54.2601120722876,0.7067813451916369,True,14.351480557799272
1997-05-22__GR27,73.94830433295199,observed_censored,observed_censored,True,True,True,False,34.554439510495286,0.7857354777051201,True,7.553089011459866
1998-04-20__GR27,62.6588267680074,observed_censored,observed_censored,True,True,False,False,18.85595433773264,0.8707699654736986,False,5.502458692087926
1999-06-15__GR27,59.83293457486297,observed_complete,observed_complete,False,False,True,False,65.65970173055517,0.6196947481578038,True,38.25308541319278
1999-06-21__GR27,65.56867762244816,observed_censored,observed_censored,False,True,True,False,28.96648679184827,0.8148278029032265,True,6.9886949883817024
1999-09-30__GR27,67.41283949777589,observed_complete,observed_complete,False,False,True,False,91.65687099895553,0.5684095164149573,True,23.320591633656523
1994-05-23__HA41,106.20049439088776,observed_censored,observed_censored,True,True,True,False,40.5033746281442,0.8222210655833552,True,9.373486115966084
1994-12-10__HA41,84.097988378498,observed_censored,observed_censored,False,True,True,False,124.13533208802454,0.5313171785546155,True,12.04742722344234
2000-07-21__HJ72,51.370870034477,observed_censored,observed_censored,False,True,True,False,22.82720932959971,0.7936989667455968,True,11.538316185382058
2007-04-13__HJ72,55.97240564048206,observed_censored,observed_censored,False,True,True,False,14.6714130785156,0.8740435003561504,True,13.805876420323855
2009-05-22__HJ72,41.88038239395661,observed_censored,observed_censored,False,True,True,False,21.804257254037665,0.7670982989314499,True,12.609089012272664
2006-08-11__HJ72,66.15653263860608,observed_censored,observed_censored,False,True,False,False,9.229955154352709,0.9158618490943236,True,5.8761592350314125
2008-04-28__HJ72,62.89601846805621,observed_censored,observed_censored,False,True,False,False,5.147459099438493,0.9466363352743262,True,5.886105665431143
2011-12-11__HJ72,68.86479169733164,observed_complete,observed_complete,False,False,True,False,79.64335240337726,0.5840861016064689,True,24.1727266215806
2013-06-16__HJ72,49.44694105644486,observed_complete,observed_complete,False,False,True,False,93.82474383636408,0.4824604565262061,True,19.73851090617105
2017-09-08__HJ72,105.02651798109324,observed_complete,observed_complete,False,False,True,False,119.9437972680455,0.6140680289969256,True,29.578628515930955
2023-12-07__HJ72,46.07249939853204,observed_complete,observed_complete,False,False,True,False,67.03418039741058,0.6088792788528469,True,12.920515558152571
2025-01-12__HJ72,113.49435781214576,observed_complete,observed_complete,False,False,False,False,59.89207393299006,0.784390258719166,False,4.130657032744255
1994-05-23__HJ72,60.08678171174563,observed_censored,observed_censored,False,True,True,False,18.856008675350708,0.8285349761266645,True,12.037765197451709
1994-12-10__HJ72,82.89030622731084,observed_censored,observed_censored,True,True,True,False,24.53129914573175,0.825796767889989,True,17.106488033750004
1997-05-22__HJ72,97.01295881391684,observed_censored,observed_censored,True,True,True,False,38.88389541784568,0.78663358528399,True,7.701309705982103
1998-04-20__HJ72,65.6441715226405,observed_censored,observed_censored,True,True,False,False,8.97079818636692,0.9189922504391644,False,5.101957740793599
1999-06-15__HJ72,99.28203820846024,observed_complete,observed_complete,False,False,True,False,51.85719660095003,0.7418498775340998,True,25.3914291378443
1999-06-21__HJ72,62.388134496703934,observed_censored,observed_censored,True,True,True,False,10.997073898586253,0.9059998811985106,True,9.278013335452275
1999-09-30__HJ72,117.64854257461164,observed_complete,observed_complete,False,False,True,False,48.74123882905903,0.7935130742255495,True,26.00368733608505
2000-07-21__IB22,50.350733681130855,observed_complete,observed_complete,False,False,True,False,59.39633178887222,0.5759525109668578,True,24.77166355102268
2007-04-13__IB22,44.90565880559998,observed_censored,observed_censored,False,True,True,False,15.317684617853928,0.8526153697887624,True,16.5621055532842
2009-05-22__IB22,47.83066232237282,observed_censored,observed_censored,False,True,True,False,18.317463860550543,0.7992826664414799,True,15.61471910649352
2006-08-11__IB22,52.14560603117529,observed_censored,observed_censored,False,True,True,False,9.367429355328127,0.9089922339907888,True,6.744505094307728
2008-04-28__IB22,56.31526285337543,observed_censored,observed_censored,False,True,False,False,9.130498335272948,0.9033502875487144,True,6.122057228443295
2011-12-11__IB22,78.08276231377123,observed_complete,observed_complete,False,False,True,False,56.774287837283694,0.6759828339385704,True,27.1029637599674
2012-11-15__IB22,72.92152819137198,observed_censored,observed_censored,False,True,True,False,30.847373194575468,0.7891931032968259,True,6.785478012470091
2013-06-16__IB22,39.18456849468349,observed_complete,observed_complete,False,False,True,False,64.59352511649207,0.5198935252230409,True,34.90023245020577
2017-09-08__IB22,75.7962857994461,observed_censored,observed_censored,False,True,True,False,155.84147703108073,0.5277817191955617,True,31.089063927916744
2025-01-12__IB22,95.40103363043144,observed_complete,observed_complete,False,False,False,False,28.975200848690207,0.8727092173760479,False,3.304467143003001
1997-05-22__IB22,79.83344500523734,observed_censored,observed_censored,True,True,False,False,40.03120625840327,0.7540174126926185,False,5.759510239176366
1999-06-15__IB22,77.74240783997779,observed_complete,observed_complete,False,False,True,False,65.89004215567579,0.652863167611423,True,20.77134607877804
1999-06-21__IB22,60.72892886336974,observed_censored,observed_censored,True,True,True,False,17.170484600540306,0.8535441436323754,True,4.735776313619154
1999-09-30__IB22,67.00930995767388,observed_censored,observed_censored,False,True,True,False,46.76994380597566,0.7623840684551356,True,29.293350443905904
2023-12-07__IM40,15.115458579907475,observed_complete,observed_complete,False,False,True,False,35.60855661089123,0.5181195397402906,True,13.81052686584344
2025-01-12__IM40,102.74104335303514,observed_complete,observed_complete,False,False,False,False,32.56098218798144,0.8051057509548007,False,0.7123122229335166
2000-07-21__JA43,56.6913868036395,observed_censored,observed_censored,False,True,True,False,42.54261119296859,0.7001190484406401,True,17.979777003470826
2007-04-13__JA43,84.28590423067287,observed_censored,observed_censored,True,True,True,False,13.215185431374865,0.9124995998717153,True,8.87854526748116
2009-05-22__JA43,35.40008911735151,observed_complete,observed_complete,False,False,True,False,65.33719592783903,0.5135706080416986,True,14.753732210899932
2006-02-20__JA43,46.54593720532791,observed_censored,observed_censored,True,True,False,False,16.609223736719677,0.7872521616918192,False,2.1628481780933315
2006-08-11__JA43,90.6515672133308,observed_censored,observed_censored,True,True,False,False,6.416383151268235,0.949868090075254,True,4.69463104845881
2008-04-28__JA43,79.07154314144604,observed_censored,observed_censored,True,True,False,False,8.302924436879465,0.9302451110066414,False,4.465900462196098
2011-12-11__JA43,94.21062493268305,observed_censored,observed_censored,False,True,True,False,88.09979187888175,0.6276109904519328,True,19.56441149897284
2012-11-15__JA43,82.9876236806116,observed_censored,observed_censored,False,True,True,False,38.60162152055264,0.7848293114796396,True,7.78309221017282
2013-06-16__JA43,61.38893194842478,observed_complete,observed_complete,False,False,True,False,48.29123024550712,0.6747408214083174,True,19.44895177259024
2017-09-08__JA43,117.43138850335872,observed_censored,observed_censored,False,True,True,False,142.38586115148894,0.5882421597701303,True,30.494684247911326
2023-12-07__JA43,67.9422057764294,observed_complete,observed_complete,False,False,True,False,97.99148495174111,0.547968055393758,True,12.1940739202367
2025-01-12__JA43,126.2916632970024,observed_complete,observed_complete,False,False,False,False,88.31054946793017,0.8106670894497991,False,3.924539662334908
1994-05-23__JA43,105.50081743642016,observed_censored,observed_censored,True,True,False,False,12.751122136273466,0.9239510816707016,True,8.18911126203348
1994-12-10__JA43,118.76329081707313,observed_censored,observed_censored,False,True,True,False,127.57548282824382,0.588074190509537,True,12.492253836084688
1997-01-11__JA43,96.05104514306431,observed_complete,observed_complete,False,False,True,False,60.63536730332612,0.7229237465576397,True,21.7651064544692
1997-05-22__JA43,84.97918572890362,observed_censored,observed_censored,True,True,False,False,8.878104907606541,0.940202701504637,True,7.067865599317719
1998-04-20__JA43,76.4164701159097,observed_censored,observed_censored,True,True,False,False,7.200878006618211,0.9330213188855156,True,3.932088580665842
1999-06-15__JA43,128.73102691918706,observed_censored,observed_censored,False,True,True,False,97.72063991359482,0.6232094084688845,True,23.519616400411152
1999-06-21__JA43,77.32513637977064,observed_censored,observed_censored,True,True,False,False,9.13626984719356,0.9248600226400728,True,6.210200822222539
1999-09-30__JA43,127.46563597884956,observed_complete,observed_complete,False,False,True,False,61.97337575842013,0.7415299004945567,True,23.98851077643137
2000-07-21__JC54,48.78215029473033,observed_censored,observed_censored,False,True,True,False,52.265318242723495,0.599560847052379,True,21.43331217241388
2007-04-13__JC54,55.42077239744091,observed_censored,observed_censored,False,True,True,False,31.027077639712203,0.7632605093872105,True,14.955832879799893
2009-05-22__JC54,49.58433219319397,observed_censored,observed_censored,False,True,True,False,24.675317454338423,0.756509596858709,True,32.51816546666532
2006-08-11__JC54,59.54264787164503,observed_censored,observed_censored,False,True,False,False,7.651133086116246,0.9260831505543788,True,5.820148657346893
2008-04-28__JC54,70.59811409715434,observed_censored,observed_censored,False,True,True,False,13.573618817443377,0.8875797679522662,True,5.692418953410229
2011-12-11__JC54,63.917125481545725,observed_complete,observed_complete,False,False,True,False,73.29327188856175,0.5808939164652233,True,28.268410445786166
2012-11-15__JC54,63.31384708191343,observed_complete,observed_complete,False,False,True,False,66.31048551731949,0.6144066667597866,True,9.820996276696324
2013-06-16__JC54,48.401642702033904,observed_complete,observed_complete,False,False,True,False,64.89338507187338,0.5706973731683422,True,32.90113113928723
2017-09-08__JC54,80.50068192606264,observed_complete,observed_complete,False,False,True,False,102.00105426746023,0.6079295269547194,True,28.17925931068457
2025-01-12__JC54,70.76872987584788,observed_complete,observed_complete,False,False,False,False,18.248931315256414,0.894288760266139,False,4.132091138653196
1994-05-23__JC54,70.04584502987656,observed_censored,observed_censored,True,True,True,False,25.72873920310279,0.779851636834921,True,11.052709103874594
1994-12-10__JC54,62.58984593090306,observed_censored,observed_censored,True,True,True,False,28.60239917795191,0.7942569473604381,True,14.10214513090824
1997-01-11__JC54,58.44501175115196,observed_censored,observed_censored,True,True,True,False,29.370601176918285,0.7949553115266805,True,21.45903123459571
1997-05-22__JC54,73.805491824063,observed_censored,observed_censored,True,True,True,False,42.9039036471774,0.7253974420943586,True,7.437998948129499
1998-04-20__JC54,63.45292485828986,observed_censored,observed_censored,False,True,True,False,9.677241864192055,0.9143834215324068,True,5.647602215435371
1999-06-15__JC54,65.26033121834199,observed_complete,observed_complete,False,False,True,False,73.70066859170446,0.5917765116223305,True,43.751095406713866
1999-06-21__JC54,55.058212798229135,observed_censored,observed_censored,True,True,True,False,24.906347325676023,0.8087657607058045,True,9.560746308514355
1999-09-30__JC54,74.23602908064785,observed_complete,observed_complete,False,False,True,False,68.10667380294038,0.656356658746958,True,27.47170403357921
2000-07-21__LI33,62.165235028706014,observed_censored,observed_censored,False,True,True,False,32.51752820617048,0.75583775186837,True,10.731848987493958
2009-05-22__LI33,38.17913441441743,observed_complete,observed_complete,False,False,True,False,57.39275804670447,0.5378260746762404,True,20.61196920305657
2013-06-16__LI33,51.74015276176372,observed_complete,observed_complete,False,False,True,False,70.89779019085988,0.555722583087731,True,24.89919383858922
2025-01-12__LI33,89.4865605703782,observed_complete,observed_complete,False,False,False,False,46.65366359622914,0.7671624315205413,False,4.421305034551758
2025-08-02__LI33,101.5109491874466,observed_complete,observed_complete,False,False,False,False,24.494741670703576,0.8698265309523113,False,1.7862029064534757
1994-12-10__LI33,66.79703486927558,observed_complete,observed_complete,False,False,True,False,126.09036934672616,0.5388231251719903,True,19.360703751755427
1997-05-22__LI33,76.63663754705165,observed_censored,observed_censored,True,True,False,False,23.26958468532257,0.8181921659088791,False,5.560477870936149
1999-09-30__LI33,110.30472526670762,observed_complete,observed_complete,False,False,True,False,91.1579047852789,0.6581877656257119,True,28.158561207352616
2000-07-21__LI58,69.35413495573592,observed_censored,observed_censored,False,True,True,False,39.334963179058576,0.7400372534593974,True,15.480859232933888
2007-04-13__LI58,73.19650892490723,observed_censored,observed_censored,False,True,True,False,34.36033760279584,0.76601744907868,True,12.077616947706112
2009-05-22__LI58,40.6826876787902,observed_censored,observed_censored,False,True,True,False,23.88342039784368,0.7444803637761455,True,13.03444925669224
2006-08-11__LI58,82.3561409373136,observed_censored,observed_censored,False,True,False,False,10.139439833126062,0.9277045288190656,True,4.851173867311949
2008-04-28__LI58,81.58928612709641,observed_censored,observed_censored,False,True,False,False,5.231288249797743,0.957060754741872,True,4.577864592728735
2011-12-11__LI58,73.03965399104843,observed_complete,observed_complete,False,False,True,False,68.7873790946362,0.6446749362330896,True,24.79873683095437
2013-06-16__LI58,44.8302727398461,observed_complete,observed_complete,False,False,True,False,96.60439966946385,0.4678029987358757,True,24.16488420143734
2017-09-08__LI58,90.2893763017648,observed_complete,observed_complete,False,False,True,False,106.20181263374334,0.6319465859166753,True,24.859793435078743
2023-12-07__LI58,60.62791882497695,observed_complete,observed_complete,False,False,True,False,75.42511217207927,0.5766914795595507,True,13.376512219597156
2025-01-12__LI58,100.9747060209385,observed_complete,observed_complete,False,False,False,False,53.529370941663984,0.7670204955533427,False,3.6165730657479633
1997-01-11__LI58,91.23997261119356,observed_censored,observed_censored,True,True,True,False,26.758152695631992,0.8629473842674042,True,19.922963613522068
1997-05-22__LI58,87.72920809132867,observed_censored,observed_censored,True,True,False,False,5.2785016783114,0.9594709637721792,False,5.7781647598354775
1998-04-20__LI58,63.54736131678171,observed_censored,observed_censored,False,True,True,False,11.23938741637778,0.8992886432224213,True,4.348369922695363
1999-06-15__LI58,108.82410514649357,observed_complete,observed_complete,False,False,True,False,87.88498284725759,0.6479249144809808,True,28.992816402465664
1999-06-21__LI58,91.55855694040729,observed_censored,observed_censored,False,True,True,False,33.87828530357487,0.7975481934769041,True,7.032908824823276
1999-09-30__LI58,104.2491341636455,observed_complete,observed_complete,False,False,True,False,69.53259122438453,0.7148433758842498,True,31.31402698765913
2000-07-21__LV17,56.40474623341675,observed_complete,observed_complete,False,False,True,False,69.53670461790979,0.5743866775743066,True,11.987574483283163
2007-04-13__LV17,57.85814211512791,observed_complete,observed_complete,False,False,True,False,76.87768533317083,0.6056947974910456,True,13.802227333699417
2006-02-20__LV17,63.80225190388656,observed_censored,observed_censored,True,True,False,False,7.870201374140336,0.9221619881896912,False,2.089345439977904
2006-08-11__LV17,76.14870809082424,observed_censored,observed_censored,True,True,True,False,28.402724013415764,0.8368315964071019,True,7.205265754394014
2008-04-28__LV17,70.87792201443295,observed_censored,observed_censored,True,True,True,False,35.738724395241974,0.7916291613255868,True,6.383389397699008
2011-12-11__LV17,67.75062170802846,observed_complete,observed_complete,False,False,True,False,90.85549928272924,0.5453360392196906,True,18.290707636234018
2012-11-15__LV17,56.54904822897309,observed_censored,observed_censored,False,True,True,False,12.132944021607202,0.8804989262128711,True,9.914200851511282
2013-06-16__LV17,46.90291119138725,observed_complete,observed_complete,False,False,True,False,79.65195720843019,0.5154695710905154,True,23.35354802357033
2017-09-08__LV17,89.35632669466558,observed_complete,observed_complete,False,False,True,False,111.49192244237116,0.5977779774076584,True,21.885614853819582
2025-01-12__LV17,97.41709944716676,observed_complete,observed_complete,False,False,False,False,41.76069482907749,0.8126398903985038,False,3.471125915295324
1994-05-23__LV17,65.96797434029317,observed_complete,observed_complete,False,False,True,False,80.12545078493433,0.5770628092640047,True,11.137636162152418
1994-12-10__LV17,73.34716066136728,observed_complete,observed_complete,False,False,True,False,85.38394886400732,0.593815951362888,True,13.281620380288947
1997-01-11__LV17,68.08639771183348,observed_complete,observed_complete,False,False,True,False,108.32637030141863,0.5234526084885791,True,19.50587022013993
1997-05-22__LV17,74.72510246895347,observed_censored,observed_censored,True,True,True,False,40.35624344636062,0.8041624523396874,True,8.373163476577139
1998-04-20__LV17,56.843366060566304,observed_censored,observed_censored,False,True,True,False,34.16370067292277,0.7975844254477854,True,7.666013140696822
1999-06-15__LV17,82.94310806028788,observed_complete,observed_complete,False,False,True,False,92.23201385334484,0.5963146346281,True,30.28317293269478
1999-09-30__LV17,87.40901584662869,observed_complete,observed_complete,False,False,True,False,94.74223752753204,0.5991443303256525,True,24.04211097479485
2023-12-07__ME52,27.981528928545966,observed_censored,observed_censored,False,True,True,False,21.276929901395505,0.7311482195931829,True,15.111379097824864
2025-01-12__ME52,87.94919341339032,observed_complete,observed_complete,False,False,False,False,11.13603244108603,0.9381949581469308,False,1.9559140479197263
2000-07-21__MI15,50.69213193239927,observed_censored,observed_censored,False,True,True,False,57.14084748406674,0.5986172556612339,True,22.16637510359979
2007-04-13__MI15,68.4934965799447,observed_censored,observed_censored,False,True,True,False,20.365341735783858,0.872871551947415,True,12.743626292239794
2009-05-22__MI15,48.37483808389414,observed_complete,observed_complete,False,False,True,False,68.42761898802407,0.5253356063538841,True,20.13996819266512
2006-08-11__MI15,69.22835775266276,observed_censored,observed_censored,True,True,False,False,0.3751464445876138,0.9975369546018804,True,6.876391383716672
2008-04-28__MI15,61.84575382309623,observed_censored,observed_censored,True,True,True,False,10.626264114319229,0.8862649672019777,True,6.114363946463013
2011-12-11__MI15,59.6659424101708,observed_censored,observed_censored,False,True,True,False,60.96884943693328,0.612477916246531,True,29.04194574965296
2012-11-15__MI15,66.43421788152556,observed_censored,observed_censored,False,True,True,False,36.643334775837886,0.7338127649583184,True,10.297022291794404
2013-06-16__MI15,39.87593631067831,observed_complete,observed_complete,False,False,True,False,44.82961810262485,0.6251077261864455,True,42.8681287830713
2017-09-08__MI15,75.30608640224735,observed_complete,observed_complete,False,False,True,False,94.49167250168978,0.6078695584442471,True,34.28671790577543
2023-12-07__MI15,35.15189879181182,observed_censored,observed_censored,False,True,True,False,45.923052597234005,0.8134043614756247,True,20.827953042812524
1994-02-23__MI15,111.45551243300254,observed_censored,observed_censored,True,True,False,False,5.753738975711769,0.9666990451689328,False,2.1232454438096995
1994-05-23__MI15,73.59208773484092,observed_complete,observed_complete,False,False,True,False,76.43941531066984,0.622036118914805,True,9.652697511315866
1994-12-10__MI15,57.2493839137445,observed_censored,observed_censored,False,True,True,False,46.14825461531058,0.7816500846211943,True,18.0879366154422
1997-01-11__MI15,58.10655991346261,observed_censored,observed_censored,False,True,True,False,69.09078326978579,0.6730049539978902,True,25.65876020130954
1997-05-22__MI15,74.36856810906407,observed_censored,observed_censored,True,True,True,False,26.91491321796268,0.8070753837146966,True,10.134115749634098
1998-04-20__MI15,64.7815806666503,observed_censored,observed_censored,True,True,True,False,14.763386936118266,0.8689213625488923,True,5.911377903104309
1999-06-15__MI15,80.04556098475062,observed_complete,observed_complete,False,False,True,False,82.10699649808187,0.5973864393160474,True,33.53190689470216
1999-06-21__MI15,60.707085161488415,observed_censored,observed_censored,True,True,False,False,16.22611562318461,0.8651307819534152,False,7.573439806662116
1999-09-30__MI15,90.64042536036324,observed_censored,observed_censored,False,True,True,False,63.848202170334815,0.6914875109548704,True,23.10290818733703
2000-07-21__MT50,37.38406697137529,observed_complete,observed_complete,False,False,True,False,41.89580320370435,0.6141125246043627,True,10.218069202387712
2007-04-13__MT50,55.524512081890336,observed_censored,observed_censored,False,True,True,False,13.958868151403578,0.857562569883637,True,5.47826724479214
2006-08-11__MT50,63.91545714596315,observed_censored,observed_censored,False,True,False,False,10.564879146144136,0.911055066962922,False,2.7880498352577643
2008-04-28__MT50,56.13938913158771,observed_censored,observed_censored,False,True,False,False,8.975553776351006,0.911727441223928,True,3.839432334610848
2011-12-11__MT50,67.31465727120116,observed_complete,observed_complete,False,False,True,False,59.11535171242468,0.6023987643770199,True,10.645215323857457
2012-11-15__MT50,62.85501683413997,observed_censored,observed_censored,False,True,True,False,45.27064705510756,0.6780410564319213,True,6.743324796282428
2017-09-08__MT50,95.1888031733452,observed_complete,observed_complete,False,False,True,False,86.66562617949333,0.6604543716521967,True,12.109226955388898
2023-12-07__MT50,29.40350028028433,observed_complete,observed_complete,False,False,True,False,132.16421227220997,0.3191973817946222,True,10.735808511154811
2025-01-12__MT50,86.23377427013651,observed_complete,observed_complete,False,False,False,False,10.546308882757216,0.92314866368318,False,1.4803813622866184
1997-05-22__MT50,59.74974899585555,observed_censored,observed_censored,True,True,False,False,4.872044944588808,0.9377294869045396,False,3.514230159738601
1998-04-20__MT50,64.84789234330627,observed_censored,observed_censored,True,True,False,False,7.425251777098296,0.9329487829411388,False,2.608790534008787
1999-06-15__MT50,50.67431995944128,observed_complete,observed_complete,False,False,True,False,78.19834763942352,0.5715393806398361,True,28.656608576834994
1999-06-21__MT50,45.12345447772619,observed_censored,observed_censored,False,True,True,False,19.999220432692567,0.8143751584119866,True,6.069287178791629
1999-09-30__MT50,76.1374952355619,observed_censored,observed_censored,False,True,True,False,83.98830283326745,0.6360992078281307,True,10.754496797501757
2000-07-21__MY19,73.54544131792824,observed_censored,observed_censored,False,True,True,False,41.24675505478818,0.7493360373455595,True,18.47572988784613
2007-04-13__MY19,96.01720239435862,observed_censored,observed_censored,True,True,False,False,37.154144677001966,0.7984149276924639,False,8.163185700727809
2009-05-22__MY19,30.5702796683897,observed_censored,observed_censored,False,True,False,False,8.965754734698606,0.8767424424704618,True,17.957747147347227
2006-08-11__MY19,100.11009994501744,observed_censored,observed_censored,True,True,False,False,3.0418332225335973,0.9738831182061166,False,4.592553811543326
2008-04-28__MY19,101.89082719333588,observed_censored,observed_censored,False,True,False,False,5.619964786100866,0.9611102014663284,True,3.6617888357030455
2011-12-11__MY19,93.77179918138218,observed_complete,observed_complete,False,False,True,False,61.36090873158142,0.7084715472653866,True,21.766483964855443
2012-11-15__MY19,112.26474848979112,observed_complete,observed_complete,False,False,True,False,67.21901181558161,0.6936793118137914,True,5.007948682154685
2013-06-16__MY19,53.69937120137514,observed_complete,observed_complete,False,False,True,False,73.26469787988971,0.58525503606063,True,31.998590999355425
2017-09-08__MY19,85.88913217004249,observed_complete,observed_complete,False,False,True,False,91.563785901333,0.6295064097218864,True,42.20617217379827
2025-01-12__MY19,134.7834092837632,observed_complete,observed_complete,False,False,False,False,40.515092177254246,0.8357851322257853,False,2.9303749116176787
1994-02-23__MY19,106.0505040865189,observed_censored,observed_censored,True,True,False,False,5.6067144388176615,0.9574701172812132,False,1.9815126507675915
1994-05-23__MY19,127.05242360946612,observed_censored,observed_censored,True,False,True,False,65.72733366846737,0.718186624068656,True,5.660812579643141
1994-12-10__MY19,106.0249461056942,observed_censored,observed_censored,False,True,True,False,107.23498322259344,0.6071762799326211,True,11.827309526391696
1997-05-22__MY19,93.58786075579768,observed_censored,observed_censored,True,True,False,False,42.25328305568587,0.7590345990551134,True,3.793957417073465
1998-04-20__MY19,84.36325917384052,observed_censored,observed_censored,True,True,False,False,7.284664921427222,0.9447419789014092,False,2.456973928556419
1999-06-15__MY19,111.12909918039428,observed_complete,observed_complete,False,False,True,False,83.3890428430687,0.6953936190711985,True,30.00126599579177
1999-06-21__MY19,84.99872554028973,observed_censored,observed_censored,False,True,True,False,26.90668976331688,0.8584081999509715,True,4.86841479102409
1999-09-30__MY19,119.4967600657776,observed_complete,observed_complete,False,False,True,False,95.29224157736166,0.6497767592437735,True,28.054300966516205
2000-07-21__NZ20,61.75329211463095,observed_censored,observed_censored,False,True,True,False,15.950555769789275,0.8377854594753456,True,11.594900024607526
2008-04-28__NZ20,62.37706276922502,observed_censored,observed_censored,False,True,False,False,3.982341830199715,0.9583785343833642,True,4.961528567969957
2011-12-11__NZ20,87.42906366991316,observed_censored,observed_censored,False,True,True,False,61.97512632568777,0.675488918600441,True,18.739539831613826
2013-06-16__NZ20,58.49202274244792,observed_complete,observed_complete,False,False,True,False,54.48801695665787,0.6694290059051273,True,20.40411994790319
2017-09-08__NZ20,159.15148906113373,observed_complete,observed_complete,False,False,True,False,173.7210045547253,0.6090270642209049,True,36.70871029041231
2023-12-07__NZ20,77.20340467956778,observed_complete,observed_complete,False,False,True,False,79.32533330048369,0.6386418854752018,True,12.778358066729828
2025-01-12__NZ20,182.8313383706198,observed_complete,observed_complete,False,False,False,False,126.4428957091008,0.6761362232746765,False,3.8025051800689
1994-05-23__NZ20,77.12325637006177,observed_censored,observed_censored,True,True,False,False,9.637556474415632,0.9127191045606264,False,5.7794488117116805
1994-12-10__NZ20,76.73986777703666,observed_censored,observed_censored,True,True,False,False,5.791737307380089,0.9436272405355256,True,11.691482821462907
1997-01-11__NZ20,139.5354644480594,observed_censored,observed_censored,False,True,False,False,11.630180860387128,0.9475480049592426,True,17.298780626811205
1997-05-22__NZ20,108.32705345002536,observed_censored,observed_censored,True,True,False,False,15.32812864040372,0.90581216271105,False,4.523989061405704
1998-04-20__NZ20,74.73161530645066,observed_censored,observed_censored,True,True,False,False,5.837640126394987,0.947285171334703,False,3.4948240703206253
1999-06-15__NZ20,105.56375110057662,observed_complete,observed_complete,False,False,True,False,76.29094658530792,0.6950070097333176,True,33.05538694822096
1999-09-30__NZ20,128.18539166917623,observed_complete,observed_complete,False,False,True,False,88.30660503779998,0.6993305923125639,True,31.009499740817432
2000-07-21__NZ31,99.385596658394,observed_censored,observed_censored,False,True,True,False,47.1562913836344,0.749401932330892,True,8.77022463061362
2007-04-13__NZ31,111.74842389577948,observed_censored,observed_censored,False,True,True,False,38.3301451375107,0.8243670035854532,True,10.912686328962232
2006-08-11__NZ31,121.7608741190744,observed_censored,observed_censored,True,True,False,False,7.086114208236836,0.962337952653538,False,4.7153349301333884
2008-04-28__NZ31,110.02156284231825,observed_censored,observed_censored,True,True,False,False,13.841597349925507,0.9186888483232948,False,4.618227151924579
2011-12-11__NZ31,149.28970416809915,observed_complete,observed_complete,False,False,True,False,109.2526593008752,0.6466945015009049,True,17.774786104922587
2012-11-15__NZ31,138.85773470336056,observed_complete,observed_complete,False,False,True,False,62.41549489106677,0.7784091493908945,True,6.11867865172152
2013-06-16__NZ31,77.73881879432277,observed_complete,observed_complete,False,False,True,False,98.53954352835169,0.551583419666204,True,20.20915236561788
2017-09-08__NZ31,203.3321980651204,observed_complete,observed_complete,False,False,True,False,104.56534888673065,0.7256150807244204,True,41.256770539898646
2023-12-07__NZ31,96.32222183155692,observed_complete,observed_complete,False,False,True,False,69.7427542160703,0.6821639966455348,True,11.772099894386695
2025-01-12__NZ31,212.1823726595237,observed_complete,observed_complete,False,False,False,False,52.41900832023703,0.8536395132758983,False,3.010926358018715
1994-02-23__NZ31,108.87554871787566,observed_censored,observed_censored,True,True,False,False,2.6421231863504886,0.9808860364150294,False,1.472279442927393
1994-05-23__NZ31,155.42943525913805,observed_censored,observed_censored,True,True,True,False,55.63356763742149,0.7920318207266215,True,6.449247150060431
1994-12-10__NZ31,97.1783850828011,observed_censored,observed_censored,False,True,True,False,68.08078287976221,0.735356813746041,True,12.642306983686192
1997-01-11__NZ31,203.0991106465535,observed_censored,observed_censored,False,True,True,False,124.065240352042,0.7106282587301348,True,18.56008176644792
1997-05-22__NZ31,161.4383443254401,observed_censored,observed_censored,True,True,True,False,29.099834070071097,0.8764390723533136,True,5.268653113330794
1998-04-20__NZ31,107.0025917010162,observed_censored,observed_censored,True,True,False,False,17.647556413457465,0.89228128905904,False,3.310467209103064
1999-06-15__NZ31,139.37002393865757,observed_complete,observed_complete,False,False,True,False,125.68465624354718,0.5968415196678518,True,36.77615212955443
1999-06-21__NZ31,125.26170695318878,observed_censored,observed_censored,True,True,False,False,14.846250661913755,0.9165519045477276,False,4.922239008091492
1999-09-30__NZ31,156.3668567251708,observed_censored,observed_censored,False,True,True,False,180.82613169165185,0.5795132273936102,True,30.606598318717644
1994-05-23__PA34,52.53021566333232,observed_complete,observed_complete,False,False,True,False,16.712581663937186,0.8168082685088547,True,7.03792978834602
1994-12-10__PA34,55.45798340234968,observed_censored,observed_censored,True,True,True,False,12.068116852447147,0.8887731165673074,True,5.479536962267944
1997-01-11__PA34,52.36133438043545,observed_censored,observed_censored,True,True,True,False,10.282913704495996,0.9013534755900232,True,6.826745864296523
1998-04-20__PA34,57.18237539957297,observed_censored,observed_censored,True,True,False,False,19.77620952838234,0.8214176491928631,False,2.7039531028763304
1999-06-15__PA34,47.91126927952077,observed_censored,observed_censored,False,True,True,False,59.85426870394251,0.600065022691818,True,22.24566608023644
1999-06-21__PA34,59.24909906983811,observed_censored,observed_censored,True,True,False,False,21.27123743036732,0.8079173069318465,True,3.327054117910609
1999-09-30__PA34,75.65120766198213,observed_censored,observed_censored,False,True,True,False,40.61248617289976,0.7698878906855926,True,11.66847872176634
2000-07-21__PA34,41.99333327075877,observed_censored,observed_censored,False,True,True,False,23.113608929361817,0.7623279287469222,True,9.156934966951406
2006-08-11__PA34,64.16342399633815,observed_censored,observed_censored,False,True,False,False,10.813268887403057,0.9125281597847996,False,2.343116668881983
2007-04-13__PA34,56.22886070283366,observed_censored,observed_censored,False,True,True,False,20.733851470285003,0.8103553327514406,True,5.179721632433907
2008-04-28__PA34,61.520124460731736,observed_censored,observed_censored,False,True,False,False,15.504807138032064,0.8412531264663452,False,3.02807702065513
2009-05-22__PA34,18.44257683799708,observed_censored,observed_censored,False,True,True,False,48.54840560715446,0.4700534264037282,True,21.920668281689924
2013-06-16__PA34,34.1415535313844,observed_complete,observed_complete,False,False,True,False,40.36482146349661,0.5839107157664508,True,18.609314749201378
2017-09-08__PA34,92.4912564858558,observed_complete,observed_complete,False,False,True,False,82.7687129728535,0.6619201332699391,True,11.119969435402265
2023-12-07__PA34,26.061030145579966,observed_complete,observed_complete,False,False,True,False,75.37859184994558,0.4034143897906959,True,10.202663902935974
2025-01-12__PA34,79.94691263761966,observed_complete,observed_complete,False,False,False,False,14.406180199351468,0.9088447215935748,False,1.1688070397546837
2000-07-21__PD42,63.11399491485324,observed_censored,observed_censored,False,True,False,False,8.921573040433955,0.9089728288905832,True,14.008902053347873
2007-04-13__PD42,93.8092107085273,observed_censored,observed_censored,False,True,True,False,14.449195836500252,0.9039601473147209,True,8.692851232751055
2009-05-22__PD42,40.61706127067975,observed_censored,observed_censored,False,True,True,False,19.274140211812806,0.7913376614505488,True,20.98311234941569
2006-08-11__PD42,85.14448845850947,observed_censored,observed_censored,False,True,True,False,15.645644978792504,0.8781112108227446,True,4.042790943754042
2008-04-28__PD42,79.12252202969671,observed_censored,observed_censored,False,True,False,False,3.394750048991341,0.970231935733152,True,5.3015758395003445
2011-12-11__PD42,93.39698589880857,observed_censored,observed_censored,False,True,True,False,24.19375378155204,0.850526666368763,True,18.26048630634442
2013-06-16__PD42,64.06849906280843,observed_censored,observed_censored,False,True,True,False,18.30998838450185,0.8574543527870623,True,16.130444352850333
2017-09-08__PD42,153.46405016387666,observed_complete,observed_complete,False,False,True,False,118.44794190371314,0.6665223066423234,True,40.31942259292399
2023-12-07__PD42,87.75213132924281,observed_complete,observed_complete,False,False,True,False,88.58924384812175,0.6117571923563776,True,14.571793901892947
2025-01-12__PD42,169.90803172434713,observed_complete,observed_complete,False,False,False,False,161.18142796307137,0.6293145946297977,False,4.259258450822653
1997-01-11__PD42,99.683173172173,observed_censored,observed_censored,True,True,True,False,18.700170340608736,0.8973871249966597,True,19.89672193722839
1999-06-15__PD42,148.6963182888037,observed_censored,observed_censored,False,True,True,False,73.91259417080943,0.7396252010751069,True,23.60065271548753
1999-09-30__PD42,182.63864335224497,observed_complete,observed_complete,False,False,True,False,39.215898767877945,0.8590826160915666,True,22.648135000591203
2000-07-21__PE10,60.41346812954521,observed_censored,observed_censored,False,True,True,False,19.390460374299664,0.8445155931817845,True,17.124895351458328
2007-04-13__PE10,63.152466470139466,observed_censored,observed_censored,False,True,True,False,13.79346875727947,0.8795435441683742,True,14.448053862985237
2009-05-22__PE10,47.60557387039486,observed_censored,observed_censored,False,True,True,False,12.71694290973754,0.8619074502145995,True,16.763888358694665
2006-08-11__PE10,76.0420374883182,observed_censored,observed_censored,False,True,False,False,3.2449994299625047,0.9730571286120682,True,5.65152393915869
2008-04-28__PE10,61.214895657157456,observed_censored,observed_censored,False,True,True,False,17.08537427674355,0.8437265684007724,True,7.1371285715678905
2011-12-11__PE10,74.51422940917111,observed_complete,observed_complete,False,False,True,False,61.544828972196,0.6774041882157669,True,29.98641748572026
2012-11-15__PE10,74.9214171498589,observed_censored,observed_censored,False,True,True,False,25.60587087157677,0.8033645302443805,True,7.95083622963504
2013-06-16__PE10,58.307831093133714,observed_complete,observed_complete,False,False,True,False,57.35087923221907,0.6290130071012415,True,25.29194817550272
2017-09-08__PE10,110.03347309477434,observed_censored,observed_censored,False,True,True,False,119.25988041673688,0.6239045083042042,True,29.179897154480347
2023-12-07__PE10,57.95925048664749,observed_complete,observed_complete,False,False,True,False,75.9080999022953,0.6867831652473889,True,13.599071239607175
2025-01-12__PE10,115.69610744005848,observed_complete,observed_complete,False,False,False,False,30.410687807268715,0.8845412209754785,False,3.0810544025359747
1994-05-23__PE10,43.73562242617149,observed_censored,observed_censored,True,True,False,False,4.949851128416817,0.9213810176553872,False,11.744592108232396
1997-01-11__PE10,101.96642162331824,observed_complete,observed_complete,False,False,True,False,86.92428264089907,0.6470366563491328,True,17.449903810865912
1997-05-22__PE10,111.16376928790037,observed_censored,observed_censored,True,True,False,False,54.65908018951288,0.7454639089619406,False,6.12650376218567
1999-06-15__PE10,67.80958325253035,observed_censored,observed_censored,False,True,True,False,38.41752499577439,0.7487244097339631,True,26.16941819248956
1999-06-21__PE10,67.29883218758786,observed_censored,observed_censored,True,True,False,False,7.419947195609296,0.9329966841646262,True,6.807091930300202
1999-09-30__PE10,94.32178786221114,observed_censored,observed_censored,False,True,True,False,56.22075528439615,0.7237987949673488,True,28.560167714547028
2000-07-21__RI76,71.8530522309546,observed_censored,observed_censored,False,True,True,False,12.554283914420113,0.900740955768342,True,6.607238461869319
2009-05-22__RI76,51.19354002307104,observed_censored,observed_censored,False,True,True,False,10.364072546238674,0.8885942970413988,True,6.874949993524239
2008-04-28__RI76,67.61107665813225,observed_censored,observed_censored,False,True,False,False,2.2672470458551857,0.9774493033036088,True,4.366501711914816
2011-12-11__RI76,122.61239499312472,observed_complete,observed_complete,False,False,True,False,41.83007620359552,0.8040745845264846,True,11.633772480787057
2012-11-15__RI76,110.6065050117519,observed_complete,observed_complete,False,False,True,False,60.48368750293622,0.725099138701317,True,5.878258507535354
2013-06-16__RI76,81.42379707010767,observed_complete,observed_complete,False,False,True,False,54.66936484878667,0.6944138353896776,True,11.958700212479556
2017-09-08__RI76,139.79096959303996,observed_complete,observed_complete,False,False,True,False,114.81292241270478,0.671305690201246,True,27.61254835072515
2023-12-07__RI76,102.6368814162565,observed_complete,observed_complete,False,False,True,False,65.47005436563137,0.7063069515268645,True,7.3067487346216495
2025-01-12__RI76,149.2099659638052,observed_complete,observed_complete,False,False,False,False,35.08059113588786,0.8605478170778826,False,2.728808057586171
2000-07-21__RM48,67.97195098712398,observed_censored,observed_censored,False,True,True,False,22.235586670757783,0.8299381516576843,True,8.929665131153136
2007-04-13__RM48,72.46260633748237,observed_censored,observed_censored,False,True,True,False,11.10526648735933,0.9106359822373916,True,7.803210384836561
2009-05-22__RM48,47.82047932167329,observed_censored,observed_censored,False,True,True,False,15.015474894018624,0.8377056323603694,True,10.616762809996043
2006-08-11__RM48,77.62520920153054,observed_censored,observed_censored,False,True,False,False,5.871587738796535,0.9505800207154572,True,4.0306672950676345
2008-04-28__RM48,64.29573336887542,observed_censored,observed_censored,False,True,False,False,3.764705928438744,0.9611765914361272,True,3.383942890245585
2011-12-11__RM48,92.19135550494715,observed_complete,observed_complete,False,False,True,False,45.78390832247146,0.7479414868835529,True,14.274647438508364
2013-06-16__RM48,71.58001027146888,observed_complete,observed_complete,False,False,True,False,61.55402118159584,0.6408540686061274,True,12.07367881854135
2017-09-08__RM48,109.78621622931529,observed_complete,observed_complete,False,False,True,False,57.906750872482974,0.7576920626308353,True,20.90346281590232
2023-12-07__RM48,73.34821797589453,observed_complete,observed_complete,False,False,True,False,64.70400197953172,0.6490535229184156,True,6.9561595954543884
2025-01-12__RM48,113.8980148900088,observed_complete,observed_complete,False,False,False,False,44.56463361760396,0.8296914678121147,False,2.904081290809289
1997-05-22__RM48,69.09460655873075,observed_censored,observed_censored,True,True,False,False,3.680919501974856,0.9646880324062274,False,4.9970939529502685
1998-04-20__RM48,75.12446418785376,observed_censored,observed_censored,True,True,False,False,11.215351321282055,0.8987235748484553,False,2.4525464174881826
1999-06-15__RM48,102.11057477642498,observed_complete,observed_complete,False,False,True,False,68.19540748204295,0.6811212593189799,True,17.982481583618725
1999-09-30__RM48,111.94558523011366,observed_complete,observed_complete,False,False,True,False,42.88887678694795,0.8056688863300954,True,19.606959743600115
1994-12-10__SCT,50.78093239332376,observed_censored,observed_censored,True,True,False,False,5.085357452739046,0.9255873946043452,False,13.267216920584442
1997-01-11__SCT,87.47150473591003,observed_censored,observed_censored,True,True,False,False,12.664762337456809,0.8985195325524294,False,11.454161019044015
1997-05-22__SCT,40.061109322406,observed_censored,observed_censored,True,True,False,False,0.7190972313304158,0.9847422611642178,False,4.387349284182399
2000-07-21__SCT,46.68673130859519,observed_censored,observed_censored,False,True,True,False,21.606328729663858,0.7848403830943651,True,19.527442852359176
2006-08-11__SCT,95.38374975846764,observed_censored,observed_censored,True,True,False,False,48.25038362574335,0.7487090066884883,False,4.585560818515213
2007-04-13__SCT,62.455016951181705,observed_censored,observed_censored,False,True,True,False,40.02965856785275,0.7112898768997278,True,10.829059507544764
2009-05-22__SCT,51.69692200021592,observed_complete,observed_complete,False,False,True,False,25.24145753511604,0.768660457014792,True,10.33948533302904
2011-12-11__SCT,69.56462129643313,observed_complete,observed_complete,False,False,True,False,51.3140688603214,0.6823445037741649,True,23.133920187010656
2012-11-15__SCT,81.0713392936505,observed_censored,observed_censored,False,True,True,False,39.14079975074257,0.7577021186657015,True,4.850819252070586
2013-06-16__SCT,58.49766862611548,observed_complete,observed_complete,False,False,True,False,59.4205619419471,0.6056506374970329,True,26.87114722559042
2017-09-08__SCT,91.4848319672893,observed_censored,observed_censored,False,True,True,False,112.98834140994948,0.5951544612492405,True,23.240290354547664
1999-06-15__SCT,85.23816688219115,observed_censored,observed_censored,False,True,True,False,27.476987582479296,0.8248032162305653,True,26.543309133031283
1999-09-30__SCT,82.1412134391292,observed_censored,observed_censored,False,True,True,False,33.0669847161694,0.8055626688844301,True,29.542822161934943
2000-07-21__SI53,48.8660663266228,observed_complete,observed_complete,False,False,True,False,79.87164304891405,0.5004900372175481,True,25.25767964293656
2007-04-13__SI53,57.50172469445676,observed_complete,observed_complete,False,False,True,False,69.6012678579588,0.6133907245572471,True,12.51232333847044
2009-05-22__SI53,39.37971021657144,observed_censored,observed_censored,False,True,True,False,17.16094772562795,0.7900544687346716,True,25.265074194247195
2006-02-20__SI53,56.14287461802865,observed_censored,observed_censored,True,True,False,False,12.662385931992716,0.8586629542137212,False,1.4790832746068996
2006-08-11__SI53,86.82789475601976,observed_censored,observed_censored,True,True,False,False,44.07264314843084,0.7486590068524046,True,3.863118139247486
2012-11-15__SI53,70.76362784010867,observed_censored,observed_censored,False,True,True,False,49.29264474741686,0.6902366320152274,True,7.482855817964674
2013-06-16__SI53,48.94216265656369,observed_complete,observed_complete,False,False,True,False,82.93254048741088,0.5119318474140132,True,23.75316333006641
2017-09-08__SI53,70.97334148285222,observed_complete,observed_complete,False,False,True,False,110.38534337712257,0.5450278485816398,True,27.7157630537411
2023-12-07__SI53,39.043188764404086,observed_complete,observed_complete,False,False,True,False,50.73956269141814,0.5642428487511324,True,22.877406414904502
2025-01-12__SI53,94.65266049215172,observed_complete,observed_complete,False,False,False,False,26.433879421137163,0.8993378544511151,False,2.433321576143089
1994-02-23__SI53,100.26590061253872,observed_censored,observed_censored,True,True,False,False,11.102828311455651,0.9264859411278842,False,1.817776543352335
1994-05-23__SI53,69.88241474544,observed_complete,observed_complete,False,False,True,False,55.17868930149875,0.6921175689013572,True,6.515604898051938
1997-01-11__SI53,66.4863820180673,observed_complete,observed_complete,False,False,True,False,85.94403684316705,0.5976025992922228,True,15.972855629473145
1997-05-22__SI53,83.77674698370788,observed_censored,observed_censored,True,True,True,False,51.832408195157456,0.7282134749349407,True,4.286692344570716
1998-04-20__SI53,90.31552460192394,observed_censored,observed_censored,True,True,False,False,5.468192523798081,0.964397470383501,False,3.2840124287800325
1999-06-15__SI53,83.79332445253328,observed_complete,observed_complete,False,False,True,False,109.77134034182308,0.5466429589814435,True,24.621557446394668
1999-06-21__SI53,65.86547628960056,observed_censored,observed_censored,True,True,True,False,22.15135153245467,0.8718018893891158,True,5.422828241006835
1999-09-30__SI53,90.6524556047586,observed_complete,observed_complete,False,False,True,False,90.41449584604857,0.596264726401355,True,21.7423276541207
2000-07-21__SP51,92.5857982924326,observed_complete,observed_complete,False,False,True,False,41.60619683430363,0.7700870508976674,True,11.803852936459888
2007-04-13__SP51,77.22368505240787,observed_complete,observed_complete,False,False,True,False,72.93436111873174,0.6187036746197629,True,13.570202642751925
2009-05-22__SP51,52.57872045286122,observed_complete,observed_complete,False,False,True,False,42.076039505319045,0.7024325353230619,True,15.61977035990647
2006-08-11__SP51,82.68838806142018,observed_censored,observed_censored,True,True,False,False,12.975045214304204,0.921415751836326,False,6.8434806181247225
2008-04-28__SP51,91.96047981933694,observed_censored,observed_censored,True,True,False,False,23.07663277452524,0.8432187460117859,False,6.7329153327495606
2011-12-11__SP51,89.05327316016776,observed_complete,observed_complete,False,False,True,False,73.65956213387301,0.6425681185274019,True,22.910507014849887
2012-11-15__SP51,86.96004687906351,observed_complete,observed_complete,False,False,True,False,88.06343943769312,0.5931277054255538,True,6.222231641292597
2013-06-16__SP51,65.443201526153,observed_complete,observed_complete,False,False,True,False,92.23124162563413,0.5369452674684501,True,18.943028695033444
2017-09-08__SP51,85.40636371460918,observed_complete,observed_complete,False,False,True,False,117.59436395377124,0.5792537695310342,True,38.49241466723213
2025-01-12__SP51,104.21638615131768,observed_censored,observed_censored,False,True,False,False,44.96543897710836,0.8932925817482419,False,4.033388183158944
1994-02-23__SP51,104.08717962839368,observed_censored,observed_censored,True,True,False,False,3.991343956704867,0.9731168319747768,False,1.5287590517174592
1994-05-23__SP51,101.80350061961724,observed_complete,observed_complete,False,False,True,False,58.15349866302142,0.722893840355373,True,7.131192899758552
1994-12-10__SP51,88.20484517653712,observed_complete,observed_complete,False,False,True,False,84.03414695340575,0.6243612402064916,True,17.699734306005382
1997-01-11__SP51,103.00528605018532,observed_complete,observed_complete,False,False,True,False,94.67590226411455,0.6186114153073051,True,15.682994877618036
1997-05-22__SP51,107.5611862414726,observed_censored,observed_censored,True,True,True,False,56.9381679624708,0.7320178474021236,True,4.685014618049058
1998-04-20__SP51,64.12169116969858,observed_censored,observed_censored,True,True,False,False,17.597108684144615,0.8382470017083866,False,4.043519411405788
1999-06-15__SP51,94.25869548331538,observed_complete,observed_complete,False,False,True,False,78.83639542254826,0.6522895275325353,True,34.06598761191687
1999-06-21__SP51,64.55608524432819,observed_censored,observed_censored,True,True,True,False,18.658896075171626,0.8637539534489111,True,7.2472635698778625
1999-09-30__SP51,96.12152756961136,observed_complete,observed_complete,False,False,True,False,63.77854650431237,0.7231593606028632,True,29.62299349297501
2023-12-07__SS60,47.253366869063406,observed_complete,observed_complete,False,False,True,False,63.453758913862,0.5583060078389113,True,16.620026041470343
2025-01-12__SS60,94.47139147342855,observed_censored,observed_censored,False,True,False,False,79.32178047925416,0.6552426091826575,False,3.2890139484656915
1994-05-23__TCYA,53.77402492785079,observed_censored,observed_censored,True,True,True,False,12.681170968334229,0.8629507082207476,True,4.597796509778837
1994-12-10__TCYA,52.73661517073448,observed_censored,observed_censored,True,True,True,False,10.36912438773814,0.8974977818531223,True,4.6211217915571
1997-01-11__TCYA,82.93258535768555,observed_censored,observed_censored,True,True,True,False,15.606731356943172,0.889548964211301,True,5.208288410488797
1997-05-22__TCYA,64.64665875770638,observed_censored,observed_censored,True,True,False,False,1.9763521918376057,0.97529559760203,False,2.266527297179659
1999-06-21__TCYA,28.218451343568848,observed_censored,observed_censored,True,True,False,False,1.3304434669763836,0.9634292614904788,False,3.4054145184405065
1999-09-30__TCYA,74.12268856668352,observed_complete,observed_complete,False,False,True,False,63.16118294000833,0.6822078845785744,True,9.761281872475177
2000-07-21__TCYA,40.26193922056074,observed_censored,observed_censored,False,True,True,False,25.993893564184567,0.6868582873848383,True,8.97361559654279
2006-08-11__TCYA,53.00489637518605,observed_censored,observed_censored,True,True,False,False,1.6275916296856323,0.9751322898443754,False,2.0025238830625987
2011-12-11__TCYA,54.03343102090934,observed_censored,observed_censored,False,True,True,False,9.26523587257124,0.8911253128957551,True,9.624758486590164
2013-06-16__TCYA,24.37897657332586,observed_censored,observed_censored,False,True,True,False,32.269864367044335,0.6124205576862319,True,17.140979405571393
2017-09-08__TCYA,94.87405148019003,observed_censored,observed_censored,False,True,True,False,37.71552324081355,0.802526188592002,True,7.759718548943063
2000-07-21__TH35,80.57909156772817,observed_censored,observed_censored,True,True,True,False,49.24149658226793,0.7040597597075069,True,13.652215354435896
2007-04-13__TH35,98.0031894841038,observed_censored,observed_censored,True,True,True,False,31.345025947571685,0.8299331238263161,True,10.81868651254689
2008-04-28__TH35,81.89601761107909,observed_censored,observed_censored,True,True,False,False,6.724376536393905,0.938908180826802,True,5.289936106691668
2011-12-11__TH35,99.27514539603318,observed_complete,observed_complete,False,False,True,False,79.26712715695248,0.6788594289310356,True,16.29997510606986
2012-11-15__TH35,115.24615261105492,observed_censored,observed_censored,False,True,True,False,50.90878564788463,0.7698205649596029,True,6.605675065418419
2013-06-16__TH35,64.86408663305893,observed_complete,observed_complete,False,False,True,False,67.78163948029672,0.6151175999074628,True,22.40893758485965
2017-09-08__TH35,146.47009456689696,observed_censored,observed_censored,False,True,True,False,134.22757098219182,0.6538920865809091,True,52.8659056850464
2025-01-12__TH35,149.4081107937739,observed_complete,observed_complete,False,False,False,False,72.54442261294435,0.7535185423588463,False,5.470759570559526
1994-05-23__TH35,70.83089261931589,observed_censored,observed_censored,True,True,False,False,7.704749877997415,0.9291777748138852,True,9.349674537170142
1994-12-10__TH35,79.09329781198086,observed_censored,observed_censored,True,True,False,False,28.9376122532902,0.8115918207351377,False,20.4158948176938
1997-01-11__TH35,87.90646746321843,observed_complete,observed_complete,False,False,True,False,52.09901820839153,0.7475088775400236,True,38.89413553250439
1997-05-22__TH35,75.78705427824947,observed_censored,observed_censored,False,True,False,False,6.862535182255471,0.9269865391823016,False,6.548344462210393
1998-04-20__TH35,76.52424465210076,observed_censored,observed_censored,True,True,False,False,11.739745676451705,0.8894874736284316,False,4.289865222281151
1999-06-15__TH35,107.2859556189258,observed_complete,observed_complete,False,False,True,False,79.77620741778418,0.6661175323088532,True,41.37751904606832
1999-06-21__TH35,82.06304094290255,observed_censored,observed_censored,True,True,False,False,5.903134093075707,0.9534122477067658,True,7.235350718207197
1999-09-30__TH35,121.0407023885732,observed_complete,observed_complete,False,False,True,False,87.9269674395313,0.685379584787164,True,41.5484595083515
2000-07-21__TL08,69.96796102566034,observed_censored,observed_censored,False,True,True,False,37.78297163050975,0.7520965052784611,True,11.82839415157479
2007-04-13__TL08,75.21082925614026,observed_censored,observed_censored,False,True,True,False,19.94574317092828,0.8594578412420499,True,11.768351052343856
2009-05-22__TL08,49.66695818121434,observed_censored,observed_censored,False,True,True,False,20.915349435307817,0.8041633948004886,True,13.286704759856226
2006-08-11__TL08,76.02279846533861,observed_censored,observed_censored,False,True,False,False,3.261437692004364,0.9719325499827508,True,4.965841209767032
2008-04-28__TL08,73.96653583249706,observed_censored,observed_censored,False,True,False,False,4.553052261771981,0.9607190728861016,True,4.440588817902954
2011-12-11__TL08,84.71010107400829,observed_complete,observed_complete,False,False,True,False,96.45994934612244,0.5730349267611436,True,17.93179648941975
2012-11-15__TL08,86.90663835634953,observed_censored,observed_censored,False,True,True,False,63.80874863488252,0.6426081066714321,True,5.850972515258587
2013-06-16__TL08,61.56738277913624,observed_complete,observed_complete,False,False,True,False,56.99861951376056,0.6328118307430228,True,18.17448032223629
2017-09-08__TL08,114.08609532944288,observed_complete,observed_complete,False,False,True,False,138.44907992768574,0.5779377498165237,True,20.54708463628623
2023-12-07__TL08,65.53476617097618,observed_complete,observed_complete,False,False,True,False,85.49177168988467,0.5660756690189591,True,11.5993469400565
2025-01-12__TL08,122.86327339657966,observed_censored,observed_censored,False,True,False,False,53.38445329232815,0.8899017214726774,False,2.7095245020077554
1994-05-23__TL08,71.5767464617501,observed_censored,observed_censored,True,True,True,False,10.366299302389606,0.9060513023165704,True,5.928583995815704
1994-12-10__TL08,77.45839288909767,observed_censored,observed_censored,True,True,True,False,35.94865320997846,0.7724192630414126,True,14.02091067557513
1997-01-11__TL08,95.9602695073809,observed_censored,observed_censored,True,True,True,False,40.91259516933124,0.7972013722150727,True,15.152637529119056
1997-05-22__TL08,97.97154683057184,observed_censored,observed_censored,True,True,False,False,36.99778592238167,0.7969831764575194,False,4.46847887775257
1998-04-20__TL08,73.01845716519632,observed_censored,observed_censored,True,True,False,False,10.56386162493952,0.9046066315248372,False,2.938912253106402
1999-06-15__TL08,97.51049139967309,observed_complete,observed_complete,False,False,True,False,98.51775239641556,0.6111704132438113,True,22.06395090413888
1999-06-21__TL08,76.28580619701128,observed_censored,observed_censored,True,True,True,False,31.14519456081601,0.792004844658635,True,6.880992121969562
1999-09-30__TL08,108.95457152785404,observed_censored,observed_censored,False,True,True,False,92.07075154257024,0.6555913981125566,True,19.90092353156848
2007-04-13__TL55,65.85369122632284,observed_complete,observed_complete,False,False,True,False,88.04954446793282,0.5581173117136765,True,12.773477950252044
2009-05-22__TL55,47.41498185996893,observed_complete,observed_complete,False,False,True,False,57.91403185379798,0.5831723632229885,True,14.54791687059052
2006-02-20__TL55,67.78554979780955,observed_censored,observed_censored,False,True,False,False,7.721262142919002,0.935197128468997,False,1.3096335660252187
2006-08-11__TL55,82.50788384155481,observed_censored,observed_censored,True,False,True,False,50.55177542303113,0.7212320755319779,True,4.428227227001077
2008-04-28__TL55,77.87249915805712,observed_censored,observed_censored,False,True,True,False,47.3988221490434,0.7171739235691664,True,4.18578300571961
2011-12-11__TL55,68.44835567138114,observed_complete,observed_complete,False,False,True,False,96.60957105043842,0.5581744669786955,True,15.785821131709731
2012-11-15__TL55,70.19313330325959,observed_censored,observed_censored,False,True,True,False,82.44581761977761,0.5728638606373556,True,5.378442562215723
2013-06-16__TL55,50.57591187430803,observed_complete,observed_complete,False,False,True,False,89.41830994286164,0.4922875883326048,True,16.699350068788764
2017-09-08__TL55,95.84325615945872,observed_censored,observed_censored,False,True,True,False,194.60184258291773,0.4837325765826981,True,18.81036622726271
2025-01-12__TL55,97.11777871917158,observed_complete,observed_complete,False,False,False,False,25.993486499023533,0.8794365190212267,False,2.4314583458225445
1994-02-23__TL55,99.24946602644192,observed_censored,observed_censored,True,True,False,False,13.743527462177129,0.9161110452165224,False,1.2368142163311149
1994-05-23__TL55,68.19875401517511,observed_complete,observed_complete,False,False,True,False,69.09156542091847,0.6195084097204149,True,9.587404737306413
1994-12-10__TL55,72.43179011217917,observed_complete,observed_complete,False,False,True,False,103.00864695928357,0.5341926066777446,True,12.136475635741142
1997-01-11__TL55,89.17455279471795,observed_complete,observed_complete,False,False,True,False,69.01660411928046,0.6726511057496125,True,13.28273235580382
1997-05-22__TL55,77.65702776433267,observed_censored,observed_censored,True,True,True,False,38.00092875980411,0.7816979534120114,True,5.631348655913566
1998-04-20__TL55,66.63733932984908,observed_censored,observed_censored,True,True,False,False,43.07578292236967,0.7195404458469323,True,3.75730540683504
1999-06-15__TL55,89.74958064104457,observed_complete,observed_complete,False,False,True,False,99.16569840943473,0.5984544120123311,True,24.959715672933264
1999-06-21__TL55,72.18291522786315,observed_censored,observed_censored,True,True,True,False,44.552507836055895,0.7477636424386803,True,6.627682215945233
1999-09-30__TL55,94.69528256046831,observed_complete,observed_complete,False,False,True,False,72.85238274315032,0.6848400123587545,True,18.65131734528316
1994-02-23__TP13,62.57326408689464,observed_censored,observed_censored,True,True,False,False,20.89021993453169,0.8383985461860317,False,1.3620076658379745
1994-05-23__TP13,46.9677304460067,observed_complete,observed_complete,False,False,True,False,81.43759264121167,0.5240351102208552,True,6.472007264457203
1994-12-10__TP13,53.99082566088493,observed_censored,observed_censored,True,True,True,False,74.57833706834266,0.5838030187602954,True,6.367191317366835
1997-01-11__TP13,74.68248983965805,observed_censored,observed_censored,False,True,True,False,40.99416868321629,0.7590137635458452,True,5.446978912474371
1997-05-22__TP13,74.34277437587818,observed_censored,observed_censored,True,True,False,False,24.38860409344201,0.8251838284464051,False,2.6225850142444176
1998-04-20__TP13,56.45296362903063,observed_censored,observed_censored,True,True,False,False,18.08428281103575,0.8512683377659697,False,2.410458001410912
1999-06-15__TP13,61.31578796360903,observed_complete,observed_complete,False,False,True,False,73.80026291895159,0.5867962099663974,True,16.43557257391631
1999-06-21__TP13,56.03206929228996,observed_censored,observed_censored,True,True,False,False,35.13687107575144,0.7504306337399571,True,3.956769562856963
1999-09-30__TP13,77.36560783925835,observed_censored,observed_censored,False,True,True,False,70.53983933548204,0.6514485653943964,True,10.760853131644804
2000-07-21__TP13,35.80940620468504,observed_complete,observed_complete,False,False,True,False,62.463904873340304,0.4748063658860696,True,12.626949134381432
2006-02-20__TP13,45.13375629228291,observed_censored,observed_censored,True,True,False,False,17.682417216465282,0.8107415475065259,False,2.384243054948805
2007-04-13__TP13,64.53400029436953,observed_censored,observed_censored,False,True,True,False,45.176769943050544,0.6917313548751243,True,4.725936812292825
2008-04-28__TP13,59.39651124435626,observed_censored,observed_censored,False,True,False,False,26.33197197369272,0.7612478740258164,True,3.908580593327613
2006-08-11__TP13,65.24819128221571,observed_censored,observed_censored,True,True,False,False,23.680917314041693,0.8031675063249797,False,1.996686800859908
2009-05-22__TP13,19.82897836006155,observed_censored,observed_censored,False,True,True,False,54.03235308389548,0.4607549592425601,True,11.892200323883364
2011-12-11__TP13,48.07255876329168,observed_censored,observed_censored,False,True,True,False,117.1304462337694,0.3688072089574317,True,26.224624117057672
2012-11-15__TP13,44.9607020689808,observed_complete,observed_complete,False,False,True,False,69.83258890997512,0.5129884307833523,True,4.563788478876817
2013-06-16__TP13,23.77912607177826,observed_complete,observed_complete,False,False,True,False,58.30648166482463,0.4459138870585895,True,22.313669705380743
2000-07-21__UC44,44.08322890519754,observed_censored,observed_censored,False,True,True,False,31.40358427424125,0.6933243723218627,True,21.8228775954476
2007-04-13__UC44,50.96870378353693,observed_censored,observed_censored,False,True,True,False,14.93820553512444,0.8610787172405427,True,10.25151370874918
2009-05-22__UC44,34.88979302121495,observed_censored,observed_censored,False,True,True,False,30.42649454233244,0.6690254047391229,True,27.74666275197916
2006-08-11__UC44,59.74811862675624,observed_censored,observed_censored,False,True,True,False,14.877974650442384,0.8694685501803616,True,5.312568319408166
2008-04-28__UC44,61.18182039910423,observed_censored,observed_censored,False,True,True,False,24.021220134081688,0.7916452412691327,True,5.672559678916669
2011-12-11__UC44,59.92280109494047,observed_censored,observed_censored,False,True,True,False,71.44442632430923,0.596495954341414,True,27.28629620930967
2012-11-15__UC44,64.83681862394565,observed_censored,observed_censored,False,True,True,False,49.13680225208252,0.6836414997934425,True,7.624781449092233
2013-06-16__UC44,40.47550127841499,observed_complete,observed_complete,False,False,True,False,75.18416103999658,0.4907947101930472,True,28.647985139468144
2017-09-08__UC44,88.29352501893787,observed_censored,observed_censored,False,True,True,False,107.9796078039461,0.5978263331820698,True,24.86945768927733
2023-12-07__UC44,35.65622450231792,observed_complete,observed_complete,False,False,True,False,127.98397800177852,0.3490795544615069,True,14.204686112559797
2025-01-12__UC44,90.46073603893632,observed_complete,observed_complete,False,False,False,False,24.855569251100064,0.8503758171737295,False,2.370149285047886
1998-04-20__UC44,66.59557690303065,observed_censored,observed_censored,True,True,False,False,11.985102566743931,0.8915277168364202,False,4.269958463650147
1999-06-15__UC44,66.1039303098731,observed_censored,observed_censored,False,True,True,False,54.45812273666817,0.6760180692684385,True,29.46385609228843
1999-06-21__UC44,56.672064230946766,observed_censored,observed_censored,False,True,False,False,5.691561686327475,0.9466782678815114,True,5.730512347897747
1999-09-30__UC44,75.05936835214088,observed_censored,observed_censored,False,True,True,False,55.43013464162735,0.6910421122477713,True,29.79987074768948
2025-01-12__UI21,86.24220410121387,observed_complete,observed_complete,False,False,False,False,8.100753021807805,0.9340329558484708,False,1.261503973744319
2000-07-21__VG09,69.22974706135162,observed_complete,observed_complete,False,False,True,False,55.929954647009424,0.6563654789444002,True,15.205819093038649
2007-04-13__VG09,80.0251311870918,observed_complete,observed_complete,False,False,True,False,50.6695240754311,0.726443384664969,True,14.108127723246689
2009-05-22__VG09,51.35644212665478,observed_complete,observed_complete,False,False,True,False,68.53812332934342,0.5706707383528977,True,21.241701505344
2006-08-11__VG09,119.08630589648642,observed_censored,observed_censored,True,True,False,False,10.904827786838524,0.9489832618159602,False,5.736092002325591
2008-04-28__VG09,94.04826328096092,observed_censored,observed_censored,True,True,True,False,34.06765366864428,0.793666927087128,True,5.4680249346332745
2011-12-11__VG09,80.87540515226571,observed_complete,observed_complete,False,False,True,False,93.357768781618,0.5789764193126274,True,21.21690134625466
2012-11-15__VG09,89.59745460029606,observed_censored,observed_censored,False,True,True,False,85.80464204080403,0.6033439254770524,True,8.73155845824661
2013-06-16__VG09,69.51260311099344,observed_complete,observed_complete,False,False,True,False,98.80142905701383,0.5157742155606065,True,20.402606187744126
2017-09-08__VG09,125.65072692427916,observed_complete,observed_complete,False,False,True,False,132.51515791423915,0.5925368737647158,True,22.694191582002325
2023-12-07__VG09,72.66714471423158,observed_complete,observed_complete,False,False,True,False,83.62719348014399,0.5567306610826673,True,12.102395426139166
2025-01-12__VG09,119.9276309800017,observed_complete,observed_complete,False,False,False,False,37.43224911208955,0.8488624011301751,False,3.3308337484607646
1994-02-23__VG09,87.0714679034813,observed_censored,observed_censored,True,True,False,False,1.9290502304639148,0.9834373638665416,False,1.7272010599509748
1994-05-23__VG09,98.66082223116264,observed_censored,observed_censored,True,True,True,False,58.58362685624698,0.7226022687804964,True,10.61073571237103
1994-12-10__VG09,96.40176227980864,observed_complete,observed_complete,False,False,True,False,87.37668048607395,0.6384463090740516,True,14.090995801458574
1997-01-11__VG09,102.73904223797028,observed_complete,observed_complete,False,False,True,False,77.33249167306346,0.6725211557599633,True,21.69761376914437
1997-05-22__VG09,102.65902154660496,observed_censored,observed_censored,True,False,True,False,56.13310212858767,0.7220720793752158,True,6.421286925514054
1998-04-20__VG09,87.0193173199922,observed_censored,observed_censored,True,True,True,False,31.72157471329558,0.7985036224779548,True,4.890224635978215
1999-06-15__VG09,108.33619675110693,observed_complete,observed_complete,False,False,True,False,84.19182138256895,0.6358878954154225,True,34.93007961765946
1999-06-21__VG09,80.3330542950803,observed_censored,observed_censored,True,True,True,False,22.51558178819394,0.8743480005123392,True,7.153539303787074
1999-09-30__VG09,129.16349510423976,observed_complete,observed_complete,False,False,True,False,57.35242368702629,0.7558328422366798,True,28.840159417991284
2000-07-21__VM29,102.7517451535238,observed_complete,observed_complete,False,False,True,False,58.89594310544291,0.7147896217654096,True,13.799786112441392
2007-04-13__VM29,81.0344780048565,observed_complete,observed_complete,False,False,True,False,68.20866583580221,0.6703621407510042,True,15.31979663632827
2009-05-22__VM29,61.014117940857616,observed_complete,observed_complete,False,False,True,False,47.83394697371806,0.6817647064485526,True,12.856422760132364
2006-02-20__VM29,81.24128169106065,observed_censored,observed_censored,True,True,False,False,7.447831205257202,0.9346165287924044,False,1.8591772333468253
2006-08-11__VM29,111.78186955411792,observed_censored,observed_censored,True,False,True,False,51.67819038535461,0.7664473702474144,True,5.260259199317864
2008-04-28__VM29,92.82537512413154,observed_censored,observed_censored,False,True,True,False,19.92461272823971,0.874640664853154,True,6.607101370303933
2011-12-11__VM29,77.92624070349693,observed_complete,observed_complete,False,False,True,False,107.3767260337902,0.5453798804615344,True,20.29601742774328
2012-11-15__VM29,92.13482929961349,observed_complete,observed_complete,False,False,True,False,57.32173076892383,0.7288085784693957,True,8.286753454982318
2013-06-16__VM29,80.11237251643567,observed_complete,observed_complete,False,False,True,False,78.54234938338185,0.5983515756411054,True,19.5116724871378
2017-09-08__VM29,127.2052561133991,observed_complete,observed_complete,False,False,True,False,119.02901358576212,0.6341171351722547,True,29.646889258448564
2023-12-07__VM29,90.11242569710627,observed_complete,observed_complete,False,False,True,False,91.15212475705216,0.5930163648834569,True,10.35607945028308
2025-01-12__VM29,110.4101543248391,observed_complete,observed_complete,False,False,False,False,76.54442390803825,0.835062006748754,False,4.651490096420262
1994-02-23__VM29,99.90358912472006,observed_censored,observed_censored,True,True,False,False,8.414877463199005,0.9379754001385788,False,1.2865934288884977
1994-05-23__VM29,104.82965711030444,observed_censored,observed_censored,True,False,True,False,65.87567732232031,0.7121698897963022,True,7.015384257211232
1997-01-11__VM29,111.44735458397447,observed_complete,observed_complete,False,False,True,False,116.25561285975112,0.5858810499064898,True,26.22184703812584
1997-05-22__VM29,107.26470543610132,observed_censored,observed_censored,True,True,True,False,59.0425692892471,0.7437277256424016,True,7.05107797163206
1998-04-20__VM29,114.9339975604906,observed_censored,observed_censored,True,True,True,False,59.03220661843858,0.7221621564529648,True,5.080647668174426
1999-06-15__VM29,122.59876949222478,observed_complete,observed_complete,False,False,True,False,129.94692809693225,0.5970325510599822,True,29.94255322504569
1999-06-21__VM29,106.97518208530052,observed_censored,observed_censored,True,False,True,False,56.31912119012273,0.7549104783057455,True,6.474586428224321
1999-09-30__VM29,112.09402208552542,observed_complete,observed_complete,False,False,True,False,104.84884964349835,0.6422639815636891,True,36.09897046491079
2000-07-21__XO36,81.38820500121628,observed_censored,observed_censored,False,True,True,False,47.027563867070114,0.7294467617819002,True,18.51147156239795
2007-04-13__XO36,108.92619646616949,observed_censored,observed_censored,False,True,True,False,33.01038279186341,0.8398564847821113,True,14.020787257740585
2009-05-22__XO36,46.81451827723618,observed_censored,observed_censored,False,True,True,False,46.23831506693374,0.6266888820689994,True,26.7876087831809
2006-02-20__XO36,68.44758900725594,observed_censored,observed_censored,False,True,False,False,8.090100982184893,0.9253542998506652,False,2.6259430269016297
2006-08-11__XO36,141.5246458900591,observed_censored,observed_censored,False,True,False,False,16.1747007576885,0.9239302978992217,True,6.694347123166333
2008-04-28__XO36,91.96236187516467,observed_censored,observed_censored,False,True,True,False,14.576820951414703,0.8967574123421297,True,7.015759902709168
2011-12-11__XO36,98.82971623806884,observed_complete,observed_complete,False,False,True,False,69.00377757511234,0.7080688007145055,True,34.102688569238154
2012-11-15__XO36,130.42864491631406,observed_complete,observed_complete,False,False,True,False,64.83869576682198,0.730366799322901,True,11.4525056011873
2013-06-16__XO36,70.01654339490048,observed_complete,observed_complete,False,False,True,False,92.99152305317672,0.5648297858899493,True,37.12914411824678
2017-09-08__XO36,136.94807948223843,observed_complete,observed_complete,False,False,True,False,106.9388456947588,0.6853721919010303,True,57.355848040328326
2023-12-07__XO36,103.6799734095208,observed_complete,observed_complete,False,False,True,False,82.25297726723232,0.6502254751350897,True,15.255059099377696
2025-01-12__XO36,156.79760967072733,observed_complete,observed_complete,False,False,False,False,92.72444446220692,0.7445326083805187,False,5.140446452273265
1994-02-23__XO36,62.488235002225245,observed_censored,observed_censored,True,True,False,False,4.64153263489338,0.938943269733052,False,2.534483534678696
1994-05-23__XO36,114.54261506321096,observed_censored,observed_censored,True,True,True,False,24.64675637896892,0.876190503948516,True,12.0731777850834
1994-12-10__XO36,121.87450200326002,observed_complete,observed_complete,False,False,True,False,76.63136646759693,0.7097076806288471,True,18.160243306828395
1997-01-11__XO36,94.81792698565336,observed_complete,observed_complete,False,False,True,False,61.10605831376853,0.719696980212071,True,30.36652013009002
1998-04-20__XO36,105.78087381994928,observed_censored,observed_censored,True,True,True,False,22.839066815503003,0.8650492388589991,True,5.353850534006878
1999-06-15__XO36,144.09898081803294,observed_complete,observed_complete,False,False,True,False,90.05033233942814,0.6858745863207586,True,41.71291217896589
1999-06-21__XO36,105.5357991656698,observed_censored,observed_censored,False,True,True,False,26.123700135900947,0.8704567086387933,True,8.483480908604307
1999-09-30__XO36,142.76201339385617,observed_complete,observed_complete,False,False,True,False,98.4145397095291,0.6860579950570082,True,38.85547144759709
2000-07-21__XP06,73.75015487455912,observed_censored,observed_censored,False,True,True,False,26.67728172725846,0.8162974677919126,True,11.253457349138658
2009-05-22__XP06,48.98232638838627,observed_censored,observed_censored,False,True,False,False,9.163965026083332,0.9022718883855888,True,11.503326688161875
2011-12-11__XP06,95.20368293960396,observed_complete,observed_complete,False,False,True,False,54.43394897431105,0.7569370440977403,True,18.716159294057093
2012-11-15__XP06,108.9498642703384,observed_censored,observed_censored,False,True,True,False,49.70296197951291,0.7523519582485655,True,8.379060361842328
2013-06-16__XP06,79.67523977555538,observed_complete,observed_complete,False,False,True,False,33.884566731801684,0.7853505211465749,True,22.74301226803365
2017-09-08__XP06,111.06819028521508,observed_complete,observed_complete,False,False,True,False,71.59245759643863,0.7191130822487498,True,32.54951249759176
2023-12-07__XP06,81.7817717362624,observed_complete,observed_complete,False,False,True,False,76.67423116757426,0.6179278893383782,True,10.524937663193072
2025-01-12__XP06,134.93777305057313,observed_complete,observed_complete,False,False,False,False,73.2554583038829,0.7349466014042879,False,5.042946692481323
1994-05-23__XP06,122.73232731149383,observed_censored,observed_censored,True,True,False,False,13.274534996398016,0.9180483084553772,True,7.168866417867188
1994-12-10__XP06,99.0238564404726,observed_censored,observed_censored,True,True,True,False,37.803131429917954,0.7928595538086688,True,16.02151117885409
1997-01-11__XP06,104.0354082692057,observed_complete,observed_complete,False,False,True,False,32.05622395377216,0.8392204636685116,True,26.34762331400784
1997-05-22__XP06,114.21402542939605,observed_censored,observed_censored,True,True,True,False,37.56881506429304,0.8009493744606706,True,6.5346541384549885
1998-04-20__XP06,74.22709121488344,observed_censored,observed_censored,True,True,False,False,6.794469915064639,0.9386448445451993,True,4.169658314053252
1999-06-15__XP06,139.47345720153618,observed_complete,observed_complete,False,False,True,False,70.66637614449996,0.7354012949994385,True,27.52165037144218
1999-06-21__XP06,100.47269318550218,observed_censored,observed_censored,True,True,True,False,28.92710205144698,0.8353983040204451,True,6.842545413465007
1999-09-30__XP06,120.17639347339856,observed_complete,observed_complete,False,False,True,False,74.2076840217544,0.7124513348248367,True,25.763222104426923
2000-08-09__AE02,137.6502946816686,observed_censored,observed_censored,False,True,True,False,37.86038250320604,0.8636840840238855,True,12.769112962708284
2003-01-22__AE02,182.3537385860305,observed_complete,observed_complete,False,False,True,False,99.40327016548775,0.7523955807166648,True,23.43421787095428
2014-04-18__AE02,165.82263069014917,observed_complete,observed_complete,False,False,True,False,89.06625529779944,0.7349297482283282,True,34.16333594277332
2014-05-08__AE02,106.08376754675724,observed_censored,observed_censored,False,True,True,False,119.08065463127076,0.6784471832385419,True,26.04982348754855
2014-05-10__AE02,103.59243084007804,observed_censored,observed_censored,False,True,True,False,60.62368307934176,0.7564629290188336,True,12.5013824784193
2018-02-16__AE02,101.2868882680188,observed_complete,observed_complete,False,False,True,False,102.97402151944203,0.6428976920535372,True,31.277523398923147
2020-06-23__AE02,150.81323165582558,observed_censored,observed_censored,False,True,True,False,194.93269479148165,0.5499233571344886,True,27.93526492429032
2021-09-08__AE02,154.88788352884558,observed_complete,observed_complete,False,False,True,False,123.40393232669147,0.6723644435770836,True,39.50164803787375
2022-09-19__AE02,148.79694765003833,observed_censored,observed_censored,False,True,True,False,157.78340654228887,0.6071912802671557,True,21.95417607173986
2022-09-22__AE02,120.35916664794934,observed_censored,observed_censored,False,True,True,False,54.61329208133674,0.8178220959325614,True,14.119524171263382
2022-12-11__AE02,153.24152790632934,observed_complete,observed_complete,False,False,False,False,176.71614663230338,0.615156805173668,False,4.188745885877473
2026-01-02__AE02,81.58954857415229,observed_complete,observed_complete,False,False,True,False,129.2813745107234,0.5509348205539497,True,24.14702066008496
1990-05-31__AE02,61.838387974783736,observed_censored,observed_censored,True,True,False,False,7.5153950885044765,0.9124691930060044,False,8.680202104771691
1993-05-15__AE02,64.4257703204059,observed_censored,observed_censored,True,True,False,False,6.739727705445432,0.918592490573192,False,9.386884362096218
1995-09-14__AE02,170.671221077611,observed_censored,observed_censored,True,True,True,False,24.00427705900691,0.9054838088789744,True,30.789751114227982
1997-07-19__AE02,199.7749844612633,observed_censored,observed_censored,True,True,True,False,36.87291590342309,0.8739344391144207,True,4.999157517383132
1998-02-03__AE02,117.34583299588373,observed_censored,observed_censored,True,True,False,False,11.846963138687356,0.9325881237129432,False,3.901106904876898
2000-08-09__AL01,70.86113701513786,observed_complete,observed_complete,False,False,True,False,57.56811605140871,0.7036848051708425,True,13.617477825956918
2003-01-22__AL01,80.84198844300177,observed_complete,observed_complete,False,False,True,False,61.60260872909555,0.7073232196451181,True,19.644952496488006
2014-04-18__AL01,74.897780975885,observed_complete,observed_complete,False,False,True,False,102.91474792318158,0.5673487706596815,True,33.39922321677724
2014-05-08__AL01,62.36347227576763,observed_complete,observed_complete,False,False,True,False,104.07857934931214,0.530098066055749,True,32.5531032328302
2014-05-10__AL01,72.47544269484047,observed_complete,observed_complete,False,False,True,False,77.7103448851188,0.6097702878119976,True,10.881911637403892
2018-02-16__AL01,72.21127311972195,observed_complete,observed_complete,False,False,True,False,118.93140219465796,0.5133938783410746,True,26.21950276293684
2020-06-23__AL01,69.40018512003076,observed_complete,observed_complete,False,False,True,False,102.86550991284344,0.5429621454976521,True,34.58156177751223
2021-09-08__AL01,68.43563140542973,observed_complete,observed_complete,False,False,True,False,105.95109641019096,0.540082925683939,True,38.35278031621814
2022-09-19__AL01,87.88182295227071,observed_complete,observed_complete,False,False,True,False,123.67204532505926,0.5369475613109957,True,20.7900542527108
2022-09-22__AL01,66.37179236310453,observed_complete,observed_complete,False,False,True,False,70.76398724181746,0.6211575178445449,True,16.147080011230006
2022-12-11__AL01,76.52536959013952,observed_complete,observed_complete,False,False,False,False,54.136651003690005,0.6978138375456879,False,5.702300977096513
2026-01-02__AL01,46.59144187300563,observed_complete,observed_complete,False,False,True,False,91.3400718865894,0.5238488667748038,True,35.94951624488495
1989-04-25__AL01,50.946464401833936,observed_complete,observed_complete,False,False,True,False,82.53506327373088,0.5404506499235474,True,39.15965179587612
1990-05-31__AL01,55.50937476339055,observed_censored,observed_censored,True,True,True,False,42.477774469843766,0.7010291774363474,True,10.2036235049613
1995-09-14__AL01,66.31151662045234,observed_complete,observed_complete,False,False,True,False,70.73421736963027,0.6574116463910966,True,36.11334695944201
1996-07-15__AL01,69.48510506812099,observed_censored,observed_censored,False,True,True,False,37.40606958312964,0.7646158664498025,True,9.804982327889002
1997-07-19__AL01,58.897604340856255,observed_censored,observed_censored,True,True,False,False,1.1345138303661315,0.9889196813129588,False,3.001670445211234
1998-02-03__AL01,82.54158251925152,observed_censored,observed_censored,True,True,False,False,19.15226108435236,0.8532955872512267,False,3.4414129005765868
2000-08-09__AO24,58.83205784602271,observed_censored,observed_censored,True,True,True,False,25.47830160950589,0.8043742198287325,True,7.844046282610199
2003-01-22__AO24,76.52981668066077,observed_censored,observed_censored,True,True,True,False,19.531788462941023,0.8747882014043142,True,9.645607632882395
2014-04-18__AO24,57.59095260149195,observed_complete,observed_complete,False,False,True,False,88.1280172986554,0.5532619389737142,True,24.762422586882664
2014-05-08__AO24,50.64548064958802,observed_complete,observed_complete,False,False,True,False,72.02907883108763,0.6028611190875689,True,21.508823026824302
2014-05-10__AO24,56.185037442715085,observed_censored,observed_censored,False,True,True,False,50.92604216467531,0.6642091377774277,True,7.251334333667492
2018-02-16__AO24,60.404896838096754,observed_complete,observed_complete,False,False,True,False,100.85995151850548,0.5485028357647814,True,18.29025723066019
2020-06-23__AO24,58.17626667152134,observed_complete,observed_complete,False,False,True,False,63.61754168677382,0.6849992984414052,True,23.23539584220209
2021-09-08__AO24,65.22952605022702,observed_complete,observed_complete,False,False,True,False,99.23451231105466,0.566017176983055,True,24.57893237657029
2022-09-19__AO24,72.99469541603757,observed_complete,observed_complete,False,False,True,False,64.23015498486546,0.6855162799409251,True,12.520575104265998
2022-09-22__AO24,59.24912095710639,observed_complete,observed_complete,False,False,True,False,61.99844861408209,0.7602349423231414,True,6.503566890326154
2022-12-11__AO24,60.71814027858756,observed_complete,observed_complete,False,False,False,False,13.799264539250927,0.8912587506757216,False,3.68541123403412
2026-01-02__AO24,56.352922196709216,observed_complete,observed_complete,False,False,True,False,91.62416083810253,0.5336718198386476,True,14.75784077451418
1993-05-15__AO24,49.77404788900057,observed_censored,observed_censored,True,True,True,False,13.9923692014047,0.8367284807304003,True,6.831635775526673
1995-09-14__AO24,54.58585139689293,observed_censored,observed_censored,True,True,True,False,40.37068897977022,0.7104798552799038,True,26.56917521413121
1995-10-09__AO24,106.16577736350852,observed_censored,observed_censored,True,True,False,False,8.134461674582681,0.9388202340960988,False,6.329089884763213
1996-07-15__AO24,47.07328117860797,observed_censored,observed_censored,True,True,False,False,3.140163537300168,0.9544903835173888,False,5.588433381909428
1997-07-19__AO24,66.35226674852503,observed_censored,observed_censored,True,True,False,False,3.37143637408127,0.9655060735207563,False,2.334453192920311
1998-02-03__AO24,53.29613953954378,observed_censored,observed_censored,True,True,True,False,9.561735254126276,0.9136559937319282,True,4.296904727037612
2000-08-09__AP68,116.42423125435546,observed_censored,observed_censored,False,True,True,False,31.26492531499059,0.8485446625248724,True,14.671319252456469
2003-01-22__AP68,115.36936766115134,observed_censored,observed_censored,True,True,True,False,70.51984128106525,0.7356232987888384,True,18.712883604175573
2014-04-18__AP68,85.92881515663862,observed_complete,observed_complete,False,False,True,False,69.141032969999,0.6733391620051072,True,42.38260215438019
2021-09-08__AP68,108.44620007280992,observed_complete,observed_complete,False,False,True,False,92.51549839822178,0.6640442356081713,True,40.52092299404771
2022-09-19__AP68,102.37116042246056,observed_complete,observed_complete,False,False,True,False,91.8369180161217,0.6639825911378227,True,20.112469791953632
2022-09-22__AP68,74.61837524652526,observed_complete,observed_complete,False,False,True,False,85.68675232717742,0.5942862105720766,True,21.964869055324144
2022-12-11__AP68,94.03300777499464,observed_complete,observed_complete,False,False,False,False,53.27401701142335,0.7665775007167185,False,4.519175702251016
1989-04-25__AP68,79.85361260827439,observed_censored,observed_censored,False,True,True,False,44.18040029846969,0.7625220366670087,True,31.713340174763605
1990-05-31__AP68,73.01482988188395,observed_censored,observed_censored,True,True,False,False,9.562732070681903,0.9219050055477184,True,9.577514296449548
1993-05-15__AP68,71.02323230408234,observed_censored,observed_censored,True,True,False,False,6.187863123662552,0.9372427675084932,True,9.520938078934876
1995-09-14__AP68,94.39166888438776,observed_censored,observed_censored,True,True,True,False,25.042262581051887,0.8646437350356635,True,40.31491109005124
1995-10-09__AP68,141.38595739283326,observed_censored,observed_censored,True,True,False,False,15.89332742760442,0.9131986486750168,False,14.70511879682893
1996-07-15__AP68,77.13474519363167,observed_censored,observed_censored,True,True,False,False,8.259011182431237,0.918154680582388,True,15.046945368780928
1998-02-03__AP68,75.06476784886645,observed_censored,observed_censored,True,True,False,False,4.818022389235935,0.956492483391404,False,4.143401183842679
2021-09-08__AR14,132.48079650076625,observed_complete,observed_complete,False,False,True,False,65.8582533765522,0.7632530973594356,True,36.95453372697476
2022-09-19__AR14,112.7671509803383,observed_censored,observed_censored,False,True,True,False,132.36768938467517,0.6086459232336718,True,19.1989179681149
2022-09-22__AR14,89.03982150435873,observed_censored,observed_censored,False,True,True,False,97.03901709838718,0.6170217969121984,True,13.440010971853134
2022-12-11__AR14,100.49002949459356,observed_complete,observed_complete,False,False,False,False,24.18230907501956,0.8783280046539896,False,4.352768847810479
2026-01-02__AR14,84.43846611431694,observed_complete,observed_complete,False,False,True,False,76.65848765403285,0.6706119208781298,True,18.25855148786289
2000-08-09__AU11,107.95715901004044,observed_complete,observed_complete,False,False,True,False,80.42570075939958,0.7408047286106559,True,15.251986933419085
2003-01-22__AU11,208.8674901829056,observed_complete,observed_complete,False,False,True,False,86.18272090145348,0.7809173803918514,True,19.50557814784429
2014-04-18__AU11,161.5341367448007,observed_complete,observed_complete,False,False,True,False,125.88297887691743,0.687689535621809,True,26.703792289356404
2014-05-08__AU11,137.45310200069915,observed_complete,observed_complete,False,False,True,False,117.46668795786324,0.6373029673700459,True,24.75981736367193
2014-05-10__AU11,140.4122701508223,observed_complete,observed_complete,False,False,True,False,117.892184151912,0.6356854630657849,True,9.3800186877622
2018-02-16__AU11,176.65953001876446,observed_complete,observed_complete,False,False,True,False,133.0320060888215,0.6779042029712326,True,19.689388939933227
2021-09-08__AU11,198.0417858715996,observed_complete,observed_complete,False,False,True,False,88.45459691728968,0.7582877526512101,True,24.90784618787032
2022-09-19__AU11,173.27230499102404,observed_complete,observed_complete,False,False,True,False,152.0408485907621,0.6627983574912681,True,24.12724203292344
2022-09-22__AU11,118.38496292337844,observed_complete,observed_complete,False,False,True,False,90.13844131511794,0.690096811816276,True,15.497704056468605
2022-12-11__AU11,189.1843390360428,observed_complete,observed_complete,False,False,False,False,77.07300750281308,0.8435383526130469,False,3.296408048586005
2026-01-02__AU11,112.69069253174956,observed_complete,observed_complete,False,False,True,False,108.419487618587,0.6541422495260081,True,16.735706653252528
1989-04-25__AU11,139.57512571505305,observed_censored,observed_censored,False,True,True,False,68.883873664177,0.7775823003691351,True,21.735042176681432
1990-05-31__AU11,101.31588921764988,observed_censored,observed_censored,True,True,True,False,31.82379668076544,0.8211292095620637,True,9.058238951259668
1993-05-15__AU11,118.32560353029116,observed_censored,observed_censored,True,True,False,False,17.668597165165124,0.9054497930905704,False,5.194514174525011
1995-09-14__AU11,174.21286112743334,observed_complete,observed_complete,False,False,True,False,63.042364923223545,0.8038263476374672,True,25.71451408902803
1995-10-09__AU11,217.4713943979257,observed_complete,observed_complete,False,False,True,False,92.13575072373136,0.7587816768150294,True,13.196453883221126
1996-07-15__AU11,130.080908026269,observed_censored,observed_censored,True,True,False,False,26.31905981662075,0.872284072223119,False,10.538165819247576
1998-02-03__AU11,76.71152625244898,observed_censored,observed_censored,False,True,False,False,5.359821135154505,0.942093548669463,False,2.470055057823463
2000-08-09__AU46,54.27238660710968,observed_censored,observed_censored,True,True,False,False,6.896578377017875,0.937722788721168,True,7.099866885439694
2003-01-22__AU46,68.96229260706268,observed_censored,observed_censored,True,True,False,False,10.773306695052938,0.921213202464144,True,7.8700117178864195
2014-04-18__AU46,59.49622072271044,observed_complete,observed_complete,False,False,True,False,98.50436811069144,0.5319568178718453,True,19.52700513222541
2014-05-08__AU46,47.73901896793227,observed_censored,observed_censored,False,True,True,False,58.54982474144765,0.656438066298277,True,18.044035178313028
2018-02-16__AU46,49.885025559137866,observed_complete,observed_complete,False,False,True,False,56.71983107356405,0.69508745794235,True,18.418578507470663
2021-09-08__AU46,66.46023420091662,observed_complete,observed_complete,False,False,True,False,76.27392109835873,0.6426614143904488,True,24.279473477125148
2022-09-19__AU46,82.31169530956693,observed_complete,observed_complete,False,False,True,False,75.17313290515295,0.6707986297124898,True,8.977821273020172
2022-09-22__AU46,61.623100790311184,observed_complete,observed_complete,False,False,True,False,61.25482122076406,0.6922950659528605,True,7.034140772884365
2022-12-11__AU46,91.77932309451296,observed_censored,observed_censored,False,True,False,False,44.047822739011,0.9136723448984576,False,2.839236935038715
2026-01-02__AU46,52.04840948247568,observed_complete,observed_complete,False,False,True,False,85.2172384131444,0.5337460282697138,True,13.504766851354605
1989-04-25__AU46,42.33525318569404,observed_censored,observed_censored,False,True,True,False,47.40299818538202,0.6601448366405075,True,24.000223986819627
1990-05-31__AU46,39.596287634610505,observed_censored,observed_censored,True,True,False,False,3.826449950210247,0.9554338463753757,True,6.859193476515444
1995-09-14__AU46,53.44217930469317,observed_censored,observed_censored,True,False,True,False,49.5216484904211,0.7093799971219419,True,18.69976438176625
1996-07-15__AU46,50.52957101230192,observed_censored,observed_censored,True,True,True,False,15.26411820321627,0.8494365929846491,True,7.132407157864439
1997-07-19__AU46,64.46860391811151,observed_censored,observed_censored,True,True,False,False,5.865956775059615,0.9399840722829996,False,2.141320769804781
1998-02-03__AU46,58.59842253736163,observed_censored,observed_censored,True,True,False,False,8.611619283265611,0.9222356936674588,True,3.290685863813557
2000-08-09__BA49,94.09647917047435,observed_complete,observed_complete,False,False,True,False,57.081126049166414,0.7237920930554224,True,23.98009657536803
2003-01-22__BA49,117.66871041185068,observed_censored,observed_censored,True,True,True,False,49.30837754018566,0.8092888124533527,True,12.527640330681685
2018-02-16__BA49,110.4551165169461,observed_complete,observed_complete,False,False,True,False,125.70195069032025,0.5998791994833198,True,27.478957172254788
2021-09-08__BA49,82.08168419913582,observed_complete,observed_complete,False,False,True,False,128.96550782929975,0.5643645864433869,True,58.23220262814916
2022-09-19__BA49,120.20806219050344,observed_complete,observed_complete,False,False,True,False,116.09641393792567,0.6119123719273754,True,30.0863365822918
2022-09-22__BA49,82.95995325967546,observed_complete,observed_complete,False,False,True,False,77.04682118885839,0.6339296755411299,True,30.3538750081237
2022-12-11__BA49,122.923906933716,observed_complete,observed_complete,False,False,False,False,34.854985982014995,0.8384098934538016,False,5.240773116645644
2026-01-02__BA49,90.13358568582504,observed_complete,observed_complete,False,False,True,False,87.7584356871676,0.6475564831840659,True,28.412800748165346
1989-04-25__BA49,95.7930305730129,observed_complete,observed_complete,False,False,True,False,80.10446116799628,0.6680158267313345,True,54.32816566404247
1990-05-31__BA49,99.74318989423128,observed_censored,observed_censored,False,True,True,False,33.78079425884195,0.8231094189723939,True,12.141462944616745
1995-10-09__BA49,134.31573858510708,observed_censored,observed_censored,False,True,True,False,132.7765600154855,0.6211525500663799,True,19.87768699650156
1996-02-25__BA49,114.84415328724678,observed_censored,observed_censored,True,True,False,False,22.20507439359337,0.888073620678495,False,6.4093836473167904
1996-07-15__BA49,114.90664081416506,observed_censored,observed_censored,True,True,True,False,31.18693095285559,0.857509339092358,True,11.21403262866252
1997-07-19__BA49,91.9565121927486,observed_censored,observed_censored,True,True,False,False,12.223501156906906,0.9253891158096388,True,3.7390873314467736
1998-02-03__BA49,119.63629812979448,observed_censored,observed_censored,True,True,False,False,13.523836672596332,0.918091958860176,False,3.835547757341276
2000-08-09__BL45,81.85613749639273,observed_censored,observed_censored,False,True,True,False,66.60314088538303,0.6862116751766365,True,13.712410025984912
2003-01-22__BL45,104.8899392080561,observed_complete,observed_complete,False,False,True,False,104.17056718018948,0.6271232874675539,True,16.99489066861471
2014-04-18__BL45,85.33600205422634,observed_complete,observed_complete,False,False,True,False,112.16720470952244,0.5400532877782325,True,31.69433958279973
2014-05-08__BL45,77.09421476531816,observed_complete,observed_complete,False,False,True,False,79.63984442441483,0.6197486419766289,True,29.29629527520332
2014-05-10__BL45,72.55456106382945,observed_complete,observed_complete,False,False,True,False,82.63644454300959,0.604250540955847,True,9.18442145927516
2018-02-16__BL45,84.25137666775082,observed_complete,observed_complete,False,False,True,False,110.02202499163334,0.5556102068356356,True,31.32855458742675
2021-09-08__BL45,85.35435918250853,observed_complete,observed_complete,False,False,True,False,112.2897617335952,0.5605785327792314,True,41.08446902603973
2022-09-19__BL45,84.45124287621344,observed_complete,observed_complete,False,False,True,False,94.004539497472,0.6387358691154376,True,25.7262010460357
2022-09-22__BL45,73.53593023864458,observed_complete,observed_complete,False,False,True,False,78.19103411923271,0.6292858234438047,True,14.373850776545364
2022-12-11__BL45,87.86365437676703,observed_complete,observed_complete,False,False,False,False,64.65882418302331,0.6769643076387725,False,4.741880857602173
2026-01-02__BL45,63.91151418297245,observed_complete,observed_complete,False,False,True,False,78.6999501297049,0.5905309566612649,True,33.21541770604768
1989-04-25__BL45,81.42142704456991,observed_complete,observed_complete,False,False,True,False,62.65982768462004,0.6862302068872307,True,57.03060016652091
1990-05-31__BL45,67.19523235501117,observed_censored,observed_censored,True,True,True,False,45.418245660739245,0.7042890444642278,True,11.093866243096851
1995-09-14__BL45,88.66798498186743,observed_complete,observed_complete,False,False,True,False,76.85651469192845,0.6627917045808686,True,34.32843688873317
1995-10-09__BL45,127.67841782745984,observed_complete,observed_complete,False,False,True,False,83.25915402253426,0.7148561456812417,True,12.691691030080632
1996-02-25__BL45,94.80998378559882,observed_censored,observed_censored,True,True,True,False,30.412742718990017,0.832667165232517,True,5.541112664531401
1997-07-19__BL45,84.7980456891321,observed_censored,observed_censored,True,True,False,False,2.585318012566802,0.9811221758848718,False,3.4123027701802053
1998-02-03__BL45,93.76609017674534,observed_censored,observed_censored,True,True,False,False,9.292574781040884,0.93277940696585,True,3.6336459795760425
2003-01-22__BO39,89.2687791688913,observed_complete,observed_complete,False,False,True,False,82.11841746273524,0.6652190571864518,True,36.32723964086465
2014-04-18__BO39,91.61399255864583,observed_complete,observed_complete,False,False,True,False,108.77950719030952,0.5821636813770089,True,47.1550907812042
2014-05-08__BO39,83.40711059395616,observed_complete,observed_complete,False,False,True,False,102.85854118792284,0.581977805462396,True,30.48651788683862
2014-05-10__BO39,82.111185601751,observed_complete,observed_complete,False,False,True,False,85.50232742930271,0.6302282254495407,True,11.483765661669148
2018-02-16__BO39,115.52597089162715,observed_censored,observed_censored,False,True,True,False,57.8681225676448,0.7563344874830739,True,23.762056796227533
2020-06-23__BO39,85.2455960029077,observed_complete,observed_complete,False,False,True,False,82.66004902549179,0.64356841436121,True,32.26611466515862
2021-09-08__BO39,103.44450384159845,observed_complete,observed_complete,False,False,True,False,95.38171139960676,0.6375937102488439,True,34.69187639585756
2022-09-19__BO39,95.07063371445162,observed_complete,observed_complete,False,False,True,False,105.45405258968351,0.6229339843755729,True,30.52152634435445
2022-09-22__BO39,88.52003777246009,observed_complete,observed_complete,False,False,True,False,104.20271006120922,0.6085401027040489,True,22.813067132581736
2022-12-11__BO39,113.38835350328574,observed_complete,observed_complete,False,False,False,False,43.31087946843266,0.7978205607859553,False,4.584681835294842
2026-01-02__BO39,86.3752860805847,observed_complete,observed_complete,False,False,True,False,86.37745626791315,0.6219804977334217,True,21.72555230577137
1989-04-25__BO39,89.69047477971998,observed_censored,observed_censored,True,True,True,False,68.40687962556538,0.6659657228108532,True,35.94863248694626
1990-05-31__BO39,64.11062713972807,observed_censored,observed_censored,True,True,True,False,18.34758599494002,0.8424694256466041,True,10.09341919709398
1995-09-14__BO39,111.8364660189684,observed_censored,observed_censored,False,True,True,False,135.11482862577063,0.5761901175440839,True,31.93056970395954
1995-10-09__BO39,138.48784235200824,observed_complete,observed_complete,False,False,True,False,84.2878296741726,0.7117675010287159,True,20.482135071731683
1996-02-25__BO39,97.07962098661096,observed_censored,observed_censored,True,True,True,False,23.65200557961225,0.8641235963715043,True,4.179827739864856
1996-07-15__BO39,105.88020898018418,observed_censored,observed_censored,True,True,True,False,31.033884507691653,0.8327825609801625,True,7.945063901647975
1997-07-19__BO39,84.93282982583271,observed_censored,observed_censored,True,True,False,False,12.080832587813989,0.8974026956448918,False,2.971140685210933
1998-02-03__BO39,108.8305178361993,observed_censored,observed_censored,True,True,False,False,20.658704108451445,0.8777229706513676,False,3.3693207330855537
2000-08-09__CA59,84.57913161597698,observed_complete,observed_complete,False,False,True,False,55.47849820567765,0.7589882349116919,True,23.21370796357348
2003-01-22__CA59,112.49008876657236,observed_complete,observed_complete,False,False,True,False,63.41777267118079,0.7535451085373046,True,28.36409226865472
2014-04-18__CA59,112.07591868586866,observed_complete,observed_complete,False,False,True,False,126.04332737951609,0.5879859852918539,True,31.075835743396738
2014-05-08__CA59,95.1518056651508,observed_complete,observed_complete,False,False,True,False,93.25589436325008,0.6335721243094299,True,30.900873808825988
2014-05-10__CA59,88.5891296022363,observed_complete,observed_complete,False,False,True,False,99.07368746651112,0.6001062059878461,True,10.01860256714886
2018-02-16__CA59,130.64122627109109,observed_complete,observed_complete,False,False,True,False,81.12879598138622,0.7183712431652507,True,23.287508379970703
2021-09-08__CA59,119.25131680871723,observed_complete,observed_complete,False,False,True,False,90.79113107286872,0.6631376852446248,True,37.28007529169554
2022-09-19__CA59,114.92739677367535,observed_complete,observed_complete,False,False,True,False,110.05757915785252,0.6285477769825086,True,34.06809006904288
2022-09-22__CA59,77.05861763866208,observed_complete,observed_complete,False,False,True,False,78.05694418172303,0.6614022288564481,True,22.65284291034889
2022-12-11__CA59,113.02486836408904,observed_complete,observed_complete,False,False,False,False,49.25154290163985,0.7766471230255324,False,3.9940071588365016
2026-01-02__CA59,97.90485882327992,observed_complete,observed_complete,False,False,True,False,75.79625160801095,0.6941973226498388,True,20.32036451088762
1989-04-25__CA59,99.68030753763075,observed_complete,observed_complete,False,False,True,False,66.33455471378198,0.697074825491908,True,39.89240408197637
1990-05-31__CA59,91.52215950168222,observed_censored,observed_censored,True,True,True,False,38.08748083162317,0.7933509802418579,True,8.616889781259939
1995-09-14__CA59,131.95646098944033,observed_complete,observed_complete,False,False,True,False,107.0031663821238,0.6804683348051548,True,28.84297800767974
1995-10-09__CA59,155.09011298133638,observed_complete,observed_complete,False,False,True,False,103.47143057374392,0.6986941831229612,True,17.005300849233226
1996-02-25__CA59,156.03289991328964,observed_censored,observed_censored,True,True,False,False,34.554972162052536,0.8615530583675126,False,4.549522243304118
1996-07-15__CA59,132.03992632313373,observed_censored,observed_censored,False,True,True,False,36.81578944837256,0.8346175398752412,True,8.09560206360792
1997-07-19__CA59,91.99994011535796,observed_censored,observed_censored,True,True,False,False,2.368326153847221,0.9811183436670076,False,2.592619942634327
1998-02-03__CA59,106.31136589736032,observed_censored,observed_censored,True,True,False,False,4.56323564421038,0.966988094883814,False,2.9426469198041216
2000-08-09__CDAO,103.76127541993024,observed_complete,observed_complete,False,False,True,False,75.8070327429192,0.6689793775690179,True,16.514352194976826
2003-01-22__CDAO,103.232790966256,observed_censored,observed_censored,True,False,True,False,69.30951814769975,0.6932121186805075,True,20.231047810173
1985-09-19__CDAO,112.06327046900417,observed_complete,observed_complete,False,False,True,False,67.62263982174869,0.7290759622526094,True,75.76802823735257
1985-09-21__CDAO,103.21915091451756,observed_censored,observed_censored,True,True,True,False,36.35645866028125,0.8002611874503832,True,37.53560771379493
1989-04-25__CDAO,99.74156534488536,observed_censored,observed_censored,False,True,True,False,36.12430371562209,0.8107783577831329,True,29.60065305762857
1990-05-31__CDAO,86.10028026507385,observed_censored,observed_censored,False,True,True,False,14.12689679179138,0.8999015319790875,True,12.8347569043034
1993-05-15__CDAO,74.55527267772723,observed_censored,observed_censored,True,True,True,False,14.912451473185996,0.8805187767551799,True,9.977296322772462
1995-09-14__CDAO,105.17799850473524,observed_complete,observed_complete,False,False,True,False,120.57389457206337,0.6210274875155163,True,33.457520106814535
1995-10-09__CDAO,146.20810184316326,observed_complete,observed_complete,False,False,True,False,78.85969968583137,0.7333388574516235,True,16.062653430141925
1996-02-25__CDAO,86.2582321619719,observed_censored,observed_censored,True,True,False,False,13.808470606423413,0.9010571037086312,False,7.3553834574945425
2003-01-22__CE18,76.58632297022314,observed_censored,observed_censored,True,True,False,False,5.101077424648778,0.9587758410809052,True,2.877781784893953
2014-04-18__CE18,82.67661758369283,observed_censored,observed_censored,False,True,True,False,67.98158082337929,0.6577132026414617,True,8.068849051119537
2014-05-08__CE18,61.94606285078692,observed_censored,observed_censored,False,True,True,False,33.95701788759676,0.7800711276710054,True,6.507530505484512
2014-05-10__CE18,74.14874895396125,observed_censored,observed_censored,False,True,False,False,29.18572643722007,0.7757531583771028,False,2.436699908781452
2018-02-16__CE18,61.40588606304826,observed_censored,observed_censored,False,True,True,False,24.76997543597645,0.8629979234735816,True,6.3766967607518446
2021-09-08__CE18,96.51561518355042,observed_complete,observed_complete,False,False,True,False,59.70810245043381,0.6990974023563281,True,7.404486326273421
2022-09-19__CE18,109.0483532177788,observed_complete,observed_complete,False,False,False,False,122.27940282439972,0.6225361851384482,True,3.809617814013738
2022-09-22__CE18,55.36854695610155,observed_complete,observed_complete,False,False,False,False,40.03423390244268,0.7417479428303272,True,3.4612722926749893
2022-12-11__CE18,387.8498272929023,observed_censored,observed_censored,False,True,False,False,29.246276122805284,0.9484265427756132,False,1.1850511048945138
2026-01-02__CE18,73.12879170377165,observed_complete,observed_complete,False,False,True,False,51.81672737454292,0.6919521587626009,True,5.350838344826339
1995-09-14__CE18,51.41232776103208,observed_censored,observed_censored,True,True,True,False,10.595762472473991,0.9007143696357385,True,6.878196201536006
2000-08-09__CE23,131.56917114995105,observed_censored,observed_censored,True,False,True,False,45.54931782402048,0.8174595526629244,True,12.95556830815657
2003-01-22__CE23,157.5191506141523,observed_censored,observed_censored,True,False,True,False,70.02551421331987,0.7871823662371752,True,15.394839906790812
2014-04-18__CE23,170.3965184143619,observed_complete,observed_complete,False,False,True,False,139.022121665843,0.6257514155494576,True,16.78953738736003
2014-05-08__CE23,117.05171366269327,observed_complete,observed_complete,False,False,True,False,139.49135514354953,0.5814087290134752,True,19.27389189624524
2014-05-10__CE23,130.84869586527626,observed_complete,observed_complete,False,False,True,False,100.72068401838538,0.6927561344079514,True,5.728614965156544
2018-02-16__CE23,133.85653087842311,observed_complete,observed_complete,False,False,True,False,143.58518097409208,0.5861025021645612,True,15.933037906914738
2021-09-08__CE23,205.93724092225284,observed_complete,observed_complete,False,False,True,False,165.2346267727741,0.6333903690338042,True,19.51367023552261
2022-09-19__CE23,170.83073259760687,observed_complete,observed_complete,False,False,True,False,134.3037823724481,0.6461686055998943,True,16.562769919704216
2022-09-22__CE23,127.76231774961202,observed_complete,observed_complete,False,False,True,False,104.32422854286966,0.6540400313617322,True,9.528608560183944
2022-12-11__CE23,154.25893218409246,observed_complete,observed_complete,False,False,False,False,36.27981428870058,0.8491421086585696,False,2.064970136195276
2026-01-02__CE23,121.23226688831907,observed_complete,observed_complete,False,False,True,False,123.37156807421935,0.6004159738486822,True,11.161961057143346
1989-04-25__CE23,108.73435492631276,observed_complete,observed_complete,False,False,True,False,69.8836189174547,0.7262364597584726,True,21.21314122712608
1990-05-31__CE23,58.04458175223685,observed_censored,observed_censored,True,True,False,False,4.714342805893821,0.9481199207010694,False,6.428060485360637
1993-05-15__CE23,121.77794377784824,observed_censored,observed_censored,True,True,False,False,47.20612386931086,0.7868124288971193,False,5.019949288687694
1995-09-14__CE23,167.17522225636765,observed_complete,observed_complete,False,False,True,False,124.49791708684684,0.6464684099704766,True,22.731539961004533
1995-10-09__CE23,184.9670027428656,observed_complete,observed_complete,False,False,True,False,119.99322214353684,0.7307244546446218,True,15.856159791862334
1996-02-25__CE23,202.37027074549545,observed_censored,observed_censored,False,True,False,False,43.74853595282872,0.8606157455225771,False,5.177763203547393
2000-08-09__CE32,130.18617986019805,observed_censored,observed_censored,False,True,False,False,9.023135070068976,0.9536633540283008,False,8.388844850562522
2003-01-22__CE32,151.48867708327353,observed_complete,observed_complete,False,False,True,False,57.77955071688231,0.7938579659749463,True,15.556494448754073
2014-04-18__CE32,145.27097560911653,observed_complete,observed_complete,False,False,True,False,91.5847413200431,0.6994758283181522,True,25.86725952399194
2014-05-08__CE32,103.74879006335614,observed_complete,observed_complete,False,False,True,False,81.37346966005478,0.6740889552224656,True,17.97630749789681
2014-05-10__CE32,94.86840037894908,observed_censored,observed_censored,False,True,True,False,26.59378703452944,0.8558524199982144,True,5.9553305438595245
2018-02-16__CE32,134.82055829472463,observed_censored,observed_censored,False,True,True,False,63.87688474345191,0.750879900380438,True,17.996980474253558
2020-06-23__CE32,170.35123241222848,observed_complete,observed_complete,False,False,True,False,126.38002707105068,0.6456369810704052,True,18.219865607899724
2021-09-08__CE32,216.679972013743,observed_complete,observed_complete,False,False,True,False,79.08785381041685,0.7885464579155744,True,19.822815996410885
2022-09-19__CE32,177.8644020766484,observed_complete,observed_complete,False,False,True,False,109.1068207450632,0.7083485144478396,True,12.314943375554062
2022-09-22__CE32,103.029453647747,observed_censored,observed_censored,False,True,True,False,117.1680875308729,0.5991786825024874,True,11.123707627437431
2022-12-11__CE32,142.32419219183123,observed_complete,observed_complete,False,False,False,False,25.80974643962369,0.8910015353704814,False,2.472255858284027
2026-01-02__CE32,104.59341609306249,observed_complete,observed_complete,False,False,True,False,150.90173627887947,0.5555046208168739,True,13.24327848661374
1989-04-25__CE32,114.45429925986922,observed_censored,observed_censored,False,True,True,False,60.51801505098402,0.7673368380647264,True,19.973369363208366
1990-05-31__CE32,81.82965593439422,observed_censored,observed_censored,True,True,True,False,12.27572996863934,0.8913844455084114,True,4.8322962141090375
1993-05-15__CE32,78.7111918307087,observed_censored,observed_censored,True,True,True,False,9.87386368251886,0.9090804449123494,True,5.586135174253848
1995-09-14__CE32,140.35491359297183,observed_complete,observed_complete,False,False,True,False,51.36206085688599,0.7951662577990589,True,22.837839489168864
1995-10-09__CE32,185.5635781386057,observed_censored,observed_censored,True,True,False,False,28.66416280253671,0.8827305862515374,False,11.090129299778576
2000-08-09__CH84,58.83907387283531,observed_censored,observed_censored,False,True,True,False,23.55104529557488,0.8097807503790091,True,10.646514199952302
2003-01-22__CH84,61.42865171346832,observed_censored,observed_censored,True,True,True,False,31.632273108016605,0.7975404947003546,True,15.493891481831405
2014-04-18__CH84,50.30659154804384,observed_complete,observed_complete,False,False,True,False,120.21193513102249,0.473493626791247,True,35.324280210008965
2014-05-08__CH84,47.35827891590367,observed_complete,observed_complete,False,False,True,False,71.89327031965502,0.5918170083480667,True,33.23063003627593
2014-05-10__CH84,58.679986698828046,observed_censored,observed_censored,False,True,True,False,63.282174470160186,0.6296905935387666,True,9.623154747839894
2018-02-16__CH84,65.55973720317111,observed_censored,observed_censored,False,True,True,False,38.99998834618828,0.766871968759709,True,30.08873400872342
2020-06-23__CH84,65.18044059111257,observed_complete,observed_complete,False,False,True,False,109.6717366334151,0.5507098048610607,True,20.605371367263864
2021-09-08__CH84,69.21692069199364,observed_complete,observed_complete,False,False,True,False,102.33296612239994,0.5358628169339625,True,32.63510708093202
2022-09-19__CH84,69.7545676332717,observed_complete,observed_complete,False,False,True,False,89.15257940410754,0.6043290457832969,True,18.511800851950923
2022-09-22__CH84,51.17085468008554,observed_complete,observed_complete,False,False,True,False,65.36112764383165,0.645623901302149,True,13.01828486726257
2022-12-11__CH84,73.38271818443226,observed_complete,observed_complete,False,False,False,False,14.799147308059304,0.8984760423402668,False,4.339765023731572
2026-01-02__CH84,48.701947639253184,observed_complete,observed_complete,False,False,True,False,141.7758155885,0.4057763712288864,True,29.65424023742655
1989-04-25__CH84,59.47287216297452,observed_censored,observed_censored,False,True,True,False,48.39034695735337,0.6913880933842259,True,27.769305138609525
1990-05-31__CH84,40.82574100789161,observed_censored,observed_censored,True,True,True,False,10.7373077658428,0.8587753812200078,True,9.9800456730269
1993-05-15__CH84,58.84697129308139,observed_censored,observed_censored,True,True,True,False,10.65825922739664,0.8841745356727163,True,10.042458142171215
1995-09-14__CH84,76.14590792040525,observed_complete,observed_complete,False,False,True,False,43.6346963689418,0.7461918545315158,True,25.685958676473344
1995-10-09__CH84,109.0176529178428,observed_censored,observed_censored,True,True,False,False,9.645309647565028,0.9325455650915097,False,7.76413096955782
1996-07-15__CH84,54.239468731064576,observed_censored,observed_censored,True,True,False,False,8.137060511478055,0.9018448671715554,False,8.656865135140581
1998-02-03__CH84,61.65024730064079,observed_censored,observed_censored,True,True,False,False,7.230953035960184,0.9383234984991456,True,6.830957392362466
2003-01-22__CI05,95.4682333745889,observed_complete,observed_complete,False,False,True,False,61.30268069963748,0.726321209403614,True,18.747323501547296
2014-04-18__CI05,79.11167864053097,observed_complete,observed_complete,False,False,True,False,107.24135511478502,0.5476002737195317,True,37.56692115137454
2014-05-08__CI05,59.2539835829192,observed_complete,observed_complete,False,False,True,False,84.463391315641,0.5599489876230019,True,32.60362862229456
2014-05-10__CI05,74.74416647890949,observed_complete,observed_complete,False,False,True,False,73.73144219062684,0.6426874621244156,True,9.218860703055826
2018-02-16__CI05,81.20827574754634,observed_censored,observed_censored,False,True,True,False,80.73877408902939,0.6726319827716442,True,27.014629302620143
2020-06-23__CI05,71.07963819511716,observed_complete,observed_complete,False,False,True,False,90.77932863882025,0.5991551700498069,True,33.823263709268176
2021-09-08__CI05,70.49365609264515,observed_complete,observed_complete,False,False,True,False,114.41435335619326,0.5569628137223882,True,39.54678488901939
2022-09-19__CI05,74.70932886372795,observed_complete,observed_complete,False,False,True,False,123.16190121435,0.5262092663421812,True,26.30144266105633
2022-09-22__CI05,72.96903753006815,observed_complete,observed_complete,False,False,True,False,88.51210544106473,0.6215005112633537,True,17.00875309482702
2022-12-11__CI05,92.75865009966256,observed_complete,observed_complete,False,False,False,False,66.1389219354499,0.6928485490389175,False,4.235708123783564
2026-01-02__CI05,60.19407688345741,observed_complete,observed_complete,False,False,True,False,72.02235100501508,0.6063707110181172,True,37.69383786740914
1989-04-25__CI05,66.59675824036992,observed_complete,observed_complete,False,False,True,False,72.84662906014886,0.5963169263242978,True,55.01980167859098
1990-05-31__CI05,70.41747248349192,observed_censored,observed_censored,False,True,True,False,40.35716469733392,0.7575418161770267,True,10.454702639307476
1995-10-09__CI05,132.7581230000959,observed_complete,observed_complete,False,False,True,False,93.29301916658356,0.7288151294500798,True,12.73599936466358
1996-02-25__CI05,86.20600879869518,observed_censored,observed_censored,False,True,True,False,50.46883778764325,0.77610204610424,True,6.21375414604164
1996-07-15__CI05,91.5639176605128,observed_complete,observed_complete,False,False,True,False,62.35625761691992,0.7066554188412292,True,8.236926576918306
1997-07-19__CI05,88.37002514951064,observed_censored,observed_censored,True,True,False,False,17.237397006810596,0.8886976366836018,True,3.981544504099773
1998-02-03__CI05,79.7786049319974,observed_censored,observed_censored,True,True,True,False,43.76592380478488,0.7657948102703223,True,5.013801295587343
2003-01-22__CJ03,100.60639198841066,observed_complete,observed_complete,False,False,True,False,68.95283956739641,0.7142680276504375,True,15.127473975420475
2014-04-18__CJ03,77.77541631574111,observed_complete,observed_complete,False,False,True,False,129.20212554447798,0.5109129517186737,True,30.605170206704106
2014-05-08__CJ03,72.27761447318264,observed_complete,observed_complete,False,False,True,False,107.66125970028484,0.5476797760680412,True,26.351884400936385
2014-05-10__CJ03,70.65226281739903,observed_complete,observed_complete,False,False,True,False,78.06995194583095,0.6318149785614462,True,7.3156973914463235
2018-02-16__CJ03,81.49978919410006,observed_complete,observed_complete,False,False,True,False,95.33860351831532,0.580744927360091,True,23.224544553743574
2021-09-08__CJ03,73.12977454283939,observed_complete,observed_complete,False,False,True,False,91.44201386902836,0.5815202330830243,True,41.83960845695174
2022-09-19__CJ03,72.37096462699604,observed_complete,observed_complete,False,False,True,False,112.86492940793087,0.5525671777683613,True,30.934619656307323
2022-09-22__CJ03,64.19572389670347,observed_complete,observed_complete,False,False,True,False,130.35180408513,0.5019607836888015,True,17.04164438816742
2022-12-11__CJ03,92.78090526558267,observed_censored,observed_censored,False,True,False,False,42.21837315521094,0.9149628917050155,False,3.906992139968603
2026-01-02__CJ03,52.54328536319675,observed_complete,observed_complete,False,False,True,False,89.89187026601473,0.535418521546257,True,40.56019438418296
1989-04-25__CJ03,79.42920974425725,observed_complete,observed_complete,False,False,True,False,65.70135662735014,0.6479215656859219,True,44.90099514049444
1990-05-31__CJ03,71.31684558930984,observed_censored,observed_censored,True,True,True,False,29.430542125621784,0.8017744855821258,True,7.565561286464669
1993-05-15__CJ03,78.08229118709038,observed_censored,observed_censored,True,False,True,False,57.9068121423919,0.6773454496997164,True,8.899792767761895
1995-09-14__CJ03,86.97047111226027,observed_complete,observed_complete,False,False,True,False,113.55541304847154,0.5675397477017612,True,26.295552979073623
1995-10-09__CJ03,124.5472138020399,observed_complete,observed_complete,False,False,True,False,86.28569847997716,0.7127209519402802,True,13.460972086722531
1996-02-25__CJ03,79.36166571072835,observed_censored,observed_censored,False,True,True,False,57.24405404563299,0.7096863066962522,True,6.392396851865647
1996-07-15__CJ03,94.1813664021356,observed_complete,observed_complete,False,False,True,False,58.473124757201305,0.723046820645094,True,8.721656685101872
1997-07-19__CJ03,77.65209675164061,observed_censored,observed_censored,True,True,False,False,28.57687784730085,0.8091694300681078,False,3.671117570637173
1998-02-03__CJ03,92.67486427355212,observed_censored,observed_censored,True,True,False,False,19.015431939083044,0.8953758902939035,True,3.905848571425384
2000-08-09__CJ04,71.4693702182548,observed_complete,observed_complete,False,False,True,False,44.516998974564345,0.7250509605672019,True,11.87268068398992
2003-01-22__CJ04,99.61518011912123,observed_complete,observed_complete,False,False,True,False,70.09438335184629,0.7006176767101768,True,15.344749526771643
2014-04-18__CJ04,77.76707065691592,observed_complete,observed_complete,False,False,True,False,131.61613727721078,0.5012840086498778,True,31.942875664826097
2014-05-08__CJ04,72.23233716059123,observed_complete,observed_complete,False,False,True,False,100.87448119936698,0.5617963457890227,True,28.09896493168561
2014-05-10__CJ04,70.969402378693,observed_complete,observed_complete,False,False,True,False,82.27477524551773,0.62011831542378,True,7.713506515800917
2018-02-16__CJ04,81.82491014698057,observed_complete,observed_complete,False,False,True,False,103.91143984984222,0.5717993989786863,True,21.2242798626976
2021-09-08__CJ04,72.85638477463431,observed_complete,observed_complete,False,False,True,False,86.7154251817332,0.5887535560005065,True,42.41794921122737
2022-09-19__CJ04,72.40594502438185,observed_complete,observed_complete,False,False,True,False,92.6389785401066,0.5981826998911013,True,30.84204832115326
2022-09-22__CJ04,63.46389747491538,observed_complete,observed_complete,False,False,True,False,111.12388814605184,0.5426059347764898,True,18.530771988876307
2022-12-11__CJ04,92.85979465662112,observed_complete,observed_complete,False,False,False,False,104.831344106401,0.784404112976306,False,3.968650896382477
2026-01-02__CJ04,56.10095633025303,observed_complete,observed_complete,False,False,True,False,92.08289349522104,0.5269795371900086,True,39.21467157028738
1995-09-14__CJ04,85.88238693213309,observed_complete,observed_complete,False,False,True,False,88.12012408618509,0.6183789178199944,True,26.10551293376563
1995-10-09__CJ04,109.07972194139296,observed_censored,observed_censored,True,True,False,False,35.05269949377848,0.8195020623389369,False,13.623566300035082
1996-02-25__CJ04,63.79998827346164,observed_censored,observed_censored,True,True,False,False,15.37441915369054,0.8467920363359189,False,6.538933231259291
1996-07-15__CJ04,86.71008409401801,observed_censored,observed_censored,True,True,True,False,25.174579755203126,0.8458101319580871,True,8.790269939082956
1997-07-19__CJ04,74.88393930863344,observed_censored,observed_censored,True,True,False,False,16.623493030816718,0.8721171395429131,True,3.5741680348227964
2003-01-22__CO47,90.58257410955676,observed_censored,observed_censored,False,True,False,False,26.82288762270977,0.8345389696952084,False,5.180083600713597
2014-05-08__CO47,54.45838631704429,observed_censored,observed_censored,False,True,True,False,74.94112360686643,0.618056553657477,True,13.703196167488851
2014-05-10__CO47,60.79914640956858,observed_censored,observed_censored,False,True,True,False,38.08239975350527,0.7227749890550683,True,5.399578150411204
2018-02-16__CO47,58.50219001386847,observed_complete,observed_complete,False,False,True,False,80.78708790476034,0.6297567007114558,True,13.779994661380645
2021-09-08__CO47,72.9065286880719,observed_complete,observed_complete,False,False,True,False,110.24231026617612,0.5594536833992322,True,18.71612583105292
2022-09-19__CO47,84.62760940406257,observed_complete,observed_complete,False,False,True,False,80.4689853147672,0.6411799459789209,True,8.46875513423524
2022-09-22__CO47,62.03469243394059,observed_complete,observed_complete,False,False,True,False,59.36637059045029,0.6886270293168453,True,5.410165298125978
2022-12-11__CO47,74.06195981971973,observed_complete,observed_complete,False,False,False,False,30.764065221652288,0.8391673712795259,False,2.317585757145233
2026-01-02__CO47,51.370413140262585,observed_complete,observed_complete,False,False,True,False,57.39268843746419,0.617916993292962,True,14.678637243492313
1989-04-25__CO47,54.1908333935861,observed_censored,observed_censored,False,True,True,False,45.81360200775149,0.7078959321107403,True,12.736912219321534
1990-05-31__CO47,54.16812221510536,observed_censored,observed_censored,True,True,False,False,7.040982617958363,0.935279137623326,True,4.086563136561074
1993-05-15__CO47,62.78174473332884,observed_censored,observed_censored,True,True,False,False,9.040871170122188,0.9327266078568184,True,4.2877910147543785
1995-09-14__CO47,68.43257347088147,observed_censored,observed_censored,False,True,True,False,73.2499331329071,0.6395091752606752,True,13.76434178596554
1995-10-09__CO47,135.55334023823983,observed_censored,observed_censored,True,True,False,False,15.945146710141929,0.9180408804413164,False,2.6430640084035626
1996-07-15__CO47,55.835042181771904,observed_censored,observed_censored,True,True,True,False,24.57670363765226,0.8254371500983574,True,6.141891154517008
1998-02-03__CO47,52.13591666628125,observed_censored,observed_censored,True,True,False,False,7.21564538861648,0.920593756040316,False,2.778917092898836
2000-08-09__CO56,70.7486708391806,observed_complete,observed_complete,False,False,True,False,84.16576032463642,0.6011290444782881,True,22.19890318598115
2003-01-22__CO56,90.8233309359034,observed_censored,observed_censored,False,True,True,False,70.64951097983621,0.7283338038151341,True,23.838408560333228
2014-04-18__CO56,79.47228752105896,observed_complete,observed_complete,False,False,True,False,122.3735448793285,0.5283892982914733,True,35.41621594725945
2014-05-08__CO56,83.95303865717776,observed_complete,observed_complete,False,False,True,False,89.32467123115265,0.6193605009964944,True,29.02699821229099
2014-05-10__CO56,77.16903772257645,observed_complete,observed_complete,False,False,True,False,67.6190300948492,0.6727055658526176,True,9.732891065162177
2018-02-16__CO56,103.6878477610019,observed_censored,observed_censored,False,True,True,False,103.1009251810141,0.6395324621319693,True,26.31976781540981
2020-06-23__CO56,82.16855798017009,observed_complete,observed_complete,False,False,True,False,119.49039853258316,0.5708113985396245,True,36.5393110093589
2021-09-08__CO56,91.2821623168521,observed_complete,observed_complete,False,False,True,False,105.51312938174271,0.6070274510922059,True,40.12049774436595
2022-09-19__CO56,81.22540377805885,observed_complete,observed_complete,False,False,True,False,105.09245467872093,0.5892098085497365,True,28.076469397469868
2022-09-22__CO56,72.97306095629732,observed_complete,observed_complete,False,False,True,False,69.35402101225898,0.6477703351332708,True,18.09114769489706
2022-12-11__CO56,96.78615480541548,observed_complete,observed_complete,False,False,False,False,68.07930058385176,0.6912643391054747,False,4.645106233917871
2026-01-02__CO56,56.50750778515173,observed_complete,observed_complete,False,False,True,False,75.27704014156286,0.575305838411493,True,35.679163340601626
1989-04-25__CO56,73.47945660319706,observed_complete,observed_complete,False,False,True,False,82.63363099403978,0.6103106295966056,True,60.52485764141667
1990-05-31__CO56,64.14582738159547,observed_censored,observed_censored,True,True,False,False,8.269306039163965,0.917995775097541,True,10.067044667273704
1995-09-14__CO56,88.93781183731889,observed_complete,observed_complete,False,False,True,False,53.92109728168612,0.7212803820857743,True,39.6974383616923
1995-10-09__CO56,104.93349063182649,observed_censored,observed_censored,True,True,False,False,36.63158422504719,0.8092104988278792,False,21.459195534060505
1996-07-15__CO56,69.30657360932047,observed_censored,observed_censored,False,True,True,False,10.679585016735942,0.9100060249706248,True,9.43775856100872
1997-07-19__CO56,78.45644678824566,observed_censored,observed_censored,True,True,False,False,8.308990980479578,0.9291283607942716,False,3.573582547271543
1998-02-03__CO56,66.5522368996877,observed_censored,observed_censored,True,True,False,False,4.870537144147505,0.9554143432428824,False,4.32321993129205
1989-04-25__CP28,34.14256445753865,observed_censored,observed_censored,False,True,True,False,20.41412113738592,0.7936508527505719,True,11.581638403385186
1990-05-31__CP28,23.351742028011927,observed_censored,observed_censored,True,True,False,False,3.6938118666386814,0.8937643984285683,True,5.068804892959929
1995-09-14__CP28,46.46780830394272,observed_censored,observed_censored,True,True,True,False,33.55749286514359,0.7398643963942357,True,14.255551607222126
1996-07-15__CP28,36.0395832845748,observed_censored,observed_censored,True,True,False,False,10.937650799977028,0.8430527938014488,False,5.799362214778681
1998-02-03__CP28,56.38089035240861,observed_censored,observed_censored,True,True,False,False,13.85227732812386,0.8749117091554645,False,2.838474003702065
2000-08-09__CP28,50.0449559056492,observed_censored,observed_censored,True,True,False,False,20.24233827996082,0.817208431642037,False,3.080036777572708
2014-04-18__CP28,53.82347738220365,observed_censored,observed_censored,False,True,True,False,88.96255074048659,0.5017220189286065,True,18.31609824569663
2014-05-08__CP28,33.45812561367322,observed_complete,observed_complete,False,False,True,False,56.931472610880064,0.5566775221080824,True,17.194581683093244
2014-05-10__CP28,53.28124337480734,observed_censored,observed_censored,False,True,True,False,46.626813436456885,0.6282938979874292,True,4.665100504278141
2018-02-16__CP28,41.738039419739714,observed_complete,observed_complete,False,False,True,False,56.853733467226505,0.6276037632329436,True,13.394202378592412
2009-05-22__CP28,12.306402781757807,observed_censored,observed_censored,False,True,True,False,54.32362713446015,0.4047378135605944,True,29.040181686097267
2003-01-22__CP28,58.36337950025992,observed_censored,observed_censored,True,True,False,False,14.106119372136234,0.8726194746962594,False,4.684825017403185
2021-09-08__CP28,63.02988686616281,observed_complete,observed_complete,False,False,True,False,74.5900003764652,0.5325562425489427,True,17.91319866176323
2022-09-19__CP28,62.82699293872401,observed_censored,observed_censored,False,True,True,False,72.38032759751871,0.6650299537323273,True,6.19814584629388
2022-09-22__CP28,50.41596662616104,observed_censored,observed_censored,False,True,False,False,74.6550102467779,0.6032576380571935,True,3.5026412923792787
2022-12-11__CP28,53.421235861712894,observed_complete,observed_complete,False,False,False,False,22.961309076266105,0.7896160062647416,False,2.5789506505872875
2026-01-02__CP28,49.6945571270448,observed_complete,observed_complete,False,False,True,False,38.39332683975464,0.6597241262097435,True,12.749575292186105
2022-09-19__CS66,107.73732251966425,observed_censored,observed_censored,True,False,False,False,91.08995781323458,0.6528451624938657,False,31.140684788321387
2022-09-22__CS66,73.31248143864144,observed_censored,observed_censored,False,True,True,False,77.42833972027711,0.6179019950637726,True,32.47265420256503
2022-12-11__CS66,104.49785805544444,observed_complete,observed_complete,False,False,False,False,90.75108536576712,0.6509506514903474,False,4.905130623365718
2026-01-02__CS66,81.19331372624194,observed_censored,observed_censored,False,True,True,False,52.12641103734808,0.7549068504920629,True,16.3425939319622
1989-04-25__CS78,35.18968710312132,observed_censored,observed_censored,False,True,False,False,18.502193712965763,0.8151444328807497,False,12.854600560156216
1990-05-31__CS78,27.23818154092284,observed_censored,observed_censored,True,True,False,False,2.1100478237021605,0.9438518407742904,False,3.321968644926269
1995-09-14__CS78,62.33521838085263,observed_censored,observed_censored,True,True,True,False,23.63450526557756,0.8286361277147799,True,15.64830063361178
2018-02-16__CS78,67.95605388927083,observed_censored,observed_censored,False,True,True,False,65.82843773549502,0.6610276120726313,True,8.960287872068475
2020-06-23__CS78,72.69048269792087,observed_complete,observed_complete,False,False,True,False,79.73932859843154,0.6589275478060159,True,10.901089425902958
2003-01-22__CS78,77.8842394629618,observed_censored,observed_censored,True,True,False,False,7.251193622927317,0.9443243732883344,False,4.193983728182201
2021-09-08__CS78,89.59417478483756,observed_complete,observed_complete,False,False,True,False,82.90032119743886,0.6048037317183637,True,12.827075628949569
2022-09-19__CS78,93.3354440620666,observed_complete,observed_complete,False,False,True,False,64.54164069149368,0.7094027884219105,True,4.932843964351664
2022-09-22__CS78,66.37147322171909,observed_complete,observed_complete,False,False,False,False,50.33769940116176,0.7254257382798137,False,3.158749524478599
2022-12-11__CS78,67.85078996267383,observed_complete,observed_complete,False,False,False,False,14.75687129464039,0.8600979209836899,False,1.752372523673576
2026-01-02__CS78,53.948559525353765,observed_complete,observed_complete,False,False,True,False,52.975231158268,0.6319119569325459,True,14.064112969662451
1965-08-23__CU,47.2663994075508,observed_censored,observed_censored,True,True,False,False,0.3302892032812963,0.99399364969483,True,5.644583046548341
1968-08-02__CU,19.16974279533673,observed_censored,observed_censored,True,True,False,False,1.747509001824536,0.934056264082093,True,15.445556191005211
1976-06-07__CU,38.782586923573696,observed_censored,observed_censored,True,True,False,False,0.500030777628595,0.9891060832760654,True,10.586133183980197
1979-03-14__CU,35.76398566067331,observed_censored,observed_censored,True,True,False,False,2.9006129447894864,0.9393177208203036,True,18.347355626441992
1982-06-07__CU,37.0945457196796,observed_censored,observed_censored,True,True,False,False,1.2551379818430275,0.9766702977352596,False,9.930985698756096
1985-09-19__CU,60.29497980912807,observed_censored,observed_censored,False,True,True,False,49.656976060635,0.6965845285308871,True,30.841129149689905
1986-04-30__CU,37.82730292609468,observed_censored,observed_censored,True,True,False,False,3.159465812613469,0.9367474311789096,False,4.269780037789012
1988-02-08__CU,28.780607725009467,observed_censored,observed_censored,True,True,False,False,1.4044351572048157,0.9620012132790904,False,1.9187506902729288
1989-04-25__CU,35.10414499731228,observed_censored,observed_censored,True,True,False,False,2.415507528242657,0.9554005256971444,False,10.959542796223587
1990-05-11__CU,98.62389160900628,observed_censored,observed_censored,True,True,False,False,7.17330671006556,0.9626331889875211,False,2.2379593340001263
1990-05-31__CU,67.6663095158601,observed_censored,observed_censored,False,True,False,False,31.857346913555247,0.783017661670377,True,3.876029522200071
1993-05-15__CU,56.1256604863146,observed_complete,observed_complete,False,False,False,False,53.48252335706795,0.6862643083412451,False,3.066606281194664
1996-07-15__CU,35.324536536586,observed_censored,observed_censored,True,True,False,False,2.946591877405581,0.9368497240161684,False,3.8044930810045
1985-09-21__CU,23.75609704026193,observed_censored,observed_censored,True,True,False,False,0.8570850542917405,0.9705469053507992,False,15.226722622746806
2000-08-09__CU,69.52036741200376,observed_censored,observed_censored,True,True,False,False,19.70810569023181,0.8472239868974277,True,3.72732991245012
2003-01-22__CU,84.79337374391717,observed_censored,observed_censored,False,True,True,False,22.20396831105685,0.8621008576100707,True,4.296650066086627
2004-01-01__CU,40.55011663787671,observed_censored,observed_censored,True,True,False,False,4.973452813266391,0.9476478651235116,False,2.3771619601153966
2009-01-31__CU,36.15623702460865,observed_censored,observed_censored,False,True,False,False,16.420213539699887,0.8362726738488395,False,0.9613297610244924
2010-06-30__CU,53.25940880832512,observed_censored,observed_censored,False,True,False,False,26.99531974483689,0.7706235045897112,False,2.205075928631118
2012-04-11__CU,53.257960247449,observed_censored,observed_censored,False,True,False,False,12.237699169250291,0.9031214441952954,False,2.2631228779012686
2013-08-21__CU,71.1737442600452,observed_censored,observed_censored,False,True,False,False,34.697451859591226,0.7609380469919304,False,3.4101741641723367
2014-04-18__CU,73.65429998596794,observed_complete,observed_complete,False,False,True,False,65.93855223248201,0.6651675608973645,True,14.002523339996538
2014-05-08__CU,56.27848290659858,observed_censored,observed_censored,False,True,True,False,46.11537852762695,0.7369495263953743,True,14.23479264633717
2014-05-10__CU,67.27972387628128,observed_censored,observed_censored,False,True,False,False,28.50389977387225,0.7988433325767661,True,3.612490941247681
2014-05-24__CU,40.94511763317326,observed_censored,observed_censored,False,True,False,False,14.981069828162177,0.8508158750431968,False,1.1653865247713808
2016-05-08__CU,63.4740618433527,observed_censored,observed_censored,False,True,False,False,57.707981925277096,0.6713668455280347,False,1.3416203805463875
2016-06-27__CU,75.45907984020116,observed_censored,observed_censored,False,True,False,False,56.61345536899091,0.8372662181465667,False,0.9862463330250668
2018-02-16__CU,63.40289948558596,observed_censored,observed_censored,False,True,True,False,45.18126504086112,0.724100726423662,True,7.200331654546741
2018-02-17__CU,168.85829766274762,observed_censored,observed_censored,False,True,False,False,43.32138497535772,0.896545946327504,False,0.795065120732724
2018-02-19__CU,46.74703717969702,observed_censored,observed_censored,False,True,False,False,18.7358526890376,0.8277796425311371,False,1.582855360320072
2020-06-23__CU,83.59982746554934,observed_complete,observed_complete,False,False,True,False,54.114103451381766,0.7061571272188218,True,7.5817563763997295
2021-09-08__CU,76.12892020436837,observed_complete,observed_complete,False,False,True,False,77.23664048212945,0.6357277720976775,True,13.771627284345229
2022-09-19__CU,81.98940959172697,observed_censored,observed_censored,False,True,True,False,52.37831341189104,0.731709709512416,True,4.8723535680708565
2022-09-22__CU,54.71204628417647,observed_complete,observed_complete,False,False,True,False,44.97661939816146,0.6914548988258115,True,5.183071762521417
2022-12-11__CU,69.76062227446758,observed_censored,observed_censored,False,True,False,False,17.847368379152897,0.8627442253391302,False,1.6290286588534542
1995-09-14__CU,47.19279016310995,observed_censored,observed_censored,True,True,True,False,11.10131798505958,0.8677784899349741,True,11.51543028929402
1997-12-16__CU,34.66339310490947,observed_censored,observed_censored,False,True,False,False,5.780769610676501,0.9234010493099526,False,0.9537675941473464
1998-02-03__CU,70.26946124122286,observed_censored,observed_censored,True,True,False,False,10.315019720918215,0.9147519031329072,False,1.2528602010317402
1998-07-11__CU,34.580074654507534,observed_censored,observed_censored,True,True,False,False,3.055182838109701,0.9563545308841472,False,0.7753251710418207
1998-07-12__CU,40.1147953481655,observed_censored,observed_censored,True,True,False,False,0.2358612985855757,0.9966305528773488,False,0.5948669275347649
2021-09-08__CU80,84.44139993367578,observed_complete,observed_complete,False,False,True,False,60.987420684835286,0.7332017118647566,True,60.2236243461331
2022-09-19__CU80,71.83413833723081,observed_complete,observed_complete,False,False,True,False,65.53967422185116,0.7069673870077298,True,39.54914575659415
2022-09-22__CU80,60.07601883933042,observed_censored,observed_censored,False,True,True,False,83.46245226627235,0.6225467969144702,True,32.44168044164243
2022-12-11__CU80,100.3092817412868,observed_complete,observed_complete,False,False,False,False,15.425310504435345,0.925283068518114,False,5.636582340492589
2026-01-02__CU80,83.9805479292262,observed_censored,observed_censored,False,True,False,False,64.6114088547462,0.7258045796352648,False,22.17457339584076
2021-09-08__D270,75.86008800272315,observed_censored,observed_censored,False,True,True,False,117.9985041398867,0.5309609295840736,True,16.237771716891803
2022-09-19__D270,86.30578512617915,observed_censored,observed_censored,False,True,True,False,90.3094028942314,0.6080406115569046,True,7.543473360608955
2022-09-22__D270,64.59889112406141,observed_complete,observed_complete,False,False,True,False,65.62342731679009,0.6510134688534881,True,4.402171791481732
2022-12-11__D270,72.34293351214303,observed_complete,observed_complete,False,False,False,False,41.71382460613778,0.7391010751093737,False,2.0386074871832305
2026-01-02__D270,47.167510014748416,observed_complete,observed_complete,False,False,True,False,68.64528201181855,0.5912511491495859,True,10.768235092822607
2000-08-09__DM12,95.4769764326468,observed_complete,observed_complete,False,False,True,False,50.15101916615856,0.7560273440058447,True,18.64309123555832
2003-01-22__DM12,134.87243907659908,observed_complete,observed_complete,False,False,True,False,42.92295454202426,0.8557308599689961,True,20.69149013459984
2014-04-18__DM12,111.18506394213058,observed_complete,observed_complete,False,False,True,False,112.41069329412716,0.6037551789131547,True,31.49673344856024
2014-05-08__DM12,90.77191451368095,observed_complete,observed_complete,False,False,True,False,117.938636032309,0.5587119807217353,True,32.778408304347266
2014-05-10__DM12,96.50670111460364,observed_censored,observed_censored,False,True,True,False,99.14462160905305,0.6301263883266068,True,9.465258134227462
2018-02-16__DM12,105.50571956813276,observed_complete,observed_complete,False,False,True,False,109.98040001015691,0.6388282814680736,True,37.90407677498714
2020-06-23__DM12,112.86174319768618,observed_complete,observed_complete,False,False,True,False,96.25850727912324,0.6347341582395809,True,32.297785927968896
2021-09-08__DM12,131.2652416984311,observed_censored,observed_censored,False,True,True,False,195.06202095797468,0.5083379015023071,True,34.92200977792895
2022-09-19__DM12,121.42521384800446,observed_complete,observed_complete,False,False,True,False,108.04037839233015,0.65686216606641,True,20.33440179046433
2022-09-22__DM12,95.05721518869277,observed_complete,observed_complete,False,False,True,False,76.39357031227917,0.7045764712004364,True,15.220852790207168
2022-12-11__DM12,110.22414225206924,observed_censored,observed_censored,False,True,False,False,32.41807855749812,0.935955433724173,False,3.775588791863964
2026-01-02__DM12,95.76667065630704,observed_complete,observed_complete,False,False,True,False,97.49522664296674,0.6287451862344665,True,18.67637465849112
1989-04-25__DM12,123.1130181653208,observed_complete,observed_complete,False,False,True,False,51.23393918883329,0.7863561186404516,True,27.622574574201515
1990-05-31__DM12,67.12588797220351,observed_censored,observed_censored,True,True,False,False,6.595493799017106,0.9436186202853728,False,7.898918868635405
1993-05-15__DM12,82.31554527943844,observed_censored,observed_censored,True,True,True,False,27.192023124800244,0.8303573328042907,True,6.478244266725363
1995-09-14__DM12,133.8808951952235,observed_censored,observed_censored,False,True,True,False,50.66824869221338,0.8026629977714076,True,25.008119266603
1995-10-09__DM12,178.015239175254,observed_complete,observed_complete,False,False,True,False,47.50059223459772,0.8464056385093522,True,15.262077990420591
1996-07-15__DM12,77.28541927395194,observed_censored,observed_censored,True,True,False,False,12.036336277341462,0.8890353436218175,False,6.826413356537166
1998-02-03__DM12,121.13520794069656,observed_censored,observed_censored,True,True,False,False,13.395606661866964,0.9290261382755804,False,3.381067597706277
2000-08-09__DR16,49.50504292974582,observed_censored,observed_censored,True,True,True,False,17.59068747349494,0.8411532646424513,True,6.0715953080013785
2003-01-22__DR16,61.57861920668423,observed_censored,observed_censored,True,True,True,False,16.825368840563826,0.8708125856836315,True,8.080254729223824
2014-04-18__DR16,57.88667654489684,observed_complete,observed_complete,False,False,True,False,98.42776510008476,0.5127097128566526,True,24.731698979892897
2014-05-08__DR16,48.336485728844806,observed_complete,observed_complete,False,False,True,False,67.27090519360834,0.6006002185263413,True,16.495391840631363
2014-05-10__DR16,64.08967890763162,observed_censored,observed_censored,False,True,True,False,52.51221095320975,0.6480178902526326,True,5.6656181985244665
2018-02-16__DR16,49.227428863504215,observed_complete,observed_complete,False,False,True,False,88.84244574999697,0.5577337427817753,True,17.875465642640307
2020-06-23__DR16,56.24576374013007,observed_complete,observed_complete,False,False,True,False,139.60260189193465,0.5334293576687454,True,14.299941327171354
2021-09-08__DR16,60.6622424610883,observed_complete,observed_complete,False,False,True,False,94.5152037247476,0.5231802859209586,True,24.77124949320057
2022-09-19__DR16,69.39103872851915,observed_complete,observed_complete,False,False,True,False,50.82561001256374,0.726920212698454,True,9.239339502884675
2022-09-22__DR16,55.59259518489037,observed_complete,observed_complete,False,False,True,False,63.72385757806282,0.6901042767200174,True,6.186621267232133
2022-12-11__DR16,64.61070301608065,observed_censored,observed_censored,False,True,False,False,25.11271093361495,0.9502067832541244,False,3.35140437802196
2026-01-02__DR16,45.50716226589287,observed_complete,observed_complete,False,False,True,False,81.57620963819046,0.5258299835027292,True,20.203088171161752
1989-04-25__DR16,42.09134623735123,observed_censored,observed_censored,False,True,True,False,38.45078954842086,0.7036091147119335,True,21.84232543212004
1990-05-31__DR16,56.82821919321927,observed_censored,observed_censored,True,True,True,False,10.63969722565244,0.8772106494442881,True,5.548566644198305
1993-05-15__DR16,40.4697749057428,observed_censored,observed_censored,True,True,False,False,11.516899060740869,0.862023492743011,False,6.869809192356031
1995-10-09__DR16,103.69987269784448,observed_censored,observed_censored,False,True,False,False,7.857641773583538,0.947025943682441,False,3.487908666394748
1996-07-15__DR16,50.88071936316055,observed_censored,observed_censored,False,True,True,False,23.75486922144239,0.7961830182630425,True,7.34968290949644
1998-02-03__DR16,56.12731271943765,observed_censored,observed_censored,True,True,False,False,8.336597091367281,0.9247191882665046,False,3.10885204628364
2003-01-22__DX37,73.16972432544442,observed_complete,observed_complete,False,False,True,False,62.72648210699265,0.718740551937079,True,11.422597555851802
2014-04-18__DX37,60.43208976724031,observed_complete,observed_complete,False,False,True,False,80.29276312690021,0.5949515051863986,True,35.31827354399391
2014-05-08__DX37,49.35453960171369,observed_complete,observed_complete,False,False,True,False,71.28376397115262,0.605644147094752,True,17.869536775433325
2014-05-10__DX37,58.8203329170633,observed_censored,observed_censored,False,True,True,False,55.3877141441332,0.6439005134104847,True,11.33364443218486
2018-02-16__DX37,57.18569002574773,observed_complete,observed_complete,False,False,True,False,71.58903031335555,0.6526490523369454,True,23.950986542540075
2021-09-08__DX37,62.55581638136055,observed_complete,observed_complete,False,False,True,False,71.3857594530655,0.6343504612351304,True,32.192554495830855
2022-09-19__DX37,72.07094971209426,observed_censored,observed_censored,False,True,True,False,94.82130525725483,0.6245890202816738,True,15.410744776826586
2022-09-22__DX37,49.32247417379912,observed_complete,observed_complete,False,False,True,False,62.73380521612991,0.6372300629380101,True,10.236951751792647
2022-12-11__DX37,75.41346799061665,observed_complete,observed_complete,False,False,False,False,33.841459998374944,0.7930565645546692,False,3.7983981950382
2026-01-02__DX37,53.9976099791988,observed_complete,observed_complete,False,False,True,False,85.12506200124587,0.5314044808915234,True,17.68583753560602
1989-04-25__DX37,35.856432299665094,observed_complete,observed_complete,False,False,True,False,62.805873446949946,0.6206916690001816,True,34.850546100199345
1990-05-31__DX37,54.35753250892255,observed_censored,observed_censored,False,True,True,False,15.775359697431467,0.8882527470607674,True,9.360613542147318
1993-05-15__DX37,55.379666811789534,observed_censored,observed_censored,True,True,False,False,26.10138134587774,0.8394255223261905,False,8.148260472956691
1995-10-09__DX37,132.50535626274305,observed_censored,observed_censored,False,True,True,False,31.972978182958,0.8847820606019532,True,5.592818204984073
1996-02-25__DX37,78.24322278077427,observed_censored,observed_censored,False,True,False,False,7.051047041684598,0.9467403350579,True,3.327234885525215
1996-07-15__DX37,73.94754508438577,observed_censored,observed_censored,False,True,True,False,44.51878546429313,0.7463172518987229,True,8.75747212547386
1997-07-19__DX37,65.60292008828223,observed_censored,observed_censored,True,True,False,False,4.198469685811418,0.9614075771136004,False,2.048702466158965
1998-02-03__DX37,63.81005601745101,observed_censored,observed_censored,True,True,False,False,6.562814225289941,0.95380902149993,False,4.164937955792499
2000-08-09__EO30,66.40039499890888,observed_censored,observed_censored,True,True,False,False,11.455959872421175,0.8965508409570059,False,4.338233099649901
2003-01-22__EO30,69.09928852633335,observed_censored,observed_censored,True,True,False,False,10.718223123806707,0.9032127223784836,False,5.256199140421757
2014-04-18__EO30,65.26736167742372,observed_complete,observed_complete,False,False,True,False,65.1169383832517,0.6588056673657233,True,20.47143405690705
2014-05-08__EO30,48.8164746882312,observed_censored,observed_censored,False,True,True,False,33.67515110052972,0.8045664726334529,True,12.798922041243737
2014-05-10__EO30,69.56289048604046,observed_censored,observed_censored,False,True,False,False,28.48755525716749,0.7838412986025686,True,3.8237130901060654
2018-02-16__EO30,62.39362098238381,observed_complete,observed_complete,False,False,True,False,54.29803283003412,0.6977902107751204,True,12.59055331829271
2021-09-08__EO30,73.597195382526,observed_censored,observed_censored,False,True,True,False,96.80836519131078,0.5572653197141187,True,15.072533457031016
2022-09-19__EO30,85.47967314295185,observed_complete,observed_complete,False,False,True,False,60.122180887630776,0.7173115436917868,True,8.086264683713685
2022-09-22__EO30,61.6469695295307,observed_complete,observed_complete,False,False,True,False,55.43949369357237,0.6803350418406713,True,5.4861547270982935
2022-12-11__EO30,77.00741784490737,observed_complete,observed_complete,False,False,False,False,35.01416574891721,0.8056711857646953,False,2.2897277267585827
2026-01-02__EO30,53.882810314155705,observed_complete,observed_complete,False,False,True,False,66.174823422912,0.5890783443684053,True,15.16927261068715
1989-04-25__EO30,48.01849938231688,observed_censored,observed_censored,False,True,True,False,26.464015863725194,0.7896843688808297,True,16.66621528041092
1990-05-31__EO30,32.543596950908906,observed_censored,observed_censored,True,True,False,False,2.931688198414584,0.9333404229555574,False,4.518467079341385
1995-09-14__EO30,52.70948990649322,observed_censored,observed_censored,True,True,False,False,16.91258509146077,0.8456176623326265,False,15.361649216576229
1996-07-15__EO30,34.84799319276859,observed_censored,observed_censored,True,True,False,False,2.5588124494089186,0.9510930342238356,True,8.453655372527962
2000-08-09__ES57,65.8206527715194,observed_censored,observed_censored,True,True,True,False,33.92510108042953,0.7896378676726638,True,6.604769185260135
2014-04-18__ES57,69.60989363103525,observed_censored,observed_censored,False,True,True,False,106.98929976994988,0.5134195935512559,True,18.14502387319526
2014-05-08__ES57,56.36191181889985,observed_complete,observed_complete,False,False,True,False,74.73907431923553,0.6080803653946748,True,14.492037030035709
2014-05-10__ES57,66.88665778207191,observed_censored,observed_censored,False,True,True,False,57.9521591137372,0.6255594810768418,True,6.923494712604013
2018-02-16__ES57,57.13524061236947,observed_complete,observed_complete,False,False,True,False,91.44808211835075,0.5709080230933241,True,17.42000503550733
2021-09-08__ES57,70.3400262299492,observed_complete,observed_complete,False,False,True,False,101.28331608160276,0.5385725918833588,True,19.53370583583576
2022-09-19__ES57,79.35148199640578,observed_complete,observed_complete,False,False,True,False,91.09898654897631,0.6272698066814929,True,9.655791524956108
2022-09-22__ES57,54.07394192937596,observed_complete,observed_complete,False,False,True,False,94.1385543922426,0.5264422033691704,True,7.430921140187615
2022-12-11__ES57,65.21163304975553,observed_complete,observed_complete,False,False,False,False,30.75253175418571,0.7911542835029833,False,3.14595270562876
2026-01-02__ES57,46.05487942865189,observed_complete,observed_complete,False,False,True,False,123.66968782825336,0.4295941708027611,True,14.799085853465806
1989-04-25__ES57,45.3300382626388,observed_censored,observed_censored,True,True,True,False,44.20558044282943,0.6860176117421022,True,20.842746111431165
1990-05-31__ES57,62.9934435520109,observed_censored,observed_censored,False,True,True,False,20.11300220448089,0.8496111693997241,True,6.473917309005945
1993-05-15__ES57,60.03028568799004,observed_censored,observed_censored,True,True,True,False,33.3416465976987,0.7754317599670054,True,6.8077567879288186
1995-09-14__ES57,48.16311472984548,observed_complete,observed_complete,False,False,True,False,77.09955911920432,0.6036216178129438,True,21.21831429848684
1995-10-09__ES57,131.89725582469055,observed_censored,observed_censored,True,True,False,False,23.119257615485022,0.877123265397369,False,3.948398123679543
1996-02-25__ES57,59.38956788290158,observed_censored,observed_censored,True,True,False,False,1.5279586713396327,0.982697784267471,True,3.168904934455701
1996-07-15__ES57,59.61238486908884,observed_censored,observed_censored,True,True,False,False,7.34306261529909,0.9509645234370678,True,7.372791565326914
1998-02-03__ES57,56.70302868155444,observed_censored,observed_censored,True,True,False,False,18.21951050999418,0.8242547457317047,False,2.874410218235383
2021-09-08__FJ74,75.80487397270268,observed_complete,observed_complete,False,False,True,False,82.6135283651364,0.5548120473937791,True,15.097164710338063
2022-09-19__FJ74,94.97348472652963,observed_censored,observed_censored,False,True,True,False,92.56815280461063,0.6679288534775053,True,5.77330713235987
2022-09-22__FJ74,60.9462654385517,observed_censored,observed_censored,False,True,False,False,82.50088091165088,0.6253025664835549,True,3.918244166197429
2022-12-11__FJ74,66.17279705952718,observed_complete,observed_complete,False,False,False,False,17.904892992325216,0.8354329688205403,False,2.315675406382021
2003-01-22__GA62,101.0275641095754,observed_censored,observed_censored,False,True,True,False,53.18815370015528,0.7585868114553591,True,16.476383123065172
2014-04-18__GA62,82.00911347772121,observed_complete,observed_complete,False,False,True,False,83.49970026679907,0.618705419120512,True,43.409065927888896
2014-05-08__GA62,77.06507656483024,observed_complete,observed_complete,False,False,True,False,83.99052212256066,0.6120530156001817,True,29.765917702482945
2018-02-16__GA62,87.8270849038953,observed_complete,observed_complete,False,False,True,False,80.89735721182058,0.6506720908030893,True,24.435719038590392
2021-09-08__GA62,88.3347241596116,observed_complete,observed_complete,False,False,True,False,83.4828203119713,0.6625866125940858,True,39.21804165952102
2022-09-19__GA62,76.84582603077706,observed_complete,observed_complete,False,False,True,False,96.77790367300858,0.6049881482734344,True,26.8545865225428
2022-09-22__GA62,79.62066850652496,observed_complete,observed_complete,False,False,True,False,75.74344748976358,0.6501780551922983,True,14.223238287929108
2022-12-11__GA62,106.2421784612239,observed_complete,observed_complete,False,False,False,False,50.28947222907382,0.7477327703582953,False,4.103034042642824
2026-01-02__GA62,79.76416422266352,observed_complete,observed_complete,False,False,True,False,78.64777558281227,0.6203708279055256,True,32.882961595747865
1989-04-25__GA62,74.16199275846321,observed_complete,observed_complete,False,False,True,False,59.41372842092228,0.6729399514426826,True,53.778590856851785
1990-05-31__GA62,75.52312500588471,observed_censored,observed_censored,True,True,True,False,15.516706198125746,0.889921210285714,True,7.183954067187862
1995-09-14__GA62,96.6888070266645,observed_complete,observed_complete,False,False,True,False,90.10385410568142,0.6335156019454917,True,28.51946716233927
1995-10-09__GA62,129.5247576675874,observed_censored,observed_censored,True,True,False,False,51.07556287144516,0.7843274939977825,False,10.691708418063572
1996-02-25__GA62,94.7208623757495,observed_censored,observed_censored,True,True,False,False,14.191000562684252,0.8907964558469853,False,5.241866763831893
1996-07-15__GA62,98.08518556793258,observed_censored,observed_censored,True,True,True,False,28.03772060863298,0.8433471862295621,True,8.32851746025239
1997-07-19__GA62,84.10832305417696,observed_censored,observed_censored,True,True,False,False,4.85884576147005,0.9607334268508968,False,2.8604041007922523
1998-02-03__GA62,80.31140514773043,observed_censored,observed_censored,True,True,False,False,5.432333251294779,0.9560988099943852,False,3.3679091641419987
2000-08-09__GC38,55.0384932630142,observed_censored,observed_censored,False,True,True,False,12.551360430116787,0.906375052736709,True,13.33048266372078
2003-01-22__GC38,61.52393155734545,observed_censored,observed_censored,False,True,True,False,30.499626607339195,0.8316333060594028,True,18.82549066288507
2014-04-18__GC38,57.131074135557874,observed_complete,observed_complete,False,False,True,False,63.53999587301347,0.6447302439305929,True,50.07806813212675
2014-05-08__GC38,67.79005246377945,observed_complete,observed_complete,False,False,True,False,79.97937085966811,0.6303924818167748,True,28.17065495653933
2014-05-10__GC38,52.59013078640975,observed_censored,observed_censored,False,True,True,False,40.86194264072356,0.7456461709260905,True,10.843366780957355
2020-06-23__GC38,75.44903255605608,observed_complete,observed_complete,False,False,True,False,77.09843700124321,0.6503630810337707,True,26.40866735087186
2021-09-08__GC38,73.65994620363188,observed_complete,observed_complete,False,False,True,False,88.08959662678339,0.6103609491030458,True,36.618834821590674
2022-09-19__GC38,76.64172543217279,observed_complete,observed_complete,False,False,True,False,140.67852673955974,0.5222491111201529,True,22.135693126911605
2022-09-22__GC38,39.26495892515924,observed_complete,observed_complete,False,False,True,False,91.90615089644122,0.5518521996467661,True,20.39662426773208
2022-12-11__GC38,73.36569598197711,observed_complete,observed_complete,False,False,False,False,53.10502160700625,0.7356775590711948,False,6.348667199663319
2026-01-02__GC38,58.4366574429857,observed_complete,observed_complete,False,False,True,False,166.01969760559376,0.4008672045990842,True,28.870060602442457
1990-05-31__GC38,32.64609354754914,observed_censored,observed_censored,True,True,False,False,2.4925062044305903,0.9531219446223324,False,10.093468322775472
1995-09-14__GC38,70.4496859003964,observed_censored,observed_censored,False,True,True,False,31.652871970697063,0.7636081256856082,True,25.976065866316628
1995-10-09__GC38,110.5075194049457,observed_censored,observed_censored,True,True,False,False,11.082923298207646,0.9245597760655664,False,9.49038177377476
1997-07-19__GC38,62.74036910671914,observed_censored,observed_censored,True,True,False,False,4.087522492541339,0.9607873897492196,False,3.2211008491415143
1998-02-03__GC38,67.88897618569865,observed_censored,observed_censored,True,True,False,False,10.30242691299452,0.916741337376802,False,4.907056442997475
2000-08-09__GR27,52.98155689269752,observed_censored,observed_censored,False,True,True,False,35.772952446714186,0.7681146532267182,True,7.549331392238523
2014-04-18__GR27,54.07125694746699,observed_complete,observed_complete,False,False,True,False,93.52985376884055,0.5074524526365761,True,35.306305630726705
2014-05-08__GR27,49.68924679827611,observed_complete,observed_complete,False,False,True,False,78.43788337351235,0.5680733294410113,True,18.50652931032241
2014-05-10__GR27,62.2182178045912,observed_censored,observed_censored,False,True,True,False,60.49673083356241,0.6066020884798907,True,7.402512131707203
2018-02-16__GR27,57.49477268319232,observed_complete,observed_complete,False,False,True,False,101.61562595531522,0.5558175199750176,True,20.39384875931548
2020-06-23__GR27,57.3690817843756,observed_complete,observed_complete,False,False,True,False,149.08824811368825,0.5663391951083853,True,19.93999909880012
2021-09-08__GR27,48.35219871089488,observed_complete,observed_complete,False,False,True,False,61.01623283117185,0.6108658620460979,True,41.744927858959954
2022-09-19__GR27,66.9031531116442,observed_complete,observed_complete,False,False,True,False,82.66316745379956,0.6453290107959001,True,14.239924194461626
2022-09-22__GR27,55.43374914773247,observed_complete,observed_complete,False,False,True,False,77.12944501842661,0.6096292893084998,True,7.490789133749056
2022-12-11__GR27,54.97148210500078,observed_complete,observed_complete,False,False,False,False,29.30055638496998,0.7997364747114347,False,4.683287583264289
2026-01-02__GR27,46.59177343575927,observed_complete,observed_complete,False,False,True,False,78.96031476416654,0.540768205396263,True,26.984996999795985
1989-04-25__GR27,39.316652460275,observed_censored,observed_censored,True,True,True,False,29.633458328907626,0.7031607900540155,True,38.71507422615225
1993-05-15__GR27,44.54194907650371,observed_censored,observed_censored,True,True,True,False,17.848488793701023,0.882814727899015,True,11.0339185771895
1995-10-09__GR27,113.39110196650668,observed_censored,observed_censored,True,True,False,False,17.72550470078218,0.9134454577822052,False,5.34208429805795
1996-02-25__GR27,64.04744044082926,observed_censored,observed_censored,True,True,False,False,6.2222168171593495,0.9477256421308968,False,3.2629045297657324
1996-07-15__GR27,63.585275627167015,observed_censored,observed_censored,False,True,True,False,55.72436192386213,0.6751523730683098,True,9.900110019858898
1997-07-19__GR27,64.99474212803013,observed_censored,observed_censored,True,True,False,False,1.2599663132751149,0.9865143282320976,False,2.514272781793588
1998-02-03__GR27,55.16047025416184,observed_censored,observed_censored,True,True,False,False,2.154186556451976,0.9826485174671608,False,3.6338372446104654
1989-04-25__HA41,96.57287251190596,observed_censored,observed_censored,False,True,True,False,96.029581839139,0.6520604292137937,True,37.06801999260445
1990-05-31__HA41,85.55352909768823,observed_censored,observed_censored,True,True,True,False,40.11877546585743,0.7744996039241334,True,7.558737925482511
1993-05-15__HA41,97.01289464826333,observed_censored,observed_censored,True,True,True,False,41.03630666339456,0.7818957923816393,True,8.56240843626044
1995-10-09__HA41,202.21761978787995,observed_censored,observed_censored,False,True,True,False,101.82366079848498,0.7395314681883098,True,14.164386995631528
2000-08-09__HJ72,80.6627721544544,observed_censored,observed_censored,False,True,True,False,35.32128426473216,0.7904278849843825,True,20.124709366484044
2003-01-22__HJ72,88.21074080857807,observed_complete,observed_complete,False,False,True,False,53.777045824665294,0.7451083238948465,True,27.83792297821658
2014-04-18__HJ72,83.99680882854213,observed_complete,observed_complete,False,False,True,False,83.14841371784763,0.6226701138235269,True,38.29902782630386
2014-05-08__HJ72,73.01257212571277,observed_complete,observed_complete,False,False,True,False,96.50892245969806,0.5403680408644185,True,30.179387409573685
2014-05-10__HJ72,69.9981266848199,observed_complete,observed_complete,False,False,True,False,59.84399342465717,0.6729121478757261,True,10.86066153620079
2018-02-16__HJ72,108.92689961311878,observed_complete,observed_complete,False,False,True,False,87.38994364418235,0.6673393846814528,True,23.776755328518213
2020-06-23__HJ72,93.11107651709862,observed_complete,observed_complete,False,False,True,False,68.26486503948146,0.7178204983487043,True,27.92834840652536
2021-09-08__HJ72,78.74821643179382,observed_complete,observed_complete,False,False,True,False,113.78175232268929,0.54264107917562,True,39.37011206385462
2022-09-19__HJ72,82.87277274935903,observed_complete,observed_complete,False,False,True,False,90.20939745195102,0.6467917092719224,True,25.70022256063997
2022-09-22__HJ72,72.02599476710682,observed_complete,observed_complete,False,False,True,False,118.4840886466808,0.5397246187293886,True,24.605841881062936
2022-12-11__HJ72,93.8443742705522,observed_complete,observed_complete,False,False,False,False,69.17456718509703,0.6879812034952772,False,4.510382764119596
2026-01-02__HJ72,58.43337179312082,observed_complete,observed_complete,False,False,True,False,80.71372486252189,0.596955333753511,True,25.90998689494912
1989-04-25__HJ72,61.57515439291148,observed_complete,observed_complete,False,False,True,False,67.98516330422925,0.6091009469628034,True,51.52305064497164
1990-05-31__HJ72,46.03608221016918,observed_censored,observed_censored,True,True,False,False,4.751478354946215,0.9319857092048924,False,9.010863759329215
1993-05-15__HJ72,75.38912509141667,observed_censored,observed_censored,True,True,False,False,12.7966982980723,0.8757602106983272,False,6.260711352055845
1995-09-14__HJ72,92.00214555382586,observed_complete,observed_complete,False,False,True,False,48.64896466600396,0.761559747752762,True,32.23487564989373
1995-10-09__HJ72,112.52045864540304,observed_censored,observed_censored,True,True,False,False,25.310186044990047,0.8595828790846599,False,14.640379236468512
1996-07-15__HJ72,79.86131320022602,observed_censored,observed_censored,True,True,True,False,14.398225486814257,0.8984753526525577,True,8.988302479864993
1997-07-19__HJ72,74.68075343063383,observed_censored,observed_censored,True,True,False,False,3.78913544506365,0.9636498902046848,False,2.7130255278799087
1998-02-03__HJ72,74.55119832779228,observed_censored,observed_censored,True,True,False,False,6.062663045475816,0.9452531782059256,False,3.764058947715595
2000-08-09__IB22,58.32844613624607,observed_censored,observed_censored,True,True,True,False,23.52544198053542,0.82763981258308,True,14.215696847224317
2003-01-22__IB22,58.4712123794331,observed_censored,observed_censored,False,True,True,False,56.16023797045412,0.712116885531812,True,21.252033830590147
2014-04-18__IB22,62.60421907075708,observed_complete,observed_complete,False,False,True,False,111.04941332430676,0.5132400573143387,True,39.68286337747792
2014-05-08__IB22,49.25684282452604,observed_complete,observed_complete,False,False,True,False,61.6927834160068,0.628781614922638,True,33.98303542605018
2014-05-10__IB22,55.91682955084502,observed_complete,observed_complete,False,False,True,False,55.6968881567025,0.6254160457549095,True,12.393038358035884
2018-02-16__IB22,68.01481042652169,observed_complete,observed_complete,False,False,True,False,115.80850482224533,0.5153239105120728,True,23.4654421188518
2020-06-23__IB22,71.98802696196515,observed_complete,observed_complete,False,False,True,False,84.3529550347572,0.6499151067243943,True,19.02168482332184
2021-09-08__IB22,60.38785556795745,observed_complete,observed_complete,False,False,True,False,80.096413357443,0.5995980136100629,True,45.95374058382006
2022-09-19__IB22,72.20569448872511,observed_complete,observed_complete,False,False,True,False,69.56909128449868,0.6546239821054526,True,19.893904664676867
2022-09-22__IB22,54.0428456576376,observed_complete,observed_complete,False,False,True,False,81.09069694541824,0.5972649766803166,True,13.569977978851153
2022-12-11__IB22,80.97890972110507,observed_complete,observed_complete,False,False,False,False,50.6684136184266,0.7281154023480007,False,4.508189769838344
2026-01-02__IB22,53.09185715852088,observed_complete,observed_complete,False,False,True,False,88.67749624310017,0.5316494335951191,True,23.336547799373804
1989-04-25__IB22,69.17190102158547,observed_censored,observed_censored,False,True,True,False,46.35143598475966,0.7261848063282156,True,23.952994738858607
1990-05-31__IB22,58.28226523684528,observed_censored,observed_censored,True,True,True,False,15.001149154640672,0.861485234029172,True,10.465110762062018
1993-05-15__IB22,44.28338896605211,observed_censored,observed_censored,True,True,False,False,11.550690251726364,0.8466451108374089,False,7.873052193813258
1995-09-14__IB22,64.18762416543059,observed_censored,observed_censored,True,False,True,False,36.343358343474165,0.7693656660523279,True,27.272392979731386
1995-10-09__IB22,100.53205320620349,observed_censored,observed_censored,True,True,False,False,11.841616460849352,0.9096059812148904,False,8.12763672452745
1996-07-15__IB22,63.841735001349576,observed_censored,observed_censored,True,True,False,False,0.1334113703409798,0.9983980383004204,True,7.241984910101274
1997-07-19__IB22,70.68213494001873,observed_censored,observed_censored,True,True,False,False,1.8266645445048084,0.9859746272688512,False,3.367975614416421
2021-09-08__IM40,69.51504395260147,observed_complete,observed_complete,False,False,True,False,74.50837587605338,0.6115713904908071,True,10.57944900942985
2022-09-19__IM40,85.68710834867903,observed_censored,observed_censored,False,True,True,False,77.57801484416476,0.6812342735581018,True,5.032831517946968
2022-09-22__IM40,64.13950656447157,observed_censored,observed_censored,False,True,False,False,84.67205794603825,0.6005658177845162,False,3.586428092399515
2022-12-11__IM40,70.18266303182169,observed_complete,observed_complete,False,False,False,False,45.67250414586121,0.7008612513370369,False,2.0419708222677486
2026-01-02__IM40,50.72832504774609,observed_complete,observed_complete,False,False,True,False,51.50039794199783,0.6349819410163879,True,9.809171950885885
2000-08-09__JA43,93.58102449164852,observed_complete,observed_complete,False,False,True,False,52.17362233336806,0.7148359076663311,True,19.082940181826736
2003-01-22__JA43,124.94008680790373,observed_complete,observed_complete,False,False,True,False,80.45634660378875,0.7125121610670023,True,16.16186389805959
2014-04-18__JA43,102.23988197469676,observed_censored,observed_censored,False,True,True,False,87.45050257073626,0.6466360814177459,True,30.89659011811344
2014-05-08__JA43,86.87626283917753,observed_complete,observed_complete,False,False,True,False,86.76447045097845,0.6039056359234036,True,27.062658532156075
2014-05-10__JA43,73.49922105934698,observed_censored,observed_censored,False,True,True,False,32.6136633715069,0.8075549455861987,True,9.441742293106016
2018-02-16__JA43,114.0554232269706,observed_censored,observed_censored,False,True,True,False,65.78524853759853,0.735387761805243,True,27.348542328750188
2021-09-08__JA43,104.09499217642632,observed_complete,observed_complete,False,False,True,False,110.40938130756126,0.600385894141803,True,33.87836395039982
2022-09-19__JA43,79.67857294811236,observed_complete,observed_complete,False,False,True,False,94.39299932219402,0.6355764059833449,True,36.02041001107265
2022-09-22__JA43,57.96600355978767,observed_complete,observed_complete,False,False,True,False,80.24040663792397,0.6526539689280811,True,26.50039044241372
2022-12-11__JA43,103.34258699166224,observed_complete,observed_complete,False,False,False,False,58.71028217084509,0.7245588450816557,False,3.991564081256914
2026-01-02__JA43,82.89746392008841,observed_complete,observed_complete,False,False,True,False,92.92571124002536,0.6243604525829681,True,17.703075858758794
1989-04-25__JA43,82.33742981764247,observed_complete,observed_complete,False,False,True,False,80.46052443428195,0.6406086991500717,True,33.818161748380895
1990-05-31__JA43,82.55007753680988,observed_censored,observed_censored,True,True,True,False,29.52907179801487,0.8077409219479467,True,8.785832639303884
1993-05-15__JA43,101.70963245358016,observed_censored,observed_censored,True,True,False,False,19.81138885470091,0.8665630170761709,False,7.390641528796921
1995-09-14__JA43,109.73282438016362,observed_complete,observed_complete,False,False,True,False,63.18836402807631,0.760976077969147,True,25.587945830821194
1995-10-09__JA43,175.68044666992805,observed_censored,observed_censored,True,False,False,False,63.948840277096,0.7815581886350265,False,11.57039747883033
1996-02-25__JA43,98.97739620861768,observed_censored,observed_censored,True,True,False,False,7.924509694175754,0.9475302278078808,True,4.844131122080144
1996-07-15__JA43,106.55042949620184,observed_censored,observed_censored,True,True,False,False,42.600243819897344,0.770460456813959,False,9.965329227162544
1997-07-19__JA43,99.37324676642709,observed_censored,observed_censored,True,True,False,False,7.157644379246236,0.9446302747795604,False,2.276272592325966
1998-02-03__JA43,78.74453327806883,observed_censored,observed_censored,True,True,False,False,4.994227619133099,0.9506059972393126,False,3.058969384815283
2000-08-09__JC54,71.10701285188094,observed_censored,observed_censored,False,True,True,False,36.96397451729951,0.7611220465471145,True,8.15298522798816
2003-01-22__JC54,69.79517170315803,observed_complete,observed_complete,False,False,True,False,45.71649195071592,0.7702111487775023,True,13.136224006524754
2014-04-18__JC54,63.80640648899045,observed_complete,observed_complete,False,False,True,False,79.06789082723252,0.5875436054917449,True,40.5581912060476
2014-05-08__JC54,48.59499068438873,observed_complete,observed_complete,False,False,True,False,90.80813576508,0.5510992349345989,True,29.43789327159429
2014-05-10__JC54,59.81070943121178,observed_censored,observed_censored,False,True,True,False,72.65345648058134,0.5839101054889105,True,13.341312297169718
2018-02-16__JC54,69.98414515282185,observed_complete,observed_complete,False,False,True,False,95.26883156376891,0.5996939721678688,True,22.92044617939537
2021-09-08__JC54,68.67652797056797,observed_complete,observed_complete,False,False,True,False,131.71328479256823,0.4787554521644376,True,35.011356684133816
2022-09-19__JC54,69.96946462036352,observed_complete,observed_complete,False,False,True,False,73.29806245117422,0.6643707933001776,True,21.462976136650443
2022-09-22__JC54,54.96433815850216,observed_complete,observed_complete,False,False,True,False,87.87839993077048,0.5774467474598717,True,13.166465601027246
2022-12-11__JC54,79.28584262840758,observed_complete,observed_complete,False,False,False,False,44.2832256873478,0.7437016686691296,False,4.168430278864538
2026-01-02__JC54,57.22537862312562,observed_complete,observed_complete,False,False,True,False,75.64219847334755,0.5822719324423042,True,20.444592488061435
1989-04-25__JC54,56.388766045349485,observed_complete,observed_complete,False,False,True,False,54.388239817934064,0.6769910926598524,True,32.15222374235447
1990-05-31__JC54,63.4537902852158,observed_censored,observed_censored,True,True,True,False,24.684280521050056,0.8150158833854162,True,9.995767506625718
1993-05-15__JC54,60.09422757025888,observed_censored,observed_censored,True,True,True,False,28.74577775172054,0.7627257304851792,True,9.943405449924168
1995-09-14__JC54,64.74881847853018,observed_complete,observed_complete,False,False,True,False,58.811570545111735,0.6735773405943735,True,25.860485460818804
1995-10-09__JC54,116.0226774189282,observed_censored,observed_censored,True,True,False,False,26.71789604679841,0.8505459750137137,False,7.7534997036405775
1996-07-15__JC54,59.55952167083938,observed_censored,observed_censored,True,True,True,False,23.51501234892153,0.8090849042062066,True,11.174529444770108
1998-02-03__JC54,66.30318077785407,observed_censored,observed_censored,True,True,True,False,12.913540789307334,0.8954284493537344,True,4.941372530416064
2000-08-09__LI33,81.45409172119534,observed_censored,observed_censored,True,False,True,False,71.56973144616414,0.6408043591158638,True,15.72927100368412
2021-09-08__LI33,98.6472662099774,observed_complete,observed_complete,False,False,True,False,76.22189376439621,0.6713581952985977,True,37.5620275102706
2022-09-19__LI33,94.15004915112424,observed_censored,observed_censored,False,True,True,False,106.29429398846642,0.6295978883211959,True,19.81313919834144
2022-09-22__LI33,71.83798051326792,observed_complete,observed_complete,False,False,True,False,88.59571186617319,0.5853619512979211,True,19.240658670015645
2022-12-11__LI33,96.66358613160378,observed_complete,observed_complete,False,False,False,False,24.138058923171656,0.8750488719164942,False,4.006844013052851
2026-01-02__LI33,74.24393562909734,observed_censored,observed_censored,False,True,True,False,98.185162985894,0.5740340000611973,True,20.98400725443128
1989-04-25__LI33,68.59936940610946,observed_censored,observed_censored,False,True,True,False,110.8258013541302,0.5291421958867732,True,41.90599723250153
1990-05-31__LI33,71.74597642059489,observed_censored,observed_censored,True,True,True,False,43.00220327046716,0.7078456194682576,True,6.968179373983485
1995-09-14__LI33,77.31912899824347,observed_complete,observed_complete,False,False,True,False,103.69120399996334,0.5792777570398306,True,42.5086189587318
1995-10-09__LI33,140.26597105582863,observed_censored,observed_censored,False,True,True,False,105.33416299439928,0.6744273015457392,True,12.078346901224272
1996-02-25__LI33,100.99989291990936,observed_censored,observed_censored,True,True,False,False,16.372449161886408,0.8976657968505131,False,5.139410357150499
1997-07-19__LI33,60.26351786633933,observed_censored,observed_censored,True,True,False,False,5.006767847832549,0.935868222776578,False,2.8498345749508065
1998-02-03__LI33,89.5497944806372,observed_censored,observed_censored,True,True,False,False,4.986777499876979,0.957184017344578,False,3.9243364300111696
2000-08-09__LI58,82.50509409612262,observed_censored,observed_censored,False,True,True,False,36.99249409828778,0.7921419671951015,True,11.692456830413784
2003-01-22__LI58,102.22049591771363,observed_complete,observed_complete,False,False,True,False,74.75216513006879,0.7014093663668113,True,17.373443210819126
2014-04-18__LI58,84.2815285067358,observed_complete,observed_complete,False,False,True,False,105.2296081361897,0.5436703896956214,True,34.57973128897679
2014-05-08__LI58,73.53324688314409,observed_complete,observed_complete,False,False,True,False,79.53912890369364,0.6495147223773083,True,26.922405942081664
2014-05-10__LI58,79.62219465725359,observed_complete,observed_complete,False,False,True,False,61.67620761561281,0.6916343802029258,True,8.68877665170399
2018-02-16__LI58,87.12650178391397,observed_complete,observed_complete,False,False,True,False,92.38504096865708,0.6277498550702834,True,23.227795771449145
2020-06-23__LI58,84.91010310059391,observed_complete,observed_complete,False,False,True,False,86.60371824025543,0.6179809517412641,True,30.20708950359993
2021-09-08__LI58,85.10869382603352,observed_complete,observed_complete,False,False,True,False,121.19346673649716,0.546906435111047,True,32.24293958995191
2022-09-19__LI58,73.52103908963984,observed_complete,observed_complete,False,False,True,False,77.76860575732417,0.6619197245692989,True,29.066414249425545
2022-09-22__LI58,79.07683361236288,observed_censored,observed_censored,False,True,True,False,99.56337164565156,0.5983890458406214,True,14.688883147307548
2022-12-11__LI58,91.13307422373204,observed_complete,observed_complete,False,False,False,False,63.698720467135445,0.684566106431933,False,3.7589834691749897
2026-01-02__LI58,54.00364944283951,observed_complete,observed_complete,False,False,True,False,93.40981448696908,0.5481554951532479,True,37.02648802779285
1989-04-25__LI58,84.64980155206663,observed_censored,observed_censored,True,False,True,False,68.21154205650511,0.651020454023815,True,45.13220488088441
1990-05-31__LI58,53.17998494152192,observed_censored,observed_censored,True,True,False,False,8.25134511555504,0.9009204476998676,False,8.095477864616448
1993-05-15__LI58,80.45500209679228,observed_censored,observed_censored,True,True,False,False,16.241228444500933,0.8643738752024974,False,8.39285671493358
1995-10-09__LI58,122.69613930016956,observed_censored,observed_censored,True,False,False,False,57.01558961446392,0.7505661492061252,False,14.66455261777298
1996-02-25__LI58,81.88809050909148,observed_censored,observed_censored,True,True,False,False,13.307678972121778,0.8832352463620095,False,6.262974064850265
1996-07-15__LI58,84.17069505025793,observed_censored,observed_censored,True,True,False,False,9.027246075815016,0.9200775026488268,False,7.759247582958541
1997-07-19__LI58,67.74206584938057,observed_censored,observed_censored,True,True,False,False,1.7205022065096642,0.9823971536064082,False,2.69528367484417
1998-02-03__LI58,89.13424354503461,observed_censored,observed_censored,True,True,False,False,7.87073805103725,0.9450520940307368,False,4.12414198805894
2000-08-09__LV17,58.993276908805576,observed_censored,observed_censored,False,True,True,False,58.93934223460468,0.7054947172607571,True,13.403444644362793
2003-01-22__LV17,67.05274631829502,observed_censored,observed_censored,True,True,False,False,26.736625102519227,0.8118199246725842,False,8.90698271574108
2014-04-18__LV17,73.99650690193789,observed_complete,observed_complete,False,False,True,False,88.51632512165209,0.5789948864606321,True,36.58877806126237
2014-05-08__LV17,54.46648189880231,observed_complete,observed_complete,False,False,True,False,79.31949070981317,0.551284207106335,True,30.354448118686385
2014-05-10__LV17,60.42732798130305,observed_complete,observed_complete,False,False,True,False,103.87464472329626,0.5278854434901543,True,14.373347318216824
2018-02-16__LV17,69.40973168301271,observed_complete,observed_complete,False,False,True,False,100.92603380341694,0.5608856865497001,True,31.723559618418488
2021-09-08__LV17,68.69447898532681,observed_complete,observed_complete,False,False,True,False,66.4855855447901,0.6713515296846757,True,36.07992315190357
2022-09-19__LV17,75.73519911901474,observed_complete,observed_complete,False,False,True,False,91.35516953607753,0.6168791380328056,True,20.209627207420784
2022-09-22__LV17,67.68207937037383,observed_complete,observed_complete,False,False,True,False,70.5341692171192,0.6519409365057034,True,12.15020325184113
2022-12-11__LV17,79.40461168128252,observed_complete,observed_complete,False,False,False,False,51.291992554106926,0.7124565951670202,False,4.414910198096944
2026-01-02__LV17,69.02213714252065,observed_complete,observed_complete,False,False,True,False,110.99611432253428,0.5298368590201022,True,23.83310587684441
1989-04-25__LV17,64.09211184716585,observed_complete,observed_complete,False,False,True,False,74.75350805622604,0.5978615952648015,True,31.44260477054212
1995-10-09__LV17,132.17988214628087,observed_censored,observed_censored,False,True,True,False,43.25360456728765,0.864080681999536,True,8.458083244585078
1996-02-25__LV17,77.07278233230807,observed_censored,observed_censored,True,True,False,False,13.8704544790875,0.9139923452651608,False,4.518342769948872
1996-07-15__LV17,71.56127567771462,observed_complete,observed_complete,False,False,True,False,61.46275816066087,0.6711814778479517,True,11.1751695278846
1997-07-19__LV17,71.88546156928594,observed_censored,observed_censored,True,True,False,False,3.7474515571918943,0.9691796072276349,False,2.818620436859022
1998-02-03__LV17,79.52693018051423,observed_censored,observed_censored,True,True,True,False,40.55515622215354,0.7465144307634631,True,5.10676584123303
2021-09-08__ME52,67.24160964402664,observed_complete,observed_complete,False,False,True,False,92.85034018656036,0.5878264296774521,True,16.861617348376093
2022-09-19__ME52,78.55201405007008,observed_complete,observed_complete,False,False,True,False,70.53057631208304,0.7095594782075315,True,9.006274645907915
2022-09-22__ME52,52.92480450020278,observed_complete,observed_complete,False,False,True,False,66.99997150696183,0.6669650486779908,True,7.641725139384715
2022-12-11__ME52,69.57688465794153,observed_complete,observed_complete,False,False,False,False,14.64161152515824,0.8852358400598977,False,2.707398958356096
2026-01-02__ME52,50.00707183833463,observed_censored,observed_censored,False,True,True,False,89.02450123934318,0.5996379688822487,True,14.147071863904085
2000-08-09__MI15,65.15020417606846,observed_censored,observed_censored,True,True,True,False,30.63036499775829,0.7918991439788146,True,11.706639916231566
2003-01-22__MI15,63.58943164100777,observed_censored,observed_censored,True,True,True,False,19.748770081969752,0.8865469633942107,True,19.734552444768585
2014-04-18__MI15,64.68169981690131,observed_complete,observed_complete,False,False,True,False,90.80471514532738,0.5730654231730341,True,47.60692231749115
2014-05-08__MI15,63.80968079195119,observed_complete,observed_complete,False,False,True,False,62.6495213043211,0.6796567914080835,True,22.918255570295475
2014-05-10__MI15,65.98719267152121,observed_censored,observed_censored,False,True,True,False,21.596839799387222,0.8513433383852752,True,8.945801400122258
2018-02-16__MI15,75.56552917926072,observed_complete,observed_complete,False,False,True,False,57.718584147586526,0.6656127446405972,True,29.638983154848184
2022-09-19__MI15,69.92880782258943,observed_complete,observed_complete,False,False,True,False,66.50297543017643,0.6675349926002278,True,18.89798800200136
2022-09-22__MI15,53.412750046699685,observed_complete,observed_complete,False,False,True,False,66.49720522495505,0.6237781882605089,True,15.28919347830814
2022-12-11__MI15,69.75468058530163,observed_complete,observed_complete,False,False,False,False,16.54005862053404,0.9000902529717062,False,4.92005822421014
1989-04-25__MI15,63.795088321116445,observed_complete,observed_complete,False,False,True,False,82.9042949798978,0.5948080693047687,True,31.586377801866643
1990-05-31__MI15,59.51239222488083,observed_censored,observed_censored,True,True,True,False,40.18728181242369,0.7467879666534958,True,11.253551998147254
1993-05-15__MI15,67.64021120034504,observed_censored,observed_censored,True,True,True,False,20.19145343614997,0.8896822737466538,True,9.701381586072952
1995-09-14__MI15,74.9983003213925,observed_complete,observed_complete,False,False,True,False,88.6506612733221,0.6654818260694989,True,27.641760862255005
1996-02-25__MI15,71.76911478960798,observed_censored,observed_censored,True,True,False,False,9.66977750177935,0.9348704957110572,True,6.629797593293146
1996-07-15__MI15,75.84997459138795,observed_censored,observed_censored,False,True,True,False,53.49960886175825,0.7422140416712446,True,11.544850167939526
1997-07-19__MI15,67.16542832674793,observed_censored,observed_censored,True,True,False,False,0.1442740552345043,0.9985548026120956,False,4.142045945392183
1998-02-03__MI15,68.4133076674575,observed_censored,observed_censored,True,True,False,False,2.432087062549755,0.9771054592624516,False,5.152332199013362
2000-08-09__MT50,68.85551940606162,observed_censored,observed_censored,True,True,True,False,15.84433216989197,0.8841280373709817,True,4.393532395396008
2003-01-22__MT50,90.03573987323522,observed_censored,observed_censored,True,True,True,False,29.85063909392425,0.8301431711965161,True,5.653647765830479
2014-04-18__MT50,77.75724369833175,observed_censored,observed_censored,False,True,True,False,93.21810247451558,0.578903634302229,True,18.267891720179204
2014-05-08__MT50,58.15906480471557,observed_complete,observed_complete,False,False,True,False,74.700292380265,0.6067784788110491,True,11.608299393572418
2018-02-16__MT50,62.730025718718494,observed_complete,observed_complete,False,False,True,False,68.21198444582797,0.6457808358216338,True,10.751459521103053
2020-06-23__MT50,70.4542359978184,observed_censored,observed_censored,False,True,True,False,44.50153745187106,0.7711650257012852,True,12.330716013730612
2021-09-08__MT50,75.68895356016978,observed_censored,observed_censored,False,True,True,False,120.09276957631675,0.4893797798532387,True,16.104010933169157
2022-09-19__MT50,83.54338111915963,observed_complete,observed_complete,False,False,True,False,64.70488822394606,0.7140241835766549,True,7.239751852474359
2022-09-22__MT50,60.84272758698278,observed_censored,observed_censored,False,True,True,False,64.67982559732646,0.6637738441683919,True,5.322720749912436
2022-12-11__MT50,80.15755105330955,observed_complete,observed_complete,False,False,False,False,28.600547881680114,0.8027548421953096,False,2.4804325860258074
1989-04-25__MT50,44.606895477899,observed_censored,observed_censored,True,True,False,False,11.18609498894132,0.8560348135271387,False,15.030379151061055
1990-05-31__MT50,35.56278315372224,observed_censored,observed_censored,True,True,False,False,2.960931807138671,0.9313327502982685,False,3.869398764909453
1995-10-09__MT50,98.1635674467886,observed_censored,observed_censored,True,True,False,False,7.423711586074717,0.9360135184789284,False,3.278454214523636
1996-07-15__MT50,40.222766233004286,observed_censored,observed_censored,True,True,False,False,3.4446819392449086,0.9485561239658764,False,5.580248560147994
1998-02-03__MT50,59.19470790007647,observed_censored,observed_censored,True,True,False,False,5.89489096198578,0.9467681870869986,False,2.9002912091946973
2000-08-09__MY19,97.99804554091656,observed_censored,observed_censored,True,False,True,False,75.15994688336451,0.6511004229720336,True,10.131654644254152
2003-01-22__MY19,133.36372361074535,observed_complete,observed_complete,False,False,True,False,72.55333666336398,0.7382069110797287,True,14.884832709360404
2014-04-18__MY19,112.65039626381802,observed_complete,observed_complete,False,False,True,False,104.48073632810352,0.6323819136268832,True,27.923297153875748
2014-05-08__MY19,80.00745597789326,observed_complete,observed_complete,False,False,True,False,85.8220380439576,0.6273629540881525,True,26.84116002924408
2014-05-10__MY19,91.92081611010792,observed_complete,observed_complete,False,False,True,False,57.756589027675176,0.7545302009108964,True,7.616892183698966
2018-02-16__MY19,107.28419840932348,observed_complete,observed_complete,False,False,True,False,126.1185928220959,0.5669301805435895,True,26.12865537678723
2021-09-08__MY19,92.34318266329012,observed_complete,observed_complete,False,False,True,False,85.19804721848331,0.676311510890607,True,38.74555569373061
2022-09-19__MY19,89.25035376578073,observed_complete,observed_complete,False,False,True,False,121.11577095600045,0.5972875446184525,True,24.42056934233137
2022-09-22__MY19,73.13624935887918,observed_complete,observed_complete,False,False,True,False,93.8735349965515,0.5745012465028034,True,17.973296693097986
2022-12-11__MY19,112.27273618056944,observed_complete,observed_complete,False,False,False,False,31.556385766404706,0.8425487188583739,False,2.716042804410698
2026-01-02__MY19,100.90435682078984,observed_complete,observed_complete,False,False,True,False,89.1159138651291,0.6525966245706802,True,18.71608069767579
1989-04-25__MY19,74.51776837917404,observed_complete,observed_complete,False,False,True,False,101.59623373566704,0.5677123915595821,True,43.28143670793729
1993-05-15__MY19,85.28473261167733,observed_censored,observed_censored,True,False,True,False,57.232598579055406,0.7055633368707922,True,8.918530257241851
1995-09-14__MY19,91.86284958642752,observed_complete,observed_complete,False,False,True,False,104.01941934754208,0.6231453541499091,True,38.60502436085577
1995-10-09__MY19,166.2559360329019,observed_censored,observed_censored,False,True,True,False,104.02513424267391,0.7110974692624381,True,13.422652329240666
1996-02-25__MY19,115.26503844093756,observed_censored,observed_censored,True,True,False,False,49.764649206023336,0.7629238759181395,False,4.580505980580605
1996-07-15__MY19,130.20673834598594,observed_complete,observed_complete,False,False,True,False,59.32523735594691,0.7483873214184964,True,6.389712387782329
1997-07-19__MY19,88.27470383579818,observed_censored,observed_censored,True,True,True,False,33.336939816823104,0.8041653068388468,True,4.660684052810613
1998-02-03__MY19,114.48806037990931,observed_censored,observed_censored,False,True,False,False,38.48929594362173,0.7839500648688087,False,3.5154706896625068
2000-08-09__NZ20,144.79606248056237,observed_censored,observed_censored,False,True,True,False,36.671868827454944,0.847219644096759,True,9.823229228257828
2003-01-22__NZ20,157.24188050462513,observed_censored,observed_censored,False,True,True,False,61.367391932102805,0.8024993822988452,True,17.20049530389362
2014-04-18__NZ20,151.64122459699314,observed_complete,observed_complete,False,False,True,False,126.26095273715065,0.6456728048011713,True,25.648073333296995
2014-05-08__NZ20,119.44877592603092,observed_censored,observed_censored,False,True,True,False,75.49117214340905,0.7055611679729745,True,24.034633566165336
2014-05-10__NZ20,103.08168983350934,observed_censored,observed_censored,False,True,True,False,26.60466630392293,0.8592047718886382,True,6.640258504543825
2018-02-16__NZ20,123.91007917328234,observed_complete,observed_complete,False,False,True,False,80.14302462716691,0.7067151261539673,True,26.27477926180665
2021-09-08__NZ20,155.63720701306482,observed_complete,observed_complete,False,False,True,False,103.32806463770244,0.6956463486371063,True,35.53950145603159
2022-09-19__NZ20,177.94131365464034,observed_censored,observed_censored,False,True,True,False,124.72537185743316,0.6821230678761547,True,18.89816182216264
2022-09-22__NZ20,121.93723213827796,observed_complete,observed_complete,False,False,True,False,80.0759881895782,0.7020760912658003,True,12.823309551014017
2022-12-11__NZ20,157.06330375309665,observed_complete,observed_complete,False,False,False,False,30.92222126783512,0.8726012637284315,False,3.431597839027162
2026-01-02__NZ20,83.01604329473955,observed_complete,observed_complete,False,False,True,False,103.1996476590985,0.5852937606626542,True,24.719015313245144
1989-04-25__NZ20,106.3405787803952,observed_censored,observed_censored,True,False,True,False,67.47996565903256,0.6940239155752582,True,40.6243678001296
1990-05-31__NZ20,60.92996256145904,observed_censored,observed_censored,True,True,False,False,1.4371223124060606,0.9803241742551196,False,6.567088922670549
1993-05-15__NZ20,76.21441267542478,observed_censored,observed_censored,True,True,False,False,5.382413520385882,0.9461758647961412,False,9.929665553484272
1995-09-14__NZ20,103.3016158222917,observed_censored,observed_censored,True,True,False,False,25.65198852262733,0.8343964588597331,False,25.019876120864147
1995-10-09__NZ20,186.3470243154136,observed_censored,observed_censored,True,True,False,False,11.513134748243688,0.950153116213172,False,12.791833607773826
1997-07-19__NZ20,167.0808827870396,observed_censored,observed_censored,True,True,False,False,16.029910051429056,0.92961311121705,False,4.046221738554011
1998-02-03__NZ20,91.51817969860984,observed_censored,observed_censored,True,True,False,False,1.495043546300053,0.9885208572919222,False,3.7575280738440338
2000-08-09__NZ31,179.31063205454524,observed_censored,observed_censored,False,True,True,False,91.66221779261453,0.7619503245182779,True,14.335330138011503
2003-01-22__NZ31,244.84868634606136,observed_complete,observed_complete,False,False,True,False,79.7384457264834,0.8213023940511779,True,20.47918123642357
2014-04-18__NZ31,183.1405549293717,observed_complete,observed_complete,False,False,True,False,159.17840632543772,0.6166038674178965,True,46.54546198451993
2014-05-08__NZ31,160.7571431718562,observed_complete,observed_complete,False,False,True,False,151.5432579227305,0.5802474644136761,True,31.03640184388045
2014-05-10__NZ31,150.23940156378936,observed_complete,observed_complete,False,False,True,False,57.41819333224953,0.8165611535342336,True,9.81772878070024
2018-02-16__NZ31,143.77763137332016,observed_complete,observed_complete,False,False,True,False,20.68341056927377,0.9133243491209244,True,26.83932630478032
2021-09-08__NZ31,188.69802267544267,observed_complete,observed_complete,False,False,True,False,102.22506879230536,0.7130846535341846,True,36.1509235227928
2022-09-19__NZ31,207.5035133057956,observed_complete,observed_complete,False,False,True,False,201.92380467370987,0.6230444029463851,True,23.91230777122636
2022-09-22__NZ31,182.25830090245063,observed_complete,observed_complete,False,False,True,False,116.60941213464416,0.7122886451156077,True,18.1479936904425
2022-12-11__NZ31,199.1345938617199,observed_complete,observed_complete,False,False,False,False,134.2595352897011,0.7132309468800438,False,4.538592351522555
2026-01-02__NZ31,121.8630306604819,observed_complete,observed_complete,False,False,True,False,137.15624546791756,0.5914199247284174,True,22.8030067252115
1989-04-25__NZ31,132.33709824860256,observed_censored,observed_censored,False,True,True,False,100.17655857623416,0.674450193925437,True,37.498138203190905
1990-05-31__NZ31,109.68938738210612,observed_censored,observed_censored,False,True,False,False,14.412855319765695,0.9218434178202608,True,7.19127224484681
1993-05-15__NZ31,121.75803912081764,observed_censored,observed_censored,True,True,True,False,31.979376535006992,0.8457710319025464,True,8.384320569152166
1995-09-14__NZ31,224.99888572677736,observed_complete,observed_complete,False,False,True,False,129.38715016449362,0.7135899986397636,True,34.13410377140765
1995-10-09__NZ31,383.7934167352509,observed_complete,observed_complete,False,False,True,False,110.92836982421336,0.8212332079155976,True,12.06843353603904
1996-02-25__NZ31,313.3708359476652,observed_censored,observed_censored,True,True,False,False,53.894171381958245,0.8783070169983105,False,7.474126585249031
1996-07-15__NZ31,194.54818731742148,observed_censored,observed_censored,True,True,True,False,52.23784666503698,0.8202104743932646,True,8.051040694301625
1997-07-19__NZ31,234.8123970417357,observed_censored,observed_censored,True,True,False,False,17.775430409022704,0.950927779562646,True,6.038207119617636
1998-02-03__NZ31,152.34928487656111,observed_censored,observed_censored,True,True,False,False,12.669285630891435,0.9392739029339432,False,3.193971453166885
1989-04-25__PA34,51.41928263122671,observed_censored,observed_censored,True,True,True,False,24.217229008146887,0.7995262499325588,True,9.97842574481296
1990-05-31__PA34,33.105830513859445,observed_censored,observed_censored,True,True,False,False,0.7973470201512214,0.981448417399925,False,3.0127217838789684
1995-09-14__PA34,59.39706847587732,observed_censored,observed_censored,False,True,True,False,36.61372153280517,0.7457557007651887,True,12.744098702078643
1995-10-09__PA34,108.4324080432544,observed_censored,observed_censored,True,True,False,False,12.514109020104698,0.9093049063624824,False,2.617056150976932
1996-07-15__PA34,64.43736930147442,observed_censored,observed_censored,False,True,True,False,12.076601492219666,0.8804888521304338,True,4.566734940980003
2000-08-09__PA34,55.59761411199488,observed_censored,observed_censored,True,True,False,False,13.90286647278424,0.874454881047641,True,3.416304637114144
2003-01-22__PA34,74.9274573783575,observed_censored,observed_censored,True,True,True,False,34.430541707892345,0.7796304294169717,True,5.402278920763363
2014-04-18__PA34,71.74528815112228,observed_complete,observed_complete,False,False,True,False,53.78746739005837,0.6847713333525267,True,12.447372923678374
2014-05-08__PA34,59.3898372224438,observed_censored,observed_censored,False,True,True,False,62.44289645656508,0.643936269278867,True,8.746658300633129
2018-02-16__PA34,62.61457071925272,observed_complete,observed_complete,False,False,True,False,107.54968686708855,0.5403270211262616,True,10.997337345027749
2020-06-23__PA34,77.69915908097079,observed_complete,observed_complete,False,False,True,False,105.75877434869496,0.5893022626356453,True,7.143243905134025
2021-09-08__PA34,90.69365885622616,observed_complete,observed_complete,False,False,True,False,78.75933882854915,0.6276154192503587,True,13.2082286916816
2022-09-19__PA34,64.05413178317525,observed_complete,observed_complete,False,False,True,False,53.75036805036342,0.7256794526367081,True,8.011985306497085
2022-09-22__PA34,51.66601147891081,observed_complete,observed_complete,False,False,True,False,60.11890230953272,0.6599224894810911,True,5.418126441983986
2022-12-11__PA34,81.24872216303794,observed_complete,observed_complete,False,False,False,False,20.92673882910008,0.8428805553787816,False,1.634375167496695
2000-08-09__PD42,109.18009531636795,observed_censored,observed_censored,False,True,True,False,22.358875155882203,0.8825380869141991,True,17.450912370276736
2003-01-22__PD42,155.98855694104162,observed_censored,observed_censored,True,True,True,False,39.30845262883648,0.8489530716690883,True,21.129736716839027
2014-04-18__PD42,148.1633785637942,observed_complete,observed_complete,False,False,True,False,58.46860297974322,0.8014918076331119,True,26.198119860384367
2014-05-08__PD42,121.7822602040485,observed_censored,observed_censored,False,True,True,False,72.40462401565114,0.7005722508760964,True,23.26202394093321
2018-02-16__PD42,122.85795574962292,observed_censored,observed_censored,False,True,True,False,67.27176049979929,0.7406639919051685,True,24.031833441367898
2020-06-23__PD42,161.43266697920492,observed_censored,observed_censored,False,True,True,False,97.93934132304304,0.7477740372829178,True,25.75729470670164
2022-09-22__PD42,91.53984281886908,observed_complete,observed_complete,False,False,True,False,73.93550370388192,0.7015359934446879,True,21.349472022129365
2022-12-11__PD42,150.46371323141648,observed_complete,observed_complete,False,False,False,False,30.43351470200548,0.8746147218935173,False,3.929452451656015
2026-01-02__PD42,141.72261944485982,observed_complete,observed_complete,False,False,True,False,91.9823700465136,0.7160161468153331,True,16.92159509154633
1989-04-25__PD42,115.12311037338388,observed_censored,observed_censored,False,True,True,False,63.200712645858346,0.7390987754051422,True,23.797136689696625
1990-05-31__PD42,77.84736138693593,observed_censored,observed_censored,True,True,False,False,11.253068125059428,0.8917662005861361,False,5.972480127472465
1993-05-15__PD42,78.82561831151676,observed_censored,observed_censored,True,True,False,False,3.676135342301478,0.9591585896866852,False,7.669817430615749
1995-09-14__PD42,139.3396740132103,observed_censored,observed_censored,True,True,False,False,11.841126568104414,0.9323596106014828,False,24.27308049364379
1995-10-09__PD42,154.14319257911723,observed_censored,observed_censored,True,True,False,False,14.84926525634009,0.9243657858893696,False,14.999053402396603
2000-08-09__PE10,83.87656694015749,observed_censored,observed_censored,False,True,True,False,16.94036622478714,0.8886966739501502,True,14.52908988444651
2003-01-22__PE10,79.91197690438615,observed_censored,observed_censored,False,True,True,False,52.78349660249566,0.72604195462451,True,25.149736021429213
2014-04-18__PE10,79.73670030041389,observed_complete,observed_complete,False,False,True,False,67.32610685370881,0.6649442278605115,True,40.01046350372757
2014-05-08__PE10,70.86793254625326,observed_censored,observed_censored,False,True,True,False,98.03441500745024,0.5619748223607066,True,34.19734450258788
2014-05-10__PE10,89.28946844019625,observed_censored,observed_censored,False,True,True,False,27.11501328939892,0.8299572727367432,True,9.306911883332797
2018-02-16__PE10,95.3995657196031,observed_complete,observed_complete,False,False,True,False,60.11463957882836,0.7204880291122502,True,25.257583814046804
2020-06-23__PE10,86.81199893260244,observed_censored,observed_censored,False,True,True,False,94.63366549693292,0.6360663558168945,True,25.18387194118139
2021-09-08__PE10,69.37640180094805,observed_complete,observed_complete,False,False,True,False,116.8858856137827,0.5302769425583399,True,40.47258492841061
2022-09-19__PE10,93.89635151080223,observed_complete,observed_complete,False,False,True,False,86.32854968551558,0.6408663379419437,True,23.442593699559623
2022-09-22__PE10,73.14104570187449,observed_censored,observed_censored,False,True,True,False,116.34394716411336,0.5382993485292538,True,18.43878785337296
2022-12-11__PE10,98.1996743576108,observed_complete,observed_complete,False,False,False,False,42.20820043702267,0.801129850937511,False,4.247329411971525
2026-01-02__PE10,55.2722741997576,observed_complete,observed_complete,False,False,True,False,92.9306609467302,0.5407883532799812,True,30.72839313519556
1989-04-25__PE10,70.40345888859942,observed_censored,observed_censored,True,True,True,False,33.811081429727366,0.7854218351860928,True,48.612358803328654
1990-05-31__PE10,53.04049586084219,observed_censored,observed_censored,False,True,False,False,4.514534889414392,0.9385526760662256,False,10.403464236826668
1995-09-14__PE10,73.93199771549554,observed_censored,observed_censored,True,True,True,False,17.982229622001014,0.8549937132327956,True,31.73412756864436
1995-10-09__PE10,119.03813441826492,observed_censored,observed_censored,True,True,False,False,13.062807898335931,0.916264051933744,False,15.665554575588049
1996-07-15__PE10,60.5796993267654,observed_censored,observed_censored,True,True,False,False,4.210100948396743,0.9407278481149268,True,9.028290187878609
2000-08-09__RI76,95.5725419098109,observed_censored,observed_censored,False,True,True,False,55.85501313136263,0.7387877606913781,True,15.61213118597832
2003-01-22__RI76,140.42485924514602,observed_censored,observed_censored,False,True,True,False,62.55246459248031,0.7808252817362288,True,12.730615920929742
2014-04-18__RI76,113.64295966304532,observed_complete,observed_complete,False,False,True,False,73.07763394422551,0.7009794429222738,True,23.37745769052432
2014-05-08__RI76,95.20515774801746,observed_complete,observed_complete,False,False,True,False,96.79828716438846,0.5894724663285617,True,28.462085571866872
2018-02-16__RI76,136.5311267168581,observed_complete,observed_complete,False,False,True,False,89.7760915351447,0.7007563363383064,True,22.38224461773449
2021-09-08__RI76,135.86294091022228,observed_complete,observed_complete,False,False,True,False,141.26518402285484,0.6009119868269773,True,28.06291903333024
2022-09-19__RI76,113.05830686277496,observed_complete,observed_complete,False,False,True,False,102.83016620136011,0.6507008858950367,True,19.36669241562582
2022-09-22__RI76,108.74942195256264,observed_complete,observed_complete,False,False,True,False,85.19891332442353,0.6669575743709502,True,16.248198215831074
2022-12-11__RI76,132.69930518185555,observed_complete,observed_complete,False,False,False,False,54.66955511414548,0.788069642137752,False,2.934446736370091
2026-01-02__RI76,92.76780563832972,observed_complete,observed_complete,False,False,True,False,118.4338923879396,0.5765378561644036,True,17.017148881526634
2000-08-09__RM48,77.11492468621928,observed_censored,observed_censored,False,True,True,False,39.13065594120806,0.7730635275694018,True,12.791601654323149
2003-01-22__RM48,96.63199536589772,observed_censored,observed_censored,False,True,True,False,35.14661310494773,0.8163996599020649,True,18.10070176426509
2014-04-18__RM48,97.64010339501094,observed_complete,observed_complete,False,False,True,False,86.50306334090249,0.6514924324527518,True,22.653939466024006
2014-05-08__RM48,77.11371205395189,observed_complete,observed_complete,False,False,True,False,66.91354275255082,0.6410602791945563,True,24.48648798106416
2014-05-10__RM48,76.3208286365196,observed_complete,observed_complete,False,False,True,False,55.418630688444665,0.708706277590304,True,7.017698570386227
2018-02-16__RM48,83.35040553884996,observed_complete,observed_complete,False,False,True,False,61.85642584345473,0.7020403379409695,True,21.12064185385379
2022-09-19__RM48,100.23425854029524,observed_complete,observed_complete,False,False,True,False,77.21169008199925,0.6852869891497544,True,18.40925784267676
2022-09-22__RM48,74.05635769487942,observed_complete,observed_complete,False,False,True,False,77.95430392091052,0.629811454454789,True,18.843577395651728
2022-12-11__RM48,98.06675489287126,observed_complete,observed_complete,False,False,False,False,20.98370465990925,0.8825757993289913,False,2.9646752471296174
2026-01-02__RM48,69.9797561644829,observed_complete,observed_complete,False,False,True,False,93.17804171177336,0.5818987628476472,True,18.85284108512866
1989-04-25__RM48,74.57935385947863,observed_complete,observed_complete,False,False,True,False,76.47658689041644,0.6123253059744693,True,38.16328685475767
1990-05-31__RM48,58.64781053631641,observed_censored,observed_censored,True,True,False,False,8.835133151815882,0.8999191985521536,False,6.321954400437992
1995-10-09__RM48,123.75327724385596,observed_censored,observed_censored,True,True,False,False,19.338599462531874,0.884717737928275,False,9.595624117340654
1996-07-15__RM48,69.886370985164,observed_censored,observed_censored,True,True,False,False,6.18223496885048,0.9325083518684444,False,4.998846501265668
1985-09-19__SCT,52.435588901092295,observed_censored,observed_censored,False,True,True,False,53.13538577457433,0.7090225848826771,True,140.46721485575264
2003-01-22__SCT,76.11250343226268,observed_censored,observed_censored,True,True,True,False,23.29409918898912,0.8467392644977358,True,18.62896830081303
2014-04-18__SCT,74.08658227915731,observed_complete,observed_complete,False,False,True,False,87.17624758290557,0.5827689883081001,True,31.269055676292247
2014-05-08__SCT,71.83288676881797,observed_complete,observed_complete,False,False,True,False,84.37328623761643,0.5881216195381185,True,22.97187730124472
2018-02-16__SCT,85.88247778760544,observed_censored,observed_censored,False,True,True,False,96.98362631438212,0.587444162351616,True,21.454612423853373
2020-06-23__SCT,75.28423095800288,observed_censored,observed_censored,False,True,True,False,106.36983052582175,0.5507651384161595,True,25.932158433634186
2021-09-08__SCT,76.00188321965436,observed_complete,observed_complete,False,False,True,False,36.78970384176665,0.7767479589673727,True,24.509560307272743
2022-09-19__SCT,81.7137810861585,observed_complete,observed_complete,False,False,True,False,104.19948918130147,0.5832020432747941,True,17.532717510360175
2022-09-22__SCT,72.71437114539492,observed_complete,observed_complete,False,False,True,False,64.78689318036356,0.6685075052171328,True,11.704637624489834
2022-12-11__SCT,83.58316200755083,observed_censored,observed_censored,False,True,False,False,21.27853021201264,0.8876351575644894,False,4.0433761489271705
1989-04-25__SCT,67.59190780200618,observed_censored,observed_censored,False,True,True,False,47.214508347282205,0.6898475441944281,True,38.116314399873744
1990-05-31__SCT,41.53670071643282,observed_censored,observed_censored,True,True,False,False,5.614546768406342,0.8959883888772445,False,7.42756181099953
1995-09-14__SCT,77.02642176700071,observed_complete,observed_complete,False,False,True,False,67.14424452381022,0.6609492995020592,True,30.87758531823113
1995-10-09__SCT,130.1045462708065,observed_censored,observed_censored,True,True,False,False,22.272928115829814,0.8821288732227466,False,9.268084137641996
1996-07-15__SCT,65.27220058073593,observed_censored,observed_censored,True,True,False,False,8.013594094159771,0.9182202868235556,False,5.559551284827321
2000-08-09__SI53,80.23122283318175,observed_censored,observed_censored,False,True,True,False,35.86929286393138,0.8270692659149004,True,7.018256815435361
2014-04-18__SI53,63.253329668787465,observed_complete,observed_complete,False,False,True,False,90.21133633643947,0.5658324365365316,True,32.552279962377874
2014-05-08__SI53,64.80925601150051,observed_complete,observed_complete,False,False,True,False,94.73507285750657,0.5502726187633205,True,27.04072431664544
2014-05-10__SI53,63.96616218173209,observed_complete,observed_complete,False,False,True,False,60.48711547474943,0.6540034579867896,True,7.599101911475902
2021-09-08__SI53,68.1577933346652,observed_complete,observed_complete,False,False,True,False,114.104799698723,0.5265361008351743,True,29.711328127942465
2022-09-19__SI53,75.19101560559766,observed_complete,observed_complete,False,False,True,False,90.95159087872068,0.5985009010783531,True,16.432548901680832
2022-09-22__SI53,64.26121425631956,observed_complete,observed_complete,False,False,True,False,90.6657036844318,0.5744193405725131,True,9.26876996342643
2022-12-11__SI53,72.79772413403272,observed_complete,observed_complete,False,False,False,False,35.79141274459221,0.7825552081130486,False,4.149519304479295
2026-01-02__SI53,53.66307889594472,observed_complete,observed_complete,False,False,True,False,86.77657474805784,0.527180435089316,True,24.499636576021658
1989-04-25__SI53,55.43961644450903,observed_complete,observed_complete,False,False,True,False,90.98394872076946,0.5148040277262721,True,36.97841947958554
1990-05-31__SI53,67.46650714758293,observed_censored,observed_censored,True,True,True,False,48.70916957761641,0.697965092220398,True,8.232048083563141
1993-05-15__SI53,66.81326881000814,observed_censored,observed_censored,True,True,True,False,62.30932951225184,0.6367014779764921,True,8.347391565392332
1995-10-09__SI53,129.68062455873957,observed_censored,observed_censored,False,True,True,False,49.74995220682277,0.8282589332821638,True,8.404909001340906
1996-02-25__SI53,70.43063317671408,observed_censored,observed_censored,True,True,True,False,24.73833442568852,0.8362025132378433,True,5.740822280351993
1996-07-15__SI53,73.52193902739278,observed_censored,observed_censored,False,True,True,False,44.34406374315958,0.7625040101590147,True,7.6439718783970845
1997-07-19__SI53,78.59700273368286,observed_censored,observed_censored,True,True,False,False,2.2070779497016417,0.9856300673891424,False,2.6133801395768947
1998-02-03__SI53,82.07024863085448,observed_censored,observed_censored,True,True,False,False,10.862045428977495,0.9262039171888206,True,4.161087606878847
2000-08-09__SP51,88.43731602909563,observed_complete,observed_complete,False,False,True,False,57.41800392930165,0.721663658299958,True,13.183122310472775
2003-01-22__SP51,105.42736352150564,observed_censored,observed_censored,False,True,True,False,94.56935540192742,0.6681194756907267,True,14.030357372034302
2014-04-18__SP51,79.01905958836781,observed_complete,observed_complete,False,False,True,False,111.97470449976166,0.5551086475435589,True,38.50265786292656
2014-05-08__SP51,78.1353615995584,observed_complete,observed_complete,False,False,True,False,107.5282256980167,0.5180483810765242,True,36.374285369172455
2014-05-10__SP51,72.57325525756485,observed_complete,observed_complete,False,False,True,False,55.60829272249198,0.6858643502288331,True,10.96213134876083
2018-02-16__SP51,100.29250871794464,observed_complete,observed_complete,False,False,True,False,95.07215238244709,0.6477504543073468,True,21.928973742739736
2021-09-08__SP51,86.42312638990458,observed_complete,observed_complete,False,False,True,False,97.98673875707364,0.592486010575697,True,39.3840447308097
2022-09-19__SP51,76.35563442493756,observed_complete,observed_complete,False,False,True,False,57.34803157755567,0.7589709932435772,True,23.40802663350174
2022-09-22__SP51,84.99294981508739,observed_censored,observed_censored,False,True,True,False,168.84446852512934,0.4556213937157295,True,17.5914775629569
2022-12-11__SP51,93.24300363434617,observed_complete,observed_complete,False,False,False,False,43.24569722770292,0.7645339364711808,False,4.889932437565375
2026-01-02__SP51,72.43508803233469,observed_complete,observed_complete,False,False,True,False,96.76093520109548,0.5667356145565061,True,26.864780800377456
1989-04-25__SP51,78.19288665635844,observed_complete,observed_complete,False,False,True,False,74.97390550611651,0.6211525745016852,True,42.47339589842913
1990-05-31__SP51,87.97666542368056,observed_censored,observed_censored,False,True,True,False,31.18583296370076,0.8219275226191928,True,8.840172810358546
1993-05-15__SP51,107.3926353099864,observed_censored,observed_censored,True,True,False,False,40.25435275674707,0.8116755426584933,False,6.7615167481965095
1995-09-14__SP51,97.32999418872436,observed_complete,observed_complete,False,False,True,False,130.53255251022688,0.5297818713608542,True,34.55412295076485
1995-10-09__SP51,164.6801279366226,observed_censored,observed_censored,False,True,True,False,72.99770165548773,0.7978267025175863,True,12.15937631471939
1996-02-25__SP51,92.90267449172428,observed_censored,observed_censored,True,True,True,False,29.280498536371223,0.8542896315681949,True,6.21649010662439
1996-07-15__SP51,105.69188854286726,observed_complete,observed_complete,False,False,True,False,47.05643583156112,0.777142146191991,True,8.105731542236253
1997-07-19__SP51,80.77185655029872,observed_censored,observed_censored,True,True,False,False,2.083037119311655,0.987576566354675,False,3.77327923363998
1998-02-03__SP51,95.33793078951582,observed_censored,observed_censored,False,True,False,False,13.352160892680786,0.9091504327911766,False,3.5704222184072782
2021-09-08__SS60,74.19488378746071,observed_complete,observed_complete,False,False,True,False,138.0031391278045,0.5008205920284869,True,32.97727440331315
2022-09-19__SS60,83.13989119286697,observed_complete,observed_complete,False,False,True,False,119.9066543629722,0.5417638462071609,True,21.46254095298305
2022-09-22__SS60,67.4517528306794,observed_censored,observed_censored,False,True,True,False,70.00149626844527,0.6644786528221762,True,13.271941920303988
2022-12-11__SS60,86.57239647149923,observed_complete,observed_complete,False,False,False,False,141.03443575255932,0.5276494214195213,False,3.302676838930569
2026-01-02__SS60,57.15653556364992,observed_complete,observed_complete,False,False,True,False,47.95331554723545,0.7041197288379376,True,30.91977032901849
1985-09-19__SXVI,54.807684586112686,observed_censored,observed_censored,True,True,True,False,32.249640040475754,0.7502738110540828,True,30.7797951236054
1985-09-21__SXVI,60.89553870148462,observed_censored,observed_censored,True,True,False,False,7.965320214306473,0.9046754402308944,True,18.392068357079463
1985-09-19__TCYA,65.52085608999012,observed_censored,observed_censored,True,True,True,False,50.657846003016274,0.7107745018383314,True,25.83388715134663
1985-09-21__TCYA,79.15013555593272,observed_censored,observed_censored,False,True,True,False,29.28242064801313,0.7798479764828725,True,10.04579722772707
1989-04-25__TCYA,65.63001737450634,observed_censored,observed_censored,False,True,True,False,26.43982111020628,0.7977060358821249,True,8.543942236340564
1990-05-31__TCYA,64.5194912611715,observed_censored,observed_censored,True,True,False,False,4.463926386660944,0.9466866548828264,False,2.1941267375262923
1995-09-14__TCYA,66.75094254403558,observed_censored,observed_censored,True,True,True,False,33.49350327444577,0.8016845090032224,True,10.980952270607718
1995-10-09__TCYA,114.78476617714888,observed_censored,observed_censored,True,True,False,False,6.584514158141161,0.953518889184377,False,2.3457919970451133
1996-07-15__TCYA,55.75733794514314,observed_complete,observed_complete,False,False,False,False,8.776130695245826,0.9092061794408668,True,4.503492948279514
2000-08-09__TCYA,71.17094826436833,observed_censored,observed_censored,True,True,False,False,12.543813569860376,0.867681291457169,False,3.100180630503173
2003-01-22__TCYA,58.264194899617486,observed_censored,observed_censored,True,True,False,False,5.015201457856264,0.9335646912457772,False,4.905352597810029
2018-02-16__TCYA,58.30585513852581,observed_censored,observed_censored,False,True,True,False,36.95025454023813,0.7587000944280146,True,8.191805454688415
2020-06-23__TCYA,65.79574214661343,observed_censored,observed_censored,False,True,True,False,25.597039500218088,0.8327154886761554,True,10.067827074237048
2021-09-08__TCYA,78.53900442753523,observed_censored,observed_censored,False,True,True,False,59.3213381720023,0.6564169113434172,True,11.681025932311345
2022-09-19__TCYA,81.72153118562069,observed_censored,observed_censored,False,True,True,False,28.6211204590322,0.82778073013399,True,5.929970334254749
2022-09-22__TCYA,56.80793753370258,observed_censored,observed_censored,False,True,True,False,22.931425627320493,0.8312625045818949,True,4.186479338428079
2022-12-11__TCYA,71.52378561801089,observed_censored,observed_censored,False,True,False,False,22.49113746321936,0.8279573360114789,False,1.5489357344853645
2000-08-09__TH35,98.77572269157017,observed_censored,observed_censored,True,True,True,False,65.35387378144654,0.7014032357954652,True,24.5821116537716
2003-01-22__TH35,116.26286806662984,observed_censored,observed_censored,True,True,True,False,93.99946917467416,0.6692023185012875,True,37.80803459379199
2014-04-18__TH35,96.43483727392962,observed_complete,observed_complete,False,False,True,False,133.17323296489195,0.5667613358765999,True,65.22247454007308
2014-05-08__TH35,99.97192467391667,observed_complete,observed_complete,False,False,True,False,91.50772395020284,0.6484258339088566,True,32.68877189421183
2014-05-10__TH35,107.3531983417077,observed_complete,observed_complete,False,False,True,False,62.00066318394033,0.7295028001224191,True,9.719789072130329
2021-09-08__TH35,137.87788946834146,observed_censored,observed_censored,False,True,True,False,146.82803696936517,0.5958935515787825,True,48.80719575967632
2022-09-19__TH35,138.55152069786993,observed_complete,observed_complete,False,False,True,False,93.02463431420028,0.6998430746186104,True,40.23344939199458
2022-09-22__TH35,91.38796507545894,observed_censored,observed_censored,False,True,True,False,141.41993188635377,0.5263583231081995,True,31.06432928891133
2022-12-11__TH35,129.24187305750814,observed_complete,observed_complete,False,False,False,False,85.53686435537077,0.8257230611532553,False,4.544777218198669
2026-01-02__TH35,84.30639687392636,observed_complete,observed_complete,False,False,True,False,95.374356700557,0.6078034513506169,True,21.6173203139758
1989-04-25__TH35,67.22046922541601,observed_censored,observed_censored,True,True,True,False,16.21605950037946,0.859223374421569,True,65.43048288008085
1995-09-14__TH35,101.17418849407515,observed_censored,observed_censored,False,True,True,False,101.3898279281209,0.6276881375998499,True,68.63741200443724
1996-07-15__TH35,94.58866454951654,observed_censored,observed_censored,True,True,False,False,12.78700101793713,0.9074947477541986,False,10.47741059768338
1998-02-03__TH35,91.97101305003028,observed_censored,observed_censored,True,True,False,False,2.671744308355315,0.9762785731301136,False,4.801413821082232
2000-08-09__TL08,82.69817585333438,observed_censored,observed_censored,False,True,True,False,73.8751801710425,0.6612162699667866,True,11.990036298065634
2003-01-22__TL08,90.73368639520343,observed_censored,observed_censored,False,True,True,False,114.80091166866576,0.5944577092388521,True,16.975455592389643
2014-04-18__TL08,79.61281016233404,observed_complete,observed_complete,False,False,True,False,80.69228428874243,0.6416383874905963,True,29.18057076864476
2014-05-08__TL08,84.89424550685732,observed_complete,observed_complete,False,False,True,False,91.01616946874742,0.6052044353745666,True,25.619822888320137
2018-02-16__TL08,89.854502416786,observed_complete,observed_complete,False,False,True,False,79.67175134685374,0.6559050213921839,True,25.19977148977855
2020-06-23__TL08,87.24461053116521,observed_complete,observed_complete,False,False,True,False,90.7783688366701,0.6021633410611356,True,30.383716815475328
2021-09-08__TL08,83.30000770396673,observed_complete,observed_complete,False,False,True,False,109.1458929640508,0.5625239770569931,True,40.47754660501887
2022-09-19__TL08,85.8878718825528,observed_complete,observed_complete,False,False,True,False,102.1692593414512,0.5750030809423826,True,22.437767321448707
2022-09-22__TL08,78.50034330386474,observed_complete,observed_complete,False,False,True,False,98.136042068252,0.5774187569726047,True,13.176803387816063
2022-12-11__TL08,118.0874419405895,observed_complete,observed_complete,False,False,False,False,78.68672456665632,0.8436552989992722,False,3.124855380395257
2026-01-02__TL08,71.31944546996758,observed_complete,observed_complete,False,False,True,False,106.37073814656152,0.5259137222152627,True,24.986734735740683
1989-04-25__TL08,71.35666244168021,observed_complete,observed_complete,False,False,True,False,59.63551793358796,0.681008195059706,True,43.1638643078365
1990-05-31__TL08,65.5716054105554,observed_censored,observed_censored,True,True,True,False,13.34082837379134,0.8758530767374713,True,6.852070661829587
1993-05-15__TL08,77.52813456207124,observed_censored,observed_censored,True,True,False,False,13.27996703474706,0.8834783975191097,False,6.518890689300656
1995-09-14__TL08,91.80223239976156,observed_complete,observed_complete,False,False,True,False,80.7451127631607,0.6609485082378304,True,27.783014738509028
1995-10-09__TL08,140.40097207122486,observed_censored,observed_censored,True,True,True,False,40.38925778188903,0.8274184601038798,True,9.88620583756404
1996-02-25__TL08,93.28126986862644,observed_censored,observed_censored,True,True,False,False,3.098400390595998,0.9723874842652528,False,3.805569435901824
1996-07-15__TL08,88.10287728789636,observed_censored,observed_censored,True,True,True,False,17.841510940742495,0.8695605282881818,True,8.022091742307214
1997-07-19__TL08,88.08345807408317,observed_censored,observed_censored,True,True,False,False,8.057921594316497,0.9409632823333834,False,2.734555002423336
1998-02-03__TL08,88.54991857769141,observed_censored,observed_censored,True,True,False,False,14.410921973132616,0.903760371489698,False,2.7087845949083063
2000-08-09__TL55,77.05255789797914,observed_complete,observed_complete,False,False,True,False,61.37520633477516,0.6777696942574938,True,8.771617094930198
2014-04-18__TL55,74.8783389547014,observed_complete,observed_complete,False,False,True,False,82.61939588746654,0.6012000005431939,True,26.37408918728857
2014-05-08__TL55,67.46792016903923,observed_censored,observed_censored,False,True,True,False,161.1112886584286,0.4299165328246396,True,25.981038247507467
2014-05-10__TL55,63.95176402331867,observed_complete,observed_complete,False,False,True,False,67.5989960128507,0.64475802189894,True,8.266797533700469
2018-02-16__TL55,76.52206877836436,observed_complete,observed_complete,False,False,True,False,90.77056769028331,0.603673895601959,True,18.98632837984829
2021-09-08__TL55,63.98207605787574,observed_complete,observed_complete,False,False,True,False,98.64549985850785,0.5344494791707592,True,35.5479573327038
2022-09-19__TL55,85.0702456081731,observed_complete,observed_complete,False,False,True,False,85.38140970279963,0.6299349440759378,True,17.04978456739011
2022-09-22__TL55,70.6591125869453,observed_complete,observed_complete,False,False,True,False,96.43281046860818,0.5696692825712518,True,10.863915535069664
2022-12-11__TL55,80.4107462466496,observed_complete,observed_complete,False,False,False,False,57.10818901981145,0.7043783568702172,False,3.782340819951623
2026-01-02__TL55,57.70006626379976,observed_complete,observed_complete,False,False,True,False,111.86721515746346,0.5088157402526302,True,22.51235777996982
1989-04-25__TL55,58.11794999874706,observed_complete,observed_complete,False,False,True,False,68.6473599579556,0.5976357777506852,True,37.42512043283581
1990-05-31__TL55,61.07935305778655,observed_censored,observed_censored,True,True,True,False,23.627770883235257,0.8321772080173645,True,7.909783821331025
1993-05-15__TL55,91.67340695803712,observed_censored,observed_censored,False,True,True,False,73.08120660428634,0.674775459017016,True,7.1000092696879245
1995-09-14__TL55,75.05040990264614,observed_complete,observed_complete,False,False,True,False,127.0076640732696,0.5186733464460924,True,25.012423032670885
1995-10-09__TL55,133.98284515070478,observed_censored,observed_censored,False,True,True,False,99.84286438405206,0.7064783278680247,True,7.313315038353984
1996-02-25__TL55,87.93324766497007,observed_censored,observed_censored,True,True,False,False,18.38685844610106,0.8919881428296947,False,3.5686701593940144
1996-07-15__TL55,82.96107966854036,observed_censored,observed_censored,False,True,True,False,74.69544458771543,0.6619274272433617,True,7.804637090560528
1997-07-19__TL55,82.71476696661108,observed_censored,observed_censored,True,True,False,False,20.52129874195441,0.8501548102084381,False,2.5574108487272884
1998-02-03__TL55,82.90865773249043,observed_censored,observed_censored,True,True,False,False,21.85481250593004,0.8475422915526332,False,2.427755117477186
1989-04-25__TP13,42.0505199873785,observed_censored,observed_censored,False,True,True,False,51.71416241615296,0.6424134807346635,True,14.827192566218676
1990-05-31__TP13,45.54662083566723,observed_censored,observed_censored,True,True,False,False,10.639988385379326,0.8920346181087841,False,4.2492212674303
1993-05-15__TP13,51.44292318540148,observed_censored,observed_censored,True,True,True,False,23.92109591059368,0.8032642823374153,True,4.353778853028123
1995-09-14__TP13,64.17982040516456,observed_censored,observed_censored,False,True,True,False,50.84993774397168,0.7252542806139417,True,11.215360668318052
1996-07-15__TP13,57.50484494646447,observed_censored,observed_censored,False,True,True,False,64.36961575228213,0.605300206933304,True,4.631533715613148
2000-08-09__TP13,59.9325301974758,observed_censored,observed_censored,True,True,False,False,25.6108757450552,0.7776640702747183,True,3.933867716919977
2003-01-22__TP13,85.02101256003557,observed_censored,observed_censored,True,True,False,False,31.07298208412492,0.7907120490056919,False,4.203579668358005
2014-04-18__TP13,55.78318889345526,observed_censored,observed_censored,False,True,True,False,137.73725807171706,0.4337625567452535,True,12.422467161056511
2014-05-08__TP13,48.61930666959922,observed_complete,observed_complete,False,False,True,False,59.106739268707145,0.6699791218944324,True,14.564490745528348
2014-05-10__TP13,71.28652026386749,observed_censored,observed_censored,False,True,False,False,47.7707562879548,0.6719266788822554,True,3.63025285457984
2018-02-16__TP13,67.77979344707408,observed_complete,observed_complete,False,False,True,False,99.98279552088776,0.5583798784413084,True,8.089201655225747
2020-06-23__TP13,63.73318875307479,observed_complete,observed_complete,False,False,True,False,36.12951042240133,0.7949167825259618,True,10.183454992607048
2021-09-08__TP13,69.57159860012707,observed_censored,observed_censored,False,True,True,False,88.907657034259,0.5608630987145165,True,20.02386623349921
2022-09-19__TP13,83.16400154460068,observed_complete,observed_complete,False,False,True,False,69.17382664262854,0.6824120717936342,True,6.6001611031758936
2022-09-22__TP13,54.8040161128631,observed_complete,observed_complete,False,False,True,False,80.59231487459324,0.5859629341145993,True,4.854298066719059
2026-01-02__TP13,44.12295987317612,observed_complete,observed_complete,False,False,True,False,63.38902717557888,0.5899538962702706,True,11.620951859908306
2000-08-09__UC44,67.10582384520258,observed_censored,observed_censored,True,True,True,False,18.674939398898104,0.8490792031768377,True,7.487944341881763
2003-01-22__UC44,70.6055607811197,observed_censored,observed_censored,True,True,True,False,26.741948690390103,0.8288405741782507,True,13.330559221389349
2014-04-18__UC44,67.65183254414248,observed_complete,observed_complete,False,False,True,False,90.2676137820636,0.5695392761942605,True,30.42647047337222
2014-05-08__UC44,55.35279336020943,observed_complete,observed_complete,False,False,True,False,71.60718230355018,0.6020275534732942,True,28.77206329579857
2014-05-10__UC44,53.552321489461264,observed_censored,observed_censored,False,True,True,False,37.13349228890556,0.747820086323222,True,9.193952985735104
2018-02-16__UC44,58.58198902963106,observed_complete,observed_complete,False,False,True,False,69.92192658224745,0.6142238533393244,True,29.281197175757303
2020-06-23__UC44,66.78732204913426,observed_complete,observed_complete,False,False,True,False,59.46211428868905,0.67650228883799,True,24.808365833257703
2021-09-08__UC44,58.14278506703544,observed_complete,observed_complete,False,False,True,False,97.04749340736728,0.5499768448533862,True,33.92528758653096
2022-09-19__UC44,79.05198697075699,observed_complete,observed_complete,False,False,True,False,86.02912435894248,0.6154607350306522,True,14.203943371435402
2022-09-22__UC44,58.3847765976135,observed_censored,observed_censored,False,True,True,False,81.07968501144686,0.6253941738521214,True,9.776714562895316
2022-12-11__UC44,81.71863689891497,observed_complete,observed_complete,False,False,False,False,7.298118726475053,0.9575295697947216,False,3.681189714882648
2026-01-02__UC44,42.15282528771755,observed_complete,observed_complete,False,False,True,False,52.5788753232853,0.6146656260660659,True,36.88644103361222
1989-04-25__UC44,44.47776366247853,observed_censored,observed_censored,True,True,True,False,40.13534753612733,0.6412643230592838,True,46.85944116935301
1990-05-31__UC44,42.46419145909604,observed_censored,observed_censored,True,True,False,False,3.108593737766981,0.942122626368144,False,11.353131057770211
1995-10-09__UC44,75.63592027055182,observed_censored,observed_censored,False,True,False,False,1.8411700251259049,0.9800415173428086,False,8.678937671494088
1998-02-03__UC44,70.72888930188039,observed_censored,observed_censored,True,True,False,False,6.040785889496917,0.9454507324408804,False,4.443607922025685
2021-09-08__UI21,82.42454355770712,observed_censored,observed_censored,False,True,True,False,86.80821871094042,0.5598853239153294,True,14.023030182985693
2022-09-19__UI21,74.38210344742944,observed_complete,observed_complete,False,False,True,False,60.89067243896884,0.6990675474994127,True,7.411194218312111
2022-09-22__UI21,59.39920106701839,observed_complete,observed_complete,False,False,True,False,65.74669568343691,0.6613962214377251,True,5.63395757688802
2022-12-11__UI21,68.44578200589545,observed_complete,observed_complete,False,False,False,False,22.016913030998325,0.8222004923605077,False,2.831671400818694
2026-01-02__UI21,65.34998697343332,observed_complete,observed_complete,False,False,True,False,81.52450662772523,0.5329714331592276,True,9.55241801262674
2000-08-09__VG09,85.27800228042304,observed_complete,observed_complete,False,False,True,False,68.4508401024421,0.6970732631051618,True,17.187225283184265
2003-01-22__VG09,87.70409199829092,observed_censored,observed_censored,True,True,False,False,13.192547952662991,0.9054365425226653,False,6.728161239475866
2014-05-08__VG09,83.67596452797106,observed_complete,observed_complete,False,False,True,False,116.8533517116366,0.5476936260435975,True,30.33059405695524
2014-05-10__VG09,84.37113814132168,observed_complete,observed_complete,False,False,True,False,63.144688338175,0.6942738048892466,True,9.466131581423202
2018-02-16__VG09,92.18135861216112,observed_complete,observed_complete,False,False,True,False,49.29258146134532,0.7650160582478652,True,27.55621040711884
2020-06-23__VG09,85.90852101843521,observed_complete,observed_complete,False,False,True,False,97.05964496839354,0.6053041967858422,True,39.088601458998106
2021-09-08__VG09,89.34010867666929,observed_complete,observed_complete,False,False,True,False,89.97619179467918,0.639792658654553,True,46.379924928232384
2022-09-19__VG09,90.81407605052972,observed_censored,observed_censored,False,True,True,False,166.66571268594876,0.5147166530225111,True,29.415014974526585
2022-09-22__VG09,77.66984002047256,observed_complete,observed_complete,False,False,True,False,74.55568593106076,0.6471404897010707,True,18.221437962793868
2022-12-11__VG09,106.81761286479424,observed_censored,observed_censored,False,True,False,False,44.143861945814535,0.9129003158008474,False,4.525835197502872
2026-01-02__VG09,91.50996961871006,observed_complete,observed_complete,False,False,True,False,135.82409643482922,0.5126862211723981,True,25.44428445553976
1989-04-25__VG09,72.07646963561135,observed_censored,observed_censored,False,True,True,False,138.13003643122556,0.5122354728937266,True,42.15483684934744
1990-05-31__VG09,74.58565661244606,observed_censored,observed_censored,False,True,True,False,29.608025190962024,0.8208234730795968,True,8.919562061924474
1995-10-09__VG09,143.63115912455916,observed_complete,observed_complete,False,False,True,False,59.74314083251065,0.7915597626386482,True,14.560540111565505
1996-07-15__VG09,103.0185702700156,observed_censored,observed_censored,False,True,True,False,43.21209889101377,0.7877441909226428,True,10.95899022386711
1997-07-19__VG09,96.34145116126304,observed_censored,observed_censored,True,True,False,False,5.366712943604142,0.9592906550587564,False,2.6258014633838
1998-02-03__VG09,103.65445531250336,observed_censored,observed_censored,True,True,False,False,14.712714849794878,0.9094880661347592,False,3.823088521790704
2003-01-22__VM29,98.61320272178116,observed_complete,observed_complete,False,False,True,False,83.34126824404012,0.6897428775071099,True,21.60652280591325
2014-04-18__VM29,92.94966629633464,observed_complete,observed_complete,False,False,True,False,134.8702043146798,0.5208192840379456,True,31.60202006594193
2014-05-08__VM29,83.9238899175054,observed_complete,observed_complete,False,False,True,False,96.17171339059983,0.5935948555163969,True,41.11598809121153
2014-05-10__VM29,96.55665124818358,observed_complete,observed_complete,False,False,True,False,77.76238006773579,0.6808177151100612,True,11.157116505094162
2018-02-16__VM29,98.93051524741772,observed_complete,observed_complete,False,False,True,False,39.1121201937782,0.7999686994641324,True,37.510950912717895
2021-09-08__VM29,78.6095488860685,observed_complete,observed_complete,False,False,True,False,120.7726519364449,0.5530415160932426,True,49.88314211166989
2022-09-19__VM29,109.07321540195034,observed_complete,observed_complete,False,False,True,False,94.8960629404866,0.6486111866233927,True,29.064132205981373
2022-09-22__VM29,67.36263515673777,observed_complete,observed_complete,False,False,True,False,92.94003145168308,0.5711911439896509,True,28.0150175121064
2022-12-11__VM29,101.0900392736313,observed_complete,observed_complete,False,False,False,False,65.11438534901066,0.703837053811468,False,4.871535193342796
2026-01-02__VM29,74.95151510764842,observed_complete,observed_complete,False,False,True,False,59.92931335156396,0.7063152339921398,True,39.37592333664778
1989-04-25__VM29,91.47348259472017,observed_complete,observed_complete,False,False,True,False,44.31427132064809,0.7569690066872431,True,48.7675453811632
1990-05-31__VM29,77.2143673714048,observed_censored,observed_censored,False,True,True,False,40.50762555334515,0.7738646482814427,True,11.067905622097246
1995-10-09__VM29,152.25303585827834,observed_complete,observed_complete,False,False,True,False,112.4939192317797,0.681919558814755,True,18.46880800201284
1996-07-15__VM29,121.53245085328486,observed_censored,observed_censored,False,True,True,False,88.58078127032303,0.6689558962914902,True,9.45440953044062
1997-07-19__VM29,114.35402227014536,observed_censored,observed_censored,True,True,False,False,23.11160835577129,0.8737277585326378,True,3.9007514110407895
1998-02-03__VM29,111.87757786427284,observed_censored,observed_censored,True,True,False,False,29.909299507790934,0.8452460314182701,False,3.851919516205947
2000-08-09__XO36,113.9166818420614,observed_complete,observed_complete,False,False,True,False,95.92577360888106,0.6625540028533399,True,21.872435038177183
2003-01-22__XO36,123.11153133499964,observed_complete,observed_complete,False,False,True,False,105.01363813049426,0.6670039379423698,True,41.77257307072795
2014-04-18__XO36,127.55660187677888,observed_complete,observed_complete,False,False,True,False,128.90635811604503,0.600054735763566,True,52.31922578491128
2014-05-08__XO36,118.66627800521836,observed_complete,observed_complete,False,False,True,False,125.62053786824146,0.6197925609314726,True,37.51634036173226
2018-02-16__XO36,109.02597213827488,observed_complete,observed_complete,False,False,True,False,72.94985344610794,0.7505732094023048,True,50.483464468581296
2021-09-08__XO36,134.12002771975003,observed_complete,observed_complete,False,False,True,False,146.31400615851288,0.6149834057194019,True,57.396816801422986
2022-09-19__XO36,123.08248973992433,observed_complete,observed_complete,False,False,True,False,125.44334693508378,0.6116906146569144,True,35.85813970226096
2022-09-22__XO36,78.01593682295201,observed_complete,observed_complete,False,False,True,False,90.36058125247688,0.6192297785492525,True,38.88018901575749
2022-12-11__XO36,129.98308637410773,observed_complete,observed_complete,False,False,False,False,70.06247211503248,0.7599531568334105,False,5.603534050021129
2026-01-02__XO36,91.83763838305056,observed_complete,observed_complete,False,False,True,False,107.68205792989374,0.6066696207404253,True,26.45088761959705
1990-05-31__XO36,96.00046995236464,observed_censored,observed_censored,True,True,True,False,17.308543510567574,0.8899577626640754,True,12.706747395969964
1996-07-15__XO36,133.86524255979552,observed_censored,observed_censored,True,True,True,False,20.07625065026923,0.9100002212297968,True,13.13099556437571
1997-07-19__XO36,144.56453880723603,observed_censored,observed_censored,False,True,False,False,29.142271783953788,0.8671789262843362,False,5.660423111981625
1998-02-03__XO36,117.70135888111956,observed_censored,observed_censored,False,True,True,False,32.03023838736624,0.8458899230784919,True,6.506705758673671
2003-01-22__XP06,98.08604861593972,observed_censored,observed_censored,False,True,True,False,43.27838084487132,0.7863956327680207,True,27.013411375730342
2014-04-18__XP06,109.01004693414208,observed_complete,observed_complete,False,False,True,False,109.03172916464256,0.5998541941990511,True,31.270820005013444
2014-05-08__XP06,98.62248414405263,observed_complete,observed_complete,False,False,True,False,102.09306589864514,0.5806577429612867,True,29.28169455608648
2014-05-10__XP06,82.67792439374672,observed_censored,observed_censored,False,True,True,False,59.799939570244376,0.6697595561616724,True,10.698604984236963
2018-02-16__XP06,99.39855825634274,observed_censored,observed_censored,False,True,True,False,33.45050435846122,0.8421624859224215,True,32.876908362976465
2021-09-08__XP06,95.2708649677116,observed_complete,observed_complete,False,False,True,False,92.2935298451053,0.6321354783167711,True,59.09624646553301
2022-09-19__XP06,102.32562357705082,observed_complete,observed_complete,False,False,True,False,62.326249316576366,0.7422404908330176,True,23.210412095936928
2022-09-22__XP06,88.10855163841458,observed_complete,observed_complete,False,False,True,False,83.31688532908765,0.6281326251770245,True,24.1795891174936
2022-12-11__XP06,118.91865191731011,observed_complete,observed_complete,False,False,False,False,39.59778333526981,0.9196277840885164,False,4.156584729709259
2026-01-02__XP06,76.12008880791782,observed_complete,observed_complete,False,False,True,False,87.4397567847073,0.6067649002306742,True,27.596028509095728
1989-04-25__XP06,88.7036007309051,observed_censored,observed_censored,True,True,True,False,45.6248029678996,0.74924538077549,True,42.60448538127873
1990-05-31__XP06,40.18430401312772,observed_censored,observed_censored,False,True,False,False,2.328259387998237,0.9564078002621562,False,9.537830394192593
1993-05-15__XP06,78.10819893074276,observed_censored,observed_censored,True,True,False,False,13.846462492334284,0.8708111355445579,False,6.658067510110659
1995-10-09__XP06,140.38522841502714,observed_censored,observed_censored,True,True,True,False,56.45999555689602,0.7777340541811825,True,18.939651340123515
1997-07-19__XP06,109.82153514983756,observed_censored,observed_censored,True,True,False,False,23.71901207814869,0.8542521071761786,False,3.139547246622801
1998-02-03__XP06,94.26525971747952,observed_censored,observed_censored,True,True,False,False,1.7887917416907158,0.9869182993879572,False,3.1399269037318835
