record_id,b31,b32,b33,b34,b35,b36,b37,b38
2000-07-21__AE02,0.4646888356002003,0.4754820277832934,0.47865111695247087,0.6337877879083085,0.5167027184273998,0.6894177640856174,1.2681954681033467,1.4496529043811193
2007-04-13__AE02,0.872980333635884,1.2580897613180535,1.4441003105546097,1.6127209774965592,1.6898137448738229,1.7082253025293093,1.7437573178802614,1.7724228711625547
2009-05-22__AE02,0.4049326613449264,0.6831155832361001,0.8849829395815494,0.8697361538088896,0.8503063842695082,0.9779990151490185,1.3150827408783243,1.8522914113046793
2006-08-11__AE02,1.2939317205753023,1.3622397812666152,1.4123584736444232,1.4323386860191902,1.478475418323461,1.5242300269263416,1.4893283917430906,1.4643373215903204
2008-04-28__AE02,0.7281243866650867,0.8615488118002232,0.879673489706111,1.0554641419303559,1.1697834899625636,1.262148882937432,1.3132864226438,1.2326044188912324
2011-12-11__AE02,0.37684939079899,0.34551055084711113,0.28833157218308336,0.34602896764016744,0.6597107321883601,1.0063245653341988,1.7573220955813993,1.9980291335132818
2013-06-16__AE02,0.5183001647672494,0.5272948406455935,0.5441490132733803,0.5794325490882694,0.5433287410001328,0.5101938593244972,0.5249969325898702,0.6236203020434691
2017-09-08__AE02,1.0303392043783686,1.1795912128041028,1.5689330064729285,1.911742431746351,1.9815111642059067,1.932947946715337,1.866652499810905,1.4966212826245755
2023-12-07__AE02,0.7805210691098056,1.4483911106610865,2.0907618625175104,2.134051353344912,2.408091800060863,2.623161180490039,2.836000268905627,2.886960085738863
2025-01-12__AE02,1.529513478615725,1.5483261829734145,1.5823324420409386,1.555359989389785,1.527907560964626,1.5480543932009332,1.5449813152048806,1.5306062324354632
1994-05-23__AE02,1.3523469254759184,1.3420786097135387,0.9317024086924776,1.1278882815969073,1.2414646457465053,1.3130359765989525,1.3620291167259224,1.3366898407764034
1997-01-11__AE02,1.2479445902272166,1.3196224995878163,1.4197611743551442,1.5044608826868224,1.4889693471720635,1.4487068535104384,1.4774567488522685,1.4473516794608074
1997-05-22__AE02,1.1963441250199716,1.3714183565543574,1.4450293138585348,1.4986430385177307,1.4977957711422765,1.4937459275196352,1.5090695249648596,1.5094604275508785
1998-04-20__AE02,1.1427749817099182,1.2348664793783959,1.2894973911697079,1.3591291189670351,1.4207505748730331,1.3830086830568948,1.336888163722288,1.3797984682178928
1999-06-15__AE02,0.3565239239655325,0.39148615823903543,0.42657834413247814,0.6625378407728995,1.237571613798192,1.24601925417052,1.4190335260364506,1.459478853787422
1999-06-21__AE02,1.2822015344840552,1.293655583422592,1.3199486403083194,1.382662573359942,1.34829637538461,1.2767583162597018,1.2711041476468026,1.2891102622382795
1999-09-30__AE02,0.8226453455219898,0.7797495791374388,1.1335288236419108,1.578263197883259,1.6342309277277822,1.6603741486020624,1.6681740330779307,1.659119507455196
2000-07-21__AL01,0.6862990871432553,0.5921324729977188,0.5216386236273968,0.433775276147105,0.44892955373259485,0.6108726542074784,2.343447422601206,2.3771185028583064
2007-04-13__AL01,1.4399285065546097,1.4764967278618075,1.657078731721593,1.6782977085819728,1.6882363741654125,1.8990365104340108,2.053632537646053,2.121627958705758
2009-05-22__AL01,0.8006039867232293,1.003610757262681,1.3134870256649283,1.4723802167562725,1.955606911334741,2.4609314722082147,2.780604929993219,2.958002541322742
2006-02-20__AL01,1.5532121723681622,1.5236423984366472,1.5134160035725768,1.5539748498937658,1.6136096153514057,1.6124260331774578,1.6030300016383363,1.5855043802752686
2006-08-11__AL01,1.731249694480297,1.7458783419149422,1.820883781333968,1.7937971604413365,1.7424711182376245,1.789097208470026,1.8284552682682254,1.8533147562985248
2008-04-28__AL01,0.9496289428720032,1.167581284246622,1.4519845057249594,1.745074392402719,1.858630924243888,1.8224387854314907,1.8060927081152085,1.926413965565309
2012-11-15__AL01,0.540139223455276,0.5225121056722231,0.48261938664391063,0.544466234485498,0.5769799430631719,0.596885397838654,0.6706833685832448,0.9502378560311749
2013-06-16__AL01,0.6433799773962445,0.5941110820393374,0.5385806181668482,0.5863863922102154,0.5374272766818384,0.506027578003484,0.5686652591412025,0.8661328960567769
2017-09-08__AL01,1.0056520998446323,1.0046012513806635,1.1798905013064276,1.7602212980285492,2.0435828268419876,2.2715898530472436,2.5269227593828116,2.5886380137528002
2023-12-07__AL01,0.8754921210655527,0.8648422088400584,0.8675923122852707,0.8103522243744525,0.7673892461616515,0.7764815778519392,1.4407738941154709,2.3158199539528312
2025-01-12__AL01,1.9828792549640206,2.04142199509731,2.0542616105481972,2.0056831384556286,2.0075864027434864,2.0275751789862415,2.0638886279204613,2.063194056554766
1994-05-23__AL01,0.7615307727918286,0.9262266436905863,1.1902690947876493,1.2754652750365882,1.3730543802401698,1.6921850760903356,1.7527349218348371,1.9897343752258403
1997-01-11__AL01,2.027497846342832,2.012382219603555,2.135318049376374,2.184333640404798,2.2950715056674595,2.328349439230871,2.287103460133122,2.254809611589847
1997-05-22__AL01,1.470089148496524,1.3582429160772063,1.5144759954143086,1.6718583596485292,1.7310353777767509,1.8084264222841178,1.8019472517390254,1.7685541177653108
1998-04-20__AL01,1.6544414896728628,1.5313567678320283,1.6682418514988462,1.7232270005640227,1.7391018827793738,1.7306688324013817,1.7093908557947388,1.7412577225833592
1999-06-15__AL01,0.49888809543973006,0.4735053399128729,0.4879170392992608,0.497226247285214,0.5272476326307017,0.8709640415353881,2.163048982587226,2.253540282655471
1999-09-30__AL01,0.5355745838122054,0.5073235459814603,0.5553638056273831,0.6827162909787883,1.2782063380168371,2.085807462196347,2.4524693952930794,2.50921634026657
2000-07-21__AO24,0.8844124030243372,0.9284522593441634,0.8752671730368095,0.8711615654129449,0.9296343309571413,1.067848135232056,1.533297014398082,1.7744126659627262
2007-04-13__AO24,1.197384161489214,1.2322234237262293,1.4655225613724698,1.8173540943278619,1.953915210312978,1.9715129376470168,2.059931166705622,2.0714582022161343
2009-05-22__AO24,0.7584642381225829,0.7811091160970037,0.8712623469878208,0.871719564333527,1.024853928535373,1.7747661836753865,1.7840879197344395,1.8281446846113059
2008-04-28__AO24,0.9984349705613679,0.9921671378587307,1.246679563287742,1.528841356214359,1.5646672361086518,1.5198342730417642,1.5717018729100403,1.6391081676465384
2012-11-15__AO24,0.8478595557227298,0.7434966017171626,0.7461469749822539,0.7569696744959931,0.8987134909923211,1.0076475423461304,1.067510570624036,1.8737697265318645
2013-06-16__AO24,0.6687935948798351,0.679749075807403,0.7072792799870373,0.7329223953561297,0.7232488946965691,0.6135198019766093,0.5606819382830222,0.5733584475978128
2017-09-08__AO24,0.5649638206352777,0.6095068344954253,1.586674919090064,2.579465162857163,2.9273445802620452,3.135699973496025,3.2376272997253297,3.29958178667532
2023-12-07__AO24,0.6815505272317888,0.7136311040279942,1.009361995233138,2.650917546320577,3.6450135369015877,4.163265890498882,4.360368844269797,4.467982495009102
2025-01-12__AO24,1.8919938188744612,1.9073261717209378,1.9194242989571113,1.8950132453609245,1.919595150743076,1.9484258663227605,1.9296065506118152,1.9335881613956813
1994-12-10__AO24,1.4401321957613147,1.5857690132409843,1.8513747086269694,1.8565477214244204,1.8400795347313148,1.7954134334065481,1.8122053923227364,1.788660304119668
1997-01-11__AO24,1.7725483515116534,1.8834332123076996,1.9256105119081979,1.969147946918959,2.018978986130025,2.022026653987589,1.9679811892912262,1.8350470706846547
1998-04-20__AO24,1.2716275865787676,1.2984221610468636,1.4739218220115298,1.6960742184359259,1.731569852041798,1.6611910998165755,1.6128898347088017,1.6268515686403657
1999-06-15__AO24,0.6418390986337031,0.6781522708097993,0.7056895921391192,0.7897783852032157,1.1144049425719957,1.6222193479903078,1.9013712422689506,2.1482370123140995
1999-06-21__AO24,1.5310941803197275,1.5445907549600502,1.4515245668885335,1.5133954715482938,1.5212585611838947,1.4879580216607144,1.5236823150626313,1.5370765086202043
1999-09-30__AO24,0.5553474749758927,0.470651594962463,0.5078245824896025,1.7744097357521982,2.1028495235964244,2.121555495370174,2.1361885425017095,2.16204555274365
2000-07-21__AP68,0.7224887319565533,0.6886332554117695,0.5789908921897005,0.5198638328635593,0.5215962309657401,0.5117607532940469,0.48308883900838423,0.4893530245469898
2007-04-13__AP68,1.077867976805158,1.4051442104035345,1.4009232268545682,1.352898863815619,1.3598658286447551,1.3580072217651757,1.3719438972544085,1.4203978425408148
2006-08-11__AP68,1.1156592108015262,1.2204719738608327,1.26221855615338,1.2384367248944634,1.2314414735359136,1.243411995052037,1.282674225964756,1.302674379051267
2008-04-28__AP68,0.9211831627900972,1.130683820267714,1.2318937589215797,1.3123447234268986,1.3203771953460335,1.3449792621623269,1.349763596345043,1.3776074771251923
2011-12-11__AP68,0.3542333154069566,0.35844807220069763,0.34385056539536557,0.33839321356317514,0.27641558284508033,0.284216035882271,0.3329029863645586,0.35969999547810094
2012-11-15__AP68,0.5036614425558801,0.47497254953659107,0.463722281923651,0.4738231833597893,0.45221177800650775,0.4237960254056785,0.4140318039505967,0.43955628895135346
2013-06-16__AP68,0.5748983867428997,0.6411110081914471,0.5642527654174982,0.5343844336085517,0.5079962549052679,0.4700827755527792,0.4651662923872611,0.5371692952967153
2017-09-08__AP68,1.7806866054877488,1.82126896553718,1.886969018957845,1.8780302773483826,1.8778359088206624,1.9230015789839183,1.9192228211346745,1.8920461177599712
2023-12-07__AP68,0.5653448447020688,1.3367625467441153,1.237239179476958,0.40748899441956543,0.44317785197958154,1.4296243602546503,2.048749241919767,2.0568806536552233
2025-01-12__AP68,1.4475927065816996,1.4237205968720008,1.4132480036797972,1.4357143426453038,1.4182006249018075,1.4253762081273715,1.4395085414346651,1.4483769587687798
1994-05-23__AP68,0.7728392974015805,0.7089189369459209,0.6132491459802297,0.6753679197016671,0.7761656429402404,0.8504578709692918,1.0139229563508279,1.198304404801591
1994-12-10__AP68,1.1226601673776335,1.198858886432269,1.201722977960818,1.2085362219050015,1.3133079543122474,1.359962072357289,1.3534174160586574,1.354105985659316
1997-01-11__AP68,1.2746400298054095,1.269329882733763,1.3198984874416195,1.3740496528126707,1.354094223683802,1.342763755798275,1.3751156884737596,1.3932027625237118
1997-05-22__AP68,1.3732714714176257,1.3392556156857318,1.416498566490699,1.4737923860642443,1.457905094975793,1.4418384851786694,1.4565320840903309,1.4590071048797195
1998-04-20__AP68,1.1888663803590953,1.2047064883967558,1.264867076835019,1.2405584932980072,1.2689371710134094,1.276008627206322,1.270637226921294,1.2722669406023355
1999-06-15__AP68,0.39302915700909863,0.39042519780852636,0.3653571285388032,0.4172766874892756,0.5119555478338413,0.6994006845050288,1.608365484295171,1.8169632791173045
1999-06-21__AP68,1.379648387204909,1.3823225992799633,1.4204816245481862,1.466406179022658,1.4302964727298852,1.442153815280396,1.4354106322209457,1.429127819060184
1999-09-30__AP68,0.4980889327789349,0.4219499387074746,0.46832787503664525,0.8273875040637987,1.309039274054879,1.7719766243045252,1.960387977082789,1.9559961766824396
2023-12-07__AR14,1.3632569409292192,1.4205607280221293,1.5823357633133441,1.5854051636865167,1.606985827924909,1.6196425753150923,2.010534941380523,2.068181080044176
2025-01-12__AR14,1.9561814184734823,1.9975288747760716,1.9914704655787245,1.9862951260312782,1.9228066653579408,1.9362227264759533,1.9494722562746247,1.9690732699630795
2000-07-21__AU11,0.31569083963151745,0.3448193090576486,0.34508423675928135,0.31020896542587645,0.2927733408707766,0.33620485701586816,0.3228986636152882,0.31757448116043535
2007-04-13__AU11,0.380008269541213,0.6592234884033751,0.8058825096451547,0.9634344249469398,1.2782855232708208,1.571007729519204,1.5976820144750268,1.579777836236483
2009-05-22__AU11,0.48363027588376684,0.5233628509172167,0.5359743344239435,0.43917952802363847,0.43781281819874723,0.5049922573390359,0.8349922009337577,1.777727446255749
2006-08-11__AU11,1.044765152109555,1.1613963943685344,1.2047553054182503,1.2408886789154356,1.3028489209466951,1.3215130352504139,1.286146234905686,1.256602958066306
2008-04-28__AU11,0.5469604779737967,0.6473852468801253,0.7412179390805655,0.6556558566878002,0.6810737423064827,0.8762380244321535,1.2571602723927375,1.4397700828265556
2011-12-11__AU11,0.2235443488954119,0.22650608308940107,0.26030855260510655,0.3013790952553825,0.2791388875609684,0.276798634399271,0.7638496692271483,1.5659720357543632
2012-11-15__AU11,0.31678091566995054,0.3552323851800199,0.350099210051094,0.30960263540204314,0.3067559181615662,0.4932558488515771,1.3195571925445961,1.560637331016618
2013-06-16__AU11,0.3010734900249856,0.3142543341196846,0.3577234921129766,0.3091805554817016,0.3004536291829817,0.3329834332260285,0.34722651588749864,0.5631200862540175
2023-12-07__AU11,0.31253416654697697,0.3380753787687363,0.33506402261919177,0.2794047411458775,0.29571800238718554,0.39052155249509585,0.3490049896736197,0.5045717876333472
2025-01-12__AU11,1.7384793997444712,1.7373776222407715,1.7499321251426376,1.744990974947849,1.7356707172948778,1.7391613490682194,1.7387398495419648,1.7325743831361098
1994-05-23__AU11,0.3398116583233734,0.3746504219835935,0.4160863721281066,0.4266374476865446,0.45195980799598945,0.6628377991616169,1.0684866005510443,1.3041940723309025
1994-12-10__AU11,1.1455098942097452,1.180311960438456,1.3144116003976676,1.3321936507315548,1.5922955521804503,1.7255020183321181,1.7609410600657933,1.7599057761060264
1997-01-11__AU11,1.5192560300468292,1.628192875453962,1.9681691431675785,2.0195187404908563,2.0544589630963697,2.246392852436785,2.333942106034226,2.347942814485986
1997-05-22__AU11,0.820230517358926,0.7875548127777342,0.8695142948455965,0.8970866317133979,0.9363311653238261,1.022681073248497,1.0746896652282725,1.1070516580323042
1998-04-20__AU11,0.9782137136205213,1.0284097243348833,1.0882891808087178,1.1324874267169216,1.1874334209847097,1.1983142250464187,1.1860060825421364,1.2155799125988032
1999-06-15__AU11,0.2628087552828204,0.2928009195000489,0.30744168063004007,0.31599759931381555,0.3081558986122316,0.2804051230303242,0.2885751290220771,0.3817768501720845
1999-06-21__AU11,1.1557687198285933,1.1330395678341774,1.142551333132734,1.1420009057905627,1.1376890532652402,1.1599849658677666,1.1782087722098713,1.1741554972270039
2007-04-13__AU46,1.0112184684003587,1.0951486638569965,1.2742676318417983,1.6082308451580365,1.684727234457326,1.645361055336353,1.7567429867715803,1.7725071469230862
2009-05-22__AU46,0.7411953608752699,0.7404480010427036,0.980324785208336,1.0295039792981078,1.0032250381273076,0.9864980165212077,1.2824745261950556,2.1732730586056346
2006-08-11__AU46,1.374579298177001,1.5810445653381084,1.6488040647141298,1.701742363573501,1.7330710188699545,1.7322973112481783,1.7130489222966274,1.7045442863842493
2008-04-28__AU46,0.8004972774325214,0.9226342796672244,1.1213081071419702,1.1517775600412439,1.1315832843242963,1.252449033779493,1.4676869499966394,1.6854841024291602
2011-12-11__AU46,0.7457349528910261,0.7211907665242355,0.6787954663759799,0.6736835892121296,0.6447967794071907,0.6864866832318163,0.8524673848695968,1.6736603655010636
2012-11-15__AU46,0.7349494033899915,0.7334616099850275,0.7554703801228956,0.7837567422971886,0.7195256911713166,0.7528803485153917,0.8620927639178793,1.0717937487146412
2013-06-16__AU46,0.9540253708328792,1.0992018074597465,1.0130229444676053,0.8477129874032148,0.8376728991155773,0.7577706275780419,0.7488490983707545,1.1673697593241472
2017-09-08__AU46,0.7535726082827295,1.0155442776983592,1.7209654958845795,2.396772562194409,2.5440913668599543,2.66925335836767,2.6957990739161626,2.635205696532642
2023-12-07__AU46,0.8718875682194301,0.8596509257875073,1.0070138820353798,1.1093393249428425,1.5612739437591532,1.5691127062163674,3.181626627584929,4.521253761648684
2025-01-12__AU46,1.6117100480943034,1.6430858345140518,1.6227688581992228,1.5235856924715536,1.5527261738601308,1.6120089501193675,1.609096352363881,1.6362163932341918
1994-05-23__AU46,0.773363981800736,0.8908530172289919,1.0767499981098219,1.5441260126418053,1.7650982829612147,1.7209456619741377,1.7134232301410055,1.747491660977725
1994-12-10__AU46,0.998554107422129,1.0599501575874064,1.284063618061328,1.5542485508356632,1.580621818441498,1.5978899444915244,1.6557696344164183,1.6482453162851605
1997-01-11__AU46,0.8757387877579517,1.01158068575041,1.2857902516430273,1.411608602795667,1.4047085003817437,1.4071519982990124,1.4028800572481706,1.4285392255571678
1998-04-20__AU46,1.3066508216784245,1.2746553056560106,1.4207395098292925,1.4410775703055498,1.4549441242407506,1.51453587554972,1.7035752371877708,1.6900763255242044
1999-06-15__AU46,0.7681076215702011,0.7950260530481438,0.8045327888379585,0.8587569214103364,0.8246299078037891,0.8270330462349343,0.9319275153051954,2.046491663003845
2000-07-21__BA49,0.41110199875563963,0.3824286351887101,0.3435816673292219,0.3114410278782708,0.3170691236152187,0.3265685877345552,0.3835282279819079,0.9538959412634173
2007-04-13__BA49,0.4495470323261379,0.513964510415767,0.7126344210944745,1.0289317402543792,1.2968954789196911,1.4800470356222941,1.7340173603907634,1.7566183242066606
2009-05-22__BA49,0.49908900859464733,0.4918117352992558,0.5224582812062394,0.42394812330820364,0.4237001702299842,1.0319258036325527,1.5001565509045407,2.060310639617193
2006-02-20__BA49,0.8851788807509687,0.8502585359596301,0.9018457291285601,0.9033712058141007,0.9372930693966656,1.0151603696436846,1.0890220597411906,1.0808657062766578
2006-08-11__BA49,1.3152471326937194,1.3070528807490949,1.3296966230882004,1.313573538537318,1.2859503829777081,1.307594211771546,1.3137474974283674,1.2917382169324674
2008-04-28__BA49,0.553050364061766,0.5111768256645313,0.6043574633600381,0.8467020553963199,1.094940852022932,1.4263824729678742,1.5058889862279434,1.5862765503390661
2011-12-11__BA49,0.35648140296108677,0.36914626474118317,0.3616079974155941,0.350558537855684,0.3899675137552676,0.4356572374471011,1.1161842706599134,1.9701544974095262
2012-11-15__BA49,0.3881316049127697,0.3717646806522755,0.39521051925817413,0.3858009748263241,0.4069618709159614,0.4908048672831101,0.44579218852136054,0.8079940778292526
2013-06-16__BA49,0.3611853235295884,0.3481116446381014,0.33667786806395367,0.35048170036601217,0.35010605877858125,0.33535534222652286,0.35402598056710605,0.515102778918458
2017-09-08__BA49,0.9583820795042252,0.966347733814992,1.0689901135023396,1.4814462311937415,2.347509437997443,3.1345809441398593,3.4658266330058485,3.7600829657642008
2023-12-07__BA49,0.30730099404727357,0.3378958089571298,0.4238816851458397,0.4096789317903493,0.3709822735433586,0.35922004524127404,0.867740753340898,1.8189007327420603
2025-01-12__BA49,2.0943505148140793,2.1128886918008702,2.0851385564125704,2.053917779199084,2.0618474499615274,2.0746552971205534,2.0695342515427337,2.1004892755185613
1994-05-23__BA49,0.2907235485124205,0.337702638356685,0.3428753190923902,0.3475420938962717,0.3706867972363386,0.5478665147108543,1.117663037082179,1.365084784541039
1994-12-10__BA49,0.6070118158357437,0.7767783495163292,0.8549686013253461,1.0804425428691933,1.3168615670828008,1.561470390766018,1.7288093994298932,1.829094279307263
1997-01-11__BA49,1.0421600177648065,1.119330204739775,1.3068419683717634,1.540449670139621,1.7114522096906075,1.8083687729198148,1.7899669700289504,1.7338822526171307
1997-05-22__BA49,1.1302706954920212,1.1537666284156256,1.164452724163871,1.3245238122257108,1.484284680639587,1.6173524875173122,1.8526944256531093,1.8989806113100838
1998-04-20__BA49,1.0702500701698674,1.016307392899388,1.08661761108957,1.1761536069250527,1.38370517202365,1.4330257088942402,1.4348399489273407,1.4402431983576887
1999-06-15__BA49,0.31840089901088237,0.3227150211162166,0.3492533450347406,0.35353250794801677,0.36295885737292044,0.49777113027675624,2.2850417666246203,2.3095455921696875
1999-06-21__BA49,1.0925538495201512,1.0797968781782497,1.1066276402255026,1.140117041318282,1.136692168939174,1.179702494639279,1.1550341372324076,1.1502124530986515
1999-09-30__BA49,0.37782488854932855,0.3656630714848477,0.4160352804506666,0.49301427575051776,0.7267771259775524,1.834515937350052,2.012305276175577,2.186470207365386
2000-07-21__BL45,0.6082495665282004,0.5236007365564723,0.4840954685503691,0.47245670788152866,0.5239470794814716,0.9560429447297449,1.3144748372958173,1.6201574451395786
2007-04-13__BL45,1.70354050563834,1.7943335483894705,1.975514060058031,1.9959706809733604,1.9850492106002005,1.953825285973771,1.9350101124631678,1.9824144058351718
2009-05-22__BL45,2.622409184531413,2.626991923235707,1.7267576990431737,1.0888571110197902,2.5039390335893965,2.650400462154152,2.646961972123617,2.6716615021405175
2006-02-20__BL45,1.3403613512539607,1.349099550554633,1.3049086214381351,1.2923088046700786,1.3087721500623581,1.3097024231639733,1.2833820112118817,1.1032551490073588
2008-04-28__BL45,1.046174404988044,1.2679568145862223,1.2167292751387278,1.3150916556909054,1.481749258368602,1.5432971811709832,1.615723285023949,1.6439669691439591
2012-11-15__BL45,1.7604006127378646,1.8961048015764967,1.9056361883533233,1.9414426298873617,1.9434042790752197,1.8564901262550726,1.8283347396868392,1.8314062260375223
2013-06-16__BL45,0.5386591794418091,0.5611987675949325,0.5246571368237805,0.5077805954405464,0.6578181308898696,2.6116033229916877,2.5309334835210686,2.5835516656742543
2017-09-08__BL45,1.0188217497949956,1.156026354596054,1.4610567892699375,1.946338910771599,2.239247881862573,2.4202466942353675,2.5047712815166228,2.49519534789083
2025-01-12__BL45,2.1344456581976634,2.161479800438178,2.1151327913339704,2.0528590297147318,2.057082109507891,2.101653601886824,2.1535577692351073,2.153753984072228
1994-05-23__BL45,1.5237776660173756,1.5689797765838163,0.8699866387543355,0.8181692704134534,1.3070926612010083,1.816424487321004,1.9439295794037006,1.950705550032885
1994-12-10__BL45,2.4532915562905764,2.310882715483101,2.327269719216157,2.5147922436282655,2.5638678861057445,2.5998884355510214,2.5961685197591557,2.5834582623507343
1997-01-11__BL45,1.9674554793431875,1.9962141141366283,2.0537473445753096,2.0953321538771994,2.191934979385588,2.1586130110557478,2.1579740169538524,2.185656364307887
1997-05-22__BL45,1.3963216716651452,1.3443679176024472,1.4105587708550453,1.3505849303797954,1.4636578986158724,1.627768315954867,1.6305490976144181,1.6199884906620374
1998-04-20__BL45,1.6282125530469456,1.6047836411764422,1.4610536952543667,1.3297479511489136,1.2826971637614677,1.4227042088024642,1.60348900706683,1.5848665396222648
1999-06-15__BL45,2.4396665821490098,1.3442565960904316,1.2596378452565775,2.1289614768328464,2.441915388147202,2.4658194870934853,2.5092545255352814,2.5109604404289096
1999-06-21__BL45,1.353317662644304,1.49504716247605,1.5886072756582088,1.6101956983942485,1.6736513785349003,1.706598061127543,1.7383751144560193,1.7275457157335192
1999-09-30__BL45,0.9871769614067343,0.6989542620323685,1.0560031064699729,1.3869285179872375,1.8235922861292289,1.9216677344017332,2.061152755718682,2.1313978140600165
2007-04-13__BO39,1.2307272415610437,1.298604896953181,1.3787773012027376,1.3452460179425543,1.4966135979015311,1.609148806679462,1.7252150538161015,1.8473635248764924
2009-05-22__BO39,1.049349738571613,1.4983861731068246,1.4086667574637366,1.1360579157630393,1.7362094948969993,1.967435519100355,1.940558292897537,2.0326930278416846
2006-02-20__BO39,1.1289278889414986,1.1292989442958994,1.1552193136304285,1.1116804506014086,1.1743086673869045,1.2072639455853438,1.2295985474296707,1.2351039063519438
2006-08-11__BO39,1.4664294062976737,1.503216410988912,1.528548190717848,1.5290391438035071,1.5877656739484765,1.5462996039500208,1.5140130142231039,1.5409393728951817
2008-04-28__BO39,1.1720564510775484,1.1926496535580517,1.2060053364927426,1.2285965554540026,1.391137342250534,1.4110328539044776,1.448326234077905,1.4687135002324267
2012-11-15__BO39,0.5715554249295335,0.5681387034997667,0.5146364455974969,0.4799971193971236,0.4720376633041437,0.47186558105915605,0.4598853581458102,0.46484017757978424
2013-06-16__BO39,0.41496094349117674,0.39916967019874977,0.38203407444776794,0.3798024292050858,0.35429178615903506,0.34278105148321736,0.33411861510428226,0.33496951911744444
2017-09-08__BO39,1.384962415643076,1.4236891384332115,1.6271126413436394,1.892724852309882,2.0261289720054014,2.1404901075625835,2.171737707669952,2.1613423444452553
2023-12-07__BO39,0.778635779227118,0.8523511380891379,0.8913037987483674,0.8848654496226178,0.8557593118957288,0.9046108636127036,1.029387256980498,1.0265497793358243
2025-01-12__BO39,1.5685229736800832,1.6062790096528812,1.5986151893016087,1.5444412809915813,1.5433252922306657,1.5352339836060958,1.5030259325958144,1.4301152403746584
1994-05-23__BO39,0.5150824085491259,0.6113120435483794,0.8183275764181346,0.9447720729589079,1.4250320809400037,1.4395526376799332,1.4283895713504322,1.4278780208157027
1994-12-10__BO39,2.618900804562362,2.693126472327463,2.6866443430808125,2.655880118573318,2.584995417817678,2.486752784393699,2.4896717202009064,2.4697527575218245
1997-01-11__BO39,2.340895796492027,2.3621406005873697,2.3933455757052933,2.3843488679972125,2.3681300555240266,2.3854601648890847,2.348630043650281,2.3179622315309705
1997-05-22__BO39,1.380396880932162,1.4233807103775957,1.433910005773721,1.4059233233151198,1.4281198170274019,1.5258177393602643,1.524165102984121,1.5280883839624306
1999-06-15__BO39,0.5615365414769219,0.6235885884984479,0.5724529941093135,0.7298057006518763,1.7603625177523798,1.760216846409521,1.7551390796005588,1.7479692935064948
1999-06-21__BO39,1.6713977274603633,1.6867250427795064,1.7378808140643702,1.740787270311763,1.732691389042344,1.7426340179922712,1.7333387413461505,1.7944058821544462
1999-09-30__BO39,1.180301106991577,1.4812583297135946,1.853506455369283,1.899610308037897,2.222910685830641,2.3024829603693884,2.3334196920066588,2.331751925503013
2000-07-21__CA59,0.34763049985371686,0.34578456265130925,0.340991117110587,0.2908939898507697,0.24998863088703427,0.23831221938830857,0.2305206373956795,0.24505363609624828
2007-04-13__CA59,0.858592719319993,0.5608909397980268,0.5094266514679882,0.7797906274175864,0.9741442874021146,0.8866582582054107,0.8708151239827264,1.1006110460862246
2006-08-11__CA59,0.536019071216293,0.36324506523807587,0.5624255563776156,1.0811016540730594,1.2612564741204388,1.3966822751627523,1.4303705352863834,1.430841414656396
2008-04-28__CA59,0.8641020253406251,0.6123477628070795,0.5332636986511174,0.6185843426023477,0.6190384298470316,0.7036687744919856,0.874118703540085,1.1403894821926968
2011-12-11__CA59,0.2853059290546222,0.22502734738150626,0.21915738068531562,0.26644106815479857,0.2664870896754358,0.24166367752816909,0.21519562835771539,0.20317142968872612
2012-11-15__CA59,0.4975625704028538,0.39156252391942964,0.4058417929888035,0.41858479208982863,0.4171840215823462,0.4162109991957676,0.41557061367377146,0.5260425974244238
2013-06-16__CA59,0.317247879101316,0.3004130153634267,0.2824659486732528,0.2747801005840832,0.24060981012720262,0.22223189096005067,0.22004833052272263,0.22850964746809632
2017-09-08__CA59,0.5222736512123842,0.46055250399039577,0.45355049735160574,0.7057634421646853,1.4725163763049216,1.8953935206321386,2.2493738550906985,2.5201958069081782
2023-12-07__CA59,0.4266720493444202,0.3954043193163408,0.4069149733268797,0.42264975724583254,0.4289172602111236,0.42288218924695914,0.46568361469614095,0.9480836083684417
2025-01-12__CA59,2.2872366267402775,2.268554278662052,2.2670808010150747,2.3097950398257154,2.2971433046422067,2.3006781153099043,2.293354913474596,2.2570243836911947
1994-05-23__CA59,1.0729444649803312,1.0904777915626132,1.0171701963536852,1.0188694624102137,1.0303811451056628,0.9629850333701345,0.9281308242163409,0.9628500143811688
1994-12-10__CA59,2.177493768041311,2.1469454961723535,2.1777499155126048,2.2376778201742726,2.257707530080304,2.256968417682273,2.2218860174627904,2.222655660286596
1997-01-11__CA59,2.337628867108906,2.286898895310726,2.2419950305253376,2.1902248196202496,2.119215075327183,2.2489421981295505,2.317343834517403,2.30991219801456
1997-05-22__CA59,1.7783389372506389,1.6697312106242685,1.6267339494440152,1.7066675754293137,1.8032920670017347,1.7893963035877822,1.8259084923764182,1.9214702281106368
1998-04-20__CA59,1.5562235324553835,1.580369931620788,1.5814775334848898,1.5663092204851998,1.5640298368163195,1.6257573491722717,1.6705383548532764,1.6737943484568152
1999-06-15__CA59,0.4048856708694757,0.3379955663225564,0.32506942372974446,0.35453732505253227,0.37192416535903566,0.3633806968727261,0.362213837792087,0.4231130627172533
1999-06-21__CA59,1.4657071353039561,1.322394239062512,1.370151610061017,1.6768655213528005,1.7930948920224858,1.7173124005108906,1.853520931317475,1.9059855369637353
1999-09-30__CA59,0.39852097174349516,0.40925229653419637,0.5875782713383251,0.9796458335026249,0.7514967276885286,0.6439185912575401,1.0399657374119562,1.295489386093887
2000-07-21__CDAO,0.4654770104551513,0.4544753586406062,0.45456030569022443,0.40910646973025266,0.39334813379363326,0.3939224260630703,0.3978019658742177,0.4399304015597448
2007-04-13__CDAO,0.6810972110457421,1.0464184599733812,1.106144772150272,1.1749919737786656,1.2047413445095971,1.3112955015469312,1.4823506455738003,1.5357428295121358
2008-04-28__CDAO,0.9658541293453912,0.955348098624555,0.79578910762451,0.7387198406750607,0.8386944182463633,0.974897955409519,1.0517861299697622,1.1544107580061953
2009-05-22__CDAO,0.848030564733996,0.8355168670580535,0.7459740005147247,0.6622818038886006,0.6678742874460635,0.7694940620780629,0.8711773843977181,0.9154425484901538
1994-05-23__CDAO,0.5000454690865591,0.5595730885885013,0.5892019490297536,0.5920807612652834,0.5697892646698905,0.5450970957770587,0.5489693413267703,0.6593605926591769
1994-12-10__CDAO,0.6982069667435846,1.2514998402092168,1.3142315969096994,1.2513888572428533,1.3566452505459512,1.4327800554844083,1.4659585622827587,1.5778321924520058
1997-01-11__CDAO,0.9330257520850981,1.04833382822987,1.1121399748663883,1.1172679207614864,1.1322305754985436,1.1524035567073543,1.1950931755303318,1.19475116313628
1997-05-22__CDAO,0.9887349225644778,1.0959564407301863,1.1761818457561921,1.1648639938934586,1.1406358392529727,1.1525304495562538,1.163179750043568,1.1869881612637068
1998-04-20__CDAO,1.0111336265969995,1.07793501689537,1.214874938355485,1.2063242470559759,1.1737923551609257,1.1894191992540155,1.206149268887105,1.255834698409879
1999-06-21__CDAO,1.1816185300318718,1.2647381834179485,1.3492194331647127,1.4241726691674854,1.4456695096194236,1.4403997578111989,1.4690276698807654,1.5011096852315156
1999-09-30__CDAO,0.3183767246963751,0.36575637589367005,0.3940801906631971,0.3647853156214853,0.40030091820229896,0.3898624468335372,0.44867717409868063,1.2899492626039433
2000-07-21__CE23,0.3635158601024401,0.3583851884513207,0.35185237698204913,0.32260249834075816,0.3017672432903847,0.3021863044317369,0.33368902698193653,0.38712233015369346
2007-04-13__CE23,1.0902760807930167,1.1884599355170957,1.2919733627384928,1.3118861666891206,1.3877031996175362,1.448824596610922,1.4311825831998073,1.4066752760600767
2009-05-22__CE23,0.45275980678198746,0.5137899819974863,0.603222166079742,0.6563970779480052,1.0402734777792595,1.3288273153927044,1.1971386960984878,1.607680671300394
2006-08-11__CE23,1.1949437751956438,1.2167427596311524,1.276524081739669,1.2965824938270756,1.3195928073677043,1.323893531158605,1.3462924441650634,1.3670950710612741
2008-04-28__CE23,0.7333716708163623,0.8711961917696908,1.177574588957316,1.2864940571366077,1.3155835892639585,1.2983727504187879,1.2684798490276064,1.3088753356761111
2011-12-11__CE23,0.3301974745744184,0.37656137558690184,1.0773773333474144,1.56889062856901,1.8099772032528758,1.943235233813927,1.9689345124298905,2.076446424619943
2012-11-15__CE23,0.32661317170669246,0.34740142582675076,0.540541932826764,1.3115889221325272,1.3136614371504387,1.1514930607136826,0.8594546323706683,1.1308100591781405
2013-06-16__CE23,0.3093156645886706,0.380437653967761,0.42921636347192854,0.43454446810648,0.46207293420977585,0.3471339078968595,0.3017208927542787,0.39200073234001404
2017-09-08__CE23,1.0223569905818795,1.2210723353194441,1.5574859065753894,1.725030721354767,1.7607437271360535,2.070448664153614,2.2204544364493084,2.240247501822473
2023-12-07__CE23,0.31332696304089835,0.4773005276009923,1.5597831331988596,1.6109033976440394,1.748539523519864,1.8414642289684844,1.8351810016524606,1.8952373324339127
2025-01-12__CE23,1.467228900781575,1.450107418937673,1.4658630737234868,1.483394536036459,1.4731296310133193,1.4625638506420315,1.4395041618486974,1.442328205788676
1994-05-23__CE23,0.7015716477857145,0.7962132557090829,0.9206464557175124,0.9285403896593016,0.9485163080084992,1.0177735151214433,0.937801706279962,1.00171666805751
1994-12-10__CE23,1.7097238130709045,1.8603623883098495,2.0689162926657247,2.120382169046193,2.128874204574578,2.150110849285071,2.1707251402471255,2.235654950630029
1997-05-22__CE23,1.1331722388267762,1.2076616796463728,1.3189268146932531,1.3134852506529158,1.303506662348779,1.3245061104704117,1.3388713465517195,1.3164272457684016
1998-04-20__CE23,1.069127411325914,1.1066007963788378,1.1515958898353789,1.1474436431714097,1.1059750871185035,1.1533721755808106,1.125489808341812,1.1264190650461292
1999-06-15__CE23,0.36746065716226073,0.41376698079692864,0.6837078651459109,1.1460245980124388,1.5395734399699355,1.7615192750459419,1.7261988498908398,1.6360277523442808
1999-06-21__CE23,1.3101055699466568,1.3788909805082452,1.3521445365806168,1.2907008688333608,1.3019953344204995,1.2958150753701627,1.329285560381184,1.3560905757640644
1999-09-30__CE23,0.3877564207410532,0.5395973334086076,1.0527617031387675,1.3644914608370944,1.5283085408899573,1.5678967663526195,1.7158977970663152,1.8567878960077984
2000-07-21__CE32,0.6391294466804115,0.608743247674972,0.4757019522852178,0.492922525038172,0.5817043047840363,1.1195562960190975,1.7401331949056615,1.7401853084836507
2007-04-13__CE32,0.7527157909861948,1.0849181963312007,1.1387896010219598,1.2533564601984326,1.3945527156841828,1.4749496559884072,1.4618660888901214,1.4757026060250706
2009-05-22__CE32,0.8678560608880589,0.9523171440128189,0.832159834388697,0.712282710651395,0.9610332822716844,2.0319576462274527,2.3335790811657704,2.345374580609977
2006-08-11__CE32,1.084574976883377,1.2059501473721295,1.2180789496012934,1.2563414477207233,1.3098846546325253,1.3147684812887044,1.3265093658069893,1.3165399367585855
2008-04-28__CE32,0.9145109212583237,1.0380725453587096,0.8080470326978304,0.7481336828368824,1.2230866575279942,1.3611541046867015,1.3744788474137848,1.3956608773503874
2011-12-11__CE32,0.3563935121169807,0.2766278661174376,0.21394559858988124,0.21397379516238682,0.3268292387347931,1.482298769881706,1.6156153627946834,1.6960128689876122
2013-06-16__CE32,0.5409619190468923,0.5200120162377133,0.4790476186693602,0.48199835877094277,0.6229502612238664,2.5436850946052463,2.5843404275840802,2.599820997996829
2017-09-08__CE32,1.5899011842523483,1.9411813101785682,1.985238742331873,2.002755280173347,2.0493465366054675,2.103125701911314,2.077288504342225,2.052746419182756
2023-12-07__CE32,2.690287856546942,2.4889724253128453,2.5457580562460462,2.57468157148694,3.0237675361285317,3.1288058030643606,3.1281118396956757,3.119310541776322
2025-01-12__CE32,1.6314498799523398,1.6271279265916048,1.631727656797185,1.6141526337124332,1.5555255975784241,1.456890935258417,1.4677164716790898,1.4937723502825497
1994-05-23__CE32,0.6993535651638475,0.7659253559623237,0.7400823941584408,0.7322653839910714,0.9002427600780626,1.1312647419857575,1.2161489685365954,1.2394529962035843
1994-12-10__CE32,0.7830757106745172,1.2912667861036147,1.3017982213449224,1.2981224960597335,1.3687565676761746,1.3714062682060117,1.339275247684437,1.3265533588016043
1997-01-11__CE32,1.5868717780459403,1.688819268003276,1.6765211989101034,1.6842177437093624,1.7132766412351246,1.7256486229672916,1.7239975140157064,1.705648758887406
1997-05-22__CE32,0.9962259461866213,1.1648304395865257,1.1690790818103092,1.1732609430939545,1.1703624142179174,1.1397997208393067,1.1515709218712062,1.1894933930155605
1998-04-20__CE32,0.9932847888345866,1.1393282355923127,1.117588671628932,1.1333382106186103,1.1787002373716875,1.2006637556437443,1.2132117994151546,1.2254022085532874
1999-06-15__CE32,0.46529689725287904,0.5153566945029385,0.43088689353806103,0.44037167996259796,0.7750416286989429,1.7633108870722969,1.8368075035774958,1.7983751236255574
1999-06-21__CE32,1.0453559160236914,1.1899870650277284,1.1999190115158438,1.2079901320275392,1.217729275776903,1.2284700696108486,1.240711728298235,1.2203196556347748
1999-09-30__CE32,0.4168050866535331,0.9271682472111774,0.9343145879135182,0.9566446684910928,1.3152594099227053,1.4958402634712773,1.5537603442676287,1.572662661395752
2000-07-21__CH84,0.7056268311126395,0.7425337339707051,0.7465768128111868,0.6070046589729566,0.5514039313457552,0.5674621569520865,0.8166640632034773,1.9426823596942482
2007-04-13__CH84,1.0897863476565288,1.2034019760371133,1.3722347033570035,1.5833341757996386,1.7392488738802439,1.830200082897736,1.8414861510454754,1.8471579741959818
2009-05-22__CH84,0.8986408416952958,1.0803100104300596,1.052241838757704,0.825080994946505,0.7193527366416814,0.7749545913078739,1.1226500061552696,2.1459375794359894
2006-08-11__CH84,1.625323675505665,1.5659343929629748,1.5483837624728953,1.5916526123436416,1.6521748905235252,1.680006572129411,1.6431785424292502,1.6086609340260751
2008-04-28__CH84,1.0839637696047135,0.9972851260985782,1.0851402153373952,1.1739812333931512,1.271461819833725,1.3455957350260734,1.3982528103206728,1.4481746232663126
2011-12-11__CH84,0.5739418837501894,0.5468508554018793,0.514188897563704,0.4990023622666284,0.48468129551911987,0.4880595523241757,0.4798489549698492,1.3604153761666427
2012-11-15__CH84,0.6972046075521153,0.6759234727215923,0.7119461831736625,0.7475469464826343,0.7142893952883204,0.7150220659552204,0.7249658157255634,0.747386488146533
2013-06-16__CH84,0.6216393547025676,0.6383396011398491,0.5589384975305356,0.5618804797799094,0.544188822225283,0.4985173313578497,0.48799711408168256,0.5178070732046768
2017-09-08__CH84,0.943996852173748,0.9319789844546705,0.9485173516282519,1.3577016452533066,2.6069694934322576,3.147987862544665,3.2550876675809284,3.3516461904297556
2023-12-07__CH84,0.7607402104854746,0.7612770650508449,0.7386918608012658,0.7950852667141174,0.9516792057391948,1.3780756956213132,1.570871229108569,1.86963007126206
2025-01-12__CH84,2.0554121019805756,2.0412295141748142,2.0484637582059992,2.0582115683122604,2.061240516848863,2.066709889522196,2.062249534703474,2.038389170573405
1994-05-23__CH84,1.4391583966243906,1.4404884262055335,1.4336984891597406,1.4347445344992895,1.4299744804328016,1.4197428466390278,1.4289938536070161,1.423947205297887
1994-12-10__CH84,1.2915479496327966,1.6853638537995435,1.8182175936640428,1.8242598382236799,1.826901523095301,1.8122346072891933,1.8025659918523187,1.7694577189112564
1997-05-22__CH84,1.273207853126143,1.3342891446081355,1.4297591529204037,1.4817854194251254,1.5290322120232747,1.5305321106779821,1.5083611987308476,1.513553222647723
1998-04-20__CH84,1.2201319663925383,1.3722177718981512,1.330078157497466,1.3632468985225081,1.4181398497820068,1.4148633147060794,1.4044570678791637,1.3945740966656177
1999-06-15__CH84,0.5772985563901697,0.6161308041081772,0.6437764326292926,0.6797032839276324,0.8522481897959348,0.9601829738376656,1.8821251610724914,2.264091232151556
1999-06-21__CH84,1.1685601136213668,1.310986384896081,1.3954894339286261,1.4111617774854293,1.4417181904296528,1.4597779155183526,1.4795941805174564,1.4568013659809604
1999-09-30__CH84,0.5123765347797093,0.5404645237305349,0.555340577985027,0.6570655941219601,0.9972261670958258,1.3280856549929938,1.7395914609641465,1.8700445292673948
2000-07-21__CI05,0.6363818643307118,0.6526829189283635,0.5920593691817231,0.4703824290020984,0.43007117188011107,0.4699943403171105,0.9671768662701349,1.6549831325127669
2007-04-13__CI05,0.9710169450627986,1.3632744663185452,1.9224716875369268,2.1259442311170056,2.2240618220225326,2.254776912513685,2.3201962035498505,2.4112454002018744
2009-05-22__CI05,1.026670589803539,0.9933966538226459,0.9797999690159794,1.035438918833319,1.7101587857180351,3.148232677899622,3.2571790645628047,3.0583047038528592
2006-02-20__CI05,1.1105547360163777,1.1301764310952005,1.2236709813783717,1.2752023482744193,1.2707014538174755,1.255267999454948,1.2794362977823321,1.2733753080095616
2006-08-11__CI05,2.0092812406227267,2.061548538200318,1.9931027381677875,2.0395552378748105,2.0439858269037794,1.991692872480458,1.9843404650486942,1.9844054777346185
2008-04-28__CI05,1.1602897239464902,1.3017679011716337,1.6510485997603463,1.6917494174693688,1.732070975259586,1.7687679568543853,1.7732362575294591,1.7804226644919687
2011-12-11__CI05,0.613928777913682,0.6268085563320293,0.627243372966615,0.6241385552948195,0.6513992597747083,0.7588171275856644,1.734016018605151,1.1085483973140358
2012-11-15__CI05,0.7017038621887721,0.6365487077857628,0.6550248063730991,0.7478748242557449,1.489696399577888,1.7200307155844385,1.8697983158395175,2.069988442883038
2013-06-16__CI05,0.7394398115335821,0.7659388045816342,0.6972922737304763,0.7016434327498807,0.6879203260632099,0.6841172561130707,0.5906309631060868,0.6969244369058405
2017-09-08__CI05,0.9736183077780426,0.9042473018441848,1.5510038301230826,2.296269757781832,2.569061373372891,2.7263529732157394,2.792423955127727,2.807497570400923
2023-12-07__CI05,0.7179333456616309,0.7053903057366959,0.7587209552359532,0.8352647691628396,1.0850432341320073,2.427107094777112,2.6014149075055477,2.1760295227108344
2025-01-12__CI05,2.0240466631940923,2.015898800940661,2.01473117661051,2.041390660750485,2.066508749430188,2.059342827263243,2.0372533599201677,2.050007048359091
1994-02-23__CI05,1.257080636579053,1.3296157860030677,1.3687791773563338,1.3871102430760003,1.445182292331495,1.490450047381016,1.4224718541446726,1.3919239236646177
1994-05-23__CI05,0.7381330245740232,0.8615261611457575,1.0617198828764183,1.360023098700224,1.6068748277499247,1.786477929253661,2.0389841340633827,2.203171852571269
1997-01-11__CI05,2.5068699639978305,2.5813659876745705,2.5729615214764703,2.5698628632799485,2.597237899208869,2.608387194397487,2.6465021432935796,2.6630559718426317
1997-05-22__CI05,1.35387136938234,1.526597785725201,1.6525116507813395,1.663803401864567,1.6584352635364243,1.646865294864032,1.6885189614762757,1.6912997863112837
1998-04-20__CI05,1.9743474759204849,1.8540156903442506,1.9457990096867663,1.992733831981219,1.98744239452627,1.9521292627317008,1.9657342532895314,1.9721230784705077
1999-06-15__CI05,0.6088349166073265,0.6074641309137807,0.5912103338249471,0.5770977438551098,0.6398116223530536,0.9367088931475176,2.318208988640389,2.6411126189889487
1999-06-21__CI05,1.9356005515852686,1.9921430792591377,1.9985643110442501,1.9620947775333257,1.9619662940548122,1.9848439487563618,1.9960663636556535,1.9747969490336637
1999-09-30__CI05,0.630787894328878,0.613306875796117,0.7303589873452218,0.7753407548274541,0.8750010770052037,1.7339713993542663,2.065366922795061,2.3910399717521855
2000-07-21__CJ03,0.49998482040444603,0.43681373682563457,0.4263668692128897,0.423508147769309,0.44982882837894284,0.4371827057029709,0.4296929542367396,0.5479752592963183
2007-04-13__CJ03,0.8516117373682064,1.1823908762061963,1.356454999260968,1.5229797453269338,1.7936533026162884,1.9495063725583408,1.99066592295344,2.125051873296006
2009-05-22__CJ03,0.6238873365205001,0.6538799325766647,0.6955651701751593,0.7946299979049564,0.9594980896734113,0.77733561418514,0.9295173646881923,1.9711653962908513
2006-02-20__CJ03,0.9838109990737322,0.9892495305327565,1.0052011763120985,1.0798887462352755,1.075336876274277,1.0741831031238895,1.0525625015827318,1.0956494017828282
2006-08-11__CJ03,1.399957026870384,1.3914122010045071,1.4079680180981418,1.5449899473008177,1.7181317656227109,1.7456161756346253,1.78003079134163,1.797628035193871
2008-04-28__CJ03,0.8952580071297952,0.889066867288012,1.2069666164282944,1.2867966578343608,1.4354666829800617,1.4651849400189163,1.5305751271347166,1.6299869578238666
2011-12-11__CJ03,0.6296293909758047,0.5020947659453538,0.49678361957779216,0.5036740770573599,0.5362983003294858,0.5060776784296432,0.4830911958055333,0.4820777930492693
2012-11-15__CJ03,0.5069195622905113,0.49692186310867514,0.4877461988623997,0.4815874109322433,0.4690412093876243,0.4406246859598732,0.4483512821826286,0.5550700038088463
2013-06-16__CJ03,0.503218771938386,0.47557787379558675,0.412399852341079,0.4213588708576388,0.442000844100748,0.4031304389262612,0.36352849556436617,0.3713865732541799
2017-09-08__CJ03,1.544773135167443,2.092689251358154,2.364257798805237,2.4980057930632684,2.6057007325212185,2.5999508504887006,2.6132752923202585,2.636287230843225
2023-12-07__CJ03,0.3507082379304934,0.26747400716497294,1.0539488851270735,2.2080834471139283,2.566920790229585,2.4972060510329683,2.35186260552856,2.545140389749139
2025-01-12__CJ03,1.9349803220508925,1.9493527581555175,1.949568962258111,1.9842347277755361,2.0095865041064926,1.9936960699648087,1.9651266997713015,1.9485713744955893
1994-12-10__CJ03,1.2151578518130979,1.1959497938567467,1.2690784265901711,1.3497998170020291,1.5184496849864815,1.8792795129751367,2.1203275469517835,2.2293589915557113
1997-01-11__CJ03,1.6192481890096848,1.5930895129285212,1.6023345200615016,1.7241690197449584,1.8125290494380004,1.9580353494845482,2.05339168592878,2.0536463216338543
1997-05-22__CJ03,1.3275476199575333,1.314781446790599,1.3116065621436832,1.3172312527943828,1.434103383759738,1.5683404840827855,1.6159923000322798,1.6502564968459548
1998-04-20__CJ03,1.255557953123628,1.2804290484774732,1.294446966645777,1.301045096315624,1.3297053297388355,1.3509850089326783,1.3671793986606262,1.4044757929640406
1999-06-15__CJ03,0.5387348136764102,0.531624219409064,0.5395934400819943,0.5251690544815927,0.5557081358218828,0.5895458213964836,0.5975716674810873,0.8172244314316298
1999-06-21__CJ03,1.8355473278338617,1.8118073611652108,1.8776914568972314,2.0509454199603185,2.0725082163663693,2.0889017127130978,2.191841927149613,2.2770344343225535
1999-09-30__CJ03,0.6050170660915134,0.6067145735160246,0.5885650339884172,0.581740970760584,0.7161163105350447,1.1837524870657428,1.5940680643064875,2.0491482683827034
2000-07-21__CJ04,0.5291394567095973,0.49674718811931723,0.4599601115638059,0.4627387106644585,0.4912834432875208,0.4764751777002129,0.4611091175961637,0.5305064589227111
2007-04-13__CJ04,0.7831226011943797,1.0057312676449937,1.2597986924359026,1.455693256700622,1.5612431349027438,1.6579548606469408,1.7315781822228913,1.7677667287526952
2009-05-22__CJ04,0.6869744542048866,0.6867597203871343,0.6938794982836979,0.7490179019594928,0.8138918172006399,0.6991614595139847,0.6807829447899197,0.9174790914280359
2006-08-11__CJ04,1.1279264290339908,1.235700065338429,1.317466592100166,1.4474336643067798,1.5676875268701433,1.5105291028334933,1.514352648709675,1.5271540977123654
2008-04-28__CJ04,0.9214892989547974,0.9090476248229912,0.9150244814760404,0.9081707988168396,0.9466246767016585,0.928864928292769,0.9557929515041262,1.2158185202278469
2011-12-11__CJ04,0.6317142128067144,0.5444515337938162,0.5468228760980407,0.5713624812348573,0.5992978352604748,0.5719765408603512,0.5217087388085607,0.607631694647841
2012-11-15__CJ04,0.5501600810875046,0.5129677495103987,0.4997318198830146,0.48788427311863036,0.4594225834286102,0.44395849115788916,0.47049445700658776,0.4915916274662869
2013-06-16__CJ04,0.4887073138173798,0.47948311788038656,0.4291341106272713,0.4299340460339908,0.4653955342816316,0.4394185181181772,0.3774407424671555,0.3925261584688976
2017-09-08__CJ04,0.7873226258387059,1.1209239709436651,2.0376105483026548,2.4610969313631896,2.568641427873793,2.6219370673697227,2.6297156103279686,2.6114445445324934
2023-12-07__CJ04,0.28439773481649955,0.26429769507983986,0.4853712191518064,0.8518360181570432,1.5942042429340157,1.0624685516070127,0.6850614545005675,0.7287558002267509
2025-01-12__CJ04,1.98108935934466,1.9751239395008549,2.0040671325187867,1.9801677237198059,1.980066000357532,2.0072461462649835,1.9835922154738423,1.9741874035241338
1994-05-23__CJ04,0.7112272452024063,0.779023305500285,0.7468456722862955,0.7032122986651673,0.7330420243500415,1.0191161802532334,1.1893240372954925,1.28113673879673
1994-12-10__CJ04,1.2073583159330217,1.2611230397834094,1.3033689314922141,1.4263223520837622,1.5569040048151903,1.7093789730029414,1.7439115081959293,1.7159199692519485
1997-01-11__CJ04,1.2355345884492903,1.24877025733638,1.2959949327971563,1.4176054116621695,1.465018095345842,1.4931058638176846,1.489531937505237,1.5033902636254217
1997-05-22__CJ04,1.4168368632887078,1.3964302255030043,1.489285146054216,1.5818014381339287,1.6480532321004413,1.6681074137185223,1.638232195975896,1.607367587565036
1998-04-20__CJ04,1.1685489458464258,1.224998773052204,1.2480935000296183,1.2851525836055964,1.328838884245389,1.394730985474707,1.3724865446120122,1.3651752986627013
1999-06-15__CJ04,0.5026691383529225,0.5064043511533247,0.5153052863586405,0.5486705446043273,0.5740495978400904,0.6465116261243656,0.6622017389738631,0.857640109367193
1999-06-21__CJ04,1.6252564069235158,1.6413338511104976,1.676734424509912,1.9442119721602218,2.01049570639661,2.040209227663894,2.0359211628633505,2.028357358916053
1999-09-30__CJ04,0.5887768715718202,0.5635260125873752,0.5537278158959655,0.6359442908049152,0.9514113008211529,1.1706759158126816,1.4900389231407838,1.9320352659267808
2007-04-13__CO47,0.9610227026752036,0.9715957860046204,1.2124950296997783,1.6075085026793772,1.6900816206298355,1.7425307413332816,1.809135394063507,1.9256310335548554
2009-05-22__CO47,1.1864160792790266,1.140480280041386,1.2980847711062284,1.291165237509475,1.5809567794119135,2.3944539987933133,3.4737779171073147,4.046061322971385
2006-08-11__CO47,1.1239845995574649,1.1711883213547614,1.2472772710259525,1.3551446070783304,1.4370864664871814,1.443960818950827,1.4456330172782843,1.4521311875395293
2008-04-28__CO47,0.9249096930217036,0.8345728258953096,0.9541123217512698,1.3091647672183353,1.4780270458297815,1.7125793131734695,1.822262873604369,1.9099840433208444
2011-12-11__CO47,0.6954645868314923,0.6719500027430935,0.6759866410429759,0.7432935696636096,0.7033506463781384,0.7067581254046496,1.2240679315507035,1.9291271764115159
2012-11-15__CO47,1.01357194758606,1.0701768096588733,1.0086674654991752,1.0105648407660568,0.9598332411408855,0.8768406170887417,1.0738323935977798,1.7379457077105631
2013-06-16__CO47,1.0215158492025889,1.006339358731096,0.927449446012608,0.9882143149145881,1.069168331594416,0.9763096607561871,1.1478251456789466,2.2189785247926688
2017-09-08__CO47,0.6531896646948598,0.6436157556501237,0.7123974025307019,0.8513646227868616,0.9098015740759963,1.5852319152888894,2.0371664560859655,2.163007475129242
2023-12-07__CO47,0.9542007087410138,0.9431886003014762,1.0318369942229684,1.3438893882086618,1.4092075845150849,1.7836391808607457,5.0553841717247785,6.545722697551465
2025-01-12__CO47,1.5461169013418994,1.5349518206291801,1.49250084596334,1.4874398333423386,1.518034806103165,1.5506250661232674,1.517394687033786,1.500686353418898
1994-12-10__CO47,1.0832658932239165,1.089630335886583,1.9191150251410507,2.4064836462955603,2.4163419392795973,2.4629386890682263,2.5688527055389825,2.593720261503219
1997-01-11__CO47,0.8959676808178935,1.0853082190942764,1.559955951101036,1.7818124595272853,1.8274306585248095,1.826354427468711,1.7640408518382806,1.7377973082317661
1997-05-22__CO47,1.0314928605433076,1.0411412824320836,1.367323189512979,1.5921358747956502,1.604643931946418,1.5581123674610746,1.553874230316132,1.5576762611945465
1998-04-20__CO47,1.0591333891075323,1.1372319671357545,1.3433606763481107,1.509251289889627,1.4954620944721242,1.4751875303426878,1.514021750066202,1.5872663404797807
1999-06-15__CO47,0.8674875512676307,0.7980771535683382,0.7571815237818401,0.798273220377162,0.8311666069920932,0.9096806534615614,1.4109871886613679,2.677533287443828
1999-06-21__CO47,1.156248574448706,1.214047468785329,1.318600267846185,1.4967248651662235,1.6070039816732136,1.6131345753463573,1.4931345070045128,1.416237807668238
1999-09-30__CO47,0.9101342607404685,0.8997786899988428,0.89960923777847,0.9305076881779206,0.9522952888057066,1.0015670670552916,1.4442668647272752,2.2224685542568228
2006-02-20__CO47,0.7068511495969083,0.7993505641596967,1.0295009015537646,1.1057642473386187,1.102882788770424,1.0932454843224015,1.0521312482603917,1.0442173115438342
2000-07-21__CO56,0.5321871948531853,0.4954708025133327,0.4539018690611264,0.4261772335981407,0.4619394222491792,0.5341583765257228,0.7395755390085054,1.2263814214523563
2007-04-13__CO56,0.6771075347580995,0.7920578963853464,1.1415815827570168,1.517536624750918,1.6566496591622764,1.7705055866271744,1.7924124722718289,1.7895191111490991
2009-05-22__CO56,0.7356929039839614,0.7216147769004856,0.7299208500752338,0.7754440594570443,1.1231067775793315,1.4086114232793951,1.4459200673825146,1.730787291457266
2006-08-11__CO56,1.1471079927932246,1.2542168271943313,1.3301848250518928,1.37973880612724,1.4018417910906997,1.4847214508217028,1.4838419848073936,1.4986857243806333
2008-04-28__CO56,0.8905618391276672,0.7342564687168291,0.7919321831625794,0.9920185874629143,1.1599262853271544,1.2561664213321486,1.2577659923757407,1.3171204487854602
2011-12-11__CO56,0.539506217037983,0.5296532012057781,0.4746283853853154,0.4707126790676579,0.5010114606187492,0.5201276125454428,0.5862104200730275,0.891266279358235
2012-11-15__CO56,0.5796333357289039,0.6041983159438656,0.5941119569707706,0.6190274318799625,0.6666111658392699,0.7335465199501214,1.1172693814609818,1.285672693537791
2013-06-16__CO56,0.48626959596903935,0.4071204445529714,0.3711551830048376,0.37773663308856187,0.3973123599540553,0.41105634989666723,0.37510205643866473,0.40624687137429644
2017-09-08__CO56,1.1028223540030238,1.714541545392114,1.712231100592008,1.718230776927242,1.7340296532714308,2.010023704865559,2.336373092862334,2.7762329118549367
2023-12-07__CO56,0.4847163456161254,0.4191098908559252,0.4618323143933848,0.47253728729371797,0.5556808062535327,0.7647382084503626,0.7887274447260183,2.0302855913593576
2025-01-12__CO56,2.270555908148801,2.2108428141748044,2.244905701328701,2.2668891934823643,2.29477020575642,2.292656449170576,2.248542006781525,2.2578750150883518
1994-05-23__CO56,0.6985095006921943,0.789660682020988,0.6302770739931849,0.6241854742868107,0.8996144928970137,1.2568570058509236,1.3928197213506195,1.385860947010884
1994-12-10__CO56,1.0274027164577424,1.363017624699923,1.5247984499968454,1.5723899154430272,1.6272777660849311,1.7154302825421648,1.7598213285064024,1.7667122572982488
1997-01-11__CO56,0.7095838327187752,0.9772029017166761,1.7360275113069366,1.9168417200913124,2.0264822123471684,2.062184520520719,2.1059891232291155,2.2438426451910316
1997-05-22__CO56,1.2209819665695045,1.352853466995106,1.4177459312397245,1.4768806040929012,1.494786582888799,1.470348314426134,1.414687870423639,1.4194265882958876
1998-04-20__CO56,1.3140571065596034,1.3696927588520926,1.3994728503337708,1.3737187868682987,1.3705048376614695,1.4511387708704997,1.4045338611370912,1.477813213664155
1999-06-15__CO56,0.6560289356017854,0.6325112268401668,0.6224669589586409,0.4999297174518323,0.6276022848138505,0.6887932687541616,0.7532481988985121,0.897115383164638
1999-06-21__CO56,1.2977567152073073,1.2782543170809504,1.2967650915776798,1.3147109528570469,1.2776993054974748,1.2949568631986104,1.3747154343061925,1.4661858680096258
1999-09-30__CO56,0.6729860771327433,0.7800791065503146,0.8051644145042952,0.7929056928558992,0.7946683580400854,1.0846427456664374,1.2776100669209844,1.2781338776738296
2023-12-07__CP28,1.597080244532346,1.4367187574161517,1.4408315897814494,1.4566558731681976,1.1830720526995273,1.1685441203944806,1.340146703895145,1.5719820626353658
2025-01-12__CP28,1.429167683167474,1.458144021984358,1.4484074845317776,1.4463499578120727,1.4355390151408953,1.4282127517582777,1.4391731400972987,1.446154875588361
2023-12-07__CS66,0.5512332949536061,0.5635330290807281,0.5277714763963116,0.516191192211549,0.5150209985220465,0.5374684941437093,0.5074312470437399,0.46913943018930443
2025-01-12__CS66,2.715493562769385,2.6730447917941604,2.6735937021090503,2.6872675828297408,2.677651465828712,2.650287982086891,2.618790903530034,2.535162167227373
1994-05-23__CS78,0.9815823008240655,1.0029741094883837,0.8609174709240767,0.8593352395402988,0.905544437248473,0.9415065329945498,0.9929201170753945,0.9979417140134019
1994-12-10__CS78,1.1334109276333308,1.0365789855147356,0.9827529485350464,0.9797865399261796,1.1161609381288393,1.231799746284604,1.3377911879562585,1.427173155543254
1997-01-11__CS78,0.8301176718952813,0.8329735670850652,0.9033838916668461,1.0238656919061324,1.2819416200264082,1.3023424367864194,1.316967104440605,1.3115922783784748
1997-05-22__CS78,0.8619774907143534,0.8701668995921298,0.9789565263860489,1.1573772755179772,1.2642140670633122,1.304551305200431,1.3591842896635626,1.3672560808485188
1999-06-15__CS78,0.7909898291466427,0.7960060571743441,0.7924564812024706,0.7917099766390149,0.8416657051555634,0.8549313442844553,0.9242850877868415,0.9315921100449029
1999-06-21__CS78,0.905879389225905,0.977878639139708,1.007014213630566,1.2304451980374516,1.4693321460451574,1.5297262799709246,1.5446085694605989,1.5661929612137355
1999-09-30__CS78,0.9080796567332313,0.9119771846084385,0.9149563835482332,0.9306506187112006,0.9603778507508197,1.1343945155622104,1.5039254596877938,1.8182778001614497
2000-07-21__CS78,1.1196900668289567,1.0624319547090266,0.8896833259097525,0.7462699651689126,0.7043311834228767,0.8200624260350001,0.8306590350441916,0.7561018697169136
2007-04-13__CS78,0.789909212495188,0.7901369863418088,0.7951752121100351,0.819828072785481,1.0311412773853275,1.3574133120079834,1.5132695216373382,1.5184914150311912
2008-04-28__CS78,0.8054555067230155,0.7799931042806966,0.7890330926986012,0.8025938836586005,0.8934626161505403,1.2207396415325942,1.5179384770014002,1.5714729977603807
2009-05-22__CS78,1.3610186186989912,1.3723398782743066,1.4031481512851351,1.3862681379684278,1.2992782524046214,1.5204813384186728,1.5732838002674334,2.113470283294757
2023-12-07__CS78,1.2475805657190184,1.3211461871416077,1.4266804177021644,1.374693320762707,1.46707742563169,1.590515809627362,1.5795302607232746,1.5696209162870116
2025-01-12__CS78,1.472620036094214,1.4563604549961418,1.4673528096378867,1.4901671106399026,1.4946698180970661,1.482056221301784,1.4740055765692472,1.4828669705585646
2011-12-11__CS78,0.7966395391646371,0.7451309050871381,0.7096324183226526,0.6870094180292081,0.7449473454370928,0.7339650765162078,0.6415772300015136,0.5859337336013882
2013-06-16__CS78,0.9287162472365088,1.0926492568863246,0.9800187477030323,0.9185184773074309,0.9878439250686359,0.9496147858655397,0.9398531146913063,0.9048867467319844
2017-09-08__CS78,0.5869954121015728,0.5908643616763574,0.613439771786012,0.6114344229084177,0.8635912759946551,1.7425589178486487,2.026265962301504,2.1479116607563924
1964-07-06__CU,1.0625561591269888,0.9963241557610967,1.0011726887781207,1.004679619101582,1.0196783855646034,1.0431416355803285,1.0591538861273104,1.0539201399606624
1993-08-05__CU,0.8270771991326379,0.8085942731045309,0.7725684841417606,0.7125918362061772,0.9444207410109889,1.7927250332150728,2.200782974144378,2.2155612811491214
1994-02-23__CU,0.5226216668054848,0.6115336869479685,0.6364265350850449,1.147100668541526,2.1115769686402284,2.2339722144137117,2.559863511392053,2.679249787990367
1994-05-06__CU,1.1158735274589078,1.0965698249624205,1.1136891651741072,1.0979833388977014,1.1213752098507144,1.0898247221708093,1.0708354770349733,1.2129238277908612
1994-05-23__CU,0.9564388240661102,0.9427486393705655,0.9151757050686659,0.902832170458146,0.9190206438677467,0.8648479181173088,0.831551721454165,0.820947182358203
1994-12-10__CU,0.9307940092093598,0.9378214023515329,0.9098436450786328,0.8652165692065827,0.9214371476733972,1.0042170444059262,1.196542377533631,2.5782619553025516
1997-04-03__CU,0.8047687556495178,0.6295571504213524,0.6196118750271832,0.7970368860916112,0.9415759507820851,1.9149638741573838,2.764310635939698,3.007382909326299
2000-07-21__CU,0.840722960059253,0.8364581497559178,0.6970359162425472,0.6302223096240439,0.6315838836773519,0.6551408476900026,0.6721140386533354,0.6419611370427647
2003-11-19__CU,1.106821967811507,1.02229189097349,1.1084938990214819,1.1108677460825302,1.0850867915425895,1.086025588248033,1.05463901108391,1.0619646323735212
2006-02-20__CU,0.9801722803096533,0.9818912011372316,1.0251435190432516,1.0178798530294506,0.9677401675031497,0.9566688007137042,0.9844310392586932,0.9819765120030375
2006-08-11__CU,0.8460956991664387,0.8871202558152927,0.8815337118492468,0.8496350740527763,0.9535660721259279,1.1035825998393827,1.4992795397688377,1.71691643230866
2007-04-13__CU,0.8025290499649143,0.8146936572363205,0.8293381659362856,0.8185117714169313,0.7972712159271823,0.7933514736389928,0.7922854215310483,0.7418842393039534
2008-04-28__CU,0.8181537000019287,0.8229275101738323,0.7937507731574679,0.705812776280431,0.7091225601338212,0.713210650617046,0.7118001008161781,0.741051777972972
2009-05-22__CU,1.3261555611949503,1.225776987433682,1.21682963621767,1.2324185434865778,1.346107063620243,1.441491611213148,1.6586280207335302,4.1165389743064775
2011-12-11__CU,0.6487031745002024,0.6571672497863743,0.5924710763691654,0.6396061866559779,0.600908745422123,0.5923081687611135,0.602315481118983,0.554634962360702
2012-11-15__CU,0.8980602214805453,0.9320141502546857,0.9095120152983427,0.9195595573957257,0.8471478998203136,0.7799563883129361,0.7774171086244205,0.766752543209809
2013-06-16__CU,1.0397089668720907,1.0218102902482766,1.0044546452130831,1.021172878862883,1.0095815767371903,0.9384578285301245,0.8518705005285101,0.8131047730765377
2017-09-08__CU,0.6926297701161612,0.723744017506199,0.6856338936918113,0.6505364952423843,0.639263079941265,0.6269926548719053,0.6427786907025085,0.6662107727626858
1997-05-22__CU,1.0097230260338368,0.9895612482505958,1.022280108838217,1.0794724293403366,1.091164048505315,1.118775904617231,1.2008991699576406,1.2974086757943075
1998-04-20__CU,0.8893043184288959,0.880984861233422,0.9426107925491382,1.0240999250053913,1.1058977921409532,1.3120990784322761,1.5996997714735666,1.7191647559483902
1999-06-15__CU,0.7377595093130709,0.7154214225613973,0.6473394755293815,0.6816419280137297,0.671071881650309,0.6748656459593443,0.6745869015508132,0.6989682795087933
1999-06-21__CU,1.062188907225815,1.0817242408535863,1.0996022308515025,1.072123778485737,1.1165942107952287,1.2090024913021629,1.3016733966458063,1.4094083230151997
1999-09-30__CU,0.6922156785119251,0.6918044035034756,0.6278751528652335,0.6273695221665784,0.6443264532054079,0.6683669100597605,0.7010902194286052,0.9417620049268048
2023-12-07__CU80,0.9976318344135052,0.9894853328526279,1.0458036084516387,1.6977931474258865,1.7086719985382302,1.7320070346937584,1.7517184165696282,1.8543984171859975
2025-01-12__CU80,1.8917302955189834,1.9205649787786738,1.8892055775734562,1.962633306396258,1.968805266017818,1.8951301817875918,1.9830463304028356,1.9643937677662648
2023-12-07__D270,1.1455706922017774,1.0516714661375255,1.2286123509278988,1.327375112977564,1.3895014054571824,1.2918458709994216,1.1834870396627226,1.2174913859618375
2025-01-12__D270,1.087622951588505,1.690435665991123,1.811941675518587,1.9091003587657673,1.9866332411784153,2.00785801363687,2.0320236472786184,2.0565107038739034
2000-07-21__DM12,0.47756460671308626,0.41297559853445265,0.40134070346005263,0.40268187087833257,0.3802776157619959,0.3674804193148982,0.36670646658149814,0.39581366705391036
2007-04-13__DM12,1.018804049103813,0.8491251062942375,0.8236881234969546,1.069539945101834,1.2190290078544752,1.25232841647523,1.362227246610169,1.5057270225316475
2009-05-22__DM12,0.5830198219077175,0.5609663590269692,0.6296368657398789,0.5995654629629253,0.5427607590956587,0.5983434897668248,0.8788919763192423,1.2219857281228463
2006-08-11__DM12,1.261538332235356,1.273907073656429,1.2680211218731088,1.2506881361278646,1.2565492597288592,1.310841143169349,1.3642516812219976,1.3688301622954107
2008-04-28__DM12,1.3665237783767785,1.169945026368378,1.1105781187889665,1.163130532298201,1.153623818816196,1.417534299435229,1.5049748102925178,1.4796495604662752
2011-12-11__DM12,0.474588195828751,0.46623287009138153,0.46796521959603515,0.4714632556836706,0.4110908433310037,0.38938240544555225,0.3908207931737158,0.38879170655403855
2012-11-15__DM12,0.37321668740456976,0.3594687810520091,0.35225168252070516,0.34200995423121777,0.33160607082885185,0.3002695487647523,0.29627046631885184,0.30948034697891563
2013-06-16__DM12,0.4129751884796457,0.3988334432492693,0.39571961575178427,0.3743471759394604,0.37235179716927247,0.3151531903858946,0.29267657871923125,0.33213678143296366
2017-09-08__DM12,0.992867940750478,0.9761430508359324,0.9558760348805467,0.9871935170830701,0.807061969152098,0.6715965453460971,0.9748630404598063,1.2112681859265615
2023-12-07__DM12,0.4955147726668917,0.5102425899278187,0.5165541842295914,0.46211149936034496,0.42530991596171197,0.3636790423645403,0.35621122683866857,0.39820195919527895
2025-01-12__DM12,2.5007490932225775,2.4813383988282904,2.421565521020008,2.4049301671888057,2.3848475358015224,2.364544586371062,2.3873440798296452,2.4486797179902733
1994-05-23__DM12,0.8201870955413899,0.671509177555939,0.6981474560313421,0.9602961946310361,1.0366636136746201,1.1187089965563135,1.234773993942911,1.358666441670151
1994-12-10__DM12,1.406006616513863,1.402871456629062,1.4470929149558813,1.5007038619685902,1.4917358088074597,1.4951525457463197,1.538088736229317,1.5409797313259779
1997-01-11__DM12,2.0469514459552944,2.0784389704104838,2.1188167195122594,2.136325361847839,2.15953065958844,2.183821785072059,2.24777750516491,2.243330727737734
1997-05-22__DM12,1.502725642294449,1.5008997277580434,1.5033609191914763,1.4887080666012547,1.531891656798113,1.5701003938244715,1.5738442960731096,1.5619587016817393
1998-04-20__DM12,1.5545436103785701,1.524648850743624,1.5303326619496356,1.534588426828644,1.4884588350249983,1.4548103138541406,1.4504109664074545,1.5739616984091418
1999-06-15__DM12,0.3573703172935849,0.32007752742611656,0.31976331002727787,0.3410104248071118,0.3436114861656006,0.31993861338674334,0.32650612163569953,0.37235275681031005
1999-06-21__DM12,1.4204355224718945,1.4254595664948424,1.4272856648825956,1.4080981311303578,1.4560411546502285,1.470295402568852,1.4758614846711986,1.4593388022381248
1999-09-30__DM12,0.37981475691598576,0.36285443386789284,0.35592191897136793,0.3645780844921636,0.3753795302006356,0.6905178207459143,1.051071337681188,1.502822682957206
2000-07-21__DR16,0.9299144139412396,0.8498625977570149,0.7684036433593165,0.7447069028898082,0.7494436280227839,1.0307542537706862,1.6242068554998699,1.758180691564683
2007-04-13__DR16,1.1417334402577215,1.1871242160888211,1.282115771946053,1.5032433450348746,1.8878626599301285,1.9506911867819932,1.9457101081170125,1.9871800001736415
2008-04-28__DR16,1.0700903127677674,0.975615533139509,0.9372502429733023,1.0066146598742347,1.3201062530332393,1.4648513076463245,1.4844379760535118,1.4955787381906966
2011-12-11__DR16,0.8052345232584751,0.7969714548943506,0.7455578863575378,0.6895303757558547,0.7345960647815171,1.160857299911449,1.8150112064021144,1.9095009169465607
2013-06-16__DR16,0.7413562577856103,0.7559521814585455,0.7778259803812517,0.7939646793099016,0.8104564679733447,0.7547201788083451,0.7489358458273113,0.80276732918577
2017-09-08__DR16,0.7374143664857619,0.774350446733306,1.503776786721284,1.9233112911838453,2.0416536901221214,2.2597234913236153,2.3745423602566005,2.3865295668509274
2023-12-07__DR16,0.9651319613952242,1.0532318273708077,0.9472713239287002,0.9647908111831193,2.8897649077131824,5.250154447034532,5.547651828630203,5.434832873106907
2025-01-12__DR16,2.00002730312485,1.9850290491765448,1.937803385443181,1.9626145634656995,1.994953979469242,1.970449887627851,1.9860747091980386,1.991460087340485
1993-08-05__DR16,1.1300743555055146,1.1179215932337478,1.1776034979254404,1.2413232743249254,1.2446436551751994,1.249221819589666,1.2082316722996718,1.22404095439825
1994-02-23__DR16,0.9304687492939806,0.975007469469917,0.9841139485476614,1.0106853546072165,1.11918878102023,1.1181763785886756,1.1160710597920125,1.1285315390268782
1994-05-23__DR16,0.8907562643209271,0.9533678801660433,0.9651713568005909,0.9894241388158346,1.181160182806715,1.5375788334068579,1.6142061650080868,1.5494570438199258
1994-12-10__DR16,1.6971986140743387,1.7765941366974523,2.047674736052125,2.4644681934576194,2.6733430199029975,2.8024729584639103,2.7822769920385078,2.834571404798849
1997-01-11__DR16,1.058566277480813,1.1610779527728268,1.315779648254354,1.5602290751020045,1.7333711582948086,1.815850712610954,1.783510255999601,1.7175806485761569
1997-05-22__DR16,0.9303666923519588,0.9570924901915645,1.0537997315217784,1.1080494402044414,1.1669541913075459,1.1920692107880713,1.206216517496075,1.2232968382834857
1998-04-20__DR16,1.3695497630551812,1.5361485034354472,1.524990925730671,1.56727244776403,1.6303674678184317,1.6061310339381336,1.5783708261879326,1.5980383430681095
1999-06-15__DR16,0.8590282080811518,0.8539817919779469,0.800619478721194,0.7963970439267206,0.8616686085636495,1.5003156457814968,2.2134652454877806,2.4148609825251266
1999-06-21__DR16,1.3821633086002711,1.4309002737826684,1.6352885600915883,1.8311566147276757,1.8312778142687265,1.768661860558995,1.7793007526700766,1.79465748101113
1999-09-30__DR16,0.8655719424234029,0.9628057807376913,0.9974409080219032,0.9810841794753965,1.083790767894314,2.0366722756827316,2.460294978562384,2.5158015548668917
2000-07-21__DX37,0.7804144219858411,0.7312831639568064,0.6957170707681837,0.661629176343244,0.5850522624627369,0.561325118653029,0.6084150140937362,1.3735165345107085
2007-04-13__DX37,1.5135418007792534,1.5252967370409614,2.0647008367996107,2.1957511591866234,2.143393838497802,2.5084624068492962,2.7755894737874143,2.8206876199602515
2009-05-22__DX37,0.7694939868154835,0.7591740060901622,0.7834611790655586,0.772812929204123,0.8325578929684767,1.4816633709696674,2.176254427299116,2.939673744348967
2006-02-20__DX37,1.103012099133712,1.272672193572975,1.4862714730046553,1.4861665827349535,1.4833734815198087,1.5532011470931033,1.5358716126838179,1.538660876450071
2006-08-11__DX37,1.9700876238299823,1.9919727105544573,2.1294627882398305,2.2663790703869036,2.2580384344685664,2.281454949641482,2.3293387072544998,2.3351988616133377
2011-12-11__DX37,0.6954371901959591,0.6871440068883894,0.6501372439082707,0.5897418855701007,0.5395665302270063,0.539669118729152,0.5807836971494302,0.7084786350214293
2012-11-15__DX37,0.677596156999345,0.6600894672150702,0.6856067665394413,0.6194531064810195,0.6016818262704069,0.6151255897541026,0.6927863447278985,1.4856918579318106
2013-06-16__DX37,0.857295361913686,0.9147526159389646,0.9211882885451363,0.8016718310802364,0.8091407751512261,0.883009439633217,0.9042890610662477,0.908922244250342
2017-09-08__DX37,0.8045446641695214,1.0360553434115811,1.5286211784732575,2.0562119581891496,2.427011309876965,2.598456231092034,2.674068856782972,2.7305578866545446
2023-12-07__DX37,0.7922068764395213,0.7693553226602153,0.8592756481698968,0.9350869835713459,0.9069939850137162,1.1116644883991302,1.5835884501555202,3.221014668302838
2025-01-12__DX37,2.410185110654866,2.368995454150422,2.3740263121219525,2.3388675127988776,2.3170862679818383,2.3336330795805273,2.3375632496746914,2.325472567442611
1994-02-23__DX37,1.368489871974322,1.3800099552784546,1.5842588553008792,1.7207849125532648,1.7502917762285208,1.8305943463269334,1.8248496319110021,1.7962199925292317
1997-01-11__DX37,2.42178675392829,2.5257257292797366,3.008908377006595,3.10188409604913,3.1523505143763075,3.2756377443022995,3.287332515268686,3.2117085011680317
1997-05-22__DX37,1.7026989344261163,1.7625403094132925,1.8380764334834938,1.9396563105568814,2.0185837392624917,2.0438875621472823,2.0778844970341934,2.1083804931678047
1998-04-20__DX37,2.0331877952948694,2.1210344118781226,2.376715932691964,2.473961419465487,2.5082286052050518,2.53898592780674,2.548353046849477,2.5461178241200906
1999-06-21__DX37,2.1582350729438193,2.179188137142493,2.212567901485855,2.2557924478527367,2.2260872830473226,2.1525791482314642,2.1354297859824607,2.2029770305471468
1999-09-30__DX37,0.8542009453516273,0.8385893558140827,0.8724607040982582,0.9166433070593142,1.4145301388021485,2.9861356592154333,3.0900361532268845,3.2324848553511276
2000-07-21__EO30,1.0357474757964173,1.0236564495840108,0.900418496555579,0.7942454923147799,0.7879952392308099,0.804728054031218,0.9003342063336779,1.4971510235738197
2007-04-13__EO30,1.1128760011108632,1.1499861101409037,1.1470819888875758,1.3759101669753586,1.7678196484203612,2.0143410240819324,2.0714873575346604,2.0635113845095487
2009-05-22__EO30,1.152449881314649,1.2611663281441168,1.1991369587894103,1.1114972582524876,1.2290466335998624,1.9602200055454508,2.8180413083429965,3.0072820894738133
2011-12-11__EO30,0.5573741737235101,0.526005283281194,0.4953461681434668,0.5015957029398365,0.5690499668491259,0.5621148761619656,0.6285153317058334,1.2310950864318955
2012-11-15__EO30,0.9197007139818255,0.8653239957650154,0.8134118717245385,0.8317502205935057,0.8601361571557832,0.922613409815634,1.1889318742621613,2.0392771235968756
2013-06-16__EO30,0.9054323673705273,0.9829390660200753,0.9096645803093749,0.9045889181619807,0.9893597284268132,1.0299542975300697,1.2459689966624188,1.9024189706077872
2017-09-08__EO30,0.6879322032301699,0.5814964991251743,0.7117703227219868,1.3336934653968537,1.8226044521071305,2.208148682130722,2.29018025518584,2.2998390634167274
2023-12-07__EO30,1.072545450259958,1.0826256149881552,1.2124676688872496,1.3496438324536115,1.5516861601581549,2.522496652144545,3.7341041236054475,4.447139832118933
2025-01-12__EO30,1.8330886023931339,1.828383079935977,1.8127667798589253,1.8200430540977777,1.8236358538621404,1.8122176016145652,1.8233743484481337,1.8616273536590648
1997-01-11__EO30,0.9012576217569832,0.931807010208989,0.9554782050795707,1.1546961086056897,1.181861242013403,1.1917851104227108,1.2280918016650948,1.217146344153713
1998-04-20__EO30,0.9937966983020975,1.087516320068103,1.3275515064756602,1.506882622261127,1.5049960839403862,1.4625426351178543,1.426888837117115,1.3700067556989053
1999-06-15__EO30,0.9206970653280373,0.8054344766312419,0.8721032585944788,0.9044454337673429,0.8915409366943048,0.9320662542857362,1.6164362654732047,2.3880925787277163
1999-06-21__EO30,1.103743785692109,1.3172142069923773,1.4421830377483769,1.5305151091348002,1.6337872992187497,1.6938694417435398,1.7152500706870004,1.7282983358573953
1999-09-30__EO30,0.8610742157128597,0.8748622477563138,0.8234667510769729,0.8490355070642885,0.8839054818257677,1.3969762800728962,1.704510113060945,1.8065690123389821
2000-07-21__ES57,0.762797567001399,0.8140552894934335,0.8206652752021228,0.6884092767207705,0.6915382987165636,0.7350127564048128,0.8120023051461144,1.4666917541318796
2007-04-13__ES57,1.215647293382118,1.4473061622409287,1.7252647994710686,1.8646192289042398,2.0890490540581044,2.267101318824955,2.6189980648213593,2.9355222589371057
2009-05-22__ES57,0.6519525150521427,0.6232473631264992,1.0921225820600664,1.0590195063616066,1.2756613147730105,2.3752097647754047,2.837646258550543,3.344662504266375
2008-04-28__ES57,1.259866351255999,1.3922807215866972,1.4885080282547625,1.5033911199160483,1.5161791102783908,1.5607401154923477,1.5217793879309969,1.495355579168154
2012-11-15__ES57,0.8232446549299078,0.792494150036713,0.7915427405343861,0.7548071238274858,0.7807693374063822,0.8303057293241537,1.0024365519347236,1.4437025380226525
2013-06-16__ES57,0.7900965895740342,0.8349987826092953,0.8039735330328374,0.7837215455657502,0.8022300776490292,0.7859661957310423,0.8882734111923992,2.328329597204799
2017-09-08__ES57,0.8940190772322001,1.1742670685910568,1.900320739432579,2.3625508172116607,2.465981727464492,2.531222359980805,2.5347742923917393,2.5586454715628224
2023-12-07__ES57,1.054034857573412,1.0089069641736355,1.2650617072559338,1.0922303781057323,1.478388743406427,3.6914370639464633,4.89921461213151,5.2349324157537565
2025-01-12__ES57,1.6859047269777494,1.6987922876345911,1.7559865511727224,1.7296765926007407,1.7139280876105625,1.7277470273991677,1.701853220797353,1.6798153097364201
1994-05-23__ES57,0.8086137605969876,0.8815132432858528,1.040106759121624,1.1502553539993428,1.7084918842330683,2.0553352629642623,2.311744972633922,2.387342767578257
1994-12-10__ES57,1.8605975103586658,2.0428128065772913,2.5590929420657256,2.729372204023311,2.7023707489598845,2.6883537821868817,2.6970679077823534,2.591058570719312
1997-01-11__ES57,1.1619665100660597,1.6898963592617307,1.9978953112545912,2.0041186173863967,1.9837654148375705,1.8362808497163383,1.8025499831164036,1.8689463348189062
1997-05-22__ES57,1.25938717091316,1.427763736038234,1.4839395826124673,1.5257760963909068,1.4997351759875757,0.9134559205156078,0.25706868856324344,0.2043974360790766
1998-04-20__ES57,1.6010335566165208,1.7693652653409282,1.8556058483390847,1.8653983916678352,1.8943917826076322,1.966328806005591,1.9561296940477724,1.957132853049962
1999-06-15__ES57,0.7681871219553308,0.777687827111057,0.7065708552451678,0.7843975275475448,1.0003855986354373,1.5946278231871511,1.995229964953281,2.4867481458227747
1999-06-21__ES57,1.4483942211298597,1.6041889789737998,1.7820491127467744,1.9144582362222937,1.9130959881139822,1.8423418152338367,1.8296397252830747,1.7920894458694843
1999-09-30__ES57,0.7963714932265626,0.8366435423486093,0.8889478646059105,0.951827309431172,1.877809029201879,2.403435989639709,2.4158149309529464,2.430176579638178
2025-01-12__FJ74,1.2964895398169543,1.2977327628311175,1.315962375655097,1.3507900840884406,1.34908444331298,1.3145594279965216,1.2941495712482238,1.3160039576581248
2000-07-21__GA62,0.5939287666696081,0.42759478661549516,0.3931413511181021,0.3568941223618162,0.32344726140064195,0.37443883021532853,0.7039330252842261,1.3838893829953838
2007-04-13__GA62,0.7430274188715033,0.8340885481322833,1.3907925073863725,1.5629436252597737,1.6925323811662782,1.7858734567198722,1.8867650227952342,1.938681281185542
2006-08-11__GA62,0.9674584757896988,1.0017401544193025,1.0857578367809533,1.112211301028373,1.1488696139857968,1.221022917652483,1.2630252678164138,1.297900751472584
2008-04-28__GA62,0.684028089794539,0.7532392729315132,0.876701306259409,0.907037860506186,0.9645054437439639,0.9854841824875036,1.2281135540105785,1.3286509102446546
2011-12-11__GA62,0.4115947793330768,0.41082745654026953,0.40536777804255225,0.36241173897104406,0.3153243281019763,0.37254531980172995,0.5178638354165848,0.8537304063516948
2013-06-16__GA62,0.405002079141789,0.4470032835879224,0.4150666104601804,0.37030433498863863,0.3702327488583452,0.3571731090885753,0.3597349517513693,0.39450237403134036
2017-09-08__GA62,1.6288918803183963,1.8440722457602945,1.98844203472742,2.103994032476207,2.17551740163061,2.240674708918172,2.2421303156538324,2.233311521335795
2023-12-07__GA62,0.4870447530417114,0.5091894619622861,0.5261783478803364,0.5202469767192588,0.5553869197302713,0.7565442759417925,1.4427071280993142,1.7889083981118925
2025-01-12__GA62,1.7314498013544617,1.735470584716141,1.6953478383614378,1.6661318902354472,1.6615509957576018,1.669587899891105,1.6915799254577584,1.7016941334387568
1994-05-23__GA62,0.5006229709813161,0.5701969328573552,0.5888089700755506,0.5747944849147293,0.7537542642028142,1.2057368374124091,1.4630130736388642,1.5707235993664268
1994-12-10__GA62,0.9051822174774901,1.135680089171631,1.6133397473153597,1.7559217798315665,1.8782508232505508,1.966196462590108,2.0177776541506702,1.994708630785914
1997-01-11__GA62,1.366673530014877,1.687458723976851,1.8196190467138105,1.9136035709695716,2.0421901864603194,2.061802172825813,2.1052505351033304,2.10685569412225
1997-05-22__GA62,1.1567167777447296,1.3605927135140832,1.4433462846072096,1.4593150543775124,1.5250488439164906,1.5699753355193555,1.575341150478177,1.586651613269769
1998-04-20__GA62,1.0058143405607232,1.3266400540057752,1.3675704633538255,1.359422396141893,1.3245523608353802,1.3478145226256972,1.4015958041182066,1.407893026553543
1999-06-15__GA62,0.4082819336953168,0.41765594354882507,0.46764882306831973,0.45742012709292723,0.4589043693534912,0.5296527280978021,1.1473888506471335,1.658640286172531
1999-06-21__GA62,1.3170928553914198,1.437646537907054,1.5653956744437374,1.625652116912273,1.7400848017235193,1.814980029795738,1.8185942729709468,1.7991360595049388
1999-09-30__GA62,0.5225118176825602,0.5472812763058518,0.6896634997213936,0.8882919972560354,1.275852028168026,1.8293508400173901,2.122291277621018,2.2161257406545736
2017-09-08__GC38,1.940989013291605,2.106438928285747,2.286766183753763,2.3815660551503455,2.5173654461310933,2.534789996188001,2.5490719770252093,2.5465426686339647
2000-07-21__GC38,0.7971650807157579,0.861434663519312,0.7630485472801884,0.6318802731951604,0.6306762657778757,0.7838283684767706,1.2862353848494148,1.4608688602482385
2007-04-13__GC38,1.1501693895681169,1.7656650341092743,1.961942631107266,2.0170239743665417,2.052585560148056,2.1731917151048963,2.1455964433075403,2.1102320461892536
2009-05-22__GC38,0.44750554738051107,0.6126423335340966,0.7724083727987219,0.6520971781918576,1.0538545731559545,1.8202149306601387,1.8168644252417585,1.8249683905749028
2006-08-11__GC38,1.4799979970524284,1.5382898184010043,1.5719695278298116,1.5865222671887893,1.6128894125232842,1.555664740369038,1.4874376172671981,1.516912483380061
2008-04-28__GC38,1.3191830412159358,1.6123569460722644,1.6635726312958337,1.7073297106096799,1.8487493724413084,1.8662297632590816,1.874553495472175,1.8888305802475729
2011-12-11__GC38,0.49446694408504993,0.4617737906229952,0.4873408119005337,0.5135292791679384,0.5553383303597496,0.7441483441788203,1.8400278054805805,1.992970735478247
2013-06-16__GC38,0.5936220852321509,0.52816969973189,0.6402544296715521,0.6210408600412688,0.6060303317398033,0.774745305889541,0.9929672541237654,1.002284134759205
2023-12-07__GC38,0.8148045094417665,1.3194038244204083,1.791114386795651,0.8444816174532809,1.7171749427511909,3.3124988149026375,3.551327350813881,3.5805785185788204
2025-01-12__GC38,2.1582897841440163,2.139336504697151,2.1451372316012467,2.193942165404701,2.19108508362365,2.146070851849937,2.1619525469585605,2.1604217700467974
1994-12-10__GC38,0.9534295204021694,1.1701552404433004,1.3537964642256144,1.3994218250467703,1.4002119661889816,1.3926673643142038,1.4355136407739753,1.4514441270341583
1997-01-11__GC38,1.3214021763990014,1.5562374472682046,1.692547522105958,1.7387865617871197,1.7341176690582552,1.718361162387721,1.682588982353448,1.6420171344720966
1997-05-22__GC38,1.293405313257906,1.4389728027136,1.5603518458906513,1.5923361187163414,1.645878574929114,1.6338665059329671,1.6065554920482228,1.6671235153257804
1998-04-20__GC38,1.3023911479497423,1.3730520535060302,1.4099313465989032,1.4061091928322773,1.3883987412683914,1.4310602641609544,1.4399566410254827,1.4564785881003794
1999-06-15__GC38,0.5847640384701718,0.6417773043113686,0.6720199316798503,0.5839317800355281,0.5940876732818324,1.332369512515455,2.19886940701156,2.437501446303264
1999-06-21__GC38,1.360308597105126,1.6184895359313516,1.67387860647348,1.7193521100351568,1.7555233996475592,1.7128278354779216,1.7129956405535869,1.70258932306905
1999-09-30__GC38,0.5351275438080504,0.7435448693908633,1.1985876124952597,1.357982070923271,1.8511039912365166,2.3592765372067506,2.341886893686062,2.3297951605893275
2007-04-13__GR27,1.7438888930776089,1.8855939744424723,2.081557392318118,2.2979240815917303,2.8020540489892585,3.063287345893939,3.084461121346862,3.0728552771351856
2009-05-22__GR27,0.9216461558621436,1.0849933451732865,0.9818757694694613,0.8305251954654271,0.9695374729658202,1.8719038503637828,2.2250515902355916,2.6207794934044277
2006-02-20__GR27,1.4455272088475997,1.4916443020669996,1.480763532502122,1.6077003786336161,1.607242673189792,1.5930092155083526,1.5834645200949047,1.606281260244136
2006-08-11__GR27,2.0340436863958815,2.1021005651028117,2.082752931659344,2.150186327618326,2.1604349023125358,2.1869526124061225,2.1457679433364683,2.143061158318333
2008-04-28__GR27,1.5406107306318921,1.3800348927557657,1.3668126780158372,1.4448599048334037,1.7803064638920665,2.0781012306181115,2.10524438302446,2.131407550311287
2011-12-11__GR27,0.9602405786231637,0.856439289922089,0.7817177914846537,0.7680200458077016,0.7244965410577081,0.7859740493230133,0.8107421441887434,0.8025734619933279
2012-11-15__GR27,0.9949220426396208,0.9493898571509463,0.9330021996475132,0.8964280702296661,0.8921792960981361,0.8926665681272068,0.9168819903555094,0.9277783454534094
2013-06-16__GR27,1.196325755180647,1.0862416963761095,0.9119759313426691,0.7838797884646501,0.7938877281748,0.8433415704546557,0.7720718438497629,0.7882000618365873
2017-09-08__GR27,0.9352166080179557,1.4192908466984118,1.5474512289180837,1.9675648520814597,2.3890299014719316,2.69845435067562,2.707282711901214,2.7044461220075497
2023-12-07__GR27,0.9456794512443583,0.9608602859853229,0.9310641533786371,0.8480098135714035,0.9349802229283818,1.4283774090094161,2.071773881646746,2.8605803762628383
2025-01-12__GR27,1.9313404384130688,1.926821002111748,1.8651345599993854,1.8694614374212069,1.898805947928639,1.929249908825691,1.9378722372358999,1.919447811294832
1993-08-05__GR27,1.8067130947086896,1.9400861452295104,1.967938356953173,1.904366956879936,1.8414546443685063,1.8562165882124588,1.841454283131166,1.8903379134276657
1994-05-23__GR27,1.0204036017515008,1.1351753804563438,1.137546115957198,1.6978151569843436,2.257649859216557,2.2726716585197164,2.2761290361338418,2.2502105008964097
1994-12-10__GR27,2.172745477572101,2.269577003654941,2.4604114286281695,2.6266966556273204,2.9602367623350143,2.9324237037386207,2.7739687574551417,2.9053415956414175
1997-01-11__GR27,1.4459864265537796,1.635983523873533,1.7204308421909231,2.0179549927913083,2.306008933937841,2.3764547084016456,2.2524540633518626,2.2114282774729737
1997-05-22__GR27,1.2882768692673803,1.4417262880882311,1.4488891836032893,1.5923414848032917,1.871019073062017,1.9120256501239503,1.9426578207766603,1.9496992144779806
1998-04-20__GR27,1.9754188573106086,1.980406381107625,1.970238409327125,2.1002903047263604,2.150737884116317,2.1170946324795166,2.118760527678751,2.1006344057015918
1999-06-15__GR27,0.77893971895065,0.7546384184158674,0.7220889407702257,0.7625687169342628,0.8107678479055448,1.4694483121252186,1.8247877736416402,1.8752697417750648
1999-06-21__GR27,1.757633277467895,1.8710013041761522,1.964695479579636,2.0117945504611336,2.0876179835400137,2.055664177946259,2.022903904156377,2.073349518500476
1999-09-30__GR27,0.8893684605277337,0.9514409981632455,0.9811082067652945,1.1795040328975244,2.010593938910088,2.682744129012492,2.7378028942897124,2.716114657700802
1994-05-23__HA41,0.4788994174327887,0.4298739859418229,0.5019979765537936,0.6390150800844697,0.568371954376799,0.662144429257913,1.0705052547412603,1.4554334771383464
1994-12-10__HA41,1.023430209374247,1.0692517459919306,1.6716896841554114,1.8319052978104928,1.9133061215792084,2.5423747344051386,2.7054131560318493,2.743978940894893
2000-07-21__HJ72,0.7186572691825475,0.6926788038724335,0.6536672599574291,0.6239763914676898,0.6001486400801602,0.7711006802216613,1.052954778002086,1.1591717678698874
2007-04-13__HJ72,0.9153363984381753,0.9627497545707207,1.3449464282822194,1.8033022849353986,1.8120053936081044,1.8095117523355708,1.818493572978795,1.8844994386044152
2009-05-22__HJ72,0.8388379781578704,0.7746491729180206,0.7949373994988216,0.7966042394486462,0.7979866042609951,1.1497283628502641,1.574226305135662,1.6126597670948204
2006-08-11__HJ72,1.0743155784272251,1.2036579395153852,1.358178844375789,1.4312829195566723,1.545720419208003,1.5535807344739987,1.5499349252222931,1.5498799065569318
2008-04-28__HJ72,0.8378863347748065,0.8093454600910192,0.8764264583998314,1.0681442822058815,1.0744684442038541,1.086519316787312,1.1570850858801112,1.2653480034146105
2011-12-11__HJ72,0.6007193289286465,0.6226211028959008,0.6434711982792711,0.6051808388262224,0.559725564062298,0.552523023310836,0.5567700471884495,0.5563070271760461
2013-06-16__HJ72,0.5283382126588456,0.5468620503275711,0.5978665320440768,0.5970528850567178,0.5963394993664575,0.6049566406353285,0.6250256909421739,1.3360995200601038
2017-09-08__HJ72,0.6344882323939608,0.6807711499719474,1.1665072599438058,1.7713261425067648,2.0526400854125284,2.33105203050027,2.426952132555259,2.379995601592903
2023-12-07__HJ72,0.5841869607493284,0.5614540448329456,0.6856856242854692,0.7611411485310671,0.8868000866679525,1.4367839953821386,2.4029791077230946,2.440490174590483
2025-01-12__HJ72,2.254129073269873,2.2781965096564867,2.272848861368474,2.226381159535625,2.2037959810722114,2.1567016647341495,2.1520604032608524,2.128529772226473
1994-05-23__HJ72,0.6785333734639549,0.6748003159428803,0.7252580530947914,0.8244971094333589,0.865659879484772,1.1404584477316126,1.3595670965255113,1.3429199961460883
1994-12-10__HJ72,0.6990644142007727,0.8396617997462366,1.150509454120168,1.4263481145031331,1.5122135342476535,1.5777566787939377,1.5778472855048526,1.5776566513852655
1997-05-22__HJ72,1.6492862090127598,1.7418620545584562,1.7393533896200568,1.7182546413031574,1.7066262778902348,1.696449188762909,1.7225202892596407,1.7242027444564125
1998-04-20__HJ72,1.3123794573667138,1.4059416648830858,1.477237710409416,1.5317657592634286,1.5572026039025866,1.5203347492184032,1.4831473945034233,1.508104003109391
1999-06-15__HJ72,0.4772725068494831,0.4233894921447098,0.49302138321478317,0.6162559616504629,0.6827622076894295,1.064440807595001,1.4073648779521433,1.5564719449754993
1999-06-21__HJ72,1.4798320012156705,1.5235580763809722,1.6445735102727208,1.6851751319388468,1.6587282606515528,1.6235008983081145,1.7004749466881228,1.690404242822778
1999-09-30__HJ72,0.6620550549124169,0.5903618773237997,0.571696985543049,0.8411684586969984,0.9555824895255555,1.0233771017874707,1.3045498314652542,1.5533526545514813
2000-07-21__IB22,0.6222307703516969,0.6435141146912471,0.6911083713664683,0.6345225094123982,0.6355338073161043,1.1207909260099524,1.8816769849880253,2.2104508193357937
2007-04-13__IB22,1.322317630208963,1.3654323335105614,1.7543483046582784,1.9512739726451938,2.10342026391998,2.1124545364872223,2.133358142891126,2.139653933089326
2009-05-22__IB22,0.6628252013186002,0.6692403408726549,0.6934895525240085,0.7663377003197673,1.5226674525932848,1.7473568518871692,1.6849005841078712,1.6773755134909851
2006-08-11__IB22,1.4367212344629217,1.5705678866696515,1.6751922518657372,1.7286094807527779,1.7528623650556705,1.7615583180299683,1.8011680936114767,1.832544073887851
2008-04-28__IB22,0.9698441055537113,0.9200853901142704,1.1103432507853812,1.056358650652376,1.150087226035613,1.4513763735009653,1.536720667086386,1.5360917262038671
2011-12-11__IB22,0.46352977254247313,0.42624295197344486,0.42886874850113466,0.4223205616068236,0.36815709701969934,0.38068171677287416,0.6735453996045976,1.531343282587912
2012-11-15__IB22,0.5732597167726129,0.54490650862588,0.5623974928500673,0.5929432215881671,0.5779023706097446,0.5541219585803411,0.6151374782740904,0.6524386876195368
2013-06-16__IB22,0.7561293805777638,0.7810298585197962,0.6850503115815519,0.5501317852279457,0.5427374409556559,0.631947243178708,0.6360619480242229,0.7848252600580903
2017-09-08__IB22,1.800499901143418,2.3124214250916744,3.2424594853360897,3.7701291861795965,3.907810380768233,3.9818801101404557,4.008211122794987,4.020258104935092
2025-01-12__IB22,2.152939792282824,2.2005156380207067,2.2034432391790575,2.200418129215025,2.180039937175089,2.1485990689338705,2.1708459648539304,2.1748643954097244
1997-05-22__IB22,1.4556096974794983,1.6307145632316054,1.7717872520039686,1.8113226302283512,1.7815628922235502,1.818452121037006,1.830229348412299,1.834848390294156
1999-06-15__IB22,0.539136181520792,0.5515895650115734,0.6266860085669026,0.7079893508364872,0.8778038285044686,1.6123884985308903,2.136434494319501,2.1590098826944444
1999-06-21__IB22,1.3813844242178681,1.4149265456927973,1.6660747699748604,1.7370560547076406,1.7750410749115704,1.6971335456768537,1.7082134125568038,1.6887151994208522
1999-09-30__IB22,0.6721344229743271,0.5968873261956367,0.6377649163950385,1.133795789692562,1.9738791342208197,2.457258279102112,2.6332022343258696,2.645119072909223
2023-12-07__IM40,1.3920451233735571,1.4501257642949017,1.547343781676281,1.5066344718381433,1.5501850258027747,1.5685546805064545,1.4716751619940958,1.5342505346032886
2025-01-12__IM40,0.6523251965285193,0.8569636916810908,1.1305019985731064,1.1800407425455446,1.2214533845903974,1.23994391526008,1.3064288814999305,1.379618900270902
2000-07-21__JA43,0.6117525609449885,0.6158134255647373,0.5401346109154044,0.5170850150544137,0.5204622134671474,0.44642985381275435,0.4407414008595569,0.5138166642273347
2007-04-13__JA43,0.5122956874730867,0.5619953264632879,0.6818473607875839,1.5844255046244597,1.68516904609501,1.708871406170646,1.7224483192011317,1.7195699805942075
2009-05-22__JA43,0.9005580332894326,0.9859266573969339,0.9953082437948279,1.060422555879673,2.516599194699766,2.7779151056817146,2.7714490529817475,2.8614403250723224
2006-02-20__JA43,0.9879201994308489,1.0309793281700104,1.1000717594528018,1.0322634959026118,0.8288505734730419,0.8591822666461891,0.9033445795029466,0.88008928332808
2006-08-11__JA43,0.9341548309519033,1.0104352664733736,1.1392354924693835,1.2842353743474781,1.2695386573171157,1.2806951114942384,1.2845009513323855,1.240054700198668
2008-04-28__JA43,0.6560654122375157,0.5872508971286049,0.6586321565463898,0.8710659249398248,1.176578340036681,1.1217439703482484,1.1249279867921718,1.261533544118735
2011-12-11__JA43,0.3951114009813385,0.38798912746617165,0.3526639529163546,0.36969131326871724,0.40530837436630607,0.41262272269023276,0.42393988297197727,0.6379852757379377
2012-11-15__JA43,0.5237041618241685,0.5211901293122219,0.5571458559092523,0.5743776817386556,0.5538544333368292,0.515303012385253,0.5242408605063239,0.5419361884699555
2013-06-16__JA43,0.4060935311827251,0.5398487327138115,0.5420063319195273,0.49666828820106174,0.4551710732530007,0.41965622105615147,0.3739115196446052,0.4237384812065198
2017-09-08__JA43,0.5307316602554443,0.6136018551713115,1.1702440154623721,1.811252398283921,2.16184304927325,2.11011050642092,2.315145921721311,2.60354267570532
2023-12-07__JA43,0.4049718552259791,0.4116681125524511,0.43760276806954707,0.5332328728891603,0.6152057294704413,0.6002847809979377,0.5969775894298974,1.4472225135738943
2025-01-12__JA43,3.4209995990695923,3.4691121401353127,3.42044588894321,3.3842781135573943,3.3959840884841763,3.384848653623317,3.397256892306958,3.414041140352515
1994-05-23__JA43,0.4110664478290976,0.4190463715556515,0.4282049900001247,0.4382677202679035,0.5438263272195168,0.6007339276765489,0.922273390742391,1.3795727717083417
1994-12-10__JA43,1.431555725150354,1.914373231476502,2.249579987882811,2.3858620980537473,2.4294782897878493,2.4332554165683624,2.452978571579734,2.4511194595581554
1997-01-11__JA43,1.225765297530654,1.3947680446916442,1.5964982856497831,1.9002222573981113,2.0607362072511304,2.1655538165594987,2.1595822464388683,2.1568365759112686
1997-05-22__JA43,1.1176960776210356,1.2388955549450238,1.3269389383988877,1.344220895102706,1.3800527592170402,1.3956947651310585,1.407024630493114,1.4165626546160597
1998-04-20__JA43,0.9374237192791487,0.9494314730664729,0.9914659729681575,1.1238203452429438,1.1929778144267136,1.2112590887713326,1.2089471858812664,1.144954189926012
1999-06-15__JA43,0.33569717780868497,0.33108992768683304,0.3524744844210684,0.3623984510880247,0.5221134728888318,1.0071739129136095,1.0424917993826832,1.1435155499249565
1999-06-21__JA43,1.0045298894572507,1.0464347709442952,1.1099665228111566,1.3287603691883962,1.39914240564848,1.3873342004986997,1.3592449388421732,1.3615112424787372
1999-09-30__JA43,0.39681351784473673,0.3992202215145456,0.4130518067309645,0.4658346502741846,1.1751761585333327,1.4370349363911874,1.617010716407584,1.620367951509708
2000-07-21__JC54,0.6943841636890303,0.6841214062280683,0.5840158120643211,0.4723533870070108,0.4118356699615172,0.42366154482482554,0.587601032525175,0.8057451776147565
2007-04-13__JC54,1.2430826631538434,1.597113340152972,1.6569291302722873,1.8465282377615504,2.0165733435338984,2.0970315657004743,2.1326229934107457,2.1373485649169517
2009-05-22__JC54,0.5330914456647998,0.5061307222773498,0.49156894910210014,0.4606175376028584,0.43073200553332053,0.4608805942896463,0.66705876228128,0.8917828642774395
2006-08-11__JC54,1.1966124289676927,1.3803157885229929,1.42965670223271,1.4453738878741362,1.5138962983692148,1.5519253353142546,1.547570456498505,1.583472379075717
2008-04-28__JC54,0.8894835427135435,0.9162747661237424,0.9195242993144119,0.9208223472955936,1.2773257672648095,1.4616367266111192,1.5410586527485537,1.6040690255372887
2011-12-11__JC54,0.5465669944071849,0.5761011248819666,0.5795582315307678,0.5675601551889772,0.5293233110006595,0.6062010353524819,1.0884329337553866,1.576797161661469
2012-11-15__JC54,0.7934426641340103,0.7227525121598001,0.6739740635868695,0.6822492320256863,0.7198917007341095,0.8102963308135411,0.8239440728795256,0.8763008005054893
2013-06-16__JC54,0.5891818294619293,0.5986507626597942,0.49173164421227095,0.4823750104997503,0.48482521636321674,0.46014337754796714,0.44747783867474356,0.5085507499827608
2017-09-08__JC54,1.643745957654699,2.3540513110961334,2.5312904833951504,2.681022247620455,2.8498444120947006,2.9426740523108963,2.983940309933646,2.9644073556330945
2025-01-12__JC54,2.190284606370601,2.1980981077552246,2.143742133017036,2.137811828768748,2.1628485840558187,2.177768613764041,2.1586306361440655,2.236523167890778
1994-05-23__JC54,0.6136251310795773,0.9046313158925305,1.121963563032641,1.1586457929154614,1.2051713033258271,1.4898356456435213,1.588638996373078,1.6077587037867576
1994-12-10__JC54,1.20346880883269,1.5995786243885324,1.754110813796414,1.77061363006615,1.772167597100753,1.851969822051912,1.9184852878161671,1.93380123123455
1997-01-11__JC54,1.76849562240391,1.9955514876869136,2.0645114927682666,2.0735633264603814,2.0528333996683195,2.120394922465027,2.2413507096958556,2.2201639590912245
1997-05-22__JC54,1.5075664451613773,1.6306435166365927,1.7391624799692451,1.8224237448159808,1.8321388222446962,1.8369811525723119,1.8403482893969891,1.9068323223541181
1998-04-20__JC54,1.2477319578756223,1.426375839093283,1.4743711458540532,1.5285128218647668,1.5572296930722078,1.590579596124212,1.590495511262723,1.5647368483373454
1999-06-15__JC54,0.6451050533508655,0.6689090996325118,0.6460635400571388,0.5374082650970062,0.5119563709555182,0.502942894543908,0.5570167826884557,0.9572202592029403
1999-06-21__JC54,1.7507623064423203,1.928847191302397,1.9264855168981756,1.9214328754949446,1.9643052626372506,2.0617547809215555,2.0900624587510324,2.0790987081290204
1999-09-30__JC54,0.5872144387512775,0.6348614580617423,0.6999895887836378,0.6827634335411974,0.6807986474605894,0.9759671143316255,1.8279321402156405,2.1086001699968957
2000-07-21__LI33,0.5208593913054007,0.5079285211199587,0.4992742209334771,0.4446656780968806,0.4536473924961642,0.3972895571835992,0.3696188247338267,0.3796623645735659
2009-05-22__LI33,1.0073441872467772,0.9328484929251949,0.7765083666228256,0.62824897353976,0.6094384689485028,0.6218061226671118,0.8281507794800443,2.2132074197453924
2013-06-16__LI33,0.48002976199815095,0.389577106356932,0.42801442460804656,0.5039292622893717,0.4823978402596001,0.45386434765633166,0.43913910627369274,0.6755829857964057
2025-01-12__LI33,1.9917631442957917,2.01278454000734,2.01718320338078,2.05362646915916,2.043992852162101,2.0245863852877335,2.0404144557694197,2.038481128415134
2025-08-02__LI33,1.625276162500752,1.6215066271142025,1.633132478708894,1.6233008830950666,1.608914276138957,1.6267873992785713,1.6577796339845705,1.640877218204151
1994-12-10__LI33,3.726761531089068,3.655047225810023,3.657236499228979,3.6517227835817554,3.7817971122990293,3.789848929436829,3.578566933621087,3.639457428154586
1997-05-22__LI33,1.471153338698155,1.480990123977066,1.50504337649156,1.4963532481323316,1.4903981794761858,1.4966659645548495,1.4581177807077252,1.4437411455532416
1999-09-30__LI33,0.6302023531524459,0.7945359678167675,1.0700542558990838,1.4977636106841536,1.820798487555112,1.8663388687276685,1.7988507363809827,1.883874999414396
2000-07-21__LI58,0.5989036054854722,0.5253545646576898,0.44405844318426224,0.3848484193071757,0.38344229008193104,0.3885513542568658,0.4249013616216909,0.731794605479103
2007-04-13__LI58,0.7505330576163652,0.814100180088153,1.112997265561838,1.4144845423552939,1.6410163870648542,1.7448927589829648,1.7597708063207438,1.7636840229852366
2009-05-22__LI58,0.7445924731069863,0.8202416664878986,0.8049771075084409,0.793797861202376,0.7422722982180947,0.9155864167099218,1.0364316894693508,1.528068056715578
2006-08-11__LI58,1.1410557545130562,1.3076171710169384,1.4093252072652347,1.519778803690396,1.5294094969087022,1.5349332060242145,1.60242555070578,1.5775275328714835
2008-04-28__LI58,0.7043884280971687,0.6883931114999602,0.6992830653327291,0.8521749851971203,1.0577775856448424,1.1620871993166837,1.2478335907505065,1.3080365281609647
2011-12-11__LI58,0.3401661026347942,0.5105876742625756,0.5526280795868196,0.5981128004437993,0.7376847302669605,0.8889368929264058,1.2578222802446812,1.9047460612702531
2013-06-16__LI58,0.6737339014285347,0.6287917448176829,0.5225076772160059,0.4389369814743382,0.45357511218683966,0.5229997753578642,0.5261089458905369,0.6071225005022413
2017-09-08__LI58,0.9196011862301566,0.9901703542196613,1.1142094014531712,1.8245039264623109,2.4028622316778363,2.6637198351656624,2.7466053776304378,2.836141929733864
2023-12-07__LI58,0.43176931067594626,0.47260049389314174,0.5744590405186835,0.5541026135947954,0.7085906977044346,1.35605493367956,1.8964980638768005,2.097738691467523
2025-01-12__LI58,2.0327921038618255,2.074847663234598,2.0802265230125445,2.0645228089538015,2.1053415817849666,2.0874252415815886,2.0720228527880318,2.084735816699849
1997-01-11__LI58,1.5797986837612183,1.5868537300747765,1.576515530823126,1.6310374996148143,1.6718456161339819,1.6716517859605233,1.6570832029231042,1.6295826683128865
1997-05-22__LI58,1.098618981383,1.119615542271606,1.1432893389079481,1.2767418504986745,1.3061130031992787,1.3612374971070935,1.347310501075278,1.321958369440269
1998-04-20__LI58,1.3163502671133958,1.2403095053191133,1.2512050073674175,1.3541701429492072,1.4812856105301087,1.504027335707242,1.476920281753356,1.4790667512021254
1999-06-15__LI58,0.4819875044774123,0.43877398346954033,0.41454330517693555,0.4203475400806374,0.4037546702666467,0.41502493050288,0.44396268567406194,0.7936197681932013
1999-06-21__LI58,1.3421160018325844,1.5029867840778028,1.5328756739607046,1.4941209810728793,1.513758576744267,1.5159440159049955,1.511443488224051,1.464235312913527
1999-09-30__LI58,0.46819325210349,0.49042238189089943,0.4782082423253209,0.5845120738964366,0.7250580673522935,0.9794724977611992,1.3745396225423963,1.6913582145563102
2000-07-21__LV17,0.7818076743412617,0.7572938237259457,0.7187552900417454,0.6224544706455836,0.6089392728398612,1.0227898079172255,1.1642419852731731,0.9028177673449054
2007-04-13__LV17,1.4814025851860866,1.5598315183933489,2.191689922087216,2.7707437601657308,3.073684341157204,3.143086831607648,3.1447804753641995,3.1494961413167517
2006-02-20__LV17,1.0627174667431234,1.0826742325649807,1.208378443266103,1.3168693442899868,1.3138889070475606,1.3665453326174404,1.3587848644749618,1.3668787989479605
2006-08-11__LV17,1.9089110169033277,1.9182070978701513,1.9327197392552888,1.9783554395980059,2.0088384678431277,2.0135417732479364,2.0343319775119166,2.023392013973236
2008-04-28__LV17,0.967726132598123,1.04842176716495,1.460471666689535,1.7208620690073098,1.8855865942051258,2.0419552998195107,2.0089641357583385,1.9242848212792387
2011-12-11__LV17,0.6302429761482783,0.486909486021013,0.44088951247811875,0.4521287088449245,0.49758728373113026,0.601754046613949,0.6377848487451256,0.6022389406821226
2012-11-15__LV17,0.6767316093243645,0.6639231446512608,0.6438858164145074,0.6354455950445222,0.6345477923557288,0.6819621284506423,0.7155081725539604,0.7368941425347438
2013-06-16__LV17,0.7346355587194556,0.6696939127100008,0.6020748448948451,0.6088072350154827,0.611205048455333,0.594841409950812,0.5034289886223532,0.5248306687916786
2017-09-08__LV17,1.158478755319701,1.3175297366385088,1.718581290831191,2.3523364838353373,2.7448634743984472,2.7761859248307696,2.798948400610347,2.8289166895028393
2025-01-12__LV17,2.0567394683675166,2.018931588938176,2.0357005815365405,2.016734145275375,2.0222668072406025,2.052010964793874,2.066764740078927,2.07280774028497
1994-05-23__LV17,0.7747425103716534,0.9031295403030081,0.8739153932266676,1.0044893724679311,1.2158707326077476,1.580687780801099,1.8072270731036508,1.8615437634552385
1994-12-10__LV17,1.698888790161368,1.7289719471424827,1.953941852847651,2.3286744182058814,2.3551069847482706,2.478329314346948,2.541734897458698,2.6636528706566716
1997-01-11__LV17,1.5551104370207312,1.8392400461084655,2.1857258620121534,2.417341040782671,2.7166979578876265,2.8534892863479815,2.9799654342246473,2.9837723787398955
1997-05-22__LV17,2.0367107742030885,1.9730798373182852,2.26080245239065,2.41735814473842,2.408851261073134,2.4206569794837653,2.4328475994569425,2.4986548540564324
1998-04-20__LV17,1.9288673373581913,2.0478896327919363,2.1846261369564237,2.3893744381144564,2.503508645373654,2.606057034317339,2.572997814428313,2.6025190746268247
1999-06-15__LV17,0.7179124589808873,0.6049435444524397,0.5975855122351226,0.640642333085848,0.6599834080566801,1.3198870612763896,1.6638910113532905,1.8184853937114311
1999-09-30__LV17,0.9948062034768368,0.974388438511807,0.7902666893888933,0.9847854942819337,1.4796597864971246,1.9845272526456386,2.1163743351687883,2.233978032382385
2023-12-07__ME52,0.9461592153697383,0.8434493788620326,0.9456471383060346,1.010507147088542,1.146089651121267,1.3063488410292807,1.2971024621371772,1.3134833188074644
2025-01-12__ME52,1.869010574481601,1.8736941621296637,1.8469910351799992,1.8485830453862344,1.8424702513679558,1.843073136261602,1.8074931994180161,1.7773974195809825
2000-07-21__MI15,0.6453072838236149,0.5544052438584522,0.4955678503285197,0.4683134959213974,0.47421577298912887,0.442170889300902,0.4801255614810212,1.0934827535889031
2007-04-13__MI15,2.033337012528574,2.095660482216433,2.062343068513247,2.0475773982366547,2.0453822372366455,2.0326623842112364,1.8949254742559871,1.6582049663858598
2009-05-22__MI15,0.8677957000454628,1.0504932179422566,0.8030269518621422,0.6027007082473794,1.3369566742463328,2.4676399660336985,2.7839184949302624,2.7960760819022576
2006-08-11__MI15,1.9107868485623372,1.9765887326687874,2.0130609523559957,2.071539499706389,2.029000281470918,1.9075898203247517,1.8892066134524508,1.8777838915808287
2008-04-28__MI15,0.8150033035943768,0.788255396083822,0.9516829401299302,1.1432507152329796,1.2022631772553978,1.3022914123820302,1.3563962384380557,1.350631841398209
2011-12-11__MI15,0.655395799720677,0.6478909704566426,0.5494283188363834,0.5433139712643247,0.5122991478949117,0.6214055989890747,2.049234986462414,2.2987407703497547
2012-11-15__MI15,0.7768203528587586,0.8969278860989441,0.9192520143937511,0.9332788121592331,1.6753870374681423,1.6952239729811855,1.7082843532958594,1.6300559600114415
2013-06-16__MI15,0.6447559918124667,0.638122865106716,0.5587891145485467,0.5271455999178982,0.588035566235388,0.5620091406142441,0.7962481022899197,2.4026138028174033
2017-09-08__MI15,0.7714146560674638,0.7066081454191064,1.020281614585944,0.8241029008883337,0.7579470021336585,2.1511920729864826,2.551461179068355,2.5156436767224846
2023-12-07__MI15,0.7436214525310791,1.4355372883379318,3.4728643664413603,2.488034899486415,3.799834376517243,6.057228392265634,6.524978237334462,6.551604401053136
1994-02-23__MI15,1.3725662490055317,1.3792965846941954,1.3601284098018096,1.3057259011632485,1.3302827676971714,1.3091395312633718,1.2712043214639281,1.2996603341081445
1994-05-23__MI15,0.846645171861662,0.8957555525735583,1.1707309199406395,1.118358792186873,1.4463664774469567,2.111296114239127,2.2720371436400706,2.3101433358961634
1994-12-10__MI15,3.142729525653187,3.269308646627266,3.3283639143108448,3.316692723968409,3.3844113772790294,3.5246699918986066,3.497837221675154,3.443934449025503
1997-01-11__MI15,3.3487966373192997,3.277239503874385,3.300547638277091,3.287734942522643,3.3121846550582554,3.350488019001495,3.33104164976764,3.2483517519682934
1997-05-22__MI15,1.261753194438264,1.3718832336664581,1.4540130993830267,1.3876050733653735,1.5050151020984208,1.6867345185377074,1.6850431700613322,1.624750412439099
1998-04-20__MI15,1.4302776301889324,1.4911013574209533,1.4851740853784574,1.5163446071268671,1.5226755347299605,1.4990267169771376,1.4333777910235301,1.4011523466893376
1999-06-15__MI15,0.47499017857187337,0.46133135081074583,0.5162606612193982,0.5673319874217596,0.8375475799798614,1.6912145231056348,1.9720537676005614,1.9417402130433057
1999-06-21__MI15,1.6152993386330043,1.6184583566143937,1.6203379749691111,1.5782749299256569,1.5467271425450115,1.6615441717246686,1.713685922565148,1.3700294175486443
1999-09-30__MI15,0.7401632968090694,0.7344194822040648,0.7794646448713582,0.8389657017647325,1.3643048438787881,1.6776151105685293,1.7968729561539565,1.9330766462097977
2000-07-21__MT50,1.0215677052137722,0.8949889937583231,0.831058040474183,0.7831448730307253,0.693126932876527,0.6521633700746164,0.7273218691296424,1.2429446245307882
2007-04-13__MT50,0.9658514917603535,0.9873569357033749,1.1851885527006627,1.3356664501425903,1.3309142362404782,1.4378642809247983,1.5238464324737881,1.5745157350746577
2006-08-11__MT50,1.0894927706039037,1.2621434848646509,1.4452500959862564,1.5326864993552551,1.5707192444072526,1.716105597400244,1.7671659787248,1.7973093035799164
2008-04-28__MT50,1.091822245181477,1.0255678961207333,1.1290487781411986,1.289648922500946,1.3057419274027722,1.4151328846614568,1.4947907804112688,1.5414615937415186
2011-12-11__MT50,0.6781074877623002,0.6497197845666535,0.5141028775382587,0.4954137652019689,0.46281306838559816,0.4631136689925968,0.5684582193369659,1.247688637067123
2012-11-15__MT50,0.9082765539340714,0.8240617543331155,0.8157650310438701,0.8263820015593387,0.8483676158041522,1.073097559331901,1.5534722165052421,1.9310730802095175
2017-09-08__MT50,0.7958789284416905,1.0230832371648648,1.2687572910475569,1.6551874127854158,1.824269262380799,2.0134120494382817,2.2329701675367177,2.3436698840521237
2023-12-07__MT50,1.0428369563363087,1.184261661018632,1.2719909387782233,1.7791796979955796,4.374169940260187,4.73458516211787,4.751474510297482,5.214694193837653
2025-01-12__MT50,1.3680571369010703,1.397958372555537,1.4280348645243994,1.4378373117196965,1.4014464968923022,1.3793355956216447,1.314059232621128,1.2993672260747966
1997-05-22__MT50,0.9281566374782045,0.9520760705945361,1.1086611335322663,1.188982881342006,1.1576560426293008,1.120525220908136,1.1158338726371995,1.1285330865776342
1998-04-20__MT50,1.173568285675653,1.317757202607525,1.4398122882628377,1.527840769935994,1.5480876643622583,1.5292522874648236,1.4742211870524136,1.472029131240754
1999-06-15__MT50,0.9877989486735294,0.9851114922880212,1.0264812316115102,1.3276936044937275,1.2894861569855782,1.6610324981018927,2.783921423765817,3.2420062431012022
1999-06-21__MT50,1.6257375648034769,1.697086996285218,1.9535046137442948,2.1813776397564775,2.190979820164348,2.1596841577275643,2.151228013877856,2.1274400297435268
1999-09-30__MT50,0.841830371215086,0.9431037051807017,1.7580054681287178,2.4012607226862195,2.488803239666947,2.557896622133176,2.717198135892691,2.7449886147354285
2000-07-21__MY19,0.5140351263793739,0.485727526275645,0.39708275199515936,0.49422823924614784,0.8195678709565505,1.5787757324847562,1.7787917416143928,1.8476763435049801
2007-04-13__MY19,0.5406171582255739,0.9632414464372437,1.2981182325977192,1.4765763738180118,1.6610160035062143,1.7038873182639311,1.698962585630208,1.6982173875327795
2009-05-22__MY19,0.850973811168157,0.8744460845431271,0.8691162376726641,0.8370018912671646,0.9818434700565685,1.8798463590871453,2.0697932378057913,2.0808175387312198
2006-08-11__MY19,0.9334895695057918,1.0187970259529149,1.033284978703019,1.0226203370993117,1.0052186691617337,1.0238406053399964,1.0364628743342994,1.0127863683344716
2008-04-28__MY19,0.7070622930620045,0.805934720783746,0.9045804130855483,1.0010169694785103,1.230678971234139,1.2540016195879433,1.2350430865024715,1.2536087639673732
2011-12-11__MY19,0.38590023672057233,0.35731675474361174,0.30951299244828673,0.2866692053151222,0.3891856511189187,1.6938700662630692,2.008576541157777,2.021639879699809
2012-11-15__MY19,0.4272616336648226,0.3996931788704991,0.42960833973085305,0.447250269709016,0.8871247603085821,1.6471112754021462,1.7143781043412538,1.7623901295798658
2013-06-16__MY19,0.5053317443614218,0.49620684123555286,0.5155270112263168,0.509589657015341,0.5349869850115808,0.6133975444775978,0.6415687900794221,1.177280401392196
2017-09-08__MY19,0.9669641430662247,1.125936182404391,1.386524743800746,1.703323080071067,2.168790875155768,2.380949973085293,2.44585654248962,2.459048431385732
2025-01-12__MY19,1.6076722548489015,1.6319906597398668,1.6470354958870954,1.6618410979614022,1.666043522436581,1.6423022372623586,1.652071371617033,1.6527722874161355
1994-02-23__MY19,0.932054696438468,1.1153712237393425,1.159353881660446,1.1462642097289526,1.1412514569495862,1.1462216999971784,1.1331785944518813,1.107218239812688
1994-05-23__MY19,0.49819174934805643,0.5964124378006981,0.6637246049249415,1.0239180144416618,1.3948763132385742,1.5402394317104096,1.550042480671308,1.554627448831236
1994-12-10__MY19,1.7739690823707583,2.0595331658943143,2.1916857088843806,2.301445708615602,2.3259949049542663,2.262999471423219,2.3199808101859514,2.321069042474905
1997-05-22__MY19,1.3242114246455876,1.439949316699727,1.4991363890808689,1.522227528379851,1.618106055503272,1.6259825026863264,1.5992370659410695,1.6425552246687605
1998-04-20__MY19,1.176317349727254,1.2749717562880747,1.3010768552469971,1.2885509128010897,1.2621319610535615,1.247398662045117,1.2699663426748165,1.273626284073281
1999-06-15__MY19,0.4025150673220518,0.37912527913653343,0.43096446813662187,0.4747071814952339,1.375029975258178,2.1912979108932262,2.3224459104089767,2.3439724580733774
1999-06-21__MY19,1.960816524017066,1.9983314490860884,2.061624809915007,2.070744155464916,2.0648136245780795,2.045962539850771,2.0506971650600536,2.0432760121840787
1999-09-30__MY19,0.5192667293942823,0.5979066427956536,0.6378749321740731,0.9928589804285793,1.6703852215382624,2.06111329331056,2.1410597582683417,2.142713231876142
2000-07-21__NZ20,0.6875912779370603,0.62464155813407,0.577535736404647,0.5531630889535561,0.5470053822258959,0.5401590269160838,0.6717853530789083,1.176910992348989
2008-04-28__NZ20,1.0330496662907487,1.1616538244854397,1.2289209149544928,1.340288541856052,1.3892855626924483,1.4056142522000057,1.3903691716096036,1.378594884239552
2011-12-11__NZ20,0.4767824355361423,0.4909051704185728,0.49101384279901894,0.6266836853472189,0.9233866013285934,1.541976648134705,1.9216503860201275,2.0050159605286684
2013-06-16__NZ20,0.5990763020708039,0.621781411632825,0.5702804171083651,0.5384655813016836,0.5029588221334965,0.5200824464169705,2.3036681568596853,2.5646049305016207
2017-09-08__NZ20,1.7407026160910675,1.9746402336701847,2.0136002293922632,2.026463606260158,2.0041509205470547,1.8052329802974718,1.6162071671313558,1.434443729057966
2023-12-07__NZ20,0.4208211462047572,0.4077522891321934,0.49559889679197894,0.7026562689399827,1.4324045174184576,2.1234143433548884,2.2535934712594337,1.9830347949396785
2025-01-12__NZ20,1.9249510266825565,1.9118719917184706,1.913974360961931,1.9296288135156618,1.9328494945168695,1.916223748193542,1.9179898260522865,1.9373120100155616
1994-05-23__NZ20,0.7359232908309714,0.7449104726932411,0.8726142654833345,1.193460703668841,1.3784992798205862,1.406344106242311,1.4021997168589704,1.3813052581045908
1994-12-10__NZ20,0.6903206501048443,0.9869749894493468,1.0618988595920769,1.1839765955008084,1.1798983808284804,1.1440551524265654,1.1240375649876648,1.1362373984526233
1997-01-11__NZ20,1.2060410379653057,1.3184194328935854,1.362878169062338,1.4300455836910153,1.4712546956167563,1.4525403852900958,1.4417970106589497,1.4431004924726671
1997-05-22__NZ20,1.0573818871910157,1.3125547276076797,1.313969972608594,1.3093288813891812,1.319955369004219,1.31042380171838,1.3324793943869264,1.335096784796881
1998-04-20__NZ20,1.1107909494347652,1.2670475149850207,1.2866184790853632,1.2623981234846189,1.3437098182062688,1.3598661858106165,1.3258339873787124,1.321991255784737
1999-06-15__NZ20,0.5397908393111981,0.8411539952186114,0.947744676557358,0.9944628888123603,1.4969732861148624,1.922837885406427,2.1136405747311766,2.119513697971177
1999-09-30__NZ20,0.3713450860282723,1.017842114803341,1.3171817480579104,1.5564789612432002,1.7430322404067156,1.9126780425632925,1.9311578107959646,1.9774882289731521
2000-07-21__NZ31,0.42150065619964644,0.4488423246081202,0.3983923532877634,0.3371433720325889,0.34303888741836785,0.4473875740172042,0.7750985156996489,0.8027209098861768
2007-04-13__NZ31,1.2461285058486293,1.2198664486699775,1.455694039075205,1.5890956703042554,1.7188283542811635,1.7373655293143637,1.7417639598206325,1.7277983131845192
2006-08-11__NZ31,1.284981030447298,1.2996567105295391,1.3386021665483208,1.3336802179587257,1.337152813992203,1.330116494578232,1.2556806483051264,1.2274779414879315
2008-04-28__NZ31,0.9870461570051813,1.0114155259636943,1.0817442933020125,1.2174302580216423,1.2987984630084632,1.3222613048055205,1.3168940115217742,1.3260984518903844
2011-12-11__NZ31,0.3297706921600916,0.34991833101237674,0.534508046216059,1.1169113130993817,1.6633585297526858,1.7796807520331632,1.9117632490332805,1.9135217853321695
2012-11-15__NZ31,0.24329141158703949,0.25186278728637856,0.26987613751726547,0.2796395308621559,0.2988281339137889,0.46962667295591004,1.0279939458215233,1.3062535657940508
2013-06-16__NZ31,0.42644022248979513,0.416755762377441,0.41254814830885395,0.41314834202591166,0.39868778437713076,0.40515401519669575,1.0377616160023713,1.9085769399362165
2017-09-08__NZ31,1.1737098042963687,1.2827094655718225,1.393022938911721,1.4784799231936407,1.564647268591779,1.611842302751192,1.6261705652657543,1.6651773365586278
2023-12-07__NZ31,0.4488344222580004,0.45803805721923685,0.6269956801193075,0.5810109795723807,0.672224036239565,1.031148361467057,1.2994503104770034,1.5196348021419623
2025-01-12__NZ31,1.5027266733942184,1.5162578801026971,1.5108208961767748,1.4878714491357763,1.5152633730842884,1.5063058720105036,1.496128933328174,1.4957994227966194
1994-02-23__NZ31,1.250815466997725,1.2434524107079648,1.210944786420999,1.2025079929923594,1.2077184715482805,1.1707777951815639,1.148377025294888,1.1629881500041845
1994-05-23__NZ31,0.3010860351865697,0.34848737928171847,0.3987914410154928,0.5483782714045097,0.8778931132094621,1.249724525223974,1.5782876817893823,1.6100822938495223
1994-12-10__NZ31,2.3101567392717417,2.3252480870986427,2.337814458951592,2.3308769583704714,2.3442865057559144,2.348504233671906,2.3204192054419432,2.299963902642228
1997-01-11__NZ31,1.912671870690357,1.91802914743412,1.9573238004248137,1.9752075569052747,1.970662350889507,1.9650326671925935,1.919516925409451,1.8886917085999684
1997-05-22__NZ31,0.8943557842299554,1.0001281140894194,1.1300654861455728,1.224602114734309,1.292506634101926,1.2893255808894883,1.302605404780088,1.2939895035688314
1998-04-20__NZ31,1.0895807538675837,1.2694656335372656,1.3557671333969552,1.3388983959681922,1.3758142910984938,1.4229178112547631,1.3823853592967041,1.3023701008695812
1999-06-15__NZ31,0.34040907666610726,0.3553435844040919,0.3636908804198781,0.38950703807477,0.6779133527912954,1.276457331744235,1.6074740241261127,1.5338688409234178
1999-06-21__NZ31,1.3646480576167368,1.341859074691414,1.2836957789315615,1.2559880365349905,1.2670794333994866,1.2758665811502623,1.279616452215248,1.2887787261044477
1999-09-30__NZ31,1.190140374282525,1.1777940859341467,1.765886645790502,2.138847230051889,2.2469839169790453,2.3379126648152266,2.3213673253498737,2.31680134228917
1994-05-23__PA34,0.9188421679588352,0.8278231408476783,0.7951084653269347,0.8259392840248941,0.9088146275906575,0.9584423312071253,1.2607383341670286,1.5086097660309468
1994-12-10__PA34,1.0163947195895768,1.120439413446341,1.2171245744926156,1.29108580039846,1.521154286700732,1.706979177343674,1.7749863482859138,1.7795389919353644
1997-01-11__PA34,1.1219439250689103,1.190875085507861,1.3219913137370454,1.4776239138077865,1.668712264964615,1.7336649157517183,1.7294102858110965,1.7671500156476867
1998-04-20__PA34,1.2588101538403695,1.344570112142846,1.5920948128443497,1.7038719385381345,1.7341043006548897,1.7246269841914899,1.7213579353816428,1.7164544179310606
1999-06-15__PA34,0.7536159759914001,0.7427507773877281,0.782538970655792,0.7816001419576011,0.757346184143025,0.8202042880605136,1.3908677688717646,2.0940592942628573
1999-06-21__PA34,1.1445995327240566,1.2563290790664996,1.4408992052392329,1.5728776511851066,1.7353421376617646,1.7846579533150062,1.7757635485530463,1.768536517722245
1999-09-30__PA34,0.6800569995343894,0.6984425527734465,0.8104360913130815,0.79643441682512,0.7683890312600271,1.2923066888877188,1.7254390349967477,1.9668081461623637
2000-07-21__PA34,0.7904493480352234,0.7057638018422523,0.6325546447176433,0.585192429048805,0.631398045870286,0.776440327435227,1.3308785728072172,1.7599354717881517
2006-08-11__PA34,1.481121701992136,1.5999633857122346,1.7307540501373015,1.7628449440874685,1.8073658982145069,1.75295800119251,1.7570538087802652,1.7609764985539191
2007-04-13__PA34,0.9225637596751022,0.9539011399171851,0.9267189423342783,1.0065362200446433,1.324710180335643,1.6128855890117837,1.6931206450377114,1.7772650035360982
2008-04-28__PA34,0.8256589080522105,0.8041304438213227,0.71067158491454,0.6590086199492124,0.7094317913556135,0.9975890727702211,1.2771559281817797,1.3708472390954691
2009-05-22__PA34,1.4142543539969226,1.3618060542700319,1.2802445624545078,1.3150322816138629,1.287208985246359,1.5705812699220343,2.9663910596533327,3.5945902554721605
2013-06-16__PA34,0.7434331504234559,0.6741138728365077,0.7167060532830068,0.7270635887954878,0.6871269149175173,0.6539463800055207,0.5928185303297262,0.6223640476747311
2017-09-08__PA34,0.5935318446164781,0.5157296614366629,0.5603930041235461,0.5871394027137621,0.616848483415639,0.700497529351619,1.4199674569708929,2.2043072173299443
2023-12-07__PA34,0.7844746646024932,0.8209632257957811,0.9142888242205033,0.9458737943486526,1.0117189306091696,1.230600209982645,2.410953900717018,3.4234206884646783
2025-01-12__PA34,1.8585471133008178,1.816426366659348,1.8327615584371804,1.8454392411313536,1.8266253049306722,1.7928674342096544,1.8435673928499192,1.8430032112938377
2000-07-21__PD42,0.4696024090194303,0.4426810090750215,0.46877617663237925,0.4533936263057496,0.4174560946958417,0.4058908384037542,0.3947888584855855,0.3982829260260352
2007-04-13__PD42,0.6472147288649881,0.7714226473470709,0.9309924906492887,1.0209301319341606,1.1642097925360269,1.3126053662491695,1.263195213972621,1.2770308686930916
2009-05-22__PD42,0.698201065597757,0.6473492571202678,0.6500918419008915,0.6587471994170754,0.6533065083561403,0.6410382724705639,0.6524076557410948,0.6292555930465891
2006-08-11__PD42,1.3426321980459957,1.2935797633765853,1.2210863773712877,1.1272472694078786,1.1722694534460307,1.276638854563103,1.3606950938887827,1.3731276984703515
2008-04-28__PD42,0.5911556570685277,0.5548470789808491,0.5720768366397594,0.5379357626592319,0.46651484396019494,0.44872730965981067,0.464104634206609,0.4623541064428494
2011-12-11__PD42,0.3572830709318566,0.32453641409560874,0.2872108669246536,0.27294111474214094,0.23482209396916548,0.228949471092092,0.2381380005947579,0.18740153012346117
2013-06-16__PD42,0.44044134049839556,0.46569355988990935,0.4321991706843201,0.4084065952694047,0.40701439364485986,0.36847368492134347,0.31813941750340935,0.32346769331246616
2017-09-08__PD42,0.6824155858160245,0.6896119359010652,0.6697883097416508,0.7301346012838897,0.7562670074912345,0.7666219205910118,0.9306638518070146,1.205041965011009
2023-12-07__PD42,0.34068351919787204,0.36745001699399044,0.381031460306151,0.4283387916941436,0.35343126734881775,0.323943584359475,0.30462728675646394,0.32712852996122604
2025-01-12__PD42,2.3443104240008146,2.2928545349928053,2.2968695855260552,2.334154027082883,2.3328515657405857,2.327832922789834,2.305669092093175,2.3052835532828553
1997-01-11__PD42,1.3158941715043264,1.443316917773167,1.4793160596695727,1.5030227343295541,1.5574843031561352,1.6149637887895214,1.6236076806304176,1.615909751671472
1999-06-15__PD42,0.25830943220979097,0.2759956691508419,0.324047509403598,0.32760672402858315,0.327857275383941,0.3347331113062263,0.35951679378748186,0.40893047890429546
1999-09-30__PD42,0.2662871190292409,0.2542523650288358,0.28522180184332474,0.2910429093797671,0.2811937859268656,0.3502774240564414,0.6437515736980944,0.9646686450313311
2000-07-21__PE10,0.5729705859265745,0.5619465413853474,0.4975535283653163,0.45177905597459805,0.45398970548635365,0.4763145181073292,0.581427615462918,0.9817292131428734
2007-04-13__PE10,0.8502913400726846,1.0212756144023687,0.854955812909838,0.9228270677067061,1.568096491814983,1.7702187145776076,1.6930662588550927,1.6073986112621497
2009-05-22__PE10,0.7053082026455478,0.7000365523723823,0.7310398028591597,0.8120280660050719,0.7420708378331112,1.1093912922747868,1.3057630663408344,1.158038537246643
2006-08-11__PE10,1.3456930247938923,1.3724342209112075,1.373775919753043,1.3420796389590672,1.2773218782155138,1.2033094257932389,1.1887340990058874,1.1794101069127525
2008-04-28__PE10,0.7930964214023861,0.8089451002910695,0.9316994687900573,1.101752486944295,1.397659026172143,1.4511454158691048,1.465652632278015,1.537682021410829
2011-12-11__PE10,0.44673088944121425,0.46745873234319657,0.4319483334126215,0.430801376808947,0.43030122673880233,0.45340471571101426,0.5658233411468861,0.4993086358373593
2012-11-15__PE10,0.6364035502550495,0.6043751639256089,0.5990016335099945,0.54710562856482,0.5255872458575399,0.5237547409391717,0.5905588679151812,1.1361662699576138
2013-06-16__PE10,0.34924235106457296,0.4136192930811966,0.4107104995614948,0.4347441628132214,0.4097913773863878,0.38108279869092465,0.39102618231555847,0.4341041461572639
2017-09-08__PE10,0.8628170122328642,1.0177555081251524,2.125032616264258,2.2167698900629373,2.252885558778639,2.390390731119371,2.556007740916972,2.6897351423485
2023-12-07__PE10,0.6544834757677209,1.7974158511491098,3.0232416179953363,3.5124392815453955,3.334516447307181,3.6315175036314624,3.8787925714974816,3.8977463092734026
2025-01-12__PE10,2.094108499958204,2.0777095810185675,2.0738714611958415,2.08480710335405,2.0916697936019246,2.0922396725531986,2.0955534865244703,2.0898377209569765
1994-05-23__PE10,0.9217074651291325,0.851761875951608,0.8297797750041577,0.8530693410036634,0.872521748262505,1.031114590601195,1.1209819873398257,1.1574163598480245
1997-01-11__PE10,1.8471175594207652,1.823024952229753,1.960269408408417,2.0396753620022006,1.9765332663724249,1.436658144904686,1.488674002063405,1.8788283886489774
1997-05-22__PE10,1.6545065918725155,1.7741703299177327,1.814400959559429,1.813574188123225,1.8040685280283464,1.7846338557142312,1.7719897882984819,1.7441423583907252
1999-06-15__PE10,0.4827223816452249,0.48920703251686626,0.5969322464859975,0.620423408486992,1.6202771697162177,1.7633026199632533,1.7723165337849618,1.7924158082545543
1999-06-21__PE10,1.2678784491274921,1.457161570593899,1.4722081408729009,1.4584840199645521,1.5321325520181166,1.5210271308176853,1.5051656923642889,1.5072634305120352
1999-09-30__PE10,0.5197039448271172,0.5496707370583218,0.8498663889085293,1.4113167281002705,1.6619203365314599,1.776427910831127,1.7436425766678876,1.9831273307227775
2000-07-21__RI76,0.48155286869668334,0.42176150286284536,0.3894541478942108,0.4439763630328707,0.6397935934389182,0.954859289906924,1.0254137387791584,1.2054615265792734
2009-05-22__RI76,0.6159873905293967,0.6769721993815386,0.7861341994468783,0.7413064919128091,0.9054061780679781,1.3450442066628223,1.4822944851413289,1.5349813963810441
2008-04-28__RI76,0.862508056890632,0.7524979606167006,0.8403624056844631,1.208968950259148,1.255617108783152,1.2866707821979149,1.3621677295268868,1.3860654518267703
2011-12-11__RI76,0.3444366586213443,0.3386040331432807,0.321549220886451,0.3361235542732059,0.37316154970795845,0.40045999366319385,0.6222589726405688,1.0442742329675727
2012-11-15__RI76,0.4354057935022511,0.40998001301185516,0.4089870154797589,0.43705382496083683,0.43904512409731067,0.40941182426885026,0.41503655291996655,0.5007493189726152
2013-06-16__RI76,0.359527702439996,0.365977211470157,0.35595324482064034,0.3538796733785392,0.34213106288542144,0.3092119777335886,0.3029888183890771,0.31047059810666466
2017-09-08__RI76,0.5977474487226097,0.6383837069316672,0.6306890313117519,0.7357821139890409,1.4248753472690168,1.7674696681996347,1.971666386174238,2.0601395142735455
2023-12-07__RI76,0.3305785427594544,0.3688875857242861,0.5534608328179753,0.9109123575704975,1.2086299209366218,1.415687091015382,1.4751882586078502,1.6727208098788773
2025-01-12__RI76,1.5479574084344447,1.5384106282724104,1.5476542618340636,1.5359615673690787,1.5119123675786093,1.5234755597061351,1.5104485456412369,1.4990387139161232
2000-07-21__RM48,0.49036939970263943,0.49203444260223833,0.4623560759415776,0.45759589351764823,0.41285352020151495,0.39912047459394545,0.4406391438729008,0.515103264918625
2007-04-13__RM48,0.7136995787058158,0.7171740994774711,0.7128952024598387,0.782707561036897,1.303096580153037,1.299590520922105,1.3572645016068738,1.5295757855808307
2009-05-22__RM48,0.6266427583168303,0.6319732262741501,0.6145461595436879,0.5722699932074945,0.5987578659961478,0.5932696682359753,0.5516924593781225,0.5816820368389773
2006-08-11__RM48,0.9381502170372751,1.1000825135995518,1.1167521080708622,1.1957667822827303,1.2535523547734673,1.2234145673621188,1.1554433772062132,1.2895822024957702
2008-04-28__RM48,0.8358676369199456,0.8356385769450247,0.8653142746539881,0.8191997195185132,0.8308429190558223,0.8762560398627244,0.9108902610541111,1.0571929514187512
2011-12-11__RM48,0.438613627637994,0.4158561838710865,0.39100234849024396,0.44436267686876724,0.43565243803338316,0.39873624379791833,0.362193707241114,0.33536764574177835
2013-06-16__RM48,0.39198527879053113,0.38337105239523256,0.3888572782564042,0.4006937191525496,0.39744330028579494,0.3562635294975749,0.34489019422558037,0.3476827245705929
2017-09-08__RM48,0.4784147287592205,0.5003047313997471,0.5073610585007735,0.5207011602692186,1.0387785867268042,1.2585539317517032,1.4672272006150686,1.8064396762869155
2023-12-07__RM48,0.36938121331708923,0.4355364289910713,0.4553306623060892,0.41034776424062525,0.404509981785121,0.40439171956434894,0.4139362348852942,0.5127485771571861
2025-01-12__RM48,2.097037098268197,2.064556074479184,2.1039771716624136,2.0726777642078194,2.061093923579675,2.077876364730654,2.094700154933505,2.104832968697695
1997-05-22__RM48,1.2153040151839847,1.312908303805277,1.2977678802438013,1.376848777926854,1.4041931801750602,1.3735992569490005,1.3911948244787198,1.3920524468473365
1998-04-20__RM48,0.9665664253801765,1.2248334596536963,1.207579732527549,1.1883908745142313,1.2470931626024642,1.26793459735939,1.2606555612211425,1.3139190450393188
1999-06-15__RM48,0.35280640531120755,0.3813147619714807,0.39171838344713494,0.4071275877163967,0.412125808611687,0.39247202640851525,0.3877315379623765,0.4926557280718706
1999-09-30__RM48,0.39291753368169346,0.40224819654827776,0.4362342065674812,0.4546313090538866,0.509652100574807,0.5264882109991978,0.7954669421510249,1.3265419427815213
1994-12-10__SCT,0.8901439373838179,0.9913673830942753,0.9887662361269954,1.0034896383733913,1.1266897310990294,1.1489571638606446,1.1374193819400746,1.1127672977955692
1997-01-11__SCT,1.0620689167338155,1.1170219246796806,1.1865402208599103,1.1972028470314469,1.1827304214635836,1.1903463301502775,1.1728634281382133,1.1782544629388583
1997-05-22__SCT,0.9843964949011204,0.9850956199820896,0.9935800129507629,1.0668122338965649,1.051404427260748,1.0313848549682254,1.051661925393496,1.0218623542122487
2000-07-21__SCT,0.7652039706556917,0.7447829405262995,0.6398787925451834,0.6085307430383069,0.5454448815635916,0.5087105666285578,0.5228511469116724,0.5453603349149639
2006-08-11__SCT,1.7216203259752556,1.7792054565105144,1.7878217275760115,1.782852170835214,1.7316157172855773,1.5454011785986446,1.5626143076086982,1.6014014300291088
2007-04-13__SCT,0.7087312171137854,0.8315942060365029,2.0409797901663858,2.0430611401975134,2.036135079192742,2.0228796004566405,1.971499324693986,1.9294065278325092
2009-05-22__SCT,0.647457094905193,0.6187409606215494,0.6098481497037198,0.5398437020007142,0.5804152880808153,0.8099925995966211,1.0710867879367574,1.1043442861563122
2011-12-11__SCT,0.6003797081894837,0.5535562770330853,0.5758447699400567,0.5429207395505159,0.44500750224143304,0.39518830291987245,0.46831817948348764,0.5026711697690355
2012-11-15__SCT,0.5773279863763562,0.5710906292620956,0.574521999896961,0.5690025547363365,0.5047088903134551,0.5044160173225201,0.8367816913218838,1.0209513143313738
2013-06-16__SCT,0.43250085047160924,0.47717436676797614,0.45426719772739005,0.44246219252238,0.40323984594935164,0.3962850170773985,0.3467357496866016,0.39794739656959077
2017-09-08__SCT,0.7985850615457505,0.8223900005875583,0.9713056394961628,2.398489032335748,2.4055708092744115,2.403832614848301,2.3855109733203403,2.362123059130648
1999-06-15__SCT,0.5378053388461518,0.47275445330215293,0.4582989522986522,0.4824441152862873,0.5675973778556727,1.157946297895483,1.2322663239217504,1.2392957994718945
1999-09-30__SCT,0.5795744041119014,0.5955955194216986,0.6082908742498299,0.724649747075827,0.9568512383143646,1.6343324944526565,1.8310592966078614,1.855107972928079
2000-07-21__SI53,0.7698049497696489,0.774115680121367,0.7294450530036256,0.6215210947298005,0.5729183336297159,0.6027078728494327,0.6154882309074844,0.5676796221704791
2007-04-13__SI53,1.035886809355232,1.5039445612916078,2.046473275396316,2.3904935197369217,2.772006074701182,2.8168957643690664,2.78402010265423,2.755117562851423
2009-05-22__SI53,0.6604033538252697,0.6772668510800111,0.6502541748088204,0.6214250231110509,0.6729337061977867,0.7345744603944804,0.7439816577250798,0.823099487553202
2006-02-20__SI53,0.9985414568933272,1.117258365445511,1.167239224155564,1.1579251329814115,1.1871434433952275,1.2152228862436458,1.2320469002008585,1.2739590965967045
2006-08-11__SI53,1.1297845532615012,1.284874501232391,1.4864140518493225,1.7148600257931035,1.8442773312006866,1.8496608344608385,1.8753536324275952,1.8646216753036635
2012-11-15__SI53,0.7413184084260988,0.7584311678146911,0.8016508024243676,0.897338492542374,1.143406618301426,1.440810807929633,1.5701080983177003,1.699693197259985
2013-06-16__SI53,0.583839676380297,0.6407512819094239,0.5752407981643064,0.5064637758193399,0.6012616889595751,0.5920977019340443,0.6496436831134301,1.7830745245277735
2017-09-08__SI53,0.6836102001129631,0.6327909292197006,0.7025743543018398,1.6296097268752894,2.4432334359692796,2.7787609752588427,2.941815158602341,2.935242209242367
2023-12-07__SI53,0.6709239256837419,0.5837157534371156,0.5881531276750859,0.6475709391421944,0.6973009996825539,0.7453251123641172,0.8805976988409093,0.9654506905161085
2025-01-12__SI53,2.4877159703878027,2.5768096307709403,2.6033286316838775,2.591034015081789,2.585765458868223,2.56106699662378,2.5467045513978155,2.535045045753791
1994-02-23__SI53,1.0681198325081405,1.0980284925965604,1.134454861764552,1.2622869766369298,1.2863097037833247,1.2845276563225017,1.2954230800869653,1.323916009272251
1994-05-23__SI53,0.6724085490568515,0.717130435091354,0.9714360202686991,1.288765322453543,1.434325852388014,1.612477177563623,1.7022796969316651,1.7476929712677987
1997-01-11__SI53,1.4154071340791265,2.0402362814776285,2.4258786170100746,2.5909479253760868,2.5941324839897146,2.749613073889158,2.9079119849606734,2.917706478845649
1997-05-22__SI53,1.15547054046617,1.3109801955652398,1.5364901405549767,1.8957510312202372,1.9925957991940353,1.9848934441971768,1.9953026647379752,1.972208715443315
1998-04-20__SI53,1.5327914456290785,1.5348920850183216,1.5441051089308078,1.53313381143614,1.5111081309777585,1.5381004138324692,1.5445130058104772,1.5732349224448545
1999-06-15__SI53,0.49746073598824614,0.512087739769379,0.5246339255065974,0.48455748066346294,0.5572602661738647,1.6357070189430223,2.285890955941919,2.104967434710305
1999-06-21__SI53,2.054260559077537,2.082818414458888,2.161430164842251,2.1619955467594525,2.1166014173531704,2.1131415962055167,2.1080190289140734,2.238413509241806
1999-09-30__SI53,0.5041834090296268,0.4971200007080876,0.5299413655072106,0.6379211474384741,1.333484291480626,1.6661863614126975,1.698554123623258,1.7038820351298538
2000-07-21__SP51,0.43083964418325355,0.4442011778129198,0.5352492282571785,0.5364876940998815,0.4104357202650983,0.3879809692509223,0.5175624236303007,0.9437903229739191
2007-04-13__SP51,0.7944763129875202,1.0550078848778937,1.501687102637919,1.7971061440836198,1.7520542392369618,1.8446717103184427,1.9011175107198712,1.913121678173332
2009-05-22__SP51,0.526486353044139,0.657780479125691,0.8275213868960161,0.8452892283792056,1.3297376382940387,1.5259831450722665,1.8699961057116417,2.1891422536769927
2006-08-11__SP51,1.8020518491969035,1.827771761269095,1.8420897711788737,1.852636971595085,1.8395917508174369,1.8237289193709247,1.8301672130193307,1.8059725751254125
2008-04-28__SP51,0.6783415762480643,0.8616836882423659,0.9932108468675597,1.0906954130602227,1.0954820138333503,1.1032695470131437,1.1938692445220567,1.1973507244100832
2011-12-11__SP51,0.3709130275123587,0.43277850918417166,0.4817335782961545,0.8435204503617546,0.7516311242047311,0.5240909265534232,0.9664172999373223,1.7508733830800964
2012-11-15__SP51,0.49127835524848085,0.46309993675672273,0.46490677942232156,0.5118841516961878,0.5617787481861932,0.5493969402354664,0.630450810189763,1.169918105236088
2013-06-16__SP51,0.3760034677918099,0.4726118778346475,0.5001368432826625,0.4960137637530577,0.45290080413195705,0.4300545406121505,0.4871288915438187,0.977904157831877
2017-09-08__SP51,0.8376396194885769,1.6138318640503355,2.5030030690360534,2.842853676329673,2.825544574520203,2.866356980123209,2.9227496304581475,2.9333128124951204
2025-01-12__SP51,3.656433472283272,3.685908137474992,3.6647442874584635,3.662490633946717,3.659690258148996,3.646320120196527,3.663981745236836,3.6702838611129622
1994-02-23__SP51,1.3725889315821722,1.347885674235786,1.3335475775828003,1.310635505668058,1.2551516932379503,1.2368783446251166,1.198586258981556,1.1935597216053642
1994-05-23__SP51,0.5202071289886336,0.6032047853711956,1.0049248444671322,1.368569714800888,1.358087694499353,1.1293995119404905,1.300754174810253,1.6472426374412001
1994-12-10__SP51,0.880110404722106,1.5480956571001732,1.9669602507319544,2.0644066839367325,2.054527073949852,2.024137351264974,1.995684777789603,1.978037238577433
1997-01-11__SP51,1.9549805840263845,2.219281182519107,2.2773862715756974,2.259226741055592,2.282244827513879,2.2693616298760246,2.215775078551012,2.180563851994116
1997-05-22__SP51,0.8306232934660912,1.0445702830223602,1.3190287737402828,1.4501331479321542,1.4719106265668906,1.4527343730813649,1.5126543849955936,1.5946630951253125
1998-04-20__SP51,0.9745506936241943,1.1218232985185186,1.1813566900541443,1.2945645582236187,1.3180373125714924,1.289004515507887,1.2742786048381545,1.3133026729285937
1999-06-15__SP51,0.4944809727223468,0.5424146729179539,0.6857080661731868,1.2730551704526278,1.8767460019960003,2.0935284611733613,2.1101916197458586,2.209160582777717
1999-06-21__SP51,1.9602287277711417,1.9857626903278138,1.9743196229417208,1.9512023569191521,1.9149104287079848,1.9058084547395673,1.7531941565565905,1.706592865974035
1999-09-30__SP51,0.4935106952896128,0.5460119075563408,0.9373034264098571,1.7360164823586797,2.253160006851763,2.261502716966683,2.239441291339721,2.2343311326380677
2023-12-07__SS60,0.5123845321544919,0.3131019057860484,0.4755055368250322,0.5315851818786195,0.4829512701882611,0.4775875597228636,0.4523773826344683,0.45941091942398776
2025-01-12__SS60,2.281064581992935,2.315414106718565,2.2810433616440604,2.2721289850866637,2.266914919364472,2.2325236639527657,2.235481062574073,2.255932228802822
1994-05-23__TCYA,1.043168614492721,0.9671690869900927,0.8378189383210753,0.8030852408991184,0.893427904829745,1.0105671247190053,1.0897200925696218,1.2522826959774314
1994-12-10__TCYA,1.2401463907544026,1.2642304752587754,1.195998168658607,1.237732013985243,1.3210319348175479,1.441819928230766,1.6080793587714826,1.7192881303253653
1997-01-11__TCYA,0.8621717423963553,0.9256918009665208,0.9146204430081787,0.9893540933119107,1.2413037805825626,1.3788208566563427,1.500632814973407,1.512171064233809
1997-05-22__TCYA,0.9487937673560782,0.9823855721835317,0.9922151258530594,1.017176619853495,1.0697508742650592,1.1413407555808144,1.1643123832224955,1.1578698103694658
1999-06-21__TCYA,1.0803819369901284,1.1429984638456838,1.2098174914689916,1.2044849523800274,1.1760807825543873,1.157862930317111,1.1791702885496556,1.142599396608155
1999-09-30__TCYA,0.6131840906865902,0.6771850141443959,0.7510946459713375,0.8138055809904533,0.8552782824308508,1.5779038616931953,2.1004702624660863,2.2371196408454668
2000-07-21__TCYA,0.9842616115889613,0.8246959783880953,0.7104174616056181,0.6331425938187061,0.6257295319161061,0.6872389294086279,0.7397372339274582,0.7451658910960024
2006-08-11__TCYA,0.9367115304638123,0.9548795810917478,0.9510688896161563,0.9448520786808045,1.0199153119244613,1.0574953165010959,1.0768141394406976,1.135895036062452
2011-12-11__TCYA,0.6851773716841324,0.7977581612716572,0.7833815006845942,0.7494776323125012,0.7104131364596712,0.7302551344449926,0.7630564646345988,0.7571708903139344
2013-06-16__TCYA,1.1319829362453555,1.3095415581134995,1.1126149029104873,1.1782580695121438,1.1607690760618585,1.0313394365918356,1.0069857575487042,1.1354792825858215
2017-09-08__TCYA,0.5212492357761711,0.5321064202555891,0.5772182284940837,0.5163135176445198,0.4734163966185204,0.5080616112368959,0.6929020343509794,1.3947490001828344
2000-07-21__TH35,0.3620932071716423,0.38333758826841613,0.45564923342975594,0.4327892396525575,0.3741450936955497,0.45754393042902275,1.0228980765237148,1.3360389647193998
2007-04-13__TH35,1.2601742883544853,1.5776875976328704,1.5790358630238472,1.6007493524153318,1.6172219143916429,1.618022238823178,1.6065056677624603,1.628956535731408
2008-04-28__TH35,0.654669131629739,0.7530486886087099,1.0009630659071163,1.0019435785311563,1.0176913718907898,1.0288778700045307,1.11140336417184,1.1401780481098516
2011-12-11__TH35,0.36510133981516674,0.37820029791392945,0.4049732221191127,0.4061181414664028,0.3569880596404657,0.3464198993746063,1.4670491571844972,2.35804735074006
2012-11-15__TH35,0.383436785241728,0.3674371252809742,0.3683820249919253,0.3504764733246706,0.33152704619603685,0.3296634142369174,0.37353380510333556,1.4954315273390786
2013-06-16__TH35,0.33315577562679866,0.37076247414809776,0.4227352685902565,0.4993123257863377,0.4047461621545745,0.33698910471260424,0.31822184606473447,0.7126525050731587
2017-09-08__TH35,1.5174628818456548,1.8245822320027287,2.105030518325615,2.404048065567698,2.389436903552605,2.368990270978945,2.2903621975868624,1.9331350587518097
2025-01-12__TH35,1.7052926171107576,1.7193702499951153,1.6885934522561732,1.7332140730568024,1.7407033924440583,1.6940997961638622,1.6476418694573285,1.6702483122814522
1994-05-23__TH35,0.6179656256859009,0.6391182646986732,0.8167027884235579,0.8279711223233863,0.8454067512846477,0.8583843318998662,1.0690161282122221,1.2839249940066482
1994-12-10__TH35,1.4029232418398048,1.6538178129564367,1.6482440774448246,1.6744897793377933,1.7519638039128298,1.597881359784868,1.5657697205578915,1.617874278692174
1997-01-11__TH35,1.9360307547388373,2.0467022283811733,2.1389582517889627,2.177516503853836,2.171225755205329,2.11295766672317,1.9529186258752096,1.892742933543712
1997-05-22__TH35,1.0029717739521486,1.076587395457457,1.0930579488497132,1.1368314567872013,1.140499314265647,1.1334554214949963,1.0978535447768243,1.1060344560656636
1998-04-20__TH35,1.15334142508114,1.1926268807500768,1.1991639060815227,1.2327717979212465,1.174388908398161,1.125438517327836,1.2130061841183277,1.242694439723908
1999-06-15__TH35,0.44922449373208406,0.41557819831074205,0.44613528344772085,0.435075623022226,0.3997996942489352,0.5168023909894928,2.1264123425574653,2.1001190992319216
1999-06-21__TH35,1.2243310213625938,1.2786906368649338,1.330766234741119,1.3620363844179326,1.4136302438122592,1.4247134390181646,1.4152831372253838,1.3599464542379271
1999-09-30__TH35,0.576874458860541,1.331928240768502,1.8022763229069991,1.9009565963918862,1.9297345803061623,1.9431988576389447,2.0860230318806976,2.075934061427306
2000-07-21__TL08,0.5471747579702898,0.5313709013278791,0.4557976182589282,0.3883633386670465,0.414110432264681,0.4208686921601388,0.4217824075502059,0.5933886945904367
2007-04-13__TL08,0.6894486858576789,0.8349225883714436,1.0182411111499738,1.1612435576863902,1.3857735166765754,1.536949261397762,1.6275910856465337,1.785140913330809
2009-05-22__TL08,0.6409042832432065,0.5854712392486348,0.6329682503605973,0.6374544219558862,0.6378051863873324,0.7474110162012778,0.7926636291061507,1.3200969436898475
2006-08-11__TL08,0.920281372756178,1.0766713598681787,1.1176003434873498,1.20003540339291,1.2971584589707141,1.3242350668515575,1.3194113295608396,1.3299885495385364
2008-04-28__TL08,0.6623589326908397,0.6749984606910312,0.6632759418219023,0.7430514818783315,1.0097951974989081,1.0239226272539728,1.0665641685435037,1.2782518340678233
2011-12-11__TL08,0.4250962161986815,0.40500475908955386,0.4213976397204631,0.4511476794942112,0.4582390567336773,0.4638918277605785,0.4492323287236953,0.7045013261032476
2012-11-15__TL08,0.4447107334677208,0.3890238479117158,0.41759548188264034,0.43886871854643655,0.5331630141316654,0.5318567481870632,0.4367650433221695,0.5013754864401799
2013-06-16__TL08,0.5035716396285815,0.48089893121802074,0.4314677271597612,0.43215661967707775,0.4171992742464066,0.3932572673393445,0.4202350912052432,2.3353999469762043
2017-09-08__TL08,0.7404708277424393,0.9433185872276938,1.4517237165066794,1.8965760920837853,2.2473021560252815,2.438260873105276,2.533744651733164,2.565387710933176
2023-12-07__TL08,0.44705534700540545,0.4814596324718488,0.5440616731589248,0.5050081505816638,0.5404791645170864,0.535343606165958,0.5092028460425372,0.8102418043680367
2025-01-12__TL08,3.6913982993865644,3.6428825731840555,3.5888515793213354,3.5790520623483686,3.6014853302156227,3.6018079608802833,3.6146898093184427,3.615432656088972
1994-05-23__TL08,0.6514032212223408,0.6081268781361622,0.6103364414171383,0.7795932266333648,0.9789681698001015,0.9921997364802982,1.1415393405451109,1.3532612133851403
1994-12-10__TL08,0.9317896499829585,1.0350023618499897,1.3825285696092504,1.5323496614224896,1.674800832894965,1.768827258770402,1.822328099124001,1.8374397958287803
1997-01-11__TL08,1.2185810142337323,1.5453582599460647,1.7507236225994371,1.8374798263850058,1.8871102226303313,1.9463588893871997,1.9312105941045385,1.8965183130786987
1997-05-22__TL08,1.2067708114313547,1.3893521554458592,1.4812222786055618,1.571817913403707,1.702578091969446,1.7135890746722686,1.7200478258052567,1.6802232363192566
1998-04-20__TL08,1.031132408758044,1.030825534499501,1.1521138594803142,1.195006055224643,1.2663440264715444,1.3010757650036735,1.3044386909191112,1.3286406619555502
1999-06-15__TL08,0.4268299455615906,0.41369376286347,0.5244604225427332,0.5097149666227503,0.5034188632193498,0.5814847699414449,0.9223861756689559,1.6685987619178269
1999-06-21__TL08,1.2066196390798936,1.388538605458122,1.4905162615692846,1.6420203185689173,1.7398799165589287,1.7737113286420179,1.8268064896709841,1.8054940323362287
1999-09-30__TL08,0.49594136728608,0.5018616048890472,0.5006292994636912,0.4976501965702516,1.0083218511714687,1.6434744462978068,1.9477309535275076,2.0670965555477694
2007-04-13__TL55,1.380042224255083,1.525794917188036,1.3750601184259492,1.386055042298736,1.554028460832676,1.8007492049030918,1.9813567010531767,2.1731718720336755
2009-05-22__TL55,0.641391437214656,0.7385604598839351,0.7488517451643693,0.6316307343138173,0.6805685084422585,1.408211558734174,1.5547452707976543,1.647037790470871
2006-02-20__TL55,1.5451415072975696,1.5705854211469363,1.5850388280416432,1.5912295128465326,1.6379607793876387,1.64871165076972,1.6414051713401576,1.5866692153222761
2006-08-11__TL55,1.4632094056121598,1.4646455164235375,1.4076638504732153,1.3652123440128447,1.4067706121127477,1.558384029001623,1.6651438021635256,1.6853010690086507
2008-04-28__TL55,1.027527255315925,1.1012197696022814,1.1414586722865487,1.0046182866028377,1.0189042552895997,1.3048710221910216,1.4720194055775015,1.5871780071351311
2011-12-11__TL55,0.6474010630774166,0.6101836038587041,0.5395900579657583,0.5899578314590785,0.6601947907731636,0.7217144773100315,0.889361323511975,0.9256621263142274
2012-11-15__TL55,0.7214103092938847,0.6722933996628171,0.6746205121101467,0.6745808695882329,0.6480411992808859,0.6422581146202919,0.598707125878543,0.6095462152637185
2013-06-16__TL55,0.5452407043792163,0.6062066836583034,0.531557008158774,0.5016967433549475,0.5079324067977343,0.47447428038860207,0.4624339898884719,0.48875060263853054
2017-09-08__TL55,0.9884545377793109,1.535033828334648,1.9014233863310217,2.1517326215461776,2.6424517721621363,3.1266866077886455,3.262812940689158,3.3017526420597427
2025-01-12__TL55,2.0430746887125215,2.0198830164981865,1.9897396647223444,2.009009866059786,2.0261768630442747,2.0243767653570686,1.9912524222565722,2.0059282799424034
1994-02-23__TL55,1.468994131344393,1.4664577846835096,1.445235798043613,1.4438350626361274,1.4624257837423367,1.5049574412863616,1.516273500763944,1.4940721239364805
1994-05-23__TL55,0.8841003248920213,0.9393424875703547,0.8253301868979249,0.8107613858404867,0.9987581087093277,1.295875804864006,1.5373340360079815,1.637287203024251
1994-12-10__TL55,1.2928402872231866,1.3610214410507235,1.300591528659189,1.3664444227834711,1.6171591411577932,1.8532192666701688,2.158112797558966,2.2309598916820015
1997-01-11__TL55,1.5933384306515614,1.7546395938048898,1.7374798164395384,1.7330453438703157,1.8274020119739698,1.9046433775521239,2.069272392849765,2.0798533742958307
1997-05-22__TL55,1.55914454585707,1.5812084669057431,1.5581974239857241,1.5644712208206386,1.6202644359595217,1.6581112065991195,1.6953711042962074,1.7317330113435645
1998-04-20__TL55,1.7793557513747085,1.8004791421739872,1.654030840895085,1.6126461169223845,1.72430206040509,1.892952969205107,1.948233582267827,1.9715003564752145
1999-06-15__TL55,0.48077653351428207,0.5075947638136593,0.4996088694778295,0.5065422733262862,0.5235020517142163,0.5307472802971216,0.6037427981530842,0.6670639424216037
1999-06-21__TL55,1.482865526042728,1.5468360909423515,1.5031334957351614,1.5389485979837663,1.617263726573093,1.7642114931703596,1.8786451812081766,2.0220553453089303
1999-09-30__TL55,0.6255670428470282,0.6749005918312457,0.5958037590113778,0.568076634634565,0.5881075385918353,0.987924923996389,1.401406162669069,1.6676846430397707
1994-02-23__TP13,0.636427336344663,0.8096662931821149,0.8883282674223221,0.9340761303383787,1.0348495731760543,1.1028537720625704,1.3340957514726068,1.4825857216130036
1994-05-23__TP13,0.8410310771895345,0.9842339277467025,0.9956040362041902,0.9801654805160428,1.0107802704002382,1.0116949001742965,1.1770336334526246,1.313800397009753
1994-12-10__TP13,0.9789378907736157,0.9783523256208364,1.0558382305403975,1.2956535608103996,1.911528371315071,2.4841702401359127,2.608970173943421,2.858920615129153
1997-01-11__TP13,0.9267821918088671,0.9557681896465882,0.9989845741121433,1.2809413692188296,1.4845417711651945,1.5475771956355755,1.7778146617541526,1.8552628503643167
1997-05-22__TP13,0.9371747170365845,1.0479139380997777,1.1581734313611114,1.3227755059683222,1.5170746461728595,1.5615294440195315,1.6190658015286845,1.6433328680597254
1998-04-20__TP13,1.0634218067305892,1.202828142963933,1.3831138067157722,1.5937950090692077,1.7306516124725453,1.7708121493550375,1.8190188172800341,1.8997160359054415
1999-06-15__TP13,0.808231733802878,0.7169939127296621,0.7397941553173173,0.7162722502443676,0.7306769439917697,0.7557041921787002,0.7918409457800429,0.9388560571902508
1999-06-21__TP13,1.008537306733735,1.0536695639094313,1.273305361311689,1.5854701031920222,1.9460415648698808,2.1457130024813353,2.2858949004938243,2.313330711744057
1999-09-30__TP13,0.7965556020629397,0.8188208284784415,0.8140048177227313,0.7979733807171177,0.8323011470775424,0.8643262086414149,1.0080816076187307,1.6050806428769224
2000-07-21__TP13,0.8829557221198541,0.9045742321976967,0.8348579911645385,0.8616850483323338,0.8768712074310577,0.8112166812851715,0.7602149099875872,0.8115764362129895
2006-02-20__TP13,0.7402479508528262,0.7720051265880763,0.7722841507568471,0.9404998291911012,1.0691898150363475,1.0777957623213588,1.15788992703116,1.2254762483953867
2007-04-13__TP13,0.7963554534348144,0.7996131547038645,0.8304572293750114,0.867600894062856,1.1422440769263769,1.3257060962162062,1.4304822197127958,1.4914418164057448
2008-04-28__TP13,0.8034114330861326,0.7682539568747005,0.7359683776878151,0.8640345851786412,1.072383885480662,1.2479913737942077,1.3904604468954092,1.4260805568519441
2006-08-11__TP13,0.9886445345086528,1.1231262104243462,1.146594012569367,1.364353274201004,1.5040534326295756,1.4958795982994681,1.5559886539909351,1.5976637097139246
2009-05-22__TP13,1.5508664999002764,1.796380375899669,1.880628890609138,1.6407606919502145,1.6677402172838298,2.1780154800382117,3.1420624812840776,3.1513401209332326
2011-12-11__TP13,0.6203707782335113,0.6332868758119066,0.5758592187434471,0.7228242929371516,0.7507951145392822,0.6869554757069337,0.6518615568796412,0.6811114844694937
2012-11-15__TP13,0.5776222421047662,0.5280732157296265,0.5382409393796749,0.6749626554298639,0.7564597288162438,0.7486718418146674,0.664165639349604,0.7235507794923774
2013-06-16__TP13,0.8918292102010771,0.972560346347863,1.1371171951090988,1.1003133642725649,1.0206941222946408,0.8892170088687669,0.8576084854348552,0.878762183416208
2000-07-21__UC44,0.8066219269857883,0.7138324235005864,0.6629642968965909,0.7016290738869579,0.6443597135182599,0.8271261076956047,1.311275297135437,1.3671476479339266
2007-04-13__UC44,1.0446949230912281,1.0770402753350767,1.2231880981806504,1.6227624456377647,1.7307649948592623,1.5293452961211982,1.4985817842620635,1.4624753778101303
2009-05-22__UC44,0.9754447834797543,1.036762194983556,1.6453712114874566,2.1862589102787706,2.388159213775397,2.4286439458011793,2.495452025699992,1.9384476739735816
2006-08-11__UC44,1.2141756742699592,1.5019267846829718,1.5399428387763299,1.5623265364434407,1.4933748017866053,1.4149537991034262,1.4944058504795141,1.3321752610543345
2008-04-28__UC44,1.2957776092872633,1.3956383837765998,1.5534984006156989,1.5168893078439742,1.4897558942549898,1.3926957422363122,1.3305814464546442,1.3609565809294464
2011-12-11__UC44,0.6484614366888865,0.6439174958254134,0.6004077270080795,0.7787948853633108,1.9876567367704372,2.3115994553397785,2.4148267691383585,2.428164805562706
2012-11-15__UC44,0.9817492317279737,1.2203641659063162,1.4746287372059375,1.6284561714938297,1.771008683038499,2.327946269443897,2.3377772956194693,2.3013812846587895
2013-06-16__UC44,0.6540507376025337,0.8217752066697493,0.8693332732482215,1.329365528041043,1.5650923656815607,2.124609142977765,2.2049867607858036,2.6819777611382887
2017-09-08__UC44,0.9105070698555788,0.9626588953976203,1.221809366506471,1.9985565566038108,2.8509933953995943,2.8875305739075166,2.8729586673248027,2.818915879649266
2023-12-07__UC44,0.8228724322597604,0.7732398221498874,2.527959684062586,3.8705852928410485,4.264244704814587,4.579054626019367,4.68319898296305,4.708216807708998
2025-01-12__UC44,1.6477090236015615,1.5206570601140033,1.439398827930333,1.4879219232424432,1.455810701643297,1.2921938026277282,1.2505711448444137,1.2181776449643409
1998-04-20__UC44,0.9590039832999107,1.2083566194029964,1.3749917551487087,1.3328749222640914,1.304545876165084,1.3269291220284698,1.346280760272832,1.3106695061912024
1999-06-15__UC44,0.7533821373810229,0.7509162000481576,0.8200529900276012,0.9509763413552751,1.900587241557148,2.1351925214106466,2.124509194046438,2.137160595177129
1999-06-21__UC44,1.5585898014759756,1.5646345760269822,1.6141390018258495,1.6397441898065859,1.6167005392882945,1.5886008944068324,1.5777938437483157,1.5162010690559515
1999-09-30__UC44,0.7632932970811385,0.7397851329418498,0.8340582419719895,1.1127487083997671,1.6924345859919832,1.7598071802361064,1.755176667810143,1.7752992705701773
2025-01-12__UI21,1.1962211992610217,1.2801229137719177,1.286577568858774,1.2738858176721086,1.3166141799024735,1.2673111405183755,1.2698167454947622,1.3103953251311409
2000-07-21__VG09,0.4436606989185658,0.47555974171990273,0.4600562764286977,0.44612447184427056,0.44351411938116325,0.4294144245819516,0.4463967972792418,0.4181855457471555
2007-04-13__VG09,0.8203502616120746,0.9768001477712385,1.1567726504526263,1.17641616508495,1.373745222177246,1.5009040140741912,1.7617129770125834,1.8645958038911536
2009-05-22__VG09,0.5918001797099122,0.5695378356720641,0.5424701908256429,0.5076350846263789,0.5235831592463386,0.5935071939439897,0.5748731489944788,0.6968633681338767
2006-08-11__VG09,1.5855986059170282,1.6022356746058244,1.6492514212352947,1.626011057156614,1.5658399956038618,1.5863922957213705,1.6304437613661569,1.632703852587236
2008-04-28__VG09,0.5572141466558427,0.5181794152321565,0.4837727674571688,0.5261402941840331,0.6511104124436928,0.8682911906333171,0.9087986665469627,0.9707540164104732
2011-12-11__VG09,0.39289748213406556,0.35656012439147045,0.38045028540623815,0.4330649765856106,0.4590354628125631,0.43546612652484973,0.43154779481920413,0.4581725377863237
2012-11-15__VG09,0.5056488074638548,0.5029066404280618,0.5498586387632379,0.5476704488458668,0.5726399309879308,0.5628667788389834,0.6113957688246697,1.0188552786113991
2013-06-16__VG09,0.4521042447823427,0.4449556228074396,0.4200202310947422,0.4021201524221686,0.3678053563309965,0.34942003265523497,0.3640154530649457,0.3647076777756806
2017-09-08__VG09,1.4840975852137426,1.6425266877852827,1.5151798640991645,1.678312807303106,2.0462685469804485,2.2165830485568248,2.317787008528913,2.363883746709107
2023-12-07__VG09,0.3246761989039407,0.38264390000288245,0.4751828164737664,0.44467452347427844,0.44878038492831,0.4892035256739394,0.7257171456543323,1.1793708356973387
2025-01-12__VG09,1.8826359745057009,1.8615151322707826,1.8430433159725796,1.8567203321409895,1.8531779437383573,1.8810748707344305,1.862525701184614,1.865589540817296
1994-02-23__VG09,0.983586527557433,1.0657079889528844,1.0224103208452053,1.0077818253219752,1.1306853731170279,1.1944568485916978,1.1976533809586247,1.1563470468044552
1994-05-23__VG09,0.7081252514483932,0.6985820394986865,0.595239463912623,0.6844379256514832,1.1202661431855467,1.2479804651136184,1.4189837764295248,1.6946276800172013
1994-12-10__VG09,2.0594164298385493,2.048357031430843,1.987734576054687,2.1015822832438573,2.3110586982928356,2.3731891138989814,2.3740870416726123,2.3553349039779885
1997-01-11__VG09,1.1604246681187529,1.315758695145619,1.3855963534455875,1.507647746894047,1.8128834528462539,1.856149253462897,1.8981567867242801,1.9936890136349419
1997-05-22__VG09,1.0261816011368596,1.010379040830708,0.9168438253594697,1.0622115546606588,1.177371135666381,1.1233469549899024,1.1812353240389453,1.2179619723232296
1998-04-20__VG09,1.324107157377718,1.4234420349113692,1.3388680008886513,1.3243283819999576,1.5138619793480566,1.6771944399407113,1.7130252455000188,1.71790025063819
1999-06-15__VG09,0.37083219558936026,0.38813119091440357,0.3871359343808752,0.382714364469451,0.384358304564922,0.41787437293839075,0.42149556498721513,0.4311742199739374
1999-06-21__VG09,2.0191634499148994,2.004936919126061,1.803059155438618,1.486605561298883,1.8514768415710228,1.8631663405437713,1.8936648153816165,1.985858598307275
1999-09-30__VG09,0.4037035718803245,0.39180447797967044,0.3814145380371574,0.38023649333544646,0.4224268201158844,0.5056951460183214,1.0430309683391292,1.3432814948802894
2000-07-21__VM29,0.34547303249795247,0.3263473452022171,0.3256052259886598,0.30711626679317927,0.3070050031163472,0.284460452747444,0.27896467537414654,0.36186069705377266
2007-04-13__VM29,0.6558455285883026,0.8404716538078392,1.2947279269852758,1.750705201071375,1.9079672334092814,1.897272251869324,2.072319042468979,2.1506067334224017
2009-05-22__VM29,0.46453628081766224,0.47980219464805757,0.5259026520114739,0.4955270114278901,0.5660885874371281,0.7241671554311621,1.2941630266843624,1.9682497822443616
2006-02-20__VM29,0.9553926948212195,0.9836547372464778,1.107769233483513,1.2062843518890984,1.2010351429510486,1.2200017684658158,1.2391902779432211,1.2468488172720762
2006-08-11__VM29,1.098404622210466,1.3464139946993208,1.602688219336277,1.6850562554497754,1.7107610166654221,1.7034692572184522,1.733799211643119,1.75755239677677
2008-04-28__VM29,0.7000936577588158,0.7508548871197525,1.0799407521581754,1.353145831115692,1.3735047190366516,1.3990022416676113,1.5188029571607928,1.5466295969105304
2011-12-11__VM29,0.41293181081855784,0.4244115111187892,0.4412010681725035,0.4603239468765445,0.4203415585494548,0.4178797796233941,0.44138293672078666,0.43710274233349483
2012-11-15__VM29,0.4499395725655818,0.4585721246814892,0.5420191121162923,0.5132174905696515,0.4659295619989562,0.4708707592202905,0.5038308363793617,0.6939135960389532
2013-06-16__VM29,0.3089894976496433,0.38994094072457736,0.36477864797481596,0.3367249515667401,0.317021738392861,0.3058250325576418,0.28491790056404837,0.29810111085354485
2017-09-08__VM29,1.0100040011372529,1.0317087430056475,1.4714432899908447,1.770718656914142,1.8515873987350142,1.9195860604040955,2.133305524403611,2.253195684671797
2023-12-07__VM29,0.3555710134168805,0.3796902241397757,0.47513083145476365,0.5589789533687662,0.344451549708647,0.32285598512093916,0.628849690962415,1.5698415066649853
2025-01-12__VM29,3.845988102340362,3.8515222998953784,3.866099510925686,3.87781548352853,3.865714039280071,3.8382850200987795,3.7780327200049815,3.815995864023744
1994-02-23__VM29,1.0772196813153756,1.0767711758427332,1.1157277691159542,1.1817287448176375,1.232995446243697,1.2318249009221198,1.2389405690436182,1.2617143832575421
1994-05-23__VM29,0.4131201007820812,0.40989441085700357,0.3987576172740998,0.42573700552472826,0.5011506438946111,0.47601831813963363,0.6505622777501158,0.9701910902675827
1997-01-11__VM29,1.3337605805611479,1.5751756296631192,1.6862586658818186,1.8152138859119271,2.0499132718778985,2.225295740741895,2.240804187791612,2.2600603353564748
1997-05-22__VM29,0.7948109469364875,0.8323946724510342,1.0141443457114696,1.3106831095439107,1.4037209227776324,1.4558519140713035,1.606371488268503,1.624247336893187
1998-04-20__VM29,1.1501960139389849,1.1441252563539324,1.3754346467899992,1.6794140458688367,1.7064408122729484,1.7033775384370347,1.6804137966224688,1.6779794564969495
1999-06-15__VM29,0.38207218342397886,0.35278366130349514,0.36304109360115755,0.42927513344554796,0.5038502693864221,0.5258723323189719,0.8793996395511158,1.6419757665901924
1999-06-21__VM29,1.6303278111687125,1.7571908098703355,1.888994052215307,1.9630607099484754,2.0052052594247947,2.007430595480559,2.0011010720931397,1.9945341543217268
1999-09-30__VM29,0.6300944969278834,0.7244487776406362,0.7517796671829426,0.9634436293260459,1.1464473865620013,1.182076437563698,1.6200812732466994,2.0002942317939834
2000-07-21__XO36,0.39252692635520564,0.37037316242543,0.33515412153789154,0.2858344221278031,0.26721716401784373,0.32311555223541427,0.3659445800670547,0.3152516826704861
2007-04-13__XO36,0.42727686900319156,0.4433202084657998,1.0113268951081977,1.4794994170254074,1.6274642612503185,1.6797015528267472,1.7621134416933915,1.7784222420873703
2009-05-22__XO36,0.5332665841864974,0.5436308197860074,0.5828792140540631,0.5570092166307797,0.6637990243282763,0.9560092487501459,1.1809848022050513,0.9811467186953551
2006-02-20__XO36,0.6322675580381083,0.6977701713361967,1.0371661887234256,1.289539514043123,1.4079923574702424,1.4735716506911558,1.4545005235667474,1.4439224962777135
2006-08-11__XO36,0.8368806789743641,0.9910928000637615,1.1926077956295231,1.2471673286202014,1.3070311382617639,1.3445161282652782,1.3204249461749626,1.3209135810175885
2008-04-28__XO36,0.4728525377176268,0.4021416420568046,0.4666651211020214,0.7068476938133651,0.9829896585069721,1.2336913656074149,1.344635418320444,1.3305762386788034
2011-12-11__XO36,0.3204760760863425,0.2829047343688969,0.26564922052414847,0.3379011434094434,0.3970209996388512,0.40714818603869996,0.3971989285360081,0.43358509198979744
2012-11-15__XO36,0.3293912974641441,0.31634545440890804,0.3149907743463754,0.32729900220015246,0.40806306120648267,0.7281730074723449,0.8599910391419551,0.4647105450633735
2013-06-16__XO36,0.3571442766984685,0.3992502413247797,0.4050594600055515,0.43963207154846523,0.43938673721052607,0.4333928915228846,0.3768224400140019,0.35392316513202693
2017-09-08__XO36,0.7812000700647141,0.7683223008654385,0.8137762287466684,1.389705258995218,1.8539350624724742,1.8511399611269304,1.8892848094896162,1.966219176525328
2023-12-07__XO36,0.23799569230731213,0.24700799048229524,0.28418725876204926,0.4636519584618031,0.6254858960923042,0.38679481123210885,0.6373144096445026,0.8333767970929158
2025-01-12__XO36,2.0849062372002045,2.091023023277515,2.0796329735398342,2.0986240328911494,2.1163310777974957,2.124989640592848,2.1512345163274893,2.144650745847384
1994-02-23__XO36,1.1166264468752887,1.1372571018635744,1.139666248204735,1.1251245412734059,1.1275396509719164,1.141766820819942,1.12965418144535,1.133649941044355
1994-05-23__XO36,0.5816197620114848,0.8048245181869944,1.1282231489785286,1.3635590724577897,1.4887183261333163,1.5666653389097678,1.5871327485830506,1.5918909632748692
1994-12-10__XO36,1.6457808492443495,1.7641920705455045,1.856930402163005,1.895193932861815,1.9151364842664205,1.900830552524522,1.920149990153301,1.9313790006930733
1997-01-11__XO36,1.8535644298700975,1.9486053642361691,2.103170744609,2.11418894739618,2.0476682156295416,2.0421161926668883,2.0540134775902543,2.062451176043169
1998-04-20__XO36,0.6297404876579573,0.7648220382554751,0.9915794926692512,1.225667166856884,1.3999097620078174,1.4495195576231152,1.4184561319294733,1.4429253247744753
1999-06-15__XO36,0.26903863715908843,0.2363815292962997,0.2808593501242701,0.340724383651109,0.4262717432768663,0.8309207544300066,1.0360556913705357,0.8635498615755093
1999-06-21__XO36,1.2389829454472019,1.6015964813763746,1.5822665980146466,1.6236736576901638,1.7057290395641687,1.7144821541001647,1.7114097393788419,1.6734907078196102
1999-09-30__XO36,0.35924353259761155,0.356487241852362,0.4377280795026697,0.4726248822989009,0.7429031434290015,1.4625193772323515,1.7051922910978152,1.7396294200975835
2000-07-21__XP06,0.6094220270175559,0.8416846328671156,1.69023697244862,1.6673901583876807,1.6870241754779243,1.7231788508548433,1.7298684330262837,1.7416897127471884
2009-05-22__XP06,0.6726114826597314,0.732734947964896,0.7108907510533212,0.734567955086123,0.9623329973042599,1.4148643879346128,1.470798897939998,1.5128271624384624
2011-12-11__XP06,0.4253943649841014,0.41001585195567314,0.4229109971862223,0.4462958093797508,0.4924422965031407,1.1231460759338219,1.914232830772826,2.0159022465989587
2012-11-15__XP06,0.7479133316974733,0.7585600324304969,0.9874465197738157,1.7379805795605578,1.7497873477247876,1.743648130475656,1.0052591375686555,1.0125780910233098
2013-06-16__XP06,0.3722582685795969,0.42788095764637757,0.6873487936470762,0.8759987722671251,1.050703996012657,1.7158363135826655,1.6869120186443323,1.6979339225789087
2017-09-08__XP06,0.7024895026734899,0.6994969263686228,0.6661390432763564,0.2465708791353369,0.15200304984796262,0.15940439683553656,0.9138681120730645,0.6233116213727276
2023-12-07__XP06,0.3347450598855576,0.31369608694303824,0.45314408134625167,0.4101788705964226,0.425316825921871,1.5408084442980052,1.570991519306717,1.8238885765050847
2025-01-12__XP06,1.7158033241174109,1.560593071857116,1.078774377457,0.6309781871930317,0.6721646816303259,0.6129070591490252,0.5870512423621013,0.5650427641243855
1994-05-23__XP06,0.3402098054220731,0.38745990790023155,0.5050940273822832,0.806142418298385,1.0585726056790206,1.166818326484152,1.1656090425678145,1.106936292180834
1994-12-10__XP06,0.7156475407811128,1.1733233399629912,1.5021534108894714,1.6263685767448475,1.6428366757921973,1.5907328155370564,1.4670506597849586,1.4350204098531159
1997-01-11__XP06,1.1724613717552053,1.3902214593381828,1.6433597483775173,1.6994379790928713,1.7365488857888214,1.700922947839147,1.6912237190749553,1.682261558886117
1997-05-22__XP06,1.1703636265924315,1.2271195658574872,1.3548494755725768,1.4644586925048018,1.498345099025853,1.5346278672269231,1.5057891319090189,1.4730595285941632
1998-04-20__XP06,0.759648360590185,0.8345000531242447,0.9107486367683226,0.7993370738120552,0.3234223809093018,0.18277145100769615,0.5239323660752745,0.8786728496898142
1999-06-15__XP06,0.36840081811950226,0.35713605069623205,0.34088586747790395,0.36431767724183145,0.8764486397292132,1.8361958919568147,1.850116065204775,1.8428807025547151
1999-06-21__XP06,1.3953731552197697,1.4779367302019808,1.4793141346995022,1.5523633074710494,1.5963807130428165,1.5573929875507329,1.5555991647186873,1.616772147408347
1999-09-30__XP06,0.4494213230048237,0.4688347809218494,0.5594511156913055,0.9258019626532518,1.3909321900127967,1.7512158901410586,1.9181471046089134,1.8573063181927385
2000-08-09__AE02,1.8311356932819696,1.8861206517911469,1.8481377399757444,1.8412799815649474,1.8470237356429666,1.851175025959544,1.8359477990357769,1.836456080894852
2003-01-22__AE02,1.91560761277545,1.9480725986355407,1.9436455792010503,1.9937891816049913,1.9905870918189452,1.9585109817206383,1.9602357716292538,1.9614205196490695
2014-04-18__AE02,0.3632457861695115,0.3925351848875449,0.43061392372388996,0.4376119937800867,0.48618670669942493,0.5473985421666521,0.6605928394762272,0.876829083407964
2014-05-08__AE02,2.7222072186234394,3.060135485873504,3.178922543964933,3.2875701799513313,3.3499301808639697,3.37117572165447,3.3714208664335383,3.3604012835550257
2014-05-10__AE02,0.5156604232144084,0.5991694164432881,0.8302010636161022,1.4770981660661338,1.8298868399625527,1.90889541612054,1.9352972127903851,1.9971414630511717
2018-02-16__AE02,1.3541324109692743,1.9175637689105183,2.370341279581146,2.5173585968854635,2.5110486947174016,2.5079700433754923,2.450863334124353,2.337494688125708
2020-06-23__AE02,2.2925089049581144,2.510147811757448,2.522305847428107,2.512380907084324,2.520925837057342,2.5167266842155036,2.5901495921261324,2.5281825593451877
2021-09-08__AE02,0.4327763115236833,0.5769980654185767,1.1523666784873512,1.7155723935042027,2.064527343890418,2.110343245462138,2.1044301013012294,2.1930438185758896
2022-09-19__AE02,2.36443933965837,2.404914821899909,2.394370317556197,2.4618497906478787,2.467163413290324,2.430289487297563,2.359718745434541,2.216131718324113
2022-09-22__AE02,2.1898491060986327,2.3238267966865647,2.3680525557831786,2.327130611318534,2.312671943390256,2.3044148932889303,2.135984545234286,1.5792492394505764
2022-12-11__AE02,2.8061118247608654,2.7960938168323954,2.756529369528136,2.7270583210222337,2.7126003551451467,2.7019835922163233,2.697123794053246,2.68478350331597
2026-01-02__AE02,0.9407216578804666,1.7853420675686682,2.24677429978921,2.501810205335266,2.711573926627713,2.9826323967543185,3.1701106497202125,3.216952015243417
1990-05-31__AE02,1.3596939247778816,1.3594877549410873,1.3577861410806826,1.3561806451166325,1.3540338920632147,1.3462626566129199,1.313375061626633,1.3031284377428782
1993-05-15__AE02,1.2134065865504042,1.2375864354234698,1.2400774878485075,1.229213119204209,1.2303744836455148,1.2267678477426474,1.2236928930291895,1.2205687172798583
1995-09-14__AE02,1.1566975126135073,1.1478253914803667,1.2132250941075071,1.3357311513495744,1.3571152761328764,1.3800552461875684,1.362368115216014,1.328114938688184
1997-07-19__AE02,1.3000460788193458,1.322962533381735,1.320254488102565,1.320702371287561,1.321056286529735,1.3582128356045884,1.3355434545133194,1.2807816102314997
1998-02-03__AE02,1.3853802944557514,1.3782908544116643,1.3646525311348618,1.3627594368992229,1.3491685700229081,1.3439322804102556,1.328871065395394,1.2954457439173175
2000-08-09__AL01,2.376513380723793,2.3450512112420094,2.446440913191627,2.462791962604573,2.4617325350011163,2.435775168548969,2.390458260324027,2.3765501051470905
2003-01-22__AL01,2.3677599052994185,2.3412525340909225,2.36659124362288,2.3653674712151465,2.370849628210309,2.3899817067613243,2.3997823618647978,2.3969094798701147
2014-04-18__AL01,0.7074453598848045,0.7169178659577187,0.7124280250565765,0.716368832173495,0.7057696487617382,0.7228592379452715,1.0127146000869431,2.376230326445533
2014-05-08__AL01,0.8020508377568651,0.9151511216456083,1.2480224946048994,2.3293032937466602,2.771501615144238,3.0410510848779944,3.20414611095349,3.2834447123667054
2014-05-10__AL01,0.8021655629428377,0.8971980934464582,1.3019370333108986,1.8356301607340209,2.0768841578067314,2.3089583332296466,2.4609885871205046,2.594283609906724
2018-02-16__AL01,1.3089630029216603,1.7471613315324812,2.3946982761812636,2.8306320527865387,2.993003868830091,3.126682562174036,3.2086126234323684,3.1931870298888425
2020-06-23__AL01,2.3868106407470453,2.620210460942414,2.831661139154839,2.895827699680414,2.8678843870350463,2.876894123308199,2.8597844645229173,2.8789698247033875
2021-09-08__AL01,0.7164940307321074,0.6934619288478455,0.6762718062932183,0.7070490486392619,0.8561908603380363,1.5345634221377424,2.4591930715724746,2.8975446357916055
2022-09-19__AL01,2.752515871131203,2.847046094197431,2.8224658102320377,2.8075922291590256,2.7818696160045793,2.7440037310488368,2.732913402240124,2.7447946258756004
2022-09-22__AL01,2.413497439630759,2.45334034511778,2.480461713107139,2.48874469400541,2.4748164712153136,2.51514028475302,2.5196739849235854,2.5365553685593563
2022-12-11__AL01,1.9950857205965722,2.088523275181718,2.0996707354086026,2.1558157273651988,2.15418715655471,2.121448180948751,2.110582609346967,2.1142946952017208
2026-01-02__AL01,1.0303176993012126,1.0516775808586276,1.0613211489141714,1.2272747530696841,2.374352561887302,2.937272933974216,3.3426629919116353,3.509493616845298
1989-04-25__AL01,2.1808660039830863,2.4235294364343956,2.625951322038514,2.792629472222972,2.9215848943626317,3.0845589663127706,3.129508658683346,3.2174294908288474
1990-05-31__AL01,2.0819935034013515,2.113753585389231,2.219276405829773,2.2613701910196338,2.3044012030226972,2.3825111999770643,2.344737472775537,2.306452429963377
1995-09-14__AL01,1.4044538838461573,1.149782866060352,1.8894396892184433,2.354616106214168,2.685952205993568,2.80893924459658,2.875449403019431,2.886014396813099
1996-07-15__AL01,1.644435600105128,1.675259223489516,1.8856042310351444,2.032081512770065,2.03910102230795,2.0425592716610814,2.0996153099612336,2.1146470697964896
1997-07-19__AL01,1.5474772297060944,1.5617365908954832,1.5839033321764031,1.5628536518095617,1.4807744212910652,1.4754907179660732,1.4860025596479554,1.5152455571320969
1998-02-03__AL01,1.320009008931417,1.2884559957567332,1.2353245213274744,1.2171882895257142,1.363929945588756,1.4144754021084682,1.434836373656649,1.4213946575792413
2000-08-09__AO24,1.6744914240292161,1.7680730093289398,1.7904645036683235,1.8896860944415625,1.8894895439910318,1.8298084393498741,1.7176031536114387,1.686549863201048
2003-01-22__AO24,1.854188089954896,1.7569530329400613,1.7811235116747393,1.8075346993440158,1.8227482988237267,1.8173489217875525,1.798420288621465,1.7923410315592694
2014-04-18__AO24,1.0768200656598483,1.1049058336432966,1.039598911719992,1.0626719751023985,1.2014358002402352,2.3084476252257233,2.5379596809144283,2.840751727184782
2014-05-08__AO24,1.1362888752657028,1.1968572174100602,2.155967074007842,2.809176577056938,3.0792166067641307,3.135024325557093,3.1863644679761665,3.367387128161962
2014-05-10__AO24,0.9314209529399111,0.9210369148081415,1.0301832577860435,1.799390837879597,2.3740188561058932,2.4231865928602505,2.4492884007818616,2.493385505332153
2018-02-16__AO24,0.844142073057315,0.9769401533476195,2.457324587664634,3.253248303049865,3.4070268891667936,3.352841148550411,3.3366881847567464,3.358909695616139
2020-06-23__AO24,2.8057179830822037,3.0847142453083887,3.1818737741393157,3.2235806179279756,3.233902447582419,3.178717832522379,3.1747982530639876,3.227757524163215
2021-09-08__AO24,0.8328885480572232,0.904867759833922,2.0420820218538105,2.990248404278664,3.1515246958958882,3.1925808067401618,3.2443318748269467,3.258643556797062
2022-09-19__AO24,2.462385962155742,2.4668876383430622,2.5366207460447385,2.5618346790332556,2.5683270638876468,2.536441442654276,2.493588702391235,2.5190930470678357
2022-09-22__AO24,3.8958302520668235,3.9830294365786587,4.068264933027294,4.1116930677937535,4.025106174223068,3.9523921827722086,3.9622954303415794,3.9107689390694236
2022-12-11__AO24,1.71930068669342,1.8356673981301392,1.8678026061116708,1.8335200039029955,1.8668793268926551,1.9044740013529966,1.8947852715319307,1.8336542737139192
2026-01-02__AO24,0.9267078288146956,1.0750879705808565,1.9915041088538554,2.837837266857164,3.149700665547305,3.205819338146032,3.2606201766223584,3.27088420032077
1993-05-15__AO24,1.3555857950675136,1.3994212262575059,1.4388768717012035,1.5140570764830346,1.495635953915958,1.4893118403659016,1.4714644801181482,1.4670732571494791
1995-09-14__AO24,1.1433994703314874,1.4764980638898657,1.988657605050596,2.1614818288876374,2.226533439220164,2.219748236400051,2.2435335093154825,2.249462596304066
1995-10-09__AO24,1.1313188596952908,1.1343512804786344,1.0940424208025312,1.0892574417724297,1.095192709032679,1.0950881655581477,1.0774472192564168,1.0746583465674613
1996-07-15__AO24,1.050021782800803,1.1590593972601586,1.295557039206723,1.346556077616733,1.2945916943396858,1.3210482124186327,1.2845462790289361,1.2287021240952405
1997-07-19__AO24,1.288413117066043,1.312064059043804,1.306455176787983,1.314424419115594,1.3183206599083457,1.2888734344209154,1.227388830401799,1.2109681662479972
1998-02-03__AO24,1.7818261451454265,1.8430077185716187,1.7609603814085935,1.5086663568439054,1.5834096239996904,1.70899960250081,1.7302752225287192,1.7621245135683576
2000-08-09__AP68,1.5906872880249068,1.6513428754046462,1.683674573355155,1.6420607367172266,1.637614928255341,1.6429442410521216,1.6499208214557501,1.659245065131292
2003-01-22__AP68,2.1571971016807097,2.160359404487651,2.1490542840429674,2.157983083688657,2.1603687119717967,2.16473242082906,2.129129832796419,2.0625126659482675
2014-04-18__AP68,0.6022107343723535,0.6236301924572143,0.6014737215801882,0.6643122493821852,0.6286216165946656,0.5932785396522839,0.7417411366629902,1.371157764190853
2021-09-08__AP68,0.6277719975081087,1.132509408588873,1.6686892276580658,1.6683020170553542,1.6645637681505134,1.6793450746346377,2.0270584557768982,2.222332225908532
2022-09-19__AP68,2.3970736971217272,2.420571506297927,2.3825276132619444,2.3689643028879104,2.3419449572045092,2.2950977239985475,2.2390177597270817,2.2486091366692853
2022-09-22__AP68,2.35192712248169,2.465897569672471,2.4983697754180088,2.521406543902888,2.5294450160609925,2.5277748062684693,2.5403949847447156,2.5220875005119487
2022-12-11__AP68,2.031001908498767,2.1758268398210343,2.2397858974817964,2.2762323951011134,2.269997284372723,2.256137756980357,2.239308370243031,2.2259951983290245
1989-04-25__AP68,0.8563095903316795,0.9928327338122501,1.4280779000722887,1.7565565596342532,1.8051085601743249,1.97035578131262,2.058551225231526,2.0580107084150754
1990-05-31__AP68,1.2838862262414303,1.378482890240355,1.4035488560017848,1.3951405216581187,1.4653959130212246,1.5096018136661267,1.5028797664023827,1.486432664607896
1993-05-15__AP68,1.004641513466276,1.1597819957734652,1.1748576016889336,1.1755237643229997,1.1939827144050719,1.2095044187809931,1.2131001969765012,1.2245847947869284
1995-09-14__AP68,0.4240630206898394,0.39957322340909035,0.45379082768224055,0.8740680075415346,1.1127967548884434,1.2164753343134953,1.293729011964999,1.3091569331829571
1995-10-09__AP68,1.1280100774327109,1.1506389056916457,1.1615305466775412,1.154842976951442,1.1761274752144757,1.1675619915249575,1.1481484871738878,1.1653735252523958
1996-07-15__AP68,1.1256143498748339,1.16666021773109,1.2373451917171125,1.244408839021438,1.247728883557004,1.2333233435397735,1.2315424489224542,1.1714022199069
1998-02-03__AP68,1.3586958361333765,1.3660080249678763,1.3227317047562768,1.3240759259087729,1.3262486229905914,1.3254396100901624,1.3147973801531194,1.344125910870483
2021-09-08__AR14,0.9577302762203638,1.1613044940581887,1.6322569978562413,1.7259726733215601,1.7438257407568412,1.8435545938442521,1.9567660526882409,1.994639836943197
2022-09-19__AR14,2.5683138822734555,2.4868928855911907,2.4337701066946695,2.399296390334052,2.5144984688427607,2.5591508226755075,2.544340796362009,2.427585074478663
2022-09-22__AR14,2.61384823256055,2.6157178838724278,2.4958684882446076,2.4281940695411333,2.4383594784567797,2.3744133911370686,2.3167637054497576,2.3135167884764525
2022-12-11__AR14,1.7804037914659698,1.8203222632127536,1.8170832066061622,1.7757399220886259,1.8303775101103756,1.8015402433900483,1.7813367556155724,1.7868519314958833
2026-01-02__AR14,0.8387355576204839,0.9065039218819162,0.8367245315507983,1.041049622268303,1.8553415817850645,2.347924538808521,2.488284194302997,2.516394430355497
2000-08-09__AU11,2.644380839443231,2.6131053271362763,2.6166431667017584,2.6327209148153923,2.615411763980071,2.611807315556726,2.613807694111193,2.6181211884192854
2003-01-22__AU11,1.7302677139045222,1.7238106715673394,1.738631887606984,1.7135988471659505,1.6977926000911652,1.723636389614887,1.7262556789583547,1.6745757299963893
2014-04-18__AU11,0.3053402945828606,0.3275869377555622,0.36587387457918424,0.35909212783703087,0.37427825122285924,1.568787756605037,2.100166224112603,2.2585681659450905
2014-05-08__AU11,0.34615558440857414,0.5108669520973053,1.376981036208237,1.2885060098398184,1.4841163812348042,2.112189088957159,2.1690830959672214,2.1754472419935764
2014-05-10__AU11,0.2659619057883331,0.3831233696900017,1.3435937614146445,1.5407804066747477,1.68186414664145,2.0037910920978415,2.1151479003591054,2.1017572382355327
2018-02-16__AU11,1.7387433972671025,2.0418515809389306,2.093321137463228,2.0508328389224606,2.1400569797509617,2.224529044813701,2.229509069563673,2.216365624941948
2021-09-08__AU11,0.22332127813084685,0.24652782991635735,0.45786097043967444,0.5944629165797298,1.103962036482324,1.503706976942819,1.6213010952825915,1.6533377239590832
2022-09-19__AU11,2.2729608761577538,2.26869677986946,2.2464254361242997,2.2682961193437463,2.2967716345639264,2.298632767973872,2.291078294006087,2.2998058715847733
2022-09-22__AU11,2.205309113950889,2.2303585325272164,2.2135563962149676,2.199941759295013,2.204880869696651,2.1988871303109416,2.2022944824225483,2.2039497534762376
2022-12-11__AU11,2.3220990396805266,2.3799831986258377,2.3491514972654444,2.3601578304288617,2.3390353023780284,2.321004793456581,2.350990385727561,2.378833923445873
2026-01-02__AU11,0.4182574030541839,0.7579564882545158,1.2091516640856987,1.226543560732405,1.6451610133599657,2.230754477198034,2.364623175409863,2.5115523502882744
1989-04-25__AU11,1.4555461992679282,1.6285109747004574,1.8593458748954481,1.9587877412465218,2.0211493341772906,2.0136071161291538,2.007236179286416,2.0370688252035762
1990-05-31__AU11,1.3624405875448191,1.4050697606273865,1.5116045238795568,1.5644025277587335,1.5938450172252627,1.5722703371901439,1.593716108409264,1.6043039978976463
1993-05-15__AU11,1.136873977101002,1.1439571218546547,1.2022173611176243,1.1675530106439889,1.2436400793127795,1.326780958551925,1.3311920513484004,1.3385499789616282
1995-09-14__AU11,0.5727432935684851,0.645056760308674,0.950064754475116,0.9624351430354177,1.157507450188893,1.5450462288842952,1.611176051864333,1.6438790436861062
1995-10-09__AU11,1.5676787895204043,1.5869295305932505,1.581673264735527,1.5785643480386844,1.5777310528420063,1.5512932907005463,1.5401532175407213,1.5506960398085725
1996-07-15__AU11,1.3674007233251269,1.2939797654517742,1.226075870707323,1.2709611841664634,1.39837074266847,1.4648838760407563,1.461559075416073,1.4545135638490756
1998-02-03__AU11,1.0102340151757134,1.0139516783147353,1.0562498393389725,1.0414496933589947,1.0546772774789077,1.10904279162683,1.0791686899556194,1.0788511051181888
2000-08-09__AU46,1.4778936808185446,1.6279597758677988,1.7669029703434966,1.7138448687327679,1.6828997952096285,1.745327986068276,1.7722361739263761,1.694025116779428
2003-01-22__AU46,1.693164017852056,1.7559317024451255,1.793174001812458,1.7856669223410373,1.7587143069272535,1.7704559002658569,1.7504509691913097,1.714390238921611
2014-04-18__AU46,0.9621886283440566,0.9386470012208467,0.9711561558142124,1.013496515375897,1.0776684281944857,1.0890340537075247,1.1584959163267985,2.064257651124478
2014-05-08__AU46,1.1261559304186664,1.1278563940216684,2.9848546243933143,3.2366704550889716,3.2604162018258736,3.1895803882712315,3.101880363487107,3.1040708583239573
2018-02-16__AU46,1.135271352952555,1.3668058229236164,2.64933112836161,3.2514459471036345,3.4578799944442915,3.455003512104769,3.4409750035993265,3.4258319575772576
2021-09-08__AU46,0.8107268514039611,0.8431875700074086,0.9512933830958631,1.2409189652240116,1.7622701760197796,1.9694700099343765,2.518837377629491,2.8213058062474805
2022-09-19__AU46,2.3332691605651585,2.415012810716739,2.5341354781174776,2.553849563863193,2.509551054027623,2.463521359397698,2.437784878040255,2.5083333542969384
2022-09-22__AU46,2.9426014697726197,2.8804816677169844,2.875311772758442,2.881510295258841,2.6306671396208223,2.522826926451084,2.609499042286334,2.634638704214204
2022-12-11__AU46,5.382274872683104,5.511196802533704,5.626422885105836,5.649707155974877,5.489404861093578,5.4185458738293395,5.446619264334213,5.371987538941843
2026-01-02__AU46,1.0365140456262922,1.0320050711967061,1.3715362792087022,2.525240756858889,2.7386862573537294,2.7848096511344878,3.0241286111559877,3.163509278689095
1989-04-25__AU46,1.1260353324446433,1.6067969191154305,2.533850720523526,2.869802498691582,2.921606348157252,2.922521310041396,2.905101228298862,2.9093066764054116
1990-05-31__AU46,1.35012755413792,1.618456986626693,1.8591954066611087,1.8792956009456083,1.9780377164200882,2.006745216734381,1.9852233637102594,1.9221570071259033
1995-09-14__AU46,1.1009784212912708,1.4141652847008277,2.611897549678277,2.936317799135143,2.9978336455295125,2.954522335260779,2.909999172895841,2.8041039593033097
1996-07-15__AU46,0.952357220128275,1.257248982746116,1.7429731067736727,1.863544357189551,1.8836284268598862,1.9201674701810834,1.9165761668249877,1.8777503972789225
1997-07-19__AU46,1.2387966847294003,1.2039664469156253,1.2493478875424708,1.2627430038204241,1.259620390308503,1.2453546505759916,1.3638241261831925,1.355451364637499
1998-02-03__AU46,1.6356780638858626,1.6332865394724396,1.7345063295100316,1.738511164284723,1.7269428617930447,1.761761665360174,1.7923130850875708,1.748822338533401
2000-08-09__BA49,1.4993829315224494,1.6352506647501093,1.7792254518502515,1.8323889974368843,1.8626602779514227,1.8481962104703697,1.8285903434518456,1.822187539313061
2003-01-22__BA49,2.0479225991995023,2.0610741898755753,2.037543928123054,2.044656349181673,1.9957564304057847,1.9631649089202583,1.9574933143197384,1.919786726391728
2018-02-16__BA49,0.6220363086177294,0.8203287955312799,1.4305235522642459,1.8729733831876347,2.2610101482960108,2.4705269157556735,2.529632632974456,2.539604708461598
2021-09-08__BA49,0.5993533265977898,0.5752932378710638,0.764230658713256,0.9880101994411878,1.8636097677596046,2.4873982181505854,3.0099342406535703,3.2390582740806155
2022-09-19__BA49,2.0587069923979584,2.1610186802790095,2.2038028011443984,2.2429883890512303,2.278018945601745,2.3306117395114714,2.3669892332029177,2.3564158836559086
2022-09-22__BA49,2.102516535078174,2.1482676232641578,2.215729917520221,2.2395208857831617,2.304022924217109,2.2930159238385737,2.2936465536001593,2.3106410566598883
2022-12-11__BA49,1.4372064591386515,1.5089628865486466,1.5709139704744086,1.5879071420603317,1.5945058137904937,1.6076217376157167,1.6057090031129935,1.6008008947018826
2026-01-02__BA49,0.5945493587517309,0.5171380281956396,0.5937060527871846,0.8702126790071821,1.5084868500142619,1.670694748657104,2.1268683233310357,2.4761444284585816
1989-04-25__BA49,2.1610421357484233,1.9010116881679435,2.031236184121145,2.156870482631728,2.211524697517888,2.3162303997180844,2.3137024135897355,2.3191305496929835
1990-05-31__BA49,1.5439636536845702,1.6196115460569065,1.6914909682429393,1.704187651576525,1.7465892936507232,1.7587022292478844,1.7500787249761123,1.7554886455384155
1995-10-09__BA49,2.2004854247858185,2.239363143594072,2.3049807082495493,2.2854601958655687,2.2566863157880492,2.2391895672595554,2.22068665201189,2.1534928398326416
1996-02-25__BA49,1.6131410318060468,1.5807826293960359,1.5790508811612436,1.578035277685717,1.5955007692842638,1.6200108911743507,1.6309934975905984,1.6383900598779952
1996-07-15__BA49,1.0106640604930959,1.1491975310974267,1.3630588743697765,1.5337557695709338,1.7934123984987074,1.86991590733543,1.8657930450102507,1.8389717528477767
1997-07-19__BA49,1.6103090649856848,1.6258273456939407,1.6422066807311466,1.6348368165852052,1.6455013864587396,1.6354651373093942,1.6330491284581856,1.6313331106797573
1998-02-03__BA49,1.2723529398828306,1.2532687297516185,1.3145489592043105,1.315510798682632,1.2924378418949227,1.2865553381320922,1.2368846665923532,1.23396946632192
2000-08-09__BL45,2.1851433662951303,2.268257700886388,2.306133771040786,2.3123831830559443,2.3025507861529335,2.2506594398578543,2.298559601087095,2.3098962892014225
2003-01-22__BL45,1.961454613195224,2.099109421875555,2.2432280417643633,2.3603336064486578,2.4039980560730383,2.4041332419543076,2.367968338598117,2.378517867555978
2014-04-18__BL45,0.6529589002784814,0.6584667333958584,0.6427167913296984,0.6121819787823337,0.7302160296919752,1.6956730752746914,2.176434896457282,2.4198941790021076
2014-05-08__BL45,0.8287354397304868,1.5500432923860528,1.850880738019776,2.217595207011404,2.348300186569354,2.4258907748206133,2.4743551214231623,2.5042414699947875
2014-05-10__BL45,2.3861599157824296,2.493067155052739,2.429894103141882,2.252875010047984,1.8697175065940994,1.91294618480367,2.1751827092324465,2.35614331352457
2018-02-16__BL45,0.8433176435021684,1.3072653557398197,1.845273903115826,2.3438418309553573,2.531127291925732,2.5868487172656365,2.6498961041868903,2.6395653663719596
2021-09-08__BL45,0.6837682475749978,0.7013015600625229,0.7084436082818383,0.7492566796973041,1.7447965677963786,2.4208271287104886,2.5986937194908024,2.7679024975699176
2022-09-19__BL45,1.8950333875491796,2.4947565136480914,2.639446531630599,2.7657807540679324,2.8449956619714274,2.8312267827122732,2.7998555550777007,2.81535208956715
2022-09-22__BL45,2.545244515616553,2.6184891204880305,2.685446011761999,2.693534407276541,2.7087122564342714,2.6904197666744185,2.648824304452484,2.64514138332046
2022-12-11__BL45,2.044131851285393,2.0133631528749745,2.01070849827845,1.9791664428905664,1.8719382524639292,1.8730672071530967,1.9208332780504391,1.9792062895274416
2026-01-02__BL45,0.8699342048408603,0.830170453305717,0.8368291988741287,0.8503428044297975,1.4954165569413544,1.913931897285154,2.1413687090351488,2.3848942336694465
1989-04-25__BL45,1.0060092216930054,1.2663107569647338,1.6462833242167996,1.9218942467901885,2.141291807105692,2.2466339685111905,2.226346855527209,2.185298166626387
1990-05-31__BL45,1.9103178334118855,1.950570515529418,2.001597815430511,2.071031757380593,2.0810685064857295,2.060159068633563,1.9861967817461077,1.9907079560097418
1995-09-14__BL45,1.5797612318026042,1.4504697851691615,1.7638206561192442,2.184774038144632,2.439660570263712,2.507085189730126,2.5030242626885832,2.5052387992342644
1995-10-09__BL45,2.0783428056396502,2.0499411726177272,2.0418819407375377,2.0221575718866402,2.004620648112371,2.0633552675652918,2.0777576761326717,2.1598697835217204
1996-02-25__BL45,1.7856450300661983,1.8005673240161837,1.7516097549979277,1.7094131618116961,1.655338507480781,1.590183569616927,1.5754029083935166,1.6171460866764893
1997-07-19__BL45,1.4886984156826888,1.4850343640823052,1.4691417885872904,1.5074319709790112,1.5221663492856858,1.5420731336742688,1.540809352873173,1.519742089489263
1998-02-03__BL45,1.3156638144868258,1.3216916101803569,1.3444151832355826,1.3389086841489353,1.3596532435726238,1.3398397247977438,1.3060312630253397,1.2485608842871274
2003-01-22__BO39,1.9878924876469768,1.9881143405450197,2.335872403274902,2.505768132606354,2.564980636093551,2.5842167373728784,2.6047081250498905,2.6485533977964404
2014-04-18__BO39,0.6596442519690147,0.7095304885673795,0.7025731154978301,0.6830757104789891,1.0736233381802243,1.7512966424914858,1.7829635016605274,2.0001703197236402
2014-05-08__BO39,2.007250840813248,2.3822425551627187,2.5818309162183395,2.67877148379736,2.670949199007411,2.735815231844477,2.745113854722181,2.745334401905914
2014-05-10__BO39,0.8463919337808291,0.9149799061307956,1.4407454155525048,1.837503851720107,2.2351181449875663,2.4602501455101575,2.4531494788124086,2.4980376880826585
2018-02-16__BO39,1.3908694806673898,1.6589796176476943,1.7005226984557953,1.8526809778019642,1.9039727752262645,1.8820685078915378,1.8931124267153443,1.8903739520477516
2020-06-23__BO39,2.393804399878247,2.45550906022097,2.470969845452719,2.5007668111713146,2.5483055317454673,2.5487296835350377,2.5173236210273826,2.4923780257775654
2021-09-08__BO39,0.6427027190355757,0.6494694925123188,0.6652236628161136,0.8528736760869622,1.53675378631993,1.7068864205140561,1.732206586024572,1.7981709014016596
2022-09-19__BO39,2.5160886019265387,2.558418409235153,2.680315833910125,2.6351398492737963,2.549866516419579,2.5429221437586476,2.5385793131837215,2.458256338755735
2022-09-22__BO39,2.63684883954076,2.65770469777205,2.6630486004884215,2.706224990734642,2.7251207236063575,2.6981398686435996,2.732651021535907,2.723168228579069
2022-12-11__BO39,1.623111633060889,1.6990793730924414,1.732646079077687,1.6916191808598515,1.6734719968784848,1.6795781512319454,1.686721000556978,1.6568443703830098
2026-01-02__BO39,0.8025933739346418,1.1867753101375724,1.3001308436343595,1.776623265510832,2.022377437148084,2.1288716295515497,2.1495490263846406,2.172395165744483
1989-04-25__BO39,1.7460026503627217,1.8682562631794521,1.9537542060766495,2.0348247779387214,2.0353035364337875,2.0276261698470894,2.063135691626292,2.013849097620796
1990-05-31__BO39,1.4516135004642057,1.5616264168080538,1.603016910807698,1.574817577840781,1.5969411522866606,1.620637087240449,1.5916306823902606,1.5818818930077223
1995-09-14__BO39,2.503227924406729,2.503569363735976,2.558556037028125,2.5494774671893916,2.591366205383943,2.639251918711778,2.624008749341018,2.608095802437136
1995-10-09__BO39,1.876035497173232,1.8507103395524718,1.8761283767366348,1.929458687925621,1.9106262088275825,1.9038217582030503,1.6619474234602618,1.5918488457161781
1996-02-25__BO39,1.5227488466732493,1.551401251136317,1.536969473018435,1.485554331399255,1.4855174976011758,1.4952282089111346,1.4636422419568027,1.425252173404568
1996-07-15__BO39,1.0104857596668069,1.0731629137047471,1.2372087770339406,1.2819810014114736,1.276369213015129,1.3276657866681765,1.268168855392954,1.1778981800220008
1997-07-19__BO39,1.2158497850695302,1.2365444008641275,1.249227730197807,1.197670130013343,1.095042644997944,1.0543843214044715,1.0973044025737717,1.1256242847623141
1998-02-03__BO39,1.4386867939860417,1.4518968421369143,1.4626394786459793,1.4829386628398729,1.4525818747246126,1.4549618943488,1.4964970087411795,1.4975495339152756
2000-08-09__CA59,2.413836750946628,2.4794808591120128,2.4968566268341985,2.475011259057133,2.5194945300843674,2.5289141516973186,2.4818787364386314,2.495661623347024
2003-01-22__CA59,1.9055188818673898,2.056673924655549,2.059094661732003,1.990542489025565,1.9959447510340016,2.0408161997443712,2.1324898686410223,2.150587844881974
2014-04-18__CA59,0.5172830675341907,0.48972103959553137,0.48102571379306625,0.4782888712455172,0.4924390470980199,0.4668190318053798,0.47397682192948565,0.7199549014008713
2014-05-08__CA59,1.6219917095778529,1.8971256417553488,2.111632677833311,2.2226725549855417,2.4067981975810295,2.440063519429666,2.4535473653009037,2.3780735746496204
2014-05-10__CA59,0.5478202043155295,0.8567827557648455,1.6681879783771136,2.2974613082993,2.441060793067338,2.4607022060080794,2.5109367426284295,2.538862512945654
2018-02-16__CA59,0.49148499666599116,0.7789218129390916,1.2398377646469256,1.9044849221752953,2.1157972803538754,2.103450842256634,2.0903090126858785,2.0730119731762624
2021-09-08__CA59,0.332968201034729,0.3269914324203853,0.33471731923078013,0.5149393772712809,1.4019761682580927,1.4936248378991757,1.6698678977797865,1.8971584489734583
2022-09-19__CA59,2.259702807356387,2.319772928407168,2.3548989747224156,2.349540583406206,2.3150566463799978,2.3051014322064405,2.2562748042189686,2.2519137894625185
2022-09-22__CA59,2.7125799063332114,2.740245190662937,2.719742436968333,2.7101550367865266,2.728252004000071,2.733390509482737,2.68674572616387,2.6830803973418056
2022-12-11__CA59,1.733746825085152,1.7632623646670194,1.7951013717624156,1.8019307096711528,1.76303947193857,1.790959899147843,1.7905244935975102,1.7527505922489135
2026-01-02__CA59,0.4729329512151276,0.45008691665391615,0.49323017838612193,0.6081298993798703,1.2961038222021193,1.2838937751544925,1.4892511737623597,1.9737213173426558
1989-04-25__CA59,1.691190694869991,1.758044425896019,1.7688154033429213,1.8598100699905153,1.9880175988836382,1.994004520916624,2.01561394842544,2.046185643281631
1990-05-31__CA59,1.5828264160918912,1.633486748301319,1.6616004765659846,1.7565349697814383,1.7511309486943556,1.7613423493008382,1.730842634883641,1.7278844521441714
1995-09-14__CA59,2.0442631495986885,1.953367638338572,1.9069543277171328,2.1362653080408083,2.231555777537839,2.2543699317545163,2.331304506254608,2.3468942283034466
1995-10-09__CA59,2.0946335456953578,2.0883026911243685,2.0649231510897232,2.0592241189509806,2.0490699091485767,2.047832014790771,2.0348667996767644,2.0183929355237553
1996-02-25__CA59,1.4658899228631088,1.4633142774935297,1.4498613171320203,1.4232425930789459,1.3929920942961578,1.4231056731546055,1.4278297257052963,1.4074328491195007
1996-07-15__CA59,1.277875706113846,1.3914191116935652,1.4336198983129458,1.4412451292734467,1.4466914954426815,1.47611805720786,1.525092048712932,1.5533470195692836
1997-07-19__CA59,1.1848584070934933,1.2065251428144568,1.176282045050621,1.195437372303949,1.2126772578543599,1.2248424636976045,1.1745381755996458,1.170350634362091
1998-02-03__CA59,1.2290940882771042,1.1704237652745841,1.083485627236874,1.1561183989678225,1.1775695918768057,1.185446823945077,1.136275219840218,1.1410494399132738
2000-08-09__CDAO,1.9292892528324606,1.9697206412871264,1.9798782683834732,1.984403873210674,2.007261304872225,2.0215258918176033,2.0442438184973004,2.050447834197818
2003-01-22__CDAO,1.931089408371895,1.9230181518572078,1.9482259551612189,1.9561771751840185,1.9356606155947518,1.9369600758729664,1.951892203441526,1.9680256659814268
1985-09-19__CDAO,1.0636724592215288,1.519800241087773,1.7748666712471248,1.9095474611190342,1.9731278601472668,1.9954427109709256,2.0175129371813414,1.948225040518509
1985-09-21__CDAO,0.97264139702585,1.3103927221988736,1.417774426499711,1.538506083265464,1.5780596626505736,1.5928794576898575,1.6272518002471215,1.6172006104324743
1989-04-25__CDAO,1.378207971346055,1.5562791463448484,1.5807611602822975,1.5672690077406968,1.5617180969499498,1.6055767843673443,1.6212729242725927,1.6229233218278345
1990-05-31__CDAO,1.2981204523690113,1.4150008095899953,1.4042465878868229,1.3963904134874694,1.4290361423098301,1.4717268208772603,1.48947508589396,1.4777370143574586
1993-05-15__CDAO,1.0101354045865651,1.3510587189592136,1.4050642535472386,1.4633654314235418,1.4243983538045093,1.3787795203945177,1.4509209364853726,1.4728177548946544
1995-09-14__CDAO,1.6597309960881268,2.2644997296592635,2.2788459383001776,2.238624524282111,2.3284916716801396,2.5101072216672375,2.70762734452275,2.7695041171883394
1995-10-09__CDAO,1.8301185597428828,1.842147495109653,1.8459623135408896,1.8552262681886391,1.8237408586530377,1.8328685276345908,1.8411740917920558,1.8330129148265188
1996-02-25__CDAO,1.450558252106696,1.4825890976155136,1.4689949242173843,1.439487977663935,1.4381936635832742,1.4250837790619486,1.4569050247609447,1.4704902568874234
2003-01-22__CE18,1.4051586679217023,1.3753683603020332,1.3722920494726407,1.4157601246311131,1.4447269277211345,1.3983312276892814,1.3855395740314902,1.449913180693668
2014-04-18__CE18,0.8153527768359663,0.7650911117264851,0.7470669223641175,0.745135632032971,0.7471720108234965,0.7523596733242126,0.7374022432809667,0.7522353308645823
2014-05-08__CE18,0.7829684889778713,0.7642652319598021,0.7622920845680565,0.7777110351595236,0.7947466826438698,0.8095647526500945,1.3745635665305607,2.057735880908637
2014-05-10__CE18,0.6784895641268485,0.6754952963254683,0.6788284284959354,0.6833850029638274,0.7134946367021113,0.7949232014831673,1.2480505374128024,1.4904327328179032
2018-02-16__CE18,0.8402124444610273,0.9011827651748696,1.0018054731669754,1.4567398972651733,1.887527682695338,2.368087958136561,2.6163903751189124,2.7021656049187275
2021-09-08__CE18,0.5085107010779589,0.521543783270127,0.5311976901946919,0.5360258072682766,0.57920745872897,1.0543657577309045,1.6525743744385617,1.7813975464853566
2022-09-19__CE18,2.572541524719878,2.6807157095558174,2.7039576265816807,2.6830530105841897,2.704578989348466,2.7221702026729893,2.7101617269481286,2.6945054693850743
2022-09-22__CE18,2.48209749460127,2.4992155578722475,2.465248509834615,2.494624710684677,2.5333919826523488,2.5108539166612625,2.5494698213306832,2.5401518202828894
2022-12-11__CE18,1.245677040297371,1.3084673716718387,1.347764439364677,1.3618522394689632,1.3534662136612898,1.359417306521394,1.3776132485857404,1.3580677352098067
2026-01-02__CE18,0.7350132666854816,0.7157792751479456,0.6648078038538398,0.6669628449734085,0.7493332967315458,1.3386090416863532,1.8429511928170637,2.0009951043273406
1995-09-14__CE18,1.1147436493562208,1.226477166350174,1.3694335168035088,1.5498788806943748,1.7701141302973036,1.8810148835842677,1.9337089050260592,2.018610660171416
2000-08-09__CE23,1.569126294703343,1.598573331179989,1.6255448610125514,1.6082395556929596,1.624666126057478,1.6418346843812504,1.6494437336514924,1.6380654515516173
2003-01-22__CE23,1.8260339845202234,1.7992740288772382,1.7340155296112976,1.7199351008403518,1.7235955722605172,1.7015129573308951,1.7099970495022143,1.7392302239326483
2014-04-18__CE23,0.3100960014563323,0.3148358642229922,0.4145283606261,0.900112452854741,1.5136982103225614,1.7741017763473077,1.7824137030539198,1.8509898309415624
2014-05-08__CE23,2.082194807142556,2.2724752732486992,2.5446037376887647,2.5889345445346224,2.6408054614292102,2.619499594050094,2.5786303124959598,2.554773493306027
2014-05-10__CE23,1.708738202594712,1.9600050762547325,2.191498087196052,2.207055991060274,2.2093268292466575,2.1556736323471233,2.1865031916446864,2.2196021584367442
2018-02-16__CE23,1.4683609599896694,2.058066480299988,2.1393096488464014,2.1689344100962664,2.169219808990547,2.2106780636538943,2.3586714112664597,2.3620748265829707
2021-09-08__CE23,1.3493303103626155,1.6159457330940512,1.8668718119831413,1.92368982304829,1.995680575668242,2.01467828085166,2.028588523875015,2.0571879785646656
2022-09-19__CE23,2.020373808722065,2.016723611204778,1.9823280958683545,2.0008582190890376,1.9919097855855337,1.9932908608462891,2.008558293783372,2.0299894752111207
2022-09-22__CE23,2.161262247845218,2.1799175374046937,2.1687117774226397,2.177973610456426,2.1369470881232213,2.094976487292739,2.1193713012312636,2.135310285989988
2022-12-11__CE23,1.4072118857799045,1.4455497941019615,1.3865318432222369,1.2949582568422107,1.261581130764039,1.2776298396856676,1.3302187844448272,1.3539633017359276
2026-01-02__CE23,0.9949167699097387,1.491240277366859,2.1030539645665343,2.1261397092814533,2.1343406336767576,2.156217240940856,2.215806597022664,2.300421331222814
1989-04-25__CE23,2.030163637230881,2.0676949265870785,2.13279846887996,2.203163261714983,2.127732977752131,2.1242648966470745,2.14475075480008,2.1129049297273026
1990-05-31__CE23,1.301445672357748,1.3082682219426864,1.369760426386819,1.3981876263057276,1.4349071551673485,1.4066008598737278,1.4038869871248398,1.3737443778193836
1993-05-15__CE23,1.6201067589309912,1.686860613900365,1.6775510433188279,1.6673964559100451,1.6601786606112117,1.6584305741243768,1.6522657139505113,1.6393366219009724
1995-09-14__CE23,1.8832364553830772,1.9805398866651236,2.0099132458453837,1.9852668065434207,1.9909179011415887,1.9902171496504826,1.9832117548649537,1.9477015023226514
1995-10-09__CE23,2.2043692103438204,2.193578633142966,2.1654132007709053,2.1773666500491,2.210944417517936,2.1980567662351436,2.1120049025707543,2.05844995149736
1996-02-25__CE23,1.324284236084283,1.3774472659511379,1.3744535320728066,1.2514949595182179,1.2124880871513293,1.204248799866058,1.2388007852895782,1.2742646973071978
2000-08-09__CE32,1.2345119573971413,1.3015463530956395,1.3219108392395034,1.3266311415933043,1.2975843748568159,1.3010674715520374,1.3033596146694366,1.3174005963357163
2003-01-22__CE32,1.5991367789408564,1.6035643089388258,1.622353102528534,1.6689012754442065,1.6627568101340466,1.655665407771867,1.6658328029759653,1.6591623515302665
2014-04-18__CE32,0.3365576916377816,0.36806094433814973,0.35859966907223173,0.4545960022283428,0.6651930493483985,1.6259852504007386,1.7741536632512525,1.8390190147241459
2014-05-08__CE32,1.1451327202735804,1.4038449926665684,1.8838209736851317,2.007720506597129,2.0088556609673747,1.9709903309096464,1.9695844459572431,2.007380983326043
2014-05-10__CE32,0.44688931767239165,0.5078663530278096,0.6409291372696123,0.9697290101793808,1.5073518947718352,1.4509156070992517,1.4199761767595853,1.4572481000295971
2018-02-16__CE32,1.351334383636807,1.6737867049630608,1.7007645468763333,1.7215299654013108,1.6365907445422392,1.4743204722163448,1.5552339754313165,1.6253734000320164
2020-06-23__CE32,1.8994017924687332,1.8819856684261578,1.887239808251432,1.9227534705799239,1.8734095691632373,1.814319624028729,1.8821523219096519,1.9409264704431848
2021-09-08__CE32,0.6500156122606423,1.122849224040892,1.231755545326391,1.4378041914171005,1.602260908224596,1.617300373647598,1.5930426747266182,1.5618410900851238
2022-09-19__CE32,1.8845219148258798,1.9191945748283576,1.9275033772846244,1.9308198476286158,1.9524894100531804,1.9953208889292111,2.0451476213047575,2.0292429409556263
2022-09-22__CE32,2.4835377452202057,2.5269005828505895,2.5537341826960467,2.5398456003391034,2.5368444095570144,2.500366248952357,2.4326185074323683,2.4556740172159905
2022-12-11__CE32,1.504259472148829,1.5046224670446535,1.5100556544133978,1.48268313665944,1.4336485769850935,1.3625592136481104,1.3673844345124067,1.3939680254223628
2026-01-02__CE32,1.2786713504801854,1.4689915846913852,1.898499475676249,2.44550764610153,2.7996968410046335,2.919977032599772,2.9086222656876615,2.9265300502410385
1989-04-25__CE32,1.4891726809596417,1.847280573330264,1.891727292644882,1.9547917435295261,2.028424653984864,2.0677809171732817,2.0001586502206057,1.9942637589037633
1990-05-31__CE32,0.9581840152539794,1.1557089354505976,1.19979811079315,1.201561367654373,1.2064047187670535,1.186396332143197,1.1672649166603117,1.1989717045111292
1993-05-15__CE32,1.2159494979293368,1.2430679519014056,1.278571840794652,1.2626581717680951,1.2510126255519078,1.2352361862613843,1.2310770311819446,1.2461353095211265
1995-09-14__CE32,1.0002804594627945,1.3855553599309185,1.4313289001304697,1.479668372184571,1.5176952052601675,1.5279226115197047,1.5508807938975686,1.573287368678866
1995-10-09__CE32,1.1859295979137434,1.1686665496973456,1.1506562916028809,1.1387789545852423,1.1465991879682293,1.1356468131785322,1.1248969710663042,1.1488564478090606
2000-08-09__CH84,1.8685797386829064,1.8701283290190316,1.8727646047016637,1.8804119814330709,1.8587179688231892,1.8906748919218872,1.9299319821296244,1.9477025890429902
2003-01-22__CH84,2.406334249566145,2.3666045617746736,2.339076082754925,2.331778555769282,2.3555833378771167,2.4290075075147732,2.4088159266832987,2.3481376057923264
2014-04-18__CH84,1.3026424961744412,1.2826360978379063,1.3096713928831483,1.3758871555179735,1.4885540350894164,2.8624079284177175,3.6158822813360314,4.010956672915367
2014-05-08__CH84,1.0534348017919455,1.033149722881228,1.1063739377308925,1.1755250620860802,2.7758903404939743,3.0415881445967385,3.1156361359511426,3.1277292618445705
2014-05-10__CH84,0.6801032776698014,0.6057730908645249,0.6949559979323299,0.9269693761471921,1.6569346547726693,2.572363146588607,2.5910135951609177,2.54700629408669
2018-02-16__CH84,0.7560573990581547,0.9697249963671863,1.280498114595018,1.6071690029540466,2.094732452979902,2.3660834899065293,2.3896450086379084,2.3904563726858448
2020-06-23__CH84,3.0220714676650555,3.2405463603935742,3.3292900064054995,3.392661728254524,3.3680320595586486,3.3491052301914737,3.346730434722845,3.3890840391023738
2021-09-08__CH84,0.7426091110302523,0.7189248123295057,0.7144450794502439,0.7638948943753028,1.64530851167347,2.530042602046988,2.693466071489471,2.805203273269873
2022-09-19__CH84,2.692056918025828,2.8036100580069236,2.9048603623411466,2.90451653679003,2.8662603838150584,2.8407074048661585,2.8536676079931396,2.9022108554451918
2022-09-22__CH84,3.277967221610792,3.2722228265487057,3.2241078523339963,3.277584198586304,3.3052334193349893,3.27797389375384,3.306342425540522,3.2954801566508696
2022-12-11__CH84,1.7160068892238138,1.726376635338816,1.7656514136143684,1.76383917503973,1.7874720812502873,1.7817846135211124,1.7942507304510296,1.802960910541123
2026-01-02__CH84,1.0049330934810472,0.8616948047162707,1.050345009305633,2.8942221242053,4.2338389068575895,4.2590828396842575,4.316007348641167,4.428688916296561
1989-04-25__CH84,0.9873716875437111,1.7985853507380605,2.199596363257647,2.398514028741419,2.493025940600553,2.4866404868357113,2.4828889041213738,2.4529505738473882
1990-05-31__CH84,1.4451637518002198,1.633338057838178,1.6979060704369056,1.6933377954971738,1.6680292863208732,1.672911453280938,1.684070700618557,1.6751394386004863
1993-05-15__CH84,1.2454954532748936,1.3303015563758414,1.3921171212904315,1.4263818715692913,1.4124491443607556,1.4218610726206171,1.4365742981232885,1.4229278453066896
1995-09-14__CH84,0.871727714775993,1.0845784877122475,1.6560093375531122,1.8259483723288168,1.924926862620639,2.012555715593904,2.0175193593312755,2.0032817301992494
1995-10-09__CH84,1.1826888730747038,1.1521350844609928,1.163210993962675,1.2123144674273103,1.208310832780467,1.177321812790696,1.1880862141501902,1.1807492823777594
1996-07-15__CH84,1.0908226711734665,1.2057531865259652,1.2579710900419947,1.3459171049472431,1.3597618517875125,1.3624601937780976,1.3815051961800722,1.4002398630900208
1998-02-03__CH84,1.6290929622426173,1.6493657235310242,1.701478134670869,1.704409627280327,1.6647477881152553,1.6682552439910447,1.681818175183464,1.7028626696634637
2003-01-22__CI05,1.7590949984019926,1.880280437969535,1.9917652229589629,2.0571497428925083,2.0725623962554782,2.065478247315821,2.1238144896208766,2.0554592911031517
2014-04-18__CI05,0.749646398780447,0.7132435317759417,0.716659716999338,0.7347633383806663,0.8179104901746699,1.1211653460856565,1.3936932630092316,1.4152578896693668
2014-05-08__CI05,1.043635991542684,1.1111932046797057,1.2740137465663561,1.6607363311292749,2.2077236087587204,2.6282615800170768,2.7786181488910953,2.8285195710987456
2014-05-10__CI05,1.1798113579013976,1.446491508248628,2.2820154528164087,2.461014967225812,2.483387850021194,2.439793067592608,2.356895826625467,2.364518304728448
2018-02-16__CI05,0.8673017065434451,1.0141743650918977,1.8518283533424449,2.443180765780504,2.678561688279232,2.785235156009165,2.8244779797860016,2.9001955914303825
2020-06-23__CI05,1.1823765386315463,1.810835765673779,2.0798661103937315,2.051724935424679,2.1671590490258317,2.182427238107113,2.013487236228487,2.046249533825046
2021-09-08__CI05,0.826459309313897,0.8825740938440837,1.0574051657673875,1.3941607552721034,2.593414110790289,3.379470425259827,3.4533713725733186,3.325833737925789
2022-09-19__CI05,2.8560170194906456,2.8991105271238764,3.081400197033048,3.1380155392850857,3.1036405360911314,3.096615561075515,3.0991788758828367,3.106391486374373
2022-09-22__CI05,2.6098760335070814,2.77830779655703,2.788461899075908,2.816863274796672,2.840560455048195,2.880542980773185,2.897556143469781,2.8732055241061616
2022-12-11__CI05,1.9796390669714683,2.0976485897026795,2.170774377483164,2.1315930081247516,2.1902301095301056,2.2196127355804167,2.244600649656928,2.239204736602103
2026-01-02__CI05,0.9019280134490922,0.8478642003094499,1.077806398655044,1.7615949022488258,2.2367172787370246,2.515832204704478,2.6054975671588414,2.6743842481030944
1989-04-25__CI05,1.4937662709986752,1.7059430632374484,1.9309218988192178,2.096928075749666,2.3203376896337264,2.4346147727109533,2.474730039938765,2.4779142451334186
1990-05-31__CI05,1.9476631739363326,2.0134953070906274,2.0737364321402936,2.1401981168518054,2.1856704046761104,2.178018174112166,2.217477089741454,2.234826664866029
1995-10-09__CI05,2.241604123597973,2.280030403185104,2.2968911935706107,2.300476536641614,2.3225597402528497,2.3262159076072795,2.326862157939264,2.322593126986091
1996-02-25__CI05,2.2455296592427136,2.2748083520872235,2.3469546792629687,2.308462470993668,2.283056490236568,2.306110324140678,2.3201669402638583,2.3026516123853873
1996-07-15__CI05,1.9586375133096183,1.99542618810373,2.1070054072987316,2.0688592728500836,2.12299134192093,2.147494472786548,2.08430633203314,1.9486624870856315
1997-07-19__CI05,1.5523672522775087,1.5773152084979944,1.5271518832470714,1.5228786513582266,1.596977384220466,1.596651518007995,1.593785520266797,1.5531148895061393
1998-02-03__CI05,2.1340485431909966,2.1219487388650844,2.153496174292224,2.201261531093462,2.1877074208133447,2.1183013117948515,2.201469319105413,2.1335978955605315
2003-01-22__CJ03,2.1142074841373715,2.105536799618794,2.122444914964785,2.138083532987735,2.123109467319742,2.0539900316618063,2.07853851384378,2.090502646504437
2014-04-18__CJ03,0.6535265518997602,0.6557476706724,0.6532148172474668,0.6556181489858937,0.6681893126170819,0.6662435673040095,0.6767333849033978,1.5525398289576842
2014-05-08__CJ03,0.770863815246998,0.76761062337967,0.8055554677486434,1.2670704828858534,2.1777081133865144,2.4109866251002825,2.4847625924323005,2.8296680389851825
2014-05-10__CJ03,0.6845103021569244,0.7410060793897189,1.0610322023969385,1.9504660067722144,2.5360539039082957,2.6329650301210767,2.683655437478959,2.7283966725155517
2018-02-16__CJ03,1.1717361182590509,2.0256524285055146,2.4193921005877987,2.4622293670175996,2.484331072248517,2.5236619083294487,2.5570394168397437,2.5760075828223417
2021-09-08__CJ03,0.722417328527779,0.828078203232175,1.7519138287878975,2.262365895727795,2.4788605152306302,2.5202179393012543,2.6221601007315254,2.730724988960963
2022-09-19__CJ03,3.071803621951542,3.140807751760677,3.152658558120976,3.1730628006414494,3.1619680280840683,3.1413601718462165,3.136065275177231,3.1290179765146244
2022-09-22__CJ03,3.6155013227966344,3.6761207382404684,3.702545701964825,3.6800794038165137,3.6706157112652953,3.6776201059216374,3.6859939103230617,3.659650020264959
2022-12-11__CJ03,4.847857116185838,4.824179804781633,4.865547551859619,4.862113918887221,4.7955000555249665,4.7899624210010385,4.7826807666131215,4.766668009404274
2026-01-02__CJ03,1.1515038948668044,1.7783191463004338,2.7310740810499636,2.864318791617701,3.0960495105478882,3.149151531742641,3.27940603907919,3.4048008460731416
1989-04-25__CJ03,1.7211193445607813,1.8269091340823809,1.9164033943502308,1.9275239515419313,2.05072357813309,2.0664479528781587,2.1029676199652876,2.0585876755875874
1990-05-31__CJ03,1.7465630135591999,1.7861365175750419,1.8193041169003048,1.7742658521430255,1.7948822955254782,1.78276776813545,1.8088813036189137,1.8658727093141896
1993-05-15__CJ03,1.3755509507127202,1.5453542133170077,1.7345387611909138,1.7941646840405854,1.8949396011524315,1.9790012097436414,1.9986133530900738,2.0454392113799535
1995-09-14__CJ03,0.6753799443966111,0.8823985141793772,1.19436762848788,1.6912304120934447,2.0923328374216785,2.3519196967855445,2.648025258196869,2.721058601906852
1995-10-09__CJ03,2.2111932184284155,2.2363816805321775,2.1615787763824694,2.082498757918245,2.0446014964326684,2.1310996505053317,2.139277408192219,2.103404385541234
1996-02-25__CJ03,2.087172478892388,2.0959299420577246,2.1153703015697776,2.1027839441320566,2.064811931560238,2.048759344353218,2.09115777804478,2.066372049986394
1996-07-15__CJ03,1.5520440664930568,1.6580636734820968,1.7469369946986697,1.8607544802927354,1.9426692603907765,1.97794470780389,2.0087702153527447,2.088587956901692
1997-07-19__CJ03,1.578425865796247,1.5865626063976075,1.5901534039461105,1.597019159552983,1.5408724881987348,1.5872682073937736,1.5826601742632138,1.619751172963025
1998-02-03__CJ03,1.6171069858638207,1.6442580450649154,1.642912851718917,1.6566520491773407,1.6395145180171817,1.6890413800937258,1.691999114960607,1.6574651669399039
2000-08-09__CJ04,1.9207721284692356,1.9819528598490346,2.0170185600881023,2.024387011566642,2.04936305683146,2.041091671057132,2.0503558855372526,2.0550076637423236
2003-01-22__CJ04,2.109047810284647,2.114344306826562,2.127895923534887,2.1330896318099244,2.111491312250163,2.1195682934281703,2.1129091021438198,2.123449390733861
2014-04-18__CJ04,0.6585499523553777,0.6422942432819672,0.622448659125535,0.6205610364011512,0.6392632223015956,0.6325624550806123,0.6105840927160912,0.6318765827273483
2014-05-08__CJ04,0.6993969580908286,0.6931645458387111,0.8701464653056344,0.8560190804645745,1.6213461401585778,1.9107180111992537,1.90381813660018,1.9871015042204334
2014-05-10__CJ04,0.6481886796141914,0.6319914357069616,0.6735638924240177,0.7765157362193373,1.8457185486228596,2.251111352617539,2.302473221220367,2.437532070785509
2018-02-16__CJ04,0.7222227672816451,1.3116743007603988,2.3034784704369735,2.5557916078291245,2.711612807379907,2.774429245027623,2.762634725830006,2.76814228417756
2021-09-08__CJ04,0.6083624891779538,0.6445977169629111,0.8213143586585913,1.6587586385667157,2.302376796340135,2.185637255192061,2.201705904803436,2.4711678291367556
2022-09-19__CJ04,2.508172383464366,2.71462419528719,2.8372394650797896,2.8531408247976664,2.8152762125404625,2.804540280438248,2.8268332785706995,2.8251044692467433
2022-09-22__CJ04,3.2620359122165854,3.4151779430175253,3.3742643741059086,3.4330436376740265,3.481384099066383,3.4546588997205188,3.3882223625592465,3.421259500229672
2022-12-11__CJ04,4.853042444618797,4.914422520209899,4.818552056556248,4.758953390772073,4.800308727119125,4.828107012952927,4.812560390388915,4.727078523403744
2026-01-02__CJ04,0.9430076513955562,0.9768714731156867,1.1913648733442361,2.1504681700686907,2.7163908090979003,2.5987781530184706,2.604971439840625,2.9010819681696547
1995-09-14__CJ04,0.7671251996779118,1.0254737141738781,1.506438527475046,1.932283311380366,2.1459285755208537,2.3271679101121263,2.4060164825924346,2.4295775135833435
1995-10-09__CJ04,1.5836522681279268,1.5686885763478167,1.5751001013188102,1.6355453492890033,1.6666136324556788,1.6690811513715396,1.658384542525757,1.632133881056382
1996-02-25__CJ04,1.3831932267986442,1.422747682920003,1.4306876611198454,1.4112688393675703,1.3989812674753745,1.3943630274867034,1.3813182260640477,1.383744911168881
1996-07-15__CJ04,1.3099900596495133,1.3937774242664278,1.476267180855866,1.6459472353776028,1.6787958385046533,1.6686884335769068,1.6879300474201844,1.689592020963413
1997-07-19__CJ04,1.5655640051261013,1.5643750426156364,1.595610898569116,1.568150795850583,1.5309049944875601,1.526413911262529,1.54168795177098,1.616467701055838
2003-01-22__CO47,1.5906027135221044,1.6058605420906362,1.6226200197976626,1.5951968174768567,1.5693018771411906,1.5741811258875644,1.6163718958968465,1.591827685137974
2014-05-08__CO47,0.9329178262831213,0.9208577746383276,1.0173082552855652,2.560902421002437,2.9133126374812175,3.0862990903346903,3.181408168677682,3.242463387902471
2014-05-10__CO47,0.8402985149875775,0.8605849915573663,0.8746394751893855,1.1525840542544836,1.541827126148982,1.8190503000599096,1.9360199174672592,1.8990973551413755
2018-02-16__CO47,0.9698093834651305,0.9992467525427552,1.2409938089541328,2.214729422231413,2.796095846051208,3.1269209394352813,3.2593629248523297,3.3074493256072897
2021-09-08__CO47,0.7190751899788114,0.7007933415879184,0.6592287597024244,0.802090115616659,1.292739194424868,1.9404003855965202,2.8011937160254288,3.1506040483911835
2022-09-19__CO47,1.9801750059642031,2.1243576205140866,2.272905626421822,2.3422039556456937,2.363482039482641,2.4051029190816906,2.3955251105755555,2.382463052846349
2022-09-22__CO47,2.7514097164979088,2.742640361040576,2.7891499211895865,2.7363812940507337,2.7249859835005315,2.767844401070252,2.7759184559039385,2.750729068324713
2022-12-11__CO47,2.2266829013706775,2.2278190892940444,2.3054129216320467,2.340077606434837,2.3763167383399932,2.422409247266865,2.4276612676712603,2.4492158657700225
2026-01-02__CO47,0.9873831950996778,0.9583787975936284,0.9378475871759626,1.0652445497837917,1.2354202644747068,1.8355127759398873,2.492864519500502,2.5654020520570895
1989-04-25__CO47,1.1871973198800359,1.2849259246646811,1.9187463796083613,2.398433717683102,2.6131518604460973,2.6516202284117436,2.643558912062807,2.6678655121218315
1990-05-31__CO47,1.6365140032241994,1.5835123211772668,1.651635233180771,1.773648604885625,1.8850733753302884,1.8952770504639842,1.8380716166252669,1.8391006827452971
1993-05-15__CO47,1.397983455486001,1.523853014461305,1.7709815010657288,1.7621521245904521,1.798465948655393,1.8677423914033868,1.9279446720898459,1.9088478566145546
1995-09-14__CO47,0.8439089029030566,0.9023676707776046,1.10709861627819,2.18259731907551,2.4543449915031554,2.775651899410889,2.863588161211873,2.7695353928616147
1995-10-09__CO47,1.2786974405595242,1.3070144724396637,1.3151773716300823,1.3144567653030794,1.3137250719551739,1.3375674902673562,1.3233558907118628,1.325277687697928
1996-07-15__CO47,1.1209698046672938,1.2418232309287756,1.4549504464690892,2.109560925399055,2.21996650828716,2.284314555048486,2.2656226132332407,2.2384030249301534
1998-02-03__CO47,1.559176362229489,1.5577907085277585,1.6121012945556248,1.5813562209112215,1.5697589562884144,1.5330007545910513,1.5065640643536187,1.4008552415623947
2000-08-09__CO56,2.0023515418748374,1.979416909077512,2.4845108766163335,2.5981610121577674,2.6113705441784396,2.603187076682592,2.626984974112846,2.6609639917445875
2003-01-22__CO56,2.1979098293200154,2.1819326618282093,2.3001490243696328,2.5547727523879433,2.6490110779400093,2.61289941860903,2.621839475566582,2.643850912238262
2014-04-18__CO56,0.7396169890784503,0.7535442458596089,0.972166283834162,1.1275671259236066,0.9903753693085223,1.0082723080033444,1.1793294751920271,1.450013441183152
2014-05-08__CO56,1.101211363801461,1.077953106445929,1.1561884593909042,1.4063222292364161,1.7165039311587371,2.060504006422241,2.527280395126621,2.7019277918075293
2014-05-10__CO56,1.063945661697544,1.0738441539285888,1.7246422620803996,2.3551084075510325,2.3320506272803936,2.3417090088931305,2.343434428914389,2.2498327030557284
2018-02-16__CO56,0.9991249525800209,1.1596937300202546,1.8928179385715624,2.286184603413073,2.411369916845199,2.446949674169204,2.454551016197407,2.4908234128648368
2020-06-23__CO56,0.7207498605779629,0.7303694733893065,0.8065017930284871,0.8328354796987326,0.9061186766258646,1.6286519707977276,2.3568181718747474,2.6207003080873994
2021-09-08__CO56,0.8208732323866524,0.8352881249147197,0.819926981897476,0.764758358516349,0.5682170315716311,0.5435976563809993,0.6114911549801344,1.5393710728938719
2022-09-19__CO56,0.14565582965546403,0.150104024547298,0.2460541314064106,0.36959509868992935,0.3707318165167876,0.41159987696711897,1.8310953452235306,1.93777715679483
2022-09-22__CO56,1.521407024394176,1.5353199570848768,1.6151646805225088,1.831797218652976,2.0632043865305585,2.2181146114914876,2.297327005721885,2.331940919342505
2022-12-11__CO56,1.8142194395563829,1.8796702794102373,2.0361011636554305,2.0704037793208245,2.100087427939706,2.107271473344863,2.0876393257916463,2.046082352611721
2026-01-02__CO56,0.9807187607695129,1.0457482748771605,1.0474651441266123,0.8687678825818868,0.5742301352394495,0.5784754638378606,0.8830999802726466,1.0814100147147974
1989-04-25__CO56,0.616719171072399,0.7341156361454375,0.947574466604531,1.1076260189859661,1.806023931515186,2.216268653055793,2.212058642002485,2.241957671520735
1990-05-31__CO56,1.0446952111085221,1.2853897057851038,1.329141029572709,1.4009281659452055,1.4364107387323535,1.4326477861856879,1.4021873337605042,1.3840155007595851
1995-09-14__CO56,0.8205314904272681,0.7902927971885857,0.8439689274618137,0.9262230893203307,0.9323049103098506,0.9699907422296875,1.4857824996758533,1.6590703174351247
1995-10-09__CO56,0.5937734062515699,0.5933525902946479,0.5942336808608217,0.6253854308610081,0.969216813075407,1.249595078283985,1.300730993662044,1.3129675459565124
1996-07-15__CO56,1.185760437246567,1.4385381228323781,1.4191938303515061,1.4738164480854417,1.532768223172692,1.5385910017154365,1.4758854128450676,1.4394034982843595
1997-07-19__CO56,1.3353208907506486,1.331753632570568,1.3221112605426728,1.3316288621881587,1.3304781108249808,1.3450866022390922,1.3308666211199063,1.3404244286677516
1998-02-03__CO56,1.4369262896092656,1.4772705977304077,1.4720924529220376,1.4451201477362952,1.4022154134942264,1.3561988910145988,1.3467252352808037,1.3252470900086628
1989-04-25__CP28,1.396312769167959,1.4037942303027542,1.5150605706991063,1.7209339744059848,2.327627697199491,2.58713119658173,2.6851802826305415,2.6802749405470156
1990-05-31__CP28,0.6099819617645562,0.6636868607777783,0.7210087076138032,0.9711851978529538,1.1789607106989315,1.2843307555577934,1.2821078061821398,1.350393633129247
1995-09-14__CP28,1.2328776587402632,1.192584704861786,1.2189172363583256,1.3400447604072625,2.161061050235107,2.4146305936226558,2.4989405897647847,2.5336766851993495
1996-07-15__CP28,0.9461123499997166,1.21298724329803,1.3749602513792534,1.5626747866958095,1.6697036042130051,1.7387596513185657,1.7846612381286846,1.752620589930869
1998-02-03__CP28,1.5778545295044042,1.712369838335694,1.7287706822397209,1.7325817010540971,1.7667544034764886,1.8183798357189067,1.8486622511830804,1.8465704069102131
2000-08-09__CP28,1.2680037888250217,1.5932498295163577,1.8611589715262473,1.9296293710196122,1.9729227296735359,2.0040658610458872,1.9776540575929242,1.9924798405597328
2014-04-18__CP28,1.1207094511559113,1.116785435600967,1.0630935456986321,1.098661391444237,1.114005421634742,1.1236892776258964,1.2895047539379816,2.3290203341873172
2014-05-08__CP28,0.8763030424528016,1.024219340486208,1.1665862336726396,1.2348937241216897,1.698176764096109,2.417413024392162,3.129562529461365,3.3817832006548594
2014-05-10__CP28,0.9419163313717902,0.9544654412616539,0.9293738388687179,0.9481162156681554,1.0384313518162305,1.1559355369145878,1.955774567453214,2.1128101670647554
2018-02-16__CP28,1.2486782789905044,1.3115115413853988,1.2942390340887393,1.3872742346519378,2.1190814119425427,2.7182052300256334,3.017173265942272,3.222580510492598
2009-05-22__CP28,0.5528247766813769,1.30944563472367,1.9074151455024464,2.106231462490093,2.3291696757457045,2.494466953975198,4.233794847472747,5.262455373505433
2003-01-22__CP28,1.5642633152819323,1.590217904451934,1.7278837913169205,1.7074850089854916,1.672097097643155,1.7228417653762342,1.7467837488880862,1.739711679427756
2021-09-08__CP28,0.74233599882169,0.7293032535798676,0.7023208698520736,0.7350891271871526,0.7539486965035852,0.7579834586038596,1.2095857092951228,1.8694642679363258
2022-09-19__CP28,1.918004462321432,2.8489636257510877,3.125757256723557,3.233217569369062,3.2628503579715487,3.206384237683197,3.1790233844347378,3.2193152358589017
2022-09-22__CP28,2.6417420291477542,3.1620324348234834,3.3995864546808225,3.36019381009822,3.3097945892617404,3.429591913546833,3.4654302990048684,3.4627207235753574
2022-12-11__CP28,0.9851551438282405,1.1150749860721871,1.4425758602672465,1.6423631914806298,1.7932206475080772,1.9144427810911928,1.8613819860663312,1.834105941477999
2026-01-02__CP28,0.942235609259422,0.9908939259218907,0.9625114605667983,0.958451526594763,0.9753407845321875,0.9846908650536899,1.3314303193212376,1.648220276620722
2022-09-19__CS66,1.9057511608815465,2.0418250609144106,1.9567352108681901,1.863312745921081,1.9293721347743957,1.9624794342466974,1.8958079050333476,1.815640087882057
2022-09-22__CS66,1.8205771957245707,1.806377820905508,1.5075179799507323,1.015135159606838,0.9367261692159881,0.9977727469418753,1.2036427608259217,1.211233768056185
2022-12-11__CS66,2.1370510168572228,2.176763017796607,2.129603957821743,2.1327392515941397,2.2031508127851542,2.2839551572077625,2.3377286302332494,2.332094218384415
2026-01-02__CS66,0.6196609335780524,0.6003501828211429,0.5987269066472688,0.5789073698955669,0.5952735258951241,0.6166049376028853,0.61694122826041,0.8050922401384287
1989-04-25__CS78,1.1626108752458686,1.1401467012005013,1.275164972500529,1.7855921262621393,2.3617326857810497,2.532152703939728,2.584836073623304,2.6022166919489784
1990-05-31__CS78,0.6554433123139408,0.8098423038414361,0.855726625890704,1.0078917732613557,1.1577331217705737,1.2752534410507301,1.2863827626514794,1.2746708569591925
1995-09-14__CS78,0.9543268071699622,0.9678839820839278,0.8699178366129603,0.8992266397359812,1.1421705402426339,1.7326967068076171,1.8230197809902162,1.898360990172684
2018-02-16__CS78,0.8423334344361786,0.8145456214545047,0.8113904958516797,0.8415523149631662,1.3439770861391005,2.291119798174625,2.511678795818085,2.604343633914194
2020-06-23__CS78,1.5731924187559485,2.219197705354215,2.6682723304331337,2.8492341208144643,2.947713223319181,2.8714482106982957,2.8885910368089447,2.9400672084998596
2003-01-22__CS78,1.464587979823963,1.4924225017195007,1.4741548927293062,1.478450481146023,1.4847170858492877,1.4789331504199976,1.477176169015515,1.5253974834060418
2021-09-08__CS78,0.5330327731925156,0.5357436988500823,0.5303808183022536,0.5309095874816673,0.5536842260620398,1.1568623913394838,1.6600957349589929,1.9040568759572711
2022-09-19__CS78,1.9023836436914425,2.0206899917620187,2.0934367432294168,2.1636978431438667,2.1523295730228726,2.1307284642425306,2.1387694777894057,2.1417346420798613
2022-09-22__CS78,2.448281903256864,2.4749261445772692,2.4444217437888924,2.3938241857136293,2.3921328611177786,2.475879265781335,2.511126028182493,2.5065005920698473
2022-12-11__CS78,0.829458425803997,0.8739192587200086,1.0538320055235544,1.1995012604839472,1.4159446244231835,1.436702855657791,1.439569596925524,1.4349599761925773
2026-01-02__CS78,0.9325461338528034,0.9253276067431581,0.9013502932019252,0.8466860213258939,0.8926317044188042,1.0978494217873997,1.7375449126447595,2.087824247005998
1965-08-23__CU,1.0577682710402079,1.0931280762609217,1.0982898457817403,1.081503714819934,1.0755105737656612,1.0759435445642702,1.1042842968384294,1.1395643519120453
1968-08-02__CU,1.0739108608063406,1.056752691311844,1.0449725755404786,1.1077273557316434,1.132773189352196,1.161836175631867,1.172935965872242,1.249901801598111
1976-06-07__CU,0.8423044775748578,0.7659951681643458,0.6408482398166044,0.6306159238922187,0.572499856498253,0.5888794191046791,0.6388117547935304,0.7483026132668023
1979-03-14__CU,0.9984259844872,1.0334033692749294,1.0439942389471961,0.9739282939000423,1.0154083447871511,1.2228752689058817,1.267667226054837,1.084965914250102
1982-06-07__CU,1.3155430053735904,1.142750356996778,1.1020846220856684,0.9121208838576378,1.0288181212542025,1.1004527622898785,1.219090787443574,1.3213986846408134
1985-09-19__CU,1.7648297104586324,2.07356017648844,2.191822701652374,2.253053445015146,2.319730682297412,2.4118632034327,2.4248943178370927,2.439137891198276
1986-04-30__CU,1.1134254369357957,1.0756264588428595,1.0826183255906892,1.1622268440678372,1.212998004076297,1.2196322829970307,1.179983066729599,1.1715061092689312
1988-02-08__CU,1.0116962628905013,0.9609950411980674,0.9704100008683417,1.036020811038486,1.1156316991804518,1.1541297086358817,1.2015283676266606,1.1881066922342303
1989-04-25__CU,1.2040024142924213,1.2423736392741431,1.322033068336707,1.3520599359922576,1.364855235075683,1.371023993224597,1.3953098203771743,1.3735995168078385
1990-05-11__CU,1.8056785739099652,1.7945039252500794,1.816698429348405,1.9423927893799586,1.9781936097186281,1.9650794777320955,1.998350918189107,2.0010533069210643
1990-05-31__CU,0.7669458041424956,0.785066225818863,0.7302862495440965,0.7305238244787188,0.9034771537000011,1.3438248980419827,1.5143692377458597,1.663407793282744
1993-05-15__CU,1.5891519877761169,1.729909898125763,1.7596912012046575,1.8009940148670731,1.8327432310008893,2.052168452921452,2.4788144105536873,2.498064268239494
1996-07-15__CU,0.7382012259215569,0.7701010617791497,0.7677700145370894,0.8374424073697753,0.9541739189870986,1.0149819576017098,1.1581914434697687,1.2272048632371773
1985-09-21__CU,0.6958988349018804,0.7634905877696054,0.8390279878885563,1.0168899540738887,1.0252013373078892,1.0441402553310593,1.0785779045084116,1.0690320944566225
2000-08-09__CU,0.7924522987606937,0.8903697849291908,1.1905035382566183,1.3832765798128979,1.534406543941087,1.6347916953636616,1.6209011294334683,1.6598283424639289
2003-01-22__CU,0.8187316537685776,0.9530370659329639,1.4144228305141748,1.6927189952126924,1.7859724372742056,1.776950820641339,1.6869265267852256,1.6683663329718623
2004-01-01__CU,1.323196155693012,1.3174570594457413,1.2889872894145713,1.3018705129056256,1.3697744361349322,1.5361543026832711,1.9814311465849754,2.124129271452221
2009-01-31__CU,1.4796794878650026,1.4164377773525383,1.577411415675721,2.5845215578785177,2.47336093297834,2.4391806022022067,2.459801409638775,2.500852698925036
2010-06-30__CU,0.706875207683894,0.6675411907659886,0.6061774458685256,0.6384000240027174,0.7379466898462473,0.7885192088855709,1.4843741285279861,1.9094779104665371
2012-04-11__CU,1.1805626976056047,1.3620995260947426,1.8062987784302469,1.9623376646526,2.0213745990862626,2.0175896498929697,2.0506302810058474,2.1695753156688653
2013-08-21__CU,0.7801026566551991,0.7939546950667765,0.736520562256932,0.7058728091436924,0.7646073605625243,1.0443871780873204,1.5635917801193824,1.7895671157772401
2014-04-18__CU,0.7843782749659308,0.7932894981222223,0.78931785419905,0.8142203798127021,0.8282727095978987,0.8260742745537301,0.8077177012409764,0.8586004216272699
2014-05-08__CU,0.8332208432656016,0.8594386578074712,0.8733535589363296,0.8447949860497306,0.8101793162350854,0.9474128122202217,2.20561969902986,2.6572455259565415
2014-05-10__CU,0.7648868897622488,0.7488472735892062,0.73436212361278,0.7540850911851958,0.742023699088108,0.740831758099879,1.5158510122816837,1.857798324739144
2014-05-24__CU,1.0880649206319015,1.0873621536786304,1.0341689235548621,0.977828871740816,1.0068540459454032,1.1704937920323157,1.9801756258177308,2.088505020582774
2016-05-08__CU,0.8601439017269722,0.8432748036869601,0.8365475504988149,0.8465588550495489,0.8446265725811682,0.7784618956887838,0.8871229533237721,2.103869996407108
2016-06-27__CU,0.8348751044776824,0.8392310282850696,1.9633880738372254,3.3916357453464947,3.9073819497879687,4.094987943206252,4.199009469260521,4.220878369450195
2018-02-16__CU,0.7115757434987292,0.7723565224926238,0.7425185210498616,0.7038724764633009,0.7202162280710424,0.7190284192195744,0.9014008569207079,2.1621489589136504
2018-02-17__CU,0.45638930963436175,1.1717444729314805,2.1880421008692945,2.3835941204594917,2.3919810029517685,2.3958645866922517,2.41354987112577,2.45808600865878
2018-02-19__CU,1.0809170716744332,1.0646276322761,1.010604522640248,0.9873608470141458,1.0012637666278998,1.5603822862262346,2.0862511453407206,2.163132290141491
2020-06-23__CU,0.4943246952788141,0.48340306049182763,0.4453053386802327,0.4727164765180767,0.624383523260092,1.5742810567429293,1.993149975957677,1.8378167585313385
2021-09-08__CU,0.6454588708552769,0.6537004184456856,0.6335754231157006,0.5966545836113251,0.5834566528837788,0.595194068291699,0.586243393378859,0.5592238789660801
2022-09-19__CU,0.8129054482784094,0.8959596764790114,0.9285938939506141,1.061847768699693,1.5810182517310665,2.0078164656506186,2.0386627707500136,1.9800517049465982
2022-09-22__CU,0.7871409964568594,0.7204664364225536,0.7463472482726365,0.7639962227225056,0.7788556339370034,1.0094799864400719,1.9142780188898132,2.262005376147365
2022-12-11__CU,0.7472818749210944,0.7478832670991576,0.7603154090071986,0.7563711299813047,0.7534529968876506,0.7655395542292753,1.0084787792997347,1.2484069457972993
1995-09-14__CU,0.6572399773229627,0.6128170546695264,0.6076884367554284,0.6640438611747821,0.7020586802141713,0.7171175374551875,0.9163922441666442,1.2290237396331372
1997-12-16__CU,1.9274609981814133,1.9269527861549711,1.9402585528408558,1.9867664985440059,1.9751204337913435,1.9443863517439899,1.8859518391309202,1.8734904690420697
1998-02-03__CU,1.228865558423332,1.3123380797256057,1.434225059151275,1.4609944237597536,1.4604285578376004,1.4996481231724321,1.526838218322553,1.5584625554831755
1998-07-11__CU,1.4502287898731714,1.60023429471371,1.6937502674519906,1.7190397889917304,1.8243147149164622,1.8626548452820493,1.8587059828144288,1.846501798397619
1998-07-12__CU,1.4696246366054257,1.473182376599222,1.4671231867722616,1.472112566390258,1.5345370484939165,1.5634924050412076,1.5535335093357636,1.5429884437546006
2021-09-08__CU80,0.8124988190530824,0.8339808069242217,0.8902314141546629,0.8973593539044781,1.7079844050038995,2.289096734673896,2.2826648184220235,2.317463053270558
2022-09-19__CU80,2.2733584704621954,2.377768392386621,2.3070616835836533,2.252960060174427,2.267289378637456,2.2879731860647357,2.3987104162734583,2.8678607725649177
2022-09-22__CU80,1.3410868535785707,1.8471142864208427,1.616139782354467,1.531271267109189,2.1816314848509615,2.201105356326869,2.189101540518688,2.2027214419263537
2022-12-11__CU80,1.9623338871964005,1.933055807316739,1.8277630055324199,1.757742090317466,1.7394580255757532,1.7210962930121676,1.7643525061957044,1.8572690735022723
2026-01-02__CU80,2.517714056945174,2.582972725071887,2.605044734008633,2.5328822814263168,0.5961161589069653,0.11811374769165009,2.4148247131960185,2.4814853119256157
2021-09-08__D270,0.6788571946953008,0.6640612309563063,0.5942923220739325,0.5716429612971421,0.5767078861915212,0.5542839841721431,0.5626477903684386,1.2678592501344437
2022-09-19__D270,0.7411630013637414,0.8377427506311687,1.3025260105308683,2.0034792101381522,2.2993858521697366,2.415404069033522,2.4641147442138953,2.4659029782009596
2022-09-22__D270,0.9764021172343238,1.1048840036936498,1.8177492085359572,2.264541073346156,2.567743422120656,2.6563023924987705,2.634140290378009,2.6836000726226117
2022-12-11__D270,0.7175365668299367,0.713238466539654,0.752605460343902,0.8203312320889513,1.2401586900499193,1.7139786122118235,1.8657216587758378,1.9896779350070384
2026-01-02__D270,1.0591181380071284,1.0045442515895884,0.995902155960907,1.0139540394616302,0.9856293468371808,1.0243223096504879,1.038200909901752,1.1932749791621426
2000-08-09__DM12,1.8333512584524527,1.9162754242973208,1.9011672992286894,1.8846184257603538,1.9205784864553745,1.9306427719316055,1.9133763847168814,1.9005111852159093
2003-01-22__DM12,1.9268690049287445,1.9773643244589312,2.0172080049306396,2.020242777005606,1.9862703887894588,1.991212745312353,1.990897536400998,1.9789353587151068
2014-04-18__DM12,0.7712369158269773,0.6700681910625788,0.5489584714829969,0.5653266747472085,0.6043161820077666,0.5618207608725061,0.6837969751705238,1.084893592539537
2014-05-08__DM12,2.0578027392557647,2.158217012858725,2.1543440327952155,2.288347190937176,2.378088101221295,2.5704432476275687,2.6798034754593405,2.7454009596283306
2014-05-10__DM12,0.9181345285293596,1.4068879649154327,1.632474606110827,1.736646131910102,2.3450276540071884,2.3541000590214836,2.5708107474765436,2.5867532720133872
2018-02-16__DM12,1.993390281304224,2.238711093895036,2.2899401200920004,2.413352766294127,2.408701542291746,2.4597991941388946,2.631845110592308,2.713789913790991
2020-06-23__DM12,1.9023375269497795,1.935513901584003,1.9916990942676382,2.045408663173853,2.051731798363567,2.1334399730885205,2.1584156520839692,2.131643473090581
2021-09-08__DM12,0.661823626578964,0.7041199710883705,1.1460515558896383,1.5017088227642386,1.5398816721739086,1.6552999902101064,2.050859271373926,2.3117889026486202
2022-09-19__DM12,2.3361592551514425,2.3789302021366576,2.3773266575943213,2.3581313853043353,2.362180782139257,2.3964045995525085,2.3981335865237527,2.3531147184143775
2022-09-22__DM12,2.4541720901102972,2.446327817130369,2.39867255683034,2.3973097689781455,2.4347087882570064,2.4471382353511815,2.4490855938895497,2.4292938692870116
2022-12-11__DM12,4.312808710258332,4.345992333594378,4.340264551530548,4.377391741718263,4.379096612978981,4.343467971538359,4.297883293026982,4.2051465929145895
2026-01-02__DM12,0.5444228264030501,0.5182899628256096,0.533113412729337,0.5356006210417029,0.5278295096695006,0.5354567590466887,0.6309331947440255,1.567387668490041
1989-04-25__DM12,1.54664893079357,1.4653931262846722,1.562194232555145,1.7084481304007442,1.7661637830941612,1.7851109752970478,1.8099688015104944,1.8128783516263656
1990-05-31__DM12,1.4991578811484623,1.5453490465609505,1.5527125927484364,1.6571281995618412,1.6877164469756376,1.640193880594151,1.6104797985659387,1.601293650954301
1993-05-15__DM12,1.695950938271998,1.6775687018921617,1.7136250975782956,1.7325204979653017,1.7536288555937412,1.7663172869559538,1.7970915175302233,1.8576296507667438
1995-09-14__DM12,1.2720218266900056,1.2648942230581428,1.4222502378746686,1.6683313212905273,1.7163041495171194,1.7507368129467917,1.7691933909755375,1.7831924166072277
1995-10-09__DM12,1.5762634817592727,1.6152295843891116,1.6155530550937078,1.5966960962753396,1.6119518992776087,1.6309170083921585,1.6283996759733401,1.6131246693671988
1996-07-15__DM12,1.1109558532775254,1.1609864447532163,1.2155178272871445,1.1870452751519118,1.2309090422496693,1.222654678532172,1.2341471253170977,1.2622961351556974
1998-02-03__DM12,1.4493737085511513,1.420982947958316,1.3992071689528878,1.4662510180123054,1.4625378204958057,1.4033003190466895,1.3857589244857744,1.4022042919737607
2000-08-09__DR16,1.959273554328026,1.9474462990022052,2.001277763572382,1.9943258076700778,2.0009979584587723,2.0751726741260383,2.0507672285389136,1.9669008742131
2003-01-22__DR16,1.8904133622002972,1.8863189022898867,1.8736632807402223,1.8281627487201704,1.8904533206442142,1.9114984646083353,1.8700284629902733,1.9246248134351012
2014-04-18__DR16,1.0936679176402777,1.090872414173101,1.0649667786984185,1.0551654412367149,1.0780420287774175,1.5621878686161275,2.325770993010076,2.5405795114668073
2014-05-08__DR16,1.1378419795393035,1.10420980061655,1.3057683823774902,2.438905165633766,2.694083080021643,2.864221403936898,3.089933348618485,3.1133620151467167
2014-05-10__DR16,0.7883252699231931,0.8174156380991555,0.8537977853842027,0.9156664543933223,1.3698882910823589,1.4580577015455085,1.6676406447336722,1.845221823559865
2018-02-16__DR16,1.209711329884923,1.3125395474719674,2.3789188755732233,3.253925609151774,3.615702539910951,3.741830692394109,3.848430969513548,3.786605801798139
2020-06-23__DR16,4.312757518078797,4.706916364233267,4.893774536439971,4.804231328408844,4.72143879800046,4.741593750142498,4.737387069186848,4.748458315748943
2021-09-08__DR16,0.867856443111704,0.8470012399984215,0.787362618178856,0.8034158891534334,1.6703489840152117,2.7219279310772877,2.7641080645327873,2.7744965036522964
2022-09-19__DR16,2.5519064991200477,2.508937101882116,2.4570086101692667,2.383600325600376,2.359581239772644,2.4102947442092035,2.4359844825947583,2.437464421115977
2022-09-22__DR16,3.191182960910868,3.233478265786484,3.260779839581538,3.3152011386964477,3.2733086570201033,3.2159955187340996,3.300558923280818,3.3446989071763396
2022-12-11__DR16,7.797068023943558,7.859442608921244,7.864908034070438,7.7954703099291915,7.687118960199567,7.662458687260494,7.49884775057248,7.489832610137423
2026-01-02__DR16,1.1562252675602387,1.133380851617242,1.1093159592723445,1.2961468789159065,2.4755121130286306,3.000580893180271,3.2653659463520306,3.3684723948469557
1989-04-25__DR16,1.4286668719892666,1.9962949021084704,2.2255634280066765,2.3544716731276134,2.7009210050425727,2.877307099194234,2.854065220703012,2.822785634024043
1990-05-31__DR16,0.9733232793057818,1.1473009588157532,1.2731150900672867,1.2961093628606881,1.3052344612662135,1.2941140895152512,1.3190808472277407,1.3193102727374604
1993-05-15__DR16,1.5570780678332024,1.654273856083567,1.8407046266173583,1.8657107931191514,1.8832670632313793,1.8940083570175066,1.8527567968004925,1.8008716730249277
1995-10-09__DR16,1.3050428583064448,1.2992283392528516,1.2509653464848993,1.2647669671081494,1.292321137047855,1.2844898854676834,1.2940368895420262,1.2854415161633166
1996-07-15__DR16,1.4325518574237348,1.6912719817547246,1.7755743507898047,1.7896050733620816,1.9032270350378686,1.965989808423069,1.9478347769922526,1.9876569776643729
1998-02-03__DR16,1.7209039723325599,1.8078000216318744,1.8577214742066295,1.798325617679936,1.6833583784522521,1.7096449714963857,1.7810082041368758,1.8283026944728447
2003-01-22__DX37,2.692318329439071,2.718391822650657,2.668293437392476,2.7853676327142276,2.852970570688117,2.807367766062491,2.783407757942163,2.7590813482391328
2014-04-18__DX37,1.1069933512219485,1.063378519228729,0.993972094015616,0.9860981545649282,0.9849691586985853,1.020546553784872,1.8757103214698985,2.8907819495178946
2014-05-08__DX37,0.9647151863020114,1.0466890810664744,1.0115842015007273,1.0703925895781992,1.9633601978161357,3.103351482181683,3.5330360768726026,3.532121970374085
2014-05-10__DX37,0.8364071969621091,0.883238019855371,0.9839969904533694,1.1591656010032645,1.6442691835694518,2.137598122359958,2.3914395442913285,2.472640700045092
2018-02-16__DX37,1.8147746532384013,2.3815694960377796,2.849468618315092,3.077569385175052,3.26093215632491,3.335811157152132,3.29979668765391,3.3416216812719663
2021-09-08__DX37,0.7995064608860524,0.8091824245664283,0.7871157605676584,0.8039238475286693,1.0900687952770676,1.8007718330106866,2.389724136740981,2.6426043566222504
2022-09-19__DX37,3.032375765666933,3.1436929621063427,3.220012930100453,3.1802884954754265,3.1263528398108296,3.064934834539049,3.0596645190179697,3.051716342703938
2022-09-22__DX37,2.999518373686247,2.7768664612710574,1.6645743237902837,1.6061576656748908,2.147472148775342,2.0697727564312185,2.5048405095642146,2.60909393130914
2022-12-11__DX37,1.7632900295907368,1.9033149236814957,1.9919837305154133,2.040949696567518,2.063193629821861,2.029478537721216,1.9924884207459628,1.9784107960724704
2026-01-02__DX37,0.8356323655541107,0.8173788513759103,0.8821617428117969,1.1247966121359299,2.3104593098158035,2.6721444415206888,2.9071864743061577,3.042968695560665
1989-04-25__DX37,2.4579361569021447,3.514342259021747,3.8638323266012264,4.031195474190782,4.246663156740701,4.269337054880784,4.3239425630041515,4.2766889986155725
1990-05-31__DX37,2.027156040754588,2.257766439035507,2.312320070915054,2.3300673929187474,2.377053868940035,2.47999163140872,2.3806605342140785,2.326621521802766
1993-05-15__DX37,2.4611978072441727,2.448805870017349,2.61715782533106,2.6624442973120424,2.646508004444287,2.6854118663812936,2.689095479260591,2.6937060218782793
1995-10-09__DX37,1.9215526002770669,1.9394894468911124,1.946046645990704,1.9195126187995712,1.9716626094766534,2.018041420873792,2.03995887484812,2.0182012503068103
1996-02-25__DX37,1.5150154929521114,1.5096387653115777,1.509611219636991,1.5491744399152565,1.56099123425102,1.5327038368649155,1.5263021680799025,1.51642770387666
1996-07-15__DX37,1.5199312483259926,1.7505384060106752,1.8316035279646092,1.9113504180331657,2.0048784245008164,2.100405640835626,2.1507652634948595,2.1254811092493897
1997-07-19__DX37,1.4739290277697832,1.4837349265399817,1.485016475957845,1.5088919569838317,1.48051373448718,1.5037485720050539,1.518313104305343,1.4575654799280688
1998-02-03__DX37,1.9614509001108955,2.010256151901082,2.013936717669516,2.002206442285096,1.9747480216195403,1.9812590258754466,1.9839557456963124,1.9407585419003033
2000-08-09__EO30,1.251171091765163,1.2894325322399158,1.352683693392563,1.4835802410074892,1.4232187370225713,1.3211838020840605,1.1081052088565189,1.0714521626545266
2003-01-22__EO30,1.3744461328984954,1.4409073947402056,1.4645026059790736,1.4595841776224643,1.4861688986673698,1.4750059724139257,1.4245237594049356,1.4728258659411868
2014-04-18__EO30,1.058489642673409,1.00593509689593,0.9653002050591555,0.9477827385940291,0.9839194216582022,1.0355337160518214,1.7274474707654064,2.2309030860991985
2014-05-08__EO30,1.6543911822339352,1.1396044144566302,1.135661148739908,2.922637426257033,3.0869377387284924,3.223287101277259,3.242696041952615,3.205670122497694
2014-05-10__EO30,0.7277622097726006,0.764745128369523,0.7456092513876199,0.8067225959033931,1.3901619280572566,1.5631120492673014,1.5900180374789978,1.6135229906990032
2018-02-16__EO30,0.8940452409880987,1.0138746286819762,1.1517225806944313,1.5329562361397997,1.9421876648560281,2.2774067912224694,2.509186698546626,2.58267351256045
2021-09-08__EO30,0.7238522425296406,0.6815260774608151,0.6483225309110857,0.6480324925808859,0.788028661342591,1.7048855609268083,2.294171692747591,2.4516427575114337
2022-09-19__EO30,2.0702742341668796,2.114090041527441,2.157860486608345,2.217551570095141,2.226976872679484,2.2406532946442344,2.2686043279821493,2.2704253266682803
2022-09-22__EO30,2.365863443285554,2.4297338447873122,2.5147577794564095,2.529217019074787,2.5265234553372196,2.539717061650762,2.5224788103034688,2.504411915648329
2022-12-11__EO30,1.863306208561296,1.9702630447782608,2.0064886662089827,2.04736460529478,2.1853091062248047,2.215247667903772,2.191345327484954,2.2089637847450176
2026-01-02__EO30,0.9912024124365678,0.8435125074939337,0.8636938089841634,0.966343815262979,1.2177759867748474,1.6536271031672134,2.31772373680226,2.840511608315879
1989-04-25__EO30,1.0638128190272877,1.1819088234134345,1.4833303290448823,1.9161170003324,2.0715991858286045,2.2715369757785413,2.308796774303356,2.307496922012816
1990-05-31__EO30,0.8268193444103045,0.9203067544403591,0.9368987029735661,0.9984501962518081,1.1482490940083816,1.1663595235611246,1.16050205167321,1.1982607936752272
1995-09-14__EO30,0.9601003609807576,0.9297830483449889,0.9622149964839093,1.3790522245976193,1.6170699316020698,1.7342120824413438,1.787277277673921,1.7755528526611037
1996-07-15__EO30,0.8328852496704555,0.9932184280029147,0.9386872611604139,1.005193986874737,1.1458068772170549,1.307908653955352,1.3471831319730727,1.3191155251162205
2000-08-09__ES57,1.9109565561738082,2.129707368896934,2.1547826340103566,2.1131054488328296,2.030397907571936,1.7768222691475268,1.8582751705169946,1.943957238968015
2014-04-18__ES57,0.8763545270718252,0.8746546967682194,0.888090012096808,0.8908944901857598,0.8760986913835757,1.3173987967977898,2.7472699816981985,2.7198659825884492
2014-05-08__ES57,0.9915537069564855,1.2594859492472312,1.714972135888656,2.603173911736768,2.870473324287473,2.9848702196827728,3.0171488748892394,2.9793280664336543
2014-05-10__ES57,0.7850529117788215,0.8856233231909764,1.4766414644286696,1.8014154437932328,1.8826794595411374,1.9348197083616838,1.8559897101976734,1.959046948744876
2018-02-16__ES57,1.1100821239393668,2.1538392129902926,2.862520595658549,3.163693054045443,3.2553156891879893,3.3212287020518305,3.386341733320747,3.4371229227990887
2021-09-08__ES57,0.7451666608110685,0.7552065853342902,0.7659846750307814,0.7494775504239111,1.0178097861534405,2.2390993519325204,2.5952127057853835,2.852523797663853
2022-09-19__ES57,2.645932026227021,2.780878951064372,2.7688431328453307,2.7424036739303737,2.7516970042773052,2.6725448731725123,2.60672766507886,2.6431761838853576
2022-09-22__ES57,3.3337367849921775,3.426399796587659,3.43652346268317,3.441076137771035,3.368941602850184,3.3046002836069595,3.3598013763711347,3.412028024420256
2022-12-11__ES57,1.76363506084631,1.9463015788114826,2.0188167896371074,2.0383717828293113,2.0766053332511993,2.0675999567470043,2.0485895396674527,2.0393712060441644
2026-01-02__ES57,1.1311255644774194,1.150501163752674,2.1328162211693673,3.112688843864494,3.403488961881913,3.8228636380762873,4.129368737075238,4.232551819860004
1989-04-25__ES57,1.2046425248808668,1.8808097666107326,2.3536564924234926,2.5641078045128585,2.637910706673274,2.682021356502451,2.5966800191397534,2.379013898466191
1990-05-31__ES57,1.6625453756394937,1.7683980062877103,1.8587141730778476,1.9271329858090622,1.958531926735595,1.954305193182921,1.993312746856466,1.9764069134332074
1993-05-15__ES57,1.858279885500571,2.0829795346560607,2.1944691514216936,2.235125495008278,2.2805770902748694,2.2987638227260523,2.2554728814224725,2.2339161041632365
1995-09-14__ES57,1.1290374733643056,1.5350200201725588,2.5143836678843234,3.2482619252731935,3.47700134786984,3.674599316808968,3.553579405917078,3.388634558965627
1995-10-09__ES57,1.108775845777337,1.1697570211814623,1.2196132862813416,1.2381109157216919,1.1961794070316005,1.1252826844233397,1.054641116775563,0.9948929666410249
1996-02-25__ES57,1.3984181412585137,1.3560306900549384,1.3428822055560323,1.3325316427397773,1.3309975636051938,1.2930350208381667,1.042225315203734,1.0262980482726252
1996-07-15__ES57,1.2307578327744666,1.553344985238278,2.1265755275027862,2.3023108518377815,2.38052949491208,2.3266772004019556,2.3006156097871457,2.278134346215265
1998-02-03__ES57,1.6340485202586965,1.6310931068118695,1.5961677276308888,1.5973445581036851,1.5857205146112596,1.5113485940742326,1.3921089404653708,1.3886615936964726
2021-09-08__FJ74,0.632997867914647,0.6566362834986643,0.633581904827107,0.6216703763379269,0.6839301163668665,0.9547255309988641,1.5787640121895086,1.9349066380162905
2022-09-19__FJ74,1.917609491060799,2.419890090131077,2.5463967304185315,2.598652236898592,2.632666066517725,2.683085817640353,2.663215101219671,2.667047682670989
2022-09-22__FJ74,2.943653410237182,3.210564000698081,3.2811615753850747,3.3062628386126742,3.356005741492343,3.359889608695771,3.320631247057702,3.3183560419472684
2022-12-11__FJ74,0.877969130387408,0.9787788359237789,1.2856814135572538,1.4950440054090406,1.5228608802264372,1.493553471494705,1.4882853070872581,1.4858068268765026
2003-01-22__GA62,1.9932389252391354,1.956887391951692,1.9696963994381729,1.9675109802465207,1.9417308104938416,1.9139735005332528,1.928858137204494,1.9361240094578056
2014-04-18__GA62,0.6102922838941066,0.6335071678581979,0.6453163160578737,0.6072473096763628,0.6274976863047195,0.7560632032746968,1.7201893928554446,2.2592064397201415
2014-05-08__GA62,0.5844986859066366,0.6927547249489394,0.9045701434472596,1.427202765841074,1.748535885239301,2.2978465186540302,2.555268216074012,2.6181196264095012
2018-02-16__GA62,1.9091621655451037,2.1923656881389677,2.304745752418533,2.3523437022923788,2.381846684532622,2.4225948554618495,2.4168392162820487,2.376883104138972
2021-09-08__GA62,0.5524557898546069,0.48762794474496485,0.509616794443551,0.5339129425339976,0.9006395419607819,1.7096023908844558,2.3760585571754436,2.5185311573296505
2022-09-19__GA62,2.5908243645010414,2.764814995046079,2.840572635796653,2.9004734386943034,2.906074092792647,2.902816934095673,2.8681946723954943,2.8789794554132233
2022-09-22__GA62,2.4807661497917692,2.407326785894468,2.402927243037041,2.415779902511617,2.4104826701011843,2.3950384875729687,2.4072056592082016,2.415027891000127
2022-12-11__GA62,1.6990427413346993,1.6989938899100387,1.7360560411336914,1.7285154089611021,1.719028023470793,1.7372744914439726,1.7328243130061534,1.6834710892366787
2026-01-02__GA62,0.6007303061194575,0.5955710223254085,0.6224008481156917,0.7096840928434319,1.4194128874526037,1.8756979109179062,2.260592824441498,2.3543930195917353
1989-04-25__GA62,2.1449584763358924,2.1834467110489495,2.1568096463204633,2.169073049782918,2.244957079992467,2.290978448260188,2.301066973373882,2.240072548783223
1990-05-31__GA62,1.4301886817439435,1.554395725687098,1.5534065433013795,1.5460990404453234,1.609061425504533,1.6670225661954379,1.647895546102586,1.652454541045388
1995-09-14__GA62,0.7059574471342096,1.0430593302562776,1.423194252145119,1.7214748124900188,2.1189867206293935,2.4038893421891636,2.40001785623781,2.339462387494206
1995-10-09__GA62,1.5442940890036092,1.5763330559396158,1.588961523482069,1.5950699465041744,1.6101125166168415,1.6029948156863607,1.619637047971018,1.6010184523235487
1996-02-25__GA62,1.245788573806931,1.2586779717541787,1.220941666577818,1.2517899868194378,1.2396609020070695,1.2107236661355207,1.2135858320268789,1.2175305790067084
1996-07-15__GA62,0.9342990823908517,1.2148001964329005,1.422507803150002,1.5333143142200039,1.6586460903722693,1.705313930084598,1.6868026851083149,1.6412395429156743
1997-07-19__GA62,1.3244412614651833,1.295328434128414,1.31719176759261,1.3343895832126293,1.348857005250364,1.344446800634313,1.338243477330824,1.3438173415228691
1998-02-03__GA62,1.4163701235185486,1.3737773498259798,1.3723344238198922,1.407383107318592,1.3972710536796822,1.3464251492391661,1.3330144899533796,1.3316070094684753
2000-08-09__GC38,2.172369974902358,2.217267193317766,2.2450183088956286,2.2066300007376807,2.2126237634762695,2.2046533763367435,2.1668243391894957,2.129295313778125
2003-01-22__GC38,2.5166135693504668,2.579282583590688,2.6656757267522684,2.6397367782907026,2.566006247255692,2.6090574883678856,2.6528533731190307,2.6566642876308255
2014-04-18__GC38,1.056609452155846,1.5378906014059952,2.0121663197284545,2.055263253804903,2.328278917359465,2.5696389132924673,2.793508573402259,2.8672077872954835
2014-05-08__GC38,2.8429813653948286,2.9306180758742757,2.9237417607973946,2.920906628861009,2.89455137319568,2.823186967872778,2.7619384069098625,2.6945286245930213
2014-05-10__GC38,1.5053128866051657,2.162616340759054,2.268854871567729,2.336851050240986,2.489836949512331,2.661711454560689,2.7477409711673393,2.766025620220667
2020-06-23__GC38,2.297556895202425,2.414932706724836,2.49977491314877,2.5492381444402508,2.5934009466423644,2.543490902783033,2.5382555655245556,2.5571290663944617
2021-09-08__GC38,0.7272156217029105,1.0228901093459344,1.7654487355661717,1.831344105551411,2.2822073602002244,2.6168181582572956,2.724682492392504,2.674426742460214
2022-09-19__GC38,3.420250716290499,3.46849099470091,3.443268185182112,3.425963887782493,3.4104213723870203,3.3395919006544803,3.3545163025508407,3.3478471200477915
2022-09-22__GC38,4.63905680724416,4.807760010109504,4.822076775154159,4.700133410214237,4.6980459818342215,4.711979790303927,4.755928742971586,4.701382434735156
2022-12-11__GC38,2.396959780522198,2.51923814252494,2.553060967398781,2.538066782216165,2.4630267096314307,2.4289196262212527,2.3973205875147987,2.394358483334774
2026-01-02__GC38,1.9236260507688874,2.9014904140914313,3.515038498587557,3.7313069164661585,4.028836678079441,4.294174077566971,4.34443502804376,4.411513220625033
1990-05-31__GC38,0.9466581416981609,1.4549902401823058,1.5097626895615537,1.4233270815995351,1.4413350074533042,1.4591378818536844,1.4730028162958206,1.4909784303447762
1995-09-14__GC38,1.309970338828706,1.4605007709199664,1.4818136383490421,1.522266258213279,1.6331364841399543,1.6547552507179166,1.715108785782308,1.6870092453761951
1995-10-09__GC38,1.2108616479265488,1.197425541478153,1.1985313435309701,1.216007734016909,1.2290170658136255,1.2002919627210427,1.2099807983256268,1.189852808938279
1997-07-19__GC38,1.5188196489394696,1.4893659994494592,1.4966550939578769,1.5294104699099123,1.504156875446384,1.4785354140598246,1.5161020686941789,1.498407292453409
1998-02-03__GC38,1.5806654180381359,1.591662690416179,1.6104101858022826,1.5971474859387125,1.5363820180327126,1.5152521072652294,1.5641164527491924,1.5947046058025414
2000-08-09__GR27,2.2358703875881343,2.3379415238987433,2.392571855191422,2.4280558690470038,2.502953388915678,2.5400300043086856,2.5457514903402285,2.5474593368976346
2014-04-18__GR27,1.0886202362771684,1.0878874643141643,1.1436845937876807,1.1569595293495691,1.1735604238212847,1.2441114128185415,2.373166247414931,2.928273654478099
2014-05-08__GR27,1.7719826719473735,2.634992716535591,2.8895827388488247,3.011622967633211,3.1982097580657163,3.3084319541641705,3.2675357783031638,3.1827607400925833
2014-05-10__GR27,0.8713036020385857,0.9475066566127116,1.1213249703291868,1.6736193142214109,2.1132059758405055,2.1875779757152616,2.227875433503871,2.2369191388506224
2018-02-16__GR27,1.335542511175094,2.332979961967544,2.8675800607154716,2.9983617683473556,3.3586284505036548,3.5677459139222494,3.6013347636425386,3.624602651994088
2020-06-23__GR27,5.3083755808120205,5.552615497042904,5.542929218930453,5.48198837289904,5.354181387820406,5.26356678665345,5.318673428301267,5.361035014558062
2021-09-08__GR27,1.0690971701147636,1.0025516037637425,0.9568613928799369,0.963730976778714,1.044361729443435,1.5187946750628785,2.2634773602349627,2.5403641665878816
2022-09-19__GR27,2.970104060754028,3.0719385968813695,3.1379541634039105,3.131173049657739,3.1155891253970878,3.055697554142613,2.9859465345845617,2.892588030487307
2022-09-22__GR27,3.1015622548869843,3.26372655834568,3.278850410436192,3.278786921329233,3.2555611303974814,3.2109614442952705,3.1884772305593865,3.1917115610805786
2022-12-11__GR27,1.966432191267425,2.147929296687856,2.2471138046018697,2.314457067745988,2.3431456703336715,2.359149788891512,2.3964224424474976,2.3801551826163956
2026-01-02__GR27,1.0076160110688552,1.0547798440399627,1.068213132718128,1.031458719854713,1.2887602416628359,2.5811054098721136,3.0388521917193607,3.2101455489843778
1989-04-25__GR27,0.9347725908756355,1.5245468461888656,1.6757412812539074,1.815013127514883,2.009475563906313,2.071622767575406,1.9376160083411291,1.8266451948954547
1993-05-15__GR27,2.918985426453821,3.019079971855433,3.0582084153080626,3.1038536885354238,3.2437004443770268,3.247040925633704,3.3534419694646536,3.350078393951413
1995-10-09__GR27,1.580471851290028,1.4372641098976568,1.4162889372447245,1.4564254735857447,1.5003714127861203,1.5683956794959153,1.598837319612671,1.6104697649643351
1996-02-25__GR27,1.6763876177153534,1.6793717972973066,1.6559222372274616,1.6599324163915836,1.6071762998361896,1.4990734775426326,1.468720757355966,1.502453628010035
1996-07-15__GR27,1.3898031480425777,1.8711624101127693,2.0924047314443617,2.223207080451845,2.3309068456525823,2.3619126767444465,2.31194787046378,2.2957605267551484
1997-07-19__GR27,1.1141646873268414,1.1814238641324166,1.2199409126062626,1.2071048778334283,1.2115833856819103,1.1290482726271882,1.1888018407850842,1.2771972685858561
1998-02-03__GR27,2.0361362475771716,2.0945956930893503,2.102022674972557,2.0680882115022996,1.9688449216259105,1.95287096642128,1.9493945511101123,1.9688226122756236
1989-04-25__HA41,2.1534920659049117,2.218611426276772,2.506403018250789,2.610181848084211,2.6167890137136833,2.6581674238715074,2.6265334124525728,2.586850137850553
1990-05-31__HA41,1.6353209048814308,1.753732558485877,1.8496187181972938,1.8471800217331775,1.8469121558058728,1.9026169831568118,1.9142498773966474,1.9035998264017182
1993-05-15__HA41,1.7346710296656633,1.7278757001295366,1.7644268809034265,1.7776067127839137,1.759020575740017,1.7449474283297703,1.7816256561532606,1.7839214869801214
1995-10-09__HA41,1.7093137839596544,1.687249719587675,1.6854569024182553,1.674733869915031,1.6849396445794218,1.7109099081482715,1.6994391743139357,1.684657000296062
2000-08-09__HJ72,1.8033669929292446,1.8507568965977648,1.8945222731673994,1.9013038287418071,1.925624029103962,1.9734525959295282,1.9652712650007556,1.9495389726418844
2003-01-22__HJ72,2.0554630455934713,2.171837648391723,2.1831022949396726,2.198547513865542,2.147463619971663,2.1322578842946505,2.1721980537739634,2.190984473197798
2014-04-18__HJ72,0.5776000912612868,0.5708218348289311,0.5724361707425248,0.5599468214649114,0.5742075060367282,0.617449945868281,0.7644030501229734,0.7745114266284547
2014-05-08__HJ72,0.5034838005893306,0.4981743721476573,0.5300414328479637,1.7724979234402531,2.103064367445687,2.2501967524733795,2.5771178690111647,2.7598067444181416
2014-05-10__HJ72,0.6436898462969498,0.6893925713229992,0.7826831863068301,1.7409086639080296,1.855401244967744,1.773830690975251,1.8005513003667786,1.9917074206544567
2018-02-16__HJ72,0.5584696024757964,0.8247489707331109,1.6198763070299842,2.07027045193362,2.1073188554306466,2.1591099507050795,2.220183122276208,2.229101110873202
2020-06-23__HJ72,2.038850397719705,2.1940269919638045,2.3152841477735757,2.3343091801927307,2.321674311190877,2.3360014476602906,2.341081330440617,2.317097060031871
2021-09-08__HJ72,0.6187743678695621,0.6227088228291985,0.6498740697664489,0.7162583900370433,0.8670476885887742,1.596145207185183,2.469787083703055,2.689869512987064
2022-09-19__HJ72,2.5419558891383103,2.71536624432399,2.6334041296994033,2.631905089205842,2.7112830505924403,2.7362502543585734,2.7399858047846064,2.7241461229146697
2022-09-22__HJ72,3.1245353700376888,3.2056607803539254,3.270545327562513,3.27229756559568,3.228961875486906,3.2003990652896643,3.2013579302691926,3.202803019048632
2022-12-11__HJ72,1.842144241313857,2.0107277913190695,2.1750845257029083,2.2471809815460237,2.215990701195503,2.186125337522606,2.1528233195003015,2.162556658315359
2026-01-02__HJ72,0.8795617615603835,0.8828105011433138,0.9337273989669367,1.2718775370116588,2.0733132115653485,2.566314920805907,2.8639907744842525,3.1701960055164204
1989-04-25__HJ72,1.6472711690615383,1.6502952733604082,2.1285439447084777,2.481540733818943,2.5552194971522857,2.596150420004324,2.702316479074748,2.703030815588687
1990-05-31__HJ72,0.9199582146100456,0.959231789262948,1.12255212296099,1.3174982731866849,1.3499194071218683,1.345668654607965,1.3779696151846705,1.396347768101246
1993-05-15__HJ72,1.0157843654414387,1.0943528017812052,1.1574205684995627,1.2027140258995062,1.2189942774214853,1.2596361058032897,1.247907934118063,1.2573835580515882
1995-09-14__HJ72,0.704240548278784,0.7760635497845628,1.227204846589666,1.6006224088881897,1.8514693035917211,1.9256892261565246,1.9979773392023703,2.0309311346662007
1995-10-09__HJ72,1.4393359264464918,1.481862552049431,1.5352667112873224,1.5500928019828786,1.5374927825867724,1.5222650455710933,1.4441589725855022,1.3811777473115034
1996-07-15__HJ72,1.1539572751183675,1.3136244194278228,1.4686233902356327,1.49775313454178,1.467983375558234,1.4173656267882901,1.3768957977581606,1.3374905628473865
1997-07-19__HJ72,1.2893649255739883,1.2753105278399886,1.2554776703097266,1.2637479233557258,1.2583519596649797,1.2804782360466163,1.2815200986700483,1.309990269151127
1998-02-03__HJ72,1.2398217534449982,1.2566233124454531,1.3205236700117446,1.3481570026139693,1.3267036533935,1.3256846972812268,1.3018134586968373,1.2686946837648854
2000-08-09__IB22,1.8865763441004777,1.9119672275895374,2.0321521973356003,2.1147808892992495,2.132179278204029,2.1034943573168796,2.091780576240335,2.066626378526739
2003-01-22__IB22,2.9133781094095457,2.938661091024807,3.0161494129322017,3.0408154212436833,3.022612473117972,3.0298637474834664,2.9767848176464478,2.9715862231355015
2014-04-18__IB22,0.9069035151102449,0.9631269715379341,0.9675569725355765,0.9301278953104977,0.9345563463063914,1.0121218618108196,1.523721748964924,1.8947443875288132
2014-05-08__IB22,0.9334960783007866,1.0063996114146232,1.0478014220710092,1.1857299139206017,1.8666407250681056,2.6349511675830253,2.6652261696876933,2.663676912927527
2014-05-10__IB22,0.5694250116311833,0.699261545534601,0.8366494707417732,0.9869991140832138,1.515783604824318,2.112632910560707,2.0298430389235005,2.249591860671283
2018-02-16__IB22,1.1006068158133415,1.7485011823285614,2.6733429885672177,2.9344221291141515,3.0570779742980356,3.1665010067627946,3.1520417730177175,3.085907024944373
2020-06-23__IB22,2.8849970132674163,2.9680166111637694,2.9899009043604328,2.990869181135834,2.9991256252566347,3.00335565328648,2.9944888233753977,2.973311481631192
2021-09-08__IB22,0.880154606376504,0.8290715998323757,0.8515778047245591,0.9254090223534446,1.5410927441841238,2.5718900876547375,2.7994797334757062,2.8007162306626134
2022-09-19__IB22,2.2690091765234364,2.3048683352704535,2.4160375988231757,2.431916030544074,2.4199195777317835,2.432946787256105,2.3717473426083933,2.2005612624227116
2022-09-22__IB22,3.146052671605749,3.313456894984153,3.2659990588164045,3.2469465242621856,3.2956111097107246,3.2985158904687317,3.3308214209621783,3.3781464286841403
2022-12-11__IB22,1.8558501213474963,1.9643803629711323,2.0860751818461662,2.167968177853418,2.1662477197295873,2.1437627232301777,2.1377855074161967,2.122149875895216
2026-01-02__IB22,0.8982474609569316,0.9113766088589093,1.022921752622969,1.2574730682315443,2.682415368567091,3.11794989268058,3.1970854594061477,3.238727542900636
1989-04-25__IB22,0.8388896089956747,1.0562199128680352,1.795289887318994,2.135188032188558,2.2442710364592786,2.298318628057651,2.2711884906836883,2.207454550207795
1990-05-31__IB22,1.1577526146599073,1.4161653725206984,1.6384067955937094,1.6563774738486121,1.6746199737070697,1.6304703948326922,1.6042434603956353,1.695723120921087
1993-05-15__IB22,1.3360618113654612,1.3922257161113356,1.440780059030439,1.488166060335313,1.5403742610415578,1.5571570506918953,1.5212166148427126,1.4142854047096483
1995-09-14__IB22,0.5850486087228669,0.8677490837681078,1.6508908442965124,1.9314590332275363,2.0564712090299535,2.0074886895046022,1.8188047256025983,1.7135980525838572
1995-10-09__IB22,1.1282375381826715,1.1885861194978553,1.1648304345593279,1.140297718058347,1.1735896903538843,1.1675547152176133,1.127437255675782,1.141814719677842
1996-07-15__IB22,1.255635859623795,1.2607460005519169,1.2638289870633037,1.2645899950649921,1.2468608048911907,1.2296441539865703,1.190705301162971,1.204669305937051
1997-07-19__IB22,1.6846970837244377,1.6434266929682186,1.6323393341810573,1.6219881320537766,1.6371244641045055,1.6664487650369688,1.7074551713017927,1.6605635610356426
2021-09-08__IM40,0.6667745440309838,0.6682295674091446,0.6620796441101915,0.6156924054502675,0.6074315533135352,0.6760779522596086,1.0315391356395627,2.1438169082723455
2022-09-19__IM40,0.8919497817497745,0.9474734917483535,1.1903119325316633,1.8732165093195956,2.3443879557131444,2.5636549173698513,2.665640371464866,2.6947091330861572
2022-09-22__IM40,0.9759837841290072,0.9724124814027423,1.084832278973869,1.6199227898489603,2.498476384760148,2.8015470130955547,2.9705904749957277,2.9687683272522842
2022-12-11__IM40,0.7546301772941864,0.7352399554383816,0.7484844527720999,0.8214677724447633,2.068742526689167,2.06976382562047,2.0463906775393648,2.028844053621148
2026-01-02__IM40,1.0186423346531595,0.9106970498152769,0.9135622151086935,0.9449066237192509,0.9271480606890263,0.974508644753695,1.0149588211934586,1.3497885225405966
2000-08-09__JA43,1.2671902277554719,1.4330454475572771,1.53521988451282,1.725725104761594,1.687619626643404,1.6586459594651624,1.5982950880125988,1.586911132313152
2003-01-22__JA43,1.8707548932055986,1.8599563744953418,1.8857948020399593,1.9368075944828773,1.9834007699881366,2.073970704171222,2.001483425869055,1.9527254461405754
2014-04-18__JA43,0.5394874211832751,0.5276136611471084,0.5346376136474981,0.5349370686067662,0.5921283858122941,0.6053635792096494,0.627081793781346,1.3396852015209293
2014-05-08__JA43,0.46464406343982234,0.5589622909559062,1.1145857475034948,1.8466684952399794,2.0840063016093384,2.161574492809295,2.1750959992591836,2.295099569002928
2014-05-10__JA43,0.6271506115036836,0.6472361415614863,1.1877353770570114,1.9499579838725003,2.060386911235279,1.9985686524584865,2.050023701991429,2.062593432318535
2018-02-16__JA43,0.4549045410423621,0.5258128663744269,0.8493674565644569,1.3945250024657494,1.6739182208273746,1.7860935991975613,1.9060142306672188,1.9466181187339668
2021-09-08__JA43,0.40397922039057815,0.4739826347043505,0.6656333963678503,1.450334487865714,2.1497628414606353,2.1771108137076367,2.185902777336839,2.3036443456859335
2022-09-19__JA43,2.3995333208462992,2.599705561475138,2.67496686340389,2.8209310773353815,2.921080386807425,2.972270554940302,2.9110830690191047,2.953492419405082
2022-09-22__JA43,3.1303939644993717,3.3154224253488667,3.205721628000694,3.0269529365482284,3.1076998865619756,3.1836830035070025,3.271616260193203,3.4253790557506063
2022-12-11__JA43,1.465136022393544,1.7180203662974463,1.8420322436647043,1.8534053336921654,1.807876381336798,1.8381287073097912,1.832040500808538,1.838395929654649
2026-01-02__JA43,0.5647503017250228,0.5964004081320807,0.7333687024322534,1.5209564707707566,1.9555422777267726,2.255916801801098,2.413140211111603,2.671694712376827
1989-04-25__JA43,1.675740027047478,1.7049110358622055,1.7576884444642775,1.9916847206773223,2.2060869173476902,2.2455459432004368,2.210487277287225,2.3488231034991136
1990-05-31__JA43,1.148379769753211,1.2028813667762168,1.161829316288031,1.3379259752692239,1.4547282761179794,1.4772012102329926,1.456678280344828,1.4674138348034578
1993-05-15__JA43,1.082924541708276,1.0998939111687132,1.0376862582131696,1.1039387354327976,1.1989774237358084,1.2579254742026595,1.259310273691455,1.2542022116173297
1995-09-14__JA43,0.9497576438401658,1.2841164683718103,1.436704455474725,1.7814898991866837,2.1070525667243944,2.204241049624046,2.2273253099007486,2.2250640068553094
1995-10-09__JA43,1.3470476460534635,1.3805005543109308,1.5283434044092226,1.5443880080882573,1.5633658138844375,1.565778609335662,1.550942973760906,1.5740999352271794
1996-02-25__JA43,1.3424977257506037,1.3455686860681164,1.3468995605638856,1.369854062503174,1.3677116867309993,1.3552041410022997,1.3105137093007175,1.2765649823875627
1996-07-15__JA43,0.9623181590466489,1.2627895612127098,1.3692990796563345,1.447959753230239,1.574154913703082,1.5755995738432713,1.5381655472510662,1.5104621504498432
1997-07-19__JA43,1.2024559834068977,1.207334320403811,1.2206087274160697,1.1854278948790595,1.142645816245441,1.1486420141594755,1.1482017183931381,1.1323276350621487
1998-02-03__JA43,1.1242510785423487,1.0539113396496853,1.0655242506799696,1.0853069987589643,1.1143160677352855,1.1041974484526385,1.108517188395122,1.112569146807739
2000-08-09__JC54,1.9416232763367678,2.0099112797972403,2.008238253478437,2.011965783528281,1.9776795342852036,1.9399582450535504,1.9369376444660313,1.9475439708852065
2003-01-22__JC54,2.4934776039609643,2.5525286294684877,2.5836154753196596,2.6081512598495755,2.526808789244812,2.4898202797307234,2.522727435540697,2.5412399350080723
2014-04-18__JC54,0.9115353051092797,0.8877220698663878,0.89088010899898,0.8713084689928365,0.8636458001127093,0.887181454816568,0.9847032471940158,1.2131290157737327
2014-05-08__JC54,1.0822118504373195,1.081460466632231,1.071334895355248,1.0434441941137342,1.7633138796113212,2.821020585951953,3.2205275090980217,3.5541688186935327
2014-05-10__JC54,0.7552839420665821,1.089344548579279,1.7036865794972191,1.7552121937129084,2.054879581719754,2.3632252461383385,2.539826325501031,2.5613494906676055
2018-02-16__JC54,2.8819325092941406,3.037055045496679,3.115879335621562,3.1280734891870545,3.0483627336696424,3.0565724368736267,3.0740698997752514,3.021153224304972
2021-09-08__JC54,0.791985712319588,0.8117773647217017,0.8019283602524808,0.889896790414389,2.065425861967741,2.990120609084761,3.107066203491521,3.2279437453211117
2022-09-19__JC54,2.781919942821385,2.823317940116825,2.882791453574135,2.8590212172688503,2.8381572243455504,2.8764451167984064,2.886937786670969,2.885868896580549
2022-09-22__JC54,3.286390718183792,3.4209196921075113,3.3999212563175036,3.3717051336614383,3.369927783346872,3.375957619305427,3.39168790926426,3.4118822048881405
2022-12-11__JC54,1.8497921476757782,1.9908517933575942,2.059515814703888,2.013164279713585,1.9882351050275904,1.9702634870691933,1.9562125976116245,1.9851749051115068
2026-01-02__JC54,0.9551694568613729,0.9666518670003711,0.9057504031075658,1.1094880039383634,2.3388879330411156,2.6241447452949034,2.666596833384552,2.779979725892827
1989-04-25__JC54,2.507400491540357,2.6443984494802297,2.6602511969031974,2.7291562193822543,2.7378311279975915,2.7127932449839682,2.748835464113285,2.6872956766765554
1990-05-31__JC54,1.4258132982728855,1.7702659000337149,1.8739403091693037,1.8698688213977601,1.8889835246284497,1.8749323095377677,1.880705480865747,1.8802269517447217
1993-05-15__JC54,1.4514747457754646,1.5336683358351693,1.6209948772633875,1.6630419491801658,1.6256655917753728,1.6045324323329642,1.6681589185828496,1.7001000874430439
1995-09-14__JC54,0.8588670360341945,1.5041302192233885,1.6874314526436245,1.6368841111050105,1.7329228352922479,2.055496668671202,2.3277466848611135,2.324587405972851
1995-10-09__JC54,1.274997112777747,1.2626067027962327,1.2435216227544699,1.2379076585750144,1.2671980151711097,1.2926873448815144,1.2527085378054634,1.2890851819588782
1996-07-15__JC54,1.3939930288708073,1.7146807265494808,1.766995435470773,1.7169066515927014,1.7430292484762158,1.834131213313592,1.8368329336350828,1.8759641450540583
1998-02-03__JC54,1.5545658341516342,1.6016025677729147,1.5887967225283341,1.5891891350466598,1.6057921767338688,1.6196237774955007,1.6597086261937077,1.6893553419261245
2000-08-09__LI33,1.9692380727827778,2.1021363324348674,2.1289965110351745,2.0748724466717174,1.9797100849616938,2.0121386199429985,2.131331019416243,2.1607698770191255
2021-09-08__LI33,0.578954690089233,0.5326717108912941,0.7127680805443037,0.9819389052647947,1.1078332308973318,1.5011076242800434,2.01784769081234,2.1040685430642054
2022-09-19__LI33,2.5214831568679683,2.730699599637659,2.7009040350830062,2.6391232489870795,2.7153712104617114,2.7939838886434005,2.7999564061272104,2.74021622617022
2022-09-22__LI33,2.265379142519082,2.434997307234716,2.533171909780851,2.6109927870020875,2.6663063547066184,2.657228706161899,2.6183348390455565,2.6374655940934533
2022-12-11__LI33,1.7113142022358554,1.8139402680166254,1.8530782553327647,1.8914904262736643,1.889192670433027,1.8114934993270382,1.8087970404866724,1.8105847830086361
2026-01-02__LI33,1.9863169158832055,2.4457685356805383,2.7257574084645473,2.5670893563530193,2.372316602915637,2.4084689896187057,2.8136977650082127,2.914392089745757
1989-04-25__LI33,1.6060882772370384,1.7589275276248175,1.8012722371890435,2.5441697611102043,2.9788828509465293,2.9711654480107605,3.00425271427626,3.070304688820272
1990-05-31__LI33,1.7512081237854427,1.7692262191683226,1.8113504147088222,1.8425670705321577,1.8528777044595743,1.8292551868490798,1.809145879882747,1.836691493052572
1995-09-14__LI33,1.8225572700358958,1.8866441735134845,2.179271067041695,2.4304808879721556,2.553660175934618,2.6213564798583886,2.81504836011925,2.9258159426757517
1995-10-09__LI33,1.9875907987264576,2.0288999951629934,2.0549050722980717,2.070502348251354,2.0899631836617507,2.085263686721886,2.0720793378271933,2.0337931031003107
1996-02-25__LI33,1.4933980453509887,1.4789697936424948,1.4342250403683439,1.4609510284128802,1.4428379523214396,1.40513318984632,1.359187858301008,1.3662338197876864
1997-07-19__LI33,1.049228279396005,1.0443779756404605,0.8904224132488424,0.901203415738404,0.9332916588279562,0.8841168393565312,0.9974350031365031,1.1164412029543898
1998-02-03__LI33,0.4352637013987464,0.8574985080302511,1.0098190718646929,1.024642718736281,1.0239775086829515,1.0771290509819218,1.0870706906812035,1.0627247967532856
2000-08-09__LI58,1.846852386637934,1.9161855905878218,1.9892127092094343,1.9561133699869686,1.9461953582564984,1.9645106080510568,1.9593615154784032,1.9589187265600592
2003-01-22__LI58,1.7758836277587398,2.0456891260789147,2.1445737585244884,2.1473966382100773,2.198773356905115,2.1998682283939894,2.1728503099979446,2.2232625135915107
2014-04-18__LI58,0.6508531939563128,0.641131828594323,0.6315762246818384,0.6809218514952334,0.766401879296377,1.1279698187811058,2.32200226670807,2.534643373339278
2014-05-08__LI58,0.7836935091627468,0.830602224132325,0.940489598188553,1.4409625225789287,2.04103847339201,2.4328425828297715,2.666746060522074,2.772688427293113
2014-05-10__LI58,0.727349126714709,1.0615008606732361,1.6405389958183285,2.112522144950482,2.2993039099953045,2.2919238519622915,2.2726533626191703,2.2395457820173093
2018-02-16__LI58,0.7079770009599452,0.7394831676143824,0.8245238840458314,1.7972668126994926,2.351426968796934,2.507748595749684,2.668292164766734,2.65965539963012
2020-06-23__LI58,1.703761930456333,2.1147745823881032,2.166724838966914,2.251628891903473,2.239866598717975,2.2872114534102095,2.3297365703044295,2.3642120696273072
2021-09-08__LI58,0.6944856574361095,0.6699789058989712,0.6677121084579232,0.752451612581905,1.7628234761458488,2.1905354359889837,2.43185984614001,2.6432279443589715
2022-09-19__LI58,1.538815706337215,2.0024667384558756,2.48586259795719,2.6946273175675657,2.6543107643829664,2.6063530261742156,2.7152543359385097,2.776690990403633
2022-09-22__LI58,2.577155909600332,2.72991415726233,2.806677522196826,2.8278820027274363,2.810751178941509,2.813021073147224,2.855227840472374,2.861599303318972
2022-12-11__LI58,1.8843328180018364,2.009920904422534,2.0338104151127108,2.0457105229399364,2.0389247810254614,2.037148141204292,1.9941313014703148,1.9760991106127517
2026-01-02__LI58,0.9415169217099408,1.001249687517646,1.0590212782521717,1.4219476971906773,2.211540415107257,2.753321304671821,2.9113041843920517,3.178525134147397
1989-04-25__LI58,1.010131084709006,1.049757522301382,1.3924162281234533,1.7037134906808968,1.7527323118364682,1.921230781337064,2.003829233279279,2.000565198636366
1990-05-31__LI58,1.085196319564545,1.1878428379331858,1.295739454919058,1.5229490210559937,1.4759159026235205,1.4176675043070526,1.445103542580823,1.4124821621915966
1993-05-15__LI58,1.398173916199502,1.382229794471568,1.3093383899520954,1.3607632686412177,1.3714238369879377,1.3753103529614374,1.3564132697221734,1.354643927983288
1995-10-09__LI58,1.473802843582597,1.5685783463537726,1.5602265195616858,1.5150660066626744,1.5242491587382498,1.553700690093893,1.5560517412820911,1.5341507445160611
1996-02-25__LI58,1.2214982041526112,1.2835431525566,1.3068931249359477,1.247436133854231,1.2579851850394463,1.3002375260127097,1.2844190898056074,1.288183897785136
1996-07-15__LI58,0.7279612665323681,1.0136883947910718,1.0354838519434555,1.127215882318234,1.1967335345164067,1.225297230106744,1.2045450841712826,1.2199107268116516
1997-07-19__LI58,1.3300019407367918,1.3379743587579174,1.346727443682618,1.3456604521176936,1.3718807737091654,1.3962327833146222,1.363564347414967,1.3105006731473923
1998-02-03__LI58,1.4053127444021902,1.445413104757234,1.4786747986261854,1.4741914631463744,1.4224375062558003,1.4491594300080641,1.442803712337237,1.3953157699629464
2000-08-09__LV17,3.08192958176119,3.0846380393255846,3.0975106154283085,3.1203293113870325,3.1272428466913875,3.071971297514693,3.1066210136470493,3.1367350927305755
2003-01-22__LV17,1.8291621488584997,1.8733124891837472,1.9111544448260098,1.9183067176144906,1.9008804642465869,1.9531384682479451,1.9191929381658457,1.8720519485812357
2014-04-18__LV17,0.8209387993955586,0.8209889866745372,0.826080681978011,0.8413756169987684,0.9225161690390105,1.705008207718544,2.138910739675304,2.2529717737123565
2014-05-08__LV17,0.8972987567208557,0.8888203596196605,0.9293705523730386,2.0428365854711346,2.27267905211064,2.5630733051349734,2.8397936809054207,2.7825704757604823
2014-05-10__LV17,0.8914298264419783,0.9796330947678504,1.6194374197103387,3.0588707178803665,3.328715596004286,3.417709684368702,3.436057039281712,3.4442314448279854
2018-02-16__LV17,0.9369509271782532,1.2593628532286956,1.8371182066095593,2.563151618005631,2.89894939838543,3.0166185906026457,3.050620916932811,3.0637944631006775
2021-09-08__LV17,0.8162467711237459,0.8192573396756063,0.7875980856409387,0.7498949232670652,0.8404384400548047,1.6509921102786176,2.2598434720956635,2.4161421961670175
2022-09-19__LV17,2.1260957329160446,2.55296150141453,2.716322446374302,2.832750584705001,2.8725061350071184,2.8507463584483608,2.8801988945652623,2.8724839321345312
2022-09-22__LV17,2.4884643079476776,2.6170315932709656,2.6766922845965135,2.662764153517375,2.7081745109745317,2.7054939190068885,2.6975305856941723,2.7189269475043965
2022-12-11__LV17,1.8528941780587138,2.012696117451602,2.0500062586523033,2.090485506023886,2.052191238761426,2.0532739476241013,2.093450298413807,2.077970425954923
2026-01-02__LV17,0.7656066737191161,0.7780179934065827,0.8801974196836156,0.9371351080284973,2.1145558314081883,2.724158258738262,2.894012856230144,2.905009961048568
1989-04-25__LV17,1.278645407495459,1.4790776921620583,1.8603795975946085,2.5290786730252983,2.6642031435349387,2.665275746747232,2.6809905975259607,2.68163063281807
1995-10-09__LV17,2.189558082692239,2.2199944803514216,2.221890291598551,2.1767492783742197,2.1520997318635025,2.139950686700739,2.114921311890972,2.15609949986561
1996-02-25__LV17,1.8733140441773024,1.8808765761215127,1.8869897636065274,1.880861307435925,1.8755034996484432,1.927179835717962,1.9189243095641866,1.892220429069133
1996-07-15__LV17,1.5905701643031414,1.811378766245668,2.0970357958455583,2.274709612888481,2.363900138422885,2.422712234259962,2.3959226202024437,2.3746906578619686
1997-07-19__LV17,1.5786606280283924,1.5800008679120632,1.5467613245863474,1.5688411725742681,1.5498012036102926,1.551645595074952,1.5407726471033056,1.5313403341821976
1998-02-03__LV17,1.6915945234577632,1.7909569992112306,1.8045307878483006,1.7632714483678071,1.7889694701851988,1.8000035705954212,1.754757478420226,1.7509370917709197
2021-09-08__ME52,0.8551628007206594,0.8870338435913406,0.87935981621029,1.757287169402977,2.5833217645399964,2.8536092965946986,2.992790059251029,3.0587386258981883
2022-09-19__ME52,2.6040668755962826,2.6653837516279575,2.703477664645858,2.7420883990191323,2.7070163493011714,2.6951619835944984,2.710411969983979,2.694613878890424
2022-09-22__ME52,3.2625804385079302,3.271520593720545,3.3434610413150545,3.321119735326883,3.2737028675540034,3.2542087170745453,3.297555377494425,3.3744682087849633
2022-12-11__ME52,1.6037318948553827,1.6220187417489687,1.6281982273611646,1.633461868955036,1.5857418546928728,1.4897747392244693,1.3913410881488872,1.4325216498056703
2026-01-02__ME52,2.159198322944539,3.3049684976070015,3.6030067986536687,3.8234115671692086,3.98060759320721,4.235651744877453,4.3086079294271125,4.303049762403986
2000-08-09__MI15,1.9198325222814838,1.9520941165379846,1.955350807977285,1.8563516414781969,1.579825925653703,1.4210608250765928,1.600707550319587,1.9134553196059545
2003-01-22__MI15,2.3270793301456396,2.5211161284614976,2.538841315944387,2.5238182447990942,2.4982192089640964,2.5008469254903276,2.430409746691528,2.384822624957258
2014-04-18__MI15,1.0352118898483667,0.9711453371393606,1.0478795698421253,2.359783090718543,2.6921312085100126,2.767035264975659,2.910273738603067,2.90232312479207
2014-05-08__MI15,2.6421029312416655,2.7291025225242795,2.7434246300761607,2.7350647811684468,2.7705598014319497,2.7746829733341167,2.7969778941949044,2.8045617614824825
2014-05-10__MI15,1.8808157786607196,1.8150051887260863,1.9091662865870216,1.9145202682560123,1.8495202691469768,1.89510685060945,1.8502453334604818,1.7866748317585295
2018-02-16__MI15,0.611756502265019,0.7543309611873292,0.8893243979642531,1.057754039097125,1.0513730457463126,1.053159426281119,2.1992960113535283,2.236025053561315
2022-09-19__MI15,2.133931076353121,2.1487390086013956,2.2199457377498972,2.353487753977013,2.349586369263138,2.35109666432151,2.208945961261195,2.4051651774064147
2022-09-22__MI15,2.863499238691952,2.802571993721376,2.8196103189799,2.8479688958966167,2.83335054278733,2.6253187542707677,2.477864333425542,2.57832634278989
2022-12-11__MI15,2.1310243877918387,2.1578497949641853,2.178874833292651,2.1914477779190307,2.178114981958342,2.06522989873662,2.051919786101629,2.074916750856957
1989-04-25__MI15,2.755032724815827,2.7739587012122473,2.8262025119197225,2.787287791190571,2.7709399294068207,2.897117405941127,3.026034188009022,3.0666423785330768
1990-05-31__MI15,1.8999228088760982,2.1259752174576256,2.1363809529700024,2.104095228742663,2.1542485658748958,2.2250752839286587,2.292562690380198,2.296821195493347
1993-05-15__MI15,2.3136745581933575,2.3565564810429707,2.3598527234055378,2.3440567271834403,2.3109234351148458,2.289998232311893,2.2848902579044195,2.2550718176327704
1995-09-14__MI15,3.059815494926118,2.964020166374105,2.9707139881551754,2.8282481099810854,3.0711232750064617,3.12638774749029,3.1576713756277153,3.2525446705721692
1996-02-25__MI15,1.8316411944319488,1.790038648385297,1.7837894518170248,1.8474975752387046,1.8673558573518998,1.8354028980973136,1.8265545211817147,1.8231690700428436
1996-07-15__MI15,2.1111961317059964,2.276433403498954,2.3783086221076384,2.3736865270468965,2.4027620783237755,2.4197993076314632,2.3848038213344704,2.4012170798779287
1997-07-19__MI15,1.3691091549848433,1.3905883743260636,1.403965247044702,1.3594072707296732,1.3116323206008458,1.1842368681655513,1.1792210701945842,1.1988090996582073
1998-02-03__MI15,1.3215471382576138,1.1876112944825132,1.2426903373159512,1.377778891737983,1.362650117041546,1.314107859020974,1.321243757477006,1.3092054533399018
2000-08-09__MT50,1.6313465479006597,1.638191902893728,1.6956659538887973,1.7743667581142175,1.790161655090869,1.8145538823436342,1.8092139414050157,1.7834019894736726
2003-01-22__MT50,1.7887340177307836,1.796530714867591,1.8001658571657133,1.7678744606249184,1.6855359080087777,1.6492029630749994,1.6918970867914058,1.7231207810021767
2014-04-18__MT50,0.9173217018633966,0.9753342348914056,1.2646795726903663,1.7565003138622766,1.929274470975006,2.370610230592942,2.65708169339528,2.6705072426700487
2014-05-08__MT50,1.1283622316319222,1.4779481195380055,2.196675669984562,2.7452578023708347,2.7475463385454346,2.735286268141442,2.730489838654272,2.749149532908603
2018-02-16__MT50,0.9350724489106564,1.1127651914636427,1.490020503426295,2.035944239978514,2.347410773611163,2.63807222547811,2.850451895418943,2.9179753413438116
2020-06-23__MT50,2.5605115211680896,2.599416624834762,2.6602409545940335,2.6691224260674584,2.719284371610646,2.721939179118214,2.716764517193083,2.6999133626867033
2021-09-08__MT50,0.6687257221782292,0.6639667924800208,0.6654008753608253,0.832030186181809,2.2761975704201025,2.5635894177352356,2.671895212719693,2.7559932078381877
2022-09-19__MT50,2.243405133095279,2.34940081085183,2.3982292004766594,2.383638085154532,2.3061477638613237,2.3843216363805024,2.4211448992015794,2.449543813355918
2022-09-22__MT50,2.7573984406839407,2.87345192665839,2.882946711979862,2.844202200163023,2.858369157208133,2.8337512475555027,2.8584580000459576,2.868222629211154
2022-12-11__MT50,1.2682244163865934,1.487971995831905,1.5838269210787026,1.6255972639315872,1.5050191291967212,1.3124631141687417,1.2891580278997583,1.4188564505097736
1989-04-25__MT50,0.8449407362709428,1.1655197894489084,1.526122283280321,1.4785699726320183,1.5002059850482523,1.5900004980791587,1.61733134703503,1.6133010760914346
1990-05-31__MT50,0.6878003519988044,0.7997968228391812,1.0637986136795057,1.132286379997831,1.1401932336188456,1.1257752824039795,1.1010471706298737,1.0654190289644427
1995-10-09__MT50,1.0404177667693975,1.021984133798573,1.045752673649526,1.074531442623315,1.0852334669154637,1.0800089346578239,1.0715024414774734,1.0744245312836211
1996-07-15__MT50,0.7909570647936853,1.0280700828934441,1.344530727125107,1.4433554609169355,1.4438337406870214,1.4696079339145791,1.513155939652559,1.5209164252797447
1998-02-03__MT50,1.6552513378917488,1.6902467198851903,1.7001619704354716,1.6874936999573806,1.6684382300282286,1.6426420962861459,1.6342639863354549,1.6644577153807527
2000-08-09__MY19,1.8178723316369874,1.9341777805277354,1.9459706935527226,1.8875469955361066,1.9028180685797633,1.901293340350651,1.9298701342713507,1.9708622609049724
2003-01-22__MY19,1.850286442244559,1.915556364628541,1.90377814494479,1.8844245567874793,1.8549747174543747,1.8679211008279561,1.9007340471530365,1.918587112035269
2014-04-18__MY19,0.47163171272568083,0.460687380921246,0.5035141883791976,0.6953743951313378,1.5167821353826358,2.011558593007093,2.121617694135015,2.1671661222216536
2014-05-08__MY19,0.7483309523097634,0.952305001145147,1.4368869033922607,2.104824268007285,2.413256171341389,2.643063056427537,2.77108906585963,2.767659559975337
2014-05-10__MY19,0.5227845929054179,0.5609252749978083,1.2159734535825486,1.9253390086272077,2.2440275105065055,2.320563994036285,2.3065856024259115,2.3475045820674647
2018-02-16__MY19,1.247055871195687,1.7022239107372876,2.027162230923817,2.2453139840624363,2.462894969840823,2.549193832693048,2.50974792402508,2.478546151667961
2021-09-08__MY19,0.593991619364292,0.6052508300026704,0.7244033800239075,1.189424196622346,2.024029952848558,2.4071416326903994,2.471654270045619,2.481343653823975
2022-09-19__MY19,2.917035846534254,2.933709648264501,2.936619411433459,2.948794791598985,2.9696803974506536,2.981818810207244,2.9969800287885784,3.0235830905214054
2022-09-22__MY19,2.4595780595122627,2.573409036328807,2.5812836189012045,2.6069610259429656,2.614671326570183,2.633697079960494,2.661993937466323,2.6464817795546702
2022-12-11__MY19,1.5066243461900046,1.5758662444312146,1.623219764872323,1.6190306062549025,1.5971644206971518,1.6103089749307946,1.6212866373799752,1.6373670440950323
2026-01-02__MY19,0.4649525897021624,0.5409523360552664,1.3398079590848169,1.8565520867655598,2.1731411457300975,2.289706517431738,2.322488355220891,2.334499262283601
1989-04-25__MY19,1.7467130372507387,2.366748209271935,2.5744670020288383,2.6845988751083762,2.7703683630689295,2.7470067478270743,2.7226102579412825,2.755009196325496
1993-05-15__MY19,1.8351606297836844,1.9645752113902972,1.9863205553390852,2.026276097242926,2.088541167109498,2.0769535583492367,2.0413266344407104,2.051097901076652
1995-09-14__MY19,1.3249153506379197,2.1106418291175264,2.2989790033434647,2.5049621719292063,2.6665468669749544,2.769151492663583,2.7180073662926625,2.6678333789578925
1995-10-09__MY19,1.9587669029797958,1.9765756286159213,1.9048700690082558,1.8936079607126757,1.9602505167666122,1.9694474901929566,1.9886297956267351,2.0007618054596565
1996-02-25__MY19,1.5773046709022274,1.578259003708579,1.6110078733192128,1.6354722642662782,1.6281026264289673,1.6276572557735765,1.6482074570605292,1.5927210248660826
1996-07-15__MY19,1.2260100058033105,1.4602017458710197,1.550381142412005,1.629695552383133,1.6174458153719298,1.5126698802101268,1.4976969468680958,1.5430586343109853
1997-07-19__MY19,1.6517969257127127,1.6295323493134117,1.6752616275427166,1.7031144468459383,1.7368293010518352,1.6839715335528698,1.6621518153618595,1.80663206025732
1998-02-03__MY19,1.3937836952848741,1.4044542021632187,1.4036692783537716,1.3880554498303468,1.383319941554818,1.4078002704699755,1.404076343306074,1.403624448998122
2000-08-09__NZ20,1.5001529953136572,1.5132611886091258,1.502859808896203,1.4714803913941887,1.4729402643395149,1.485154413969435,1.4821164056888825,1.4869323702391395
2003-01-22__NZ20,1.7294865072438823,1.7005994444676362,1.6732620641616849,1.6978812429912902,1.682822133809306,1.6666511677598588,1.6850187674052308,1.694759211193776
2014-04-18__NZ20,0.41100008394950266,0.4102049551037748,0.40672882966288926,0.6693849676965552,1.4443579192874185,1.9621727325216922,2.175997417789941,2.1891986950366764
2014-05-08__NZ20,1.3058718157679936,1.3244304525663608,1.3811331305299128,1.509176654357047,1.5942155811911438,1.704639725143308,1.7360718668341215,1.2416606924586167
2014-05-10__NZ20,0.5184557347968536,0.6101045017763453,0.7324716567655395,0.9068399958496652,1.171249384755763,1.3133145686749155,1.4228794794097812,1.320812469409539
2018-02-16__NZ20,1.458805282718425,1.9586065263331032,2.0785116616881925,2.0733198327673463,2.0559826652757027,2.016452479189211,1.913398432145127,1.760734094375705
2021-09-08__NZ20,0.5835823244048495,1.2443333453604597,1.6190213449470559,1.8265010450606127,1.8629803798760405,1.9022566660070992,1.854215421677402,1.7666066523367456
2022-09-19__NZ20,2.030178674790597,2.037807739735615,2.02155960874832,2.019077235401401,2.0243221550459802,2.0112857871545384,2.0193941213595363,2.0135108994275748
2022-09-22__NZ20,1.9785296385309743,2.0051914687083086,1.983047196681262,1.9673829326439776,1.965722482791012,1.9265994826841961,1.9076251703777722,1.8314123293659357
2022-12-11__NZ20,1.3355023528968832,1.3945309582528262,1.4097415251925183,1.41549973468737,1.3979533200517211,1.3945758139264723,1.3879508551072617,1.3963023870673448
2026-01-02__NZ20,1.6440027262345487,1.8867339812056116,2.1833463083453974,2.600243819901478,2.796868926158369,2.8841325666952504,2.877948253308481,2.821117135894987
1989-04-25__NZ20,1.3788100743753222,1.5391436005616344,1.5908239442453105,1.6729458800952155,1.6526946825976496,1.6438532770800072,1.6988824983062614,1.7645540406169844
1990-05-31__NZ20,0.4648261890913926,0.9603816628418137,0.9749024660614237,1.032022272547276,1.0404357431705566,1.068884636294166,1.0915853796786787,1.0792498441784597
1993-05-15__NZ20,0.9833194430646996,1.1117409062326418,1.1717983969552284,1.1851994982670349,1.2002403970389461,1.1895593976302032,1.1815679988697245,1.1818644810667918
1995-09-14__NZ20,1.2119012696510731,1.285023915884807,1.259108189893418,1.2690543126804692,1.2927255387063594,1.2938463536699507,1.283687328040511,1.2823192597759316
1995-10-09__NZ20,1.0359267567251347,1.0063092338205537,1.0174780341071041,1.027962209472251,1.0871847351914132,1.1328857337115255,1.1157203103184485,1.0847492676841357
1997-07-19__NZ20,1.2379244536975786,1.2223232312489944,1.1895308140562082,1.1996650583200026,1.2168575733318299,1.2309242547209942,1.2383935187794999,1.2191065492108872
1998-02-03__NZ20,1.2471230162721438,1.292052884754206,1.2937361695446568,1.2823434943672103,1.2661433272628837,1.2614293317098448,1.2536456185630265,1.2729888060985188
2000-08-09__NZ31,1.998082550382498,2.013681869764354,1.9991862625077033,2.0413786196871873,2.0380343411458024,2.034619728008203,2.0366607213827153,2.038377213551774
2003-01-22__NZ31,1.7066716200838918,1.7103237009463401,1.7047031763616327,1.7130011508428131,1.7146732169030299,1.7121021169325956,1.6633208139900457,1.7045798948553057
2014-04-18__NZ31,0.30890223505610004,0.3084817829589634,0.3375652598500101,0.44475412155091876,1.1773676622483635,1.6623691778216931,1.8063599535543036,1.8479563520968358
2014-05-08__NZ31,1.876887709124071,1.9672920175353696,2.00843833278119,2.03396867802216,2.060695174753196,2.120553839747263,2.1394115008913515,2.1282584037562406
2014-05-10__NZ31,1.6794223011519622,1.653713591540606,1.6776389665512503,1.714701574787217,1.7094632762843385,1.6622747776800038,1.6359378082642428,1.7446513555933694
2018-02-16__NZ31,1.045924491775118,1.1165398345564785,1.246732931869167,1.3815273826211316,1.4258626657594906,1.4576387595104972,1.49378017652436,1.5729398556921756
2021-09-08__NZ31,0.4957622644370802,0.8316523128323081,1.2600225595200747,1.5215810957146798,1.550650433915498,1.6531365640156241,1.6798345566380473,1.6962350125649468
2022-09-19__NZ31,2.3985870785870356,2.42464013699551,2.435486097526562,2.4266858689488267,2.4168749300002323,2.3866762849878076,2.3343305462287995,2.352458649680624
2022-09-22__NZ31,1.907156289833193,1.9644195374584774,1.9918411857469167,1.987837902412968,1.9697521982760493,1.9897036311581702,2.013488827493664,2.004236928240755
2022-12-11__NZ31,2.179336615396081,2.2242586053524374,2.2058523964064056,2.1973729384555285,2.187024779553434,2.167010429067893,2.1096172820799235,2.050346535709069
2026-01-02__NZ31,1.058398359003218,1.454624282963245,1.6327285854716822,2.080863050617772,2.4106617713144955,2.5438602484147714,2.5779502583947056,2.5863554995619378
1989-04-25__NZ31,2.120273862153847,2.1470514468762874,2.1744680389611863,2.178701472738217,2.1561222791954915,2.108688723477273,2.1030368245653093,2.1207383365801338
1990-05-31__NZ31,1.106579390456054,1.2238203508630652,1.4029086943865654,1.4591622483818585,1.4057169254828954,1.4311942129265343,1.5258034420515054,1.5246041492992066
1993-05-15__NZ31,0.9446403545423819,1.068817572301174,1.426949156129354,1.451377697638272,1.4204489039971373,1.4505210200380592,1.4451779253474173,1.4799870389595782
1995-09-14__NZ31,1.620320440213589,1.685075217560189,1.8424116149442362,1.9341036664441413,1.9626472221272893,1.9550538185293371,1.9403944182527557,1.9419177271208181
1995-10-09__NZ31,1.447220892569027,1.4152611319120538,1.4367440282809747,1.4666819791636676,1.467499771206922,1.4644216158763177,1.4544478289968588,1.445154132132779
1996-02-25__NZ31,1.2477517106493332,1.2434112099795847,1.2263147001865051,1.211536682923356,1.2047691944577708,1.245865379094689,1.2533520824679576,1.2541813427167818
1996-07-15__NZ31,1.119897063305191,1.1878670344947424,1.2965274972398715,1.368710186387869,1.3464395166079641,1.2844954937908653,1.184414282446607,1.1530478656934169
1997-07-19__NZ31,1.409015244417557,1.388684166754337,1.3739402992149696,1.347614666630604,1.3403937170521492,1.351641561769602,1.3443682790053415,1.3472692956059922
1998-02-03__NZ31,1.1425823491196918,1.1733626190105035,1.211835076255194,1.2554846370898334,1.2342950328777555,1.2722894303993035,1.1814302018519425,1.1573777895299937
1989-04-25__PA34,1.0452196210415334,1.1878055579035274,1.4151857509503,1.88372369365682,2.061486041600101,2.1534090885384765,2.1724759305815757,2.1470169080571915
1990-05-31__PA34,0.7450981377694249,0.8097837190917201,0.9623761897411798,1.0919395019116194,1.1819374966478948,1.2538482686878487,1.1835686720145449,1.1516545050388987
1995-09-14__PA34,0.9532406191236975,0.9854450981257353,1.066365900959884,1.4988851605596583,1.8596236864137805,2.1384259239920738,2.1990977788318613,2.1744453667666845
1995-10-09__PA34,1.0954390523360684,1.1059094000297378,1.101983225907962,1.1367413056260494,1.1543894779046993,1.1205975307195786,1.129710000524548,1.1338696097554202
1996-07-15__PA34,0.9689687002924271,0.9899399525834505,1.081172718837673,1.1435173414373958,1.2804350191413496,1.3583664280151333,1.3940461503088182,1.4064473638150348
2000-08-09__PA34,1.6092499677368437,1.7187998097900485,1.7441283185800867,1.781768274228515,1.853599481448186,1.778552006759751,1.755637797451893,1.7858005122517373
2003-01-22__PA34,1.7649243721273173,1.8049387438940006,1.8515201471465212,1.8367883427687623,1.8395199203044768,1.8549447807531414,1.8733464701270932,1.9080217684752383
2014-04-18__PA34,0.8739982102135913,0.875828813648928,0.8496735609467461,0.8198681255330884,0.8068565416357019,0.8225472142212117,0.8571569130121673,1.0944915553089032
2014-05-08__PA34,0.8709974478962014,0.7758776990423086,0.769623066980767,0.8300091135752921,1.0862839294077544,2.343889775102309,2.5421807571675505,2.6088074127502563
2018-02-16__PA34,0.8598936756055696,0.9734682337036711,1.3730993050137308,2.3760555013386795,3.0154720407441147,3.3723156810130757,3.4110607970853133,3.501370094720017
2020-06-23__PA34,2.174577097700976,2.9121277388145517,3.004027082145809,2.970361538833273,3.0324365795588375,3.1078992659784808,3.1179679998978305,3.0339016335835787
2021-09-08__PA34,0.5626808499472677,0.5456161210437415,0.5129556766107484,0.5392753208237864,0.6182740275287163,1.555249787269132,1.9543901908262553,2.091598412921928
2022-09-19__PA34,2.5987441498598742,2.6563312302739046,2.69483014188447,2.730651978483609,2.7896033608923037,2.7975802047912337,2.7583986568161905,2.746975966386412
2022-09-22__PA34,2.87990048019193,3.0242967596213464,3.0970879467797907,3.067194852128702,3.061060458095891,3.101941292084904,3.1707846755370515,3.1299329221141945
2022-12-11__PA34,1.2917948824909384,1.356257197399988,1.3989090026635973,1.458553006660652,1.4628923241585403,1.4769941417428987,1.4989997961034405,1.4887826805066802
2000-08-09__PD42,1.446171821208773,1.5261047469808873,1.5442753119763162,1.537001075907033,1.5542029494408351,1.5680523633080938,1.560587984989034,1.5703577805859568
2003-01-22__PD42,1.2992591474711057,1.3143840755983673,1.2995644621692224,1.2745757991931426,1.3218047328352933,1.3051774623839592,1.3062693449481404,1.3022198500019135
2014-04-18__PD42,0.38174522302097935,0.39984393537894974,0.47659912243352937,0.5280137698408726,0.42668466049111525,0.3983838639905733,0.39910002750410656,0.41631199227548027
2014-05-08__PD42,0.7240459574273708,0.8902389285580058,1.4116900364255778,1.7718865726036441,1.7673715347696983,1.7856815487913973,1.7697041564882308,1.795319456666573
2018-02-16__PD42,0.7065442830339219,0.787643289801211,0.9041739467189102,0.8676638188431282,0.8880815321880761,0.9428547999397865,1.1662381820291856,1.560460157358253
2020-06-23__PD42,1.1427613034703676,1.4704651921253669,1.80397269569719,1.8076154219762228,1.8393309496906185,1.9685120264017224,2.059488849208425,2.0867351329158454
2022-09-22__PD42,2.230592323354769,2.3232130839551046,2.258017907178679,2.209260995921759,2.226074798472878,2.3281764690579543,2.4215227625631575,2.449778324028783
2022-12-11__PD42,1.321303988080055,1.2470511881976396,1.2954940581895449,1.3070235177081342,1.3200345658012858,1.3695660127170062,1.4220779587468746,1.3763055398456026
2026-01-02__PD42,0.3844343436676465,0.39599588105393185,0.4084422003410041,0.39713502025996056,0.4047419283335535,0.5234385680461474,0.7766244301850855,1.2332761042406108
1989-04-25__PD42,0.7810670288977303,0.9384171943449972,1.295477678700836,1.4991238510970555,1.573400321988497,1.7636509759929058,1.8706006578697678,1.8860868075135098
1990-05-31__PD42,1.1220811486475784,1.2092570958041613,1.2287864170982767,1.2126710486052186,1.2231229870264693,1.227066855097579,1.2063310862716392,1.2254741491462617
1993-05-15__PD42,0.9028390654398513,0.9843533239472756,1.0275268015864698,1.0244418602400676,1.0091668955149964,1.0028418007419382,1.040174601100554,1.0372578620085084
1995-09-14__PD42,0.519158488496729,0.602848865336965,0.8372289126084682,0.8994024024563614,0.9211844722479727,0.9852817151485541,1.0734440233308993,1.1187369406439003
1995-10-09__PD42,1.1321609434741564,1.1288668111474371,1.142122980994095,1.1402213381052846,1.1290024720669094,1.1363359217710058,1.1672230211152337,1.1731625413716615
2000-08-09__PE10,1.345410162499801,1.1078554455722534,0.5421412403853215,0.21312550488898657,0.38616431334238,0.7002446126994032,1.589887423207864,1.5906816032793982
2003-01-22__PE10,1.9248054281960638,1.9784086309468172,2.066318550065892,2.1522156016001857,2.152031244120027,2.1273152680142893,2.167818526380264,2.1492361126359847
2014-04-18__PE10,0.7629350889939616,0.7501161139787429,0.7596505337376691,0.9319902304438108,1.1427954943041594,1.4050509984152162,2.1077611549422484,2.351669528600619
2014-05-08__PE10,2.3835338121502003,2.8879622527816164,2.9079827154301077,2.921897800331297,3.004329165534002,2.9889119453921014,2.9465260158023754,2.8922610039553183
2014-05-10__PE10,0.7460054573397052,1.4021685048837773,1.412315245451206,1.5175309255596137,1.6809558429194622,1.660564821111188,1.606652084488559,1.3557290321942246
2018-02-16__PE10,1.0393081943176101,1.34940052273266,1.6676313611012425,1.7950553860660285,1.6421319479288743,1.7320057717189126,1.8884688133278908,1.936775746612003
2020-06-23__PE10,2.485561185059192,2.5736642121589215,2.575309354042966,2.6315461807567946,2.6844088507768786,2.721538994138053,2.7384593999159543,2.68899834319849
2021-09-08__PE10,0.985143225741855,2.0880699779377605,2.87621279038351,3.199750401352047,3.116581868200078,3.179003745970422,3.1303058408305593,3.1144935395398288
2022-09-19__PE10,1.782968196837582,2.0700078580165395,2.1938767337858596,2.2113987704963054,2.2695378121614995,2.311546797418452,2.283372709675458,2.2299129415696743
2022-09-22__PE10,2.9082153291587,3.063750822899893,3.0995839302328534,3.127389356273961,3.0875024714479378,3.105584967789506,3.0681789377065973,3.0568835752797736
2022-12-11__PE10,1.8189268967958252,1.9475121854670145,1.9364016396066526,1.9347627806614294,1.9556833451990365,1.9779343922302948,1.9563526475887647,1.907295824022439
2026-01-02__PE10,1.3388182891369096,1.5975412118575343,1.6498277303325306,1.6887241722191793,1.6868982545036404,1.669243507481851,1.5727406153962031,1.5994569415992816
1989-04-25__PE10,1.177019941707632,1.1414534519904393,1.1273782313370093,1.5701945201042506,1.8409315231758328,2.109748365231859,2.087656033329107,2.0603810807231038
1990-05-31__PE10,0.9396075429590734,1.0852758854769669,1.1225891753301116,1.1734505882740365,1.2339258033428964,1.2780162499546057,1.2781887618359007,1.2334701619618136
1995-09-14__PE10,0.7059494778930832,0.7718885175175177,0.8655214279830219,0.9779710911462358,1.3325522337379205,1.4523243455167423,1.492443726552944,1.4590108106892195
1995-10-09__PE10,0.9863170530774081,1.0349455849188787,1.0525834852776275,1.0611834998319092,1.043980480714809,1.002172951348284,1.0022250414970089,1.0459982264757641
1996-07-15__PE10,0.7959346671321926,0.8608077020317363,0.8820457647233346,1.026216168048209,1.0609757727164768,1.0619393550432705,1.0678424305593872,1.0610627938297092
2000-08-09__RI76,2.051359145370167,2.022458184626173,2.029760563355165,1.9776835858973179,1.9856216550281993,2.010429112421996,2.0166656431096976,1.981969390544635
2003-01-22__RI76,1.8262165304845284,1.8554219818163418,1.8908507063980802,1.8910524109153835,1.8808046027444634,1.8825566674754244,1.8744199478704706,1.882081107477264
2014-04-18__RI76,0.4682307407125246,0.4633538272989945,0.45908062006044326,0.4621361939460743,0.446236948337819,0.46696899934682,0.5255363913220588,0.7760283219249217
2014-05-08__RI76,0.858136214122012,1.4214327119559942,1.949012646454996,2.004395147319147,1.9901670954398967,2.1163465042070286,2.1699296472455885,2.1944189137519086
2018-02-16__RI76,1.1000230143076504,1.4742924167611042,1.7908637889012542,1.9340810850051116,1.9783463053243355,2.0400311571377623,2.055025217787949,2.0890712247148793
2021-09-08__RI76,0.3817939920644191,0.3729130324629977,0.4744406390417145,1.5339314167444444,2.03800796050567,2.2128316029472264,2.327551089276175,2.408559975306913
2022-09-19__RI76,2.415345747621531,2.3643965094370674,2.3229839872251135,2.3472403274095255,2.349459209339568,2.3386311191248708,2.3317496169251233,2.376927273909893
2022-09-22__RI76,2.1146759949741543,2.1086343360159754,2.1302043301248452,2.11652655149768,2.101860423251588,2.129576756869725,2.139033860081481,2.129118700700775
2022-12-11__RI76,1.817562736043009,1.7702041544964806,1.7306531231505886,1.7509603603461978,1.7676672987059698,1.7487442259507273,1.7509631027523345,1.743132292143445
2026-01-02__RI76,0.9028280698310608,1.5164614528774514,1.8939211744083495,2.142382737595576,2.341744338777079,2.574961949871722,2.6934224349687006,2.781736710085099
2000-08-09__RM48,1.8441754024454897,1.9674052896971335,1.9080097984883713,1.8382878361194799,1.6905255140748594,1.6615649156451557,1.8627757959545386,1.9672855963541238
2003-01-22__RM48,1.7936228835683035,1.757994998399678,1.7043308971921824,1.7403581475513579,1.7881934170490938,1.7811153278216503,1.8098664814218208,1.803591542743606
2014-04-18__RM48,0.5534150488085225,0.556177674871359,0.5529757022082071,0.5297484616032263,0.5107633004499756,0.5184071472926077,0.5181551973748827,0.5359682892588834
2014-05-08__RM48,0.43875219195970383,0.42214516456596174,0.3971217460890668,0.40428517833433664,0.7145581915114023,1.4341875908405128,1.6640598257331165,2.0676112443061765
2014-05-10__RM48,0.5515471992088097,0.5915596805856144,0.6160139576170992,0.6336495183800608,0.8007037188031152,2.266128420066869,2.2855216047936193,2.2786370181654063
2018-02-16__RM48,0.5737010542553451,0.6694832885460463,1.0759256578222003,1.6547159185199318,2.0683890228273074,2.117784915098104,2.1532645032408824,2.271918118372413
2022-09-19__RM48,1.8885321905026509,2.0861301904912697,2.143450808142499,2.129999602481089,2.195137140208926,2.1929241902371346,2.1351771641920885,2.048219096433587
2022-09-22__RM48,2.4723657742547744,2.5689234956192677,2.5599331567104002,2.561553996607068,2.5769256355893275,2.604156101921428,2.5791168845454204,2.5524503960431253
2022-12-11__RM48,1.3060817983189517,1.4341293359203109,1.559329510649812,1.6368348572401983,1.7036852638814015,1.7021185957563578,1.6955027430400036,1.6946937255650405
2026-01-02__RM48,0.7094418874225723,0.7054645893237852,0.7099186663618717,0.8839367312756502,1.9349221000323582,1.9814985810688432,1.9836001331449788,2.407641375417149
1989-04-25__RM48,1.0551614699890577,1.8944707770867306,2.090841595235966,2.3137399481289407,2.43839894949751,2.4627688162511028,2.456182207121305,2.423124205797473
1990-05-31__RM48,0.7562038720584179,1.0340895093193097,1.1133175715617918,1.306135799287543,1.3864345605657364,1.341279837491145,1.3521690659671128,1.3820915693450437
1995-10-09__RM48,1.2195555243877392,1.2019687287260687,1.189228155871065,1.2138049586643922,1.2067418696807903,1.1640902088579514,1.1518870396211303,1.1521360759318842
1996-07-15__RM48,0.5793683675538681,0.6664161077557145,0.6123011919082072,0.8753832571346916,1.1117036403465728,1.1230683563600241,1.190346932735983,1.1918087465369005
1985-09-19__SCT,1.0425884686022373,1.4118395891826805,1.9999771813089933,2.197955221636717,2.0226264992470147,2.2073773486192834,2.1238537373343136,1.7382398936395598
2003-01-22__SCT,0.7235352031926316,0.8061395465262429,0.9254844023901373,1.0208326492088118,1.1371945312008274,1.033285124568914,1.1625895806300328,1.1757355324628673
2014-04-18__SCT,0.7481196642757671,0.7520273773891731,0.740843622486469,0.7455068923840213,0.7233996579356975,0.7455184556002019,0.807514229180825,1.1484727801082046
2014-05-08__SCT,0.7033640871739852,0.8077506804215793,1.4897841884925613,1.968335687329406,2.4744270639760755,2.6682668957191193,2.639547244895751,2.7129414886023486
2018-02-16__SCT,0.7256377262478313,0.7135130917662926,0.6993109207527981,0.7898717193885593,0.9559116136477285,1.436674102305708,2.0387375432136117,2.0283068902118973
2020-06-23__SCT,1.1482560038881018,1.1301496476829267,1.0448905731885385,0.982327090548042,2.3808709021323438,2.4883421502956664,2.3083932755639163,2.2751778335029007
2021-09-08__SCT,0.71559834612383,0.7705559486649953,0.8207188182069375,0.81630173341479,0.965088161863374,1.95270785074735,2.115712767507346,2.115255751529
2022-09-19__SCT,0.8848406414771953,1.4761672299513406,2.7086586866735334,2.5674319173313527,2.727810335986423,2.728977207375588,2.732071027114002,2.7374055963322554
2022-09-22__SCT,1.039821373957132,1.1034880674250769,1.1025458464013127,1.0651569225935313,1.069311443014755,1.1471912010794176,1.302774538887137,1.3574398181086524
2022-12-11__SCT,2.1278791084816056,2.130634657528637,2.1371716017504263,2.136521885470121,2.1431283039856983,2.1578614564131673,2.1375177774656837,2.1093715042894168
1989-04-25__SCT,1.3979373588128994,1.693641666183777,1.8988482198197065,1.8994417989007855,1.9519322205515428,2.0343425380606495,1.9911916639801275,1.9294165274455397
1990-05-31__SCT,1.1446243850769675,1.2029451777626428,1.1803490883748604,1.190690603296095,1.1936635755592444,1.1656332457186065,1.1738487444289856,1.1857663967075467
1995-09-14__SCT,0.8831929234156255,0.8893345947243074,1.00454481098053,1.0361960994791843,1.556214568881226,1.9825907110987273,2.306410372330885,2.4819318786713196
1995-10-09__SCT,1.3139126183216212,1.2997247109450145,1.266407259595479,1.1941257922988286,1.1777620158923947,1.1934283649147204,1.2375691168020584,1.34326221319716
1996-07-15__SCT,0.7511550723461555,0.8272115913385736,1.1963857634970656,1.2190865187529814,1.1896352287979204,1.1743049592853412,1.1229968771761598,1.1011292339535768
2000-08-09__SI53,2.1064999057844016,2.160758843993242,2.4379539581391607,2.3928654800389126,2.3563069509860752,2.4172680413121426,2.3599558636879645,2.305849541942
2014-04-18__SI53,1.025086166738502,0.9268903631519304,0.9099099970016811,0.9493773876730762,1.0176163636792876,1.003827722654702,1.0054549398563006,1.8463938916118408
2014-05-08__SI53,0.7820953000232516,2.336597583781085,3.1802135355355405,3.142702463034445,2.993766816108222,2.9403094054954138,2.9323783119359033,2.946043433137135
2014-05-10__SI53,0.7413918299423582,0.8877444499925065,1.932147289888054,2.4680989646412286,2.585812017744437,2.555572047395692,2.4916540272879404,2.4674224645678304
2021-09-08__SI53,0.7781712185710697,0.7738846223725349,0.7719375568362568,0.9279784404922858,1.8266744784638032,2.5346510155392754,2.938641617489782,3.122304319660975
2022-09-19__SI53,2.5101815606761613,2.6149753603222647,2.723761698519044,2.8155414790618765,2.7731779299628427,2.704280863003718,2.725736011960322,2.7408260109769715
2022-09-22__SI53,3.0143027908056226,2.924164628760429,2.917773807495736,3.015535493169815,3.0550608494520675,3.085456918332909,3.046516555032265,3.0014918306093694
2022-12-11__SI53,1.8164252762200914,1.9835530906690324,2.038144680782858,2.0830198301743152,2.110637484133228,2.1436133984917207,2.084093259441691,2.092868554759652
2026-01-02__SI53,0.7910070522160996,0.8782717904835928,1.1497130897774959,1.6912254708828713,2.468132403293088,2.832738946200828,3.0665714661760313,3.1190246082278823
1989-04-25__SI53,1.6685607361397967,2.3565252513978403,2.766246255368865,2.9775985542861347,3.075340754188376,3.119286191935629,3.1138807022412096,3.064235287927626
1990-05-31__SI53,1.050406726611547,1.5567951202288464,1.8320515758447156,1.8245013094540423,1.9137861576291824,1.9837120616550856,1.9503606400769034,1.8767449948675967
1993-05-15__SI53,2.1311462507750005,2.4171041897045775,2.42062398025895,2.4348569853873183,2.4647406332092463,2.4645288403677665,2.4686296207407805,2.5099646370084567
1995-10-09__SI53,1.8783925478183687,1.9933763965890126,2.001557692838218,2.054360561263498,2.066708041191624,2.006610207700691,2.02615440596011,1.9979310759832445
1996-02-25__SI53,1.7867252690931323,1.8677715764354268,1.8537735878683343,1.8653983359747766,1.9159110303108289,1.9964516218605508,2.107622560211283,2.112103238361113
1996-07-15__SI53,1.2413877432420979,1.76521394350552,2.0864572476824907,2.2020254832854445,2.215537737008169,2.2010442242961132,2.16365514248945,2.193754017763999
1997-07-19__SI53,1.786544412688213,1.7863162105387216,1.7858364096152204,1.7866582235567523,1.8091506355848856,1.7543536294631228,1.7280064684354157,1.7281406737953011
1998-02-03__SI53,1.6750777901572806,1.6831192404383102,1.6362293933592786,1.611152483836044,1.5967142635045857,1.6368976669313524,1.6549950414391372,1.636609200424386
2000-08-09__SP51,1.6317716618568707,1.8611764535588582,1.9725378371148743,1.970565457399508,1.9067750579229579,1.9198350999319234,1.9290960178032375,1.9259280599769861
2003-01-22__SP51,2.4577070297695536,2.4662795698744935,2.4596372369418895,2.478262346005719,2.4690383759817265,2.4637511084905417,2.4795928688129374,2.490773268823804
2014-04-18__SP51,0.7249457865910324,0.847383559990934,0.999824736173481,1.1044429222099261,1.44409957457817,1.9160553992283202,2.5042659830177656,2.7342734887016995
2014-05-08__SP51,1.777412104872615,2.4745038396564625,2.6584973295407686,2.6788266672057923,2.7279824201165552,2.747579778700754,2.7086976439509547,2.6653714526430647
2014-05-10__SP51,0.8153692815208402,1.1360055686003123,1.9386827582220698,2.1248427262413063,2.211922612985977,2.203306958962195,2.2488235526715066,2.257387935778708
2018-02-16__SP51,1.08143893964517,1.9184332648468811,2.3842749971788177,2.47517465976824,2.528437366343942,2.5082308798893918,2.506433111234951,2.489865544228611
2021-09-08__SP51,0.6320777475617654,0.666012014439653,1.551585132897418,2.2262893869114193,2.4427869963366766,2.4567600144644306,2.5022983257073093,2.591566754789768
2022-09-19__SP51,2.7142317495667543,2.7832282046109653,2.8094648179065262,2.9267797219230802,2.9991863488833177,2.9624080732780063,2.907586137155699,2.8462013626317884
2022-09-22__SP51,3.1996670373397866,3.2834906775578223,3.3043194949955805,3.3135438121616443,3.281796746076878,3.246372112571965,3.2515712109672585,3.2605721115595308
2022-12-11__SP51,1.6620989209583572,1.7419256211509966,1.7727563806467557,1.777663563199844,1.759405305680355,1.755291494611217,1.7686866146211309,1.778799142343989
2026-01-02__SP51,0.957521692270355,1.0396863083896908,1.5960479512299073,2.2070739848092513,2.3412367624257655,2.348878631264209,2.5418242914539335,2.6892334517436387
1989-04-25__SP51,1.4941899695878949,2.0612375767820343,2.10915671540982,2.1816959779444445,2.306120796732802,2.315650117254188,2.303095909907117,2.2734905858674264
1990-05-31__SP51,1.1854895987492053,1.502865018793534,1.5845196212921584,1.5978725870587507,1.6185600232521398,1.6203225867637856,1.6658028437020258,1.684998621109553
1993-05-15__SP51,1.812493732635744,1.823279116301339,1.8129287822830988,1.7903921361064419,1.762999404680786,1.7595735900410043,1.7315301799271519,1.6393723146918042
1995-09-14__SP51,1.5186967877978899,2.3506574517986367,2.5021520027475246,2.590094545272783,2.6353731983718935,2.5752268038058066,2.4584545600112624,2.4490457288442067
1995-10-09__SP51,1.973417305375366,1.971246894233694,1.9882324583616107,1.9887303145001576,2.00695779372188,2.002238336348735,1.9869935135430734,1.983702918588976
1996-02-25__SP51,1.8484709302258324,1.8671312794413153,1.9502811601218346,1.8939230672232208,1.79427781684191,1.693327641409316,1.689958739680681,1.7209265316818751
1996-07-15__SP51,1.1061782079319253,1.5437883658978018,1.7801281898031909,1.8557058562692075,1.8595053823641776,1.8277684385356017,1.82013135308145,1.7049390666839728
1997-07-19__SP51,1.5431113160914312,1.5378883466157003,1.557243506768755,1.5617220285376645,1.5526092322529053,1.5420186157273494,1.5248932370312238,1.520300932117983
1998-02-03__SP51,1.3637636476904187,1.3673909159702873,1.3712303149710732,1.3373503970844052,1.3431509874623402,1.3320586123484839,1.3685188388302216,1.3818261679589856
2021-09-08__SS60,0.9139796805275708,0.8503050876399074,0.7314820539292832,0.647386843701483,0.6105675504668858,0.6282021278055878,0.6293287152105367,0.6279538747163539
2022-09-19__SS60,0.9891803169400191,1.0537672405504432,1.419864220493635,2.0437583737808804,2.050318149846841,1.9312855478999589,2.006932797650528,1.583113544416244
2022-09-22__SS60,1.1260060244168681,1.2374783827619629,1.3366257991278816,1.7439526550275235,1.7623773029352832,1.8736101710476065,2.282610008573296,2.553472381836852
2022-12-11__SS60,2.4868264679306002,2.8154399318363814,2.9887005635906085,3.3541150529982,3.35688390498405,3.3571735956543023,3.3432048511398773,3.3333673387922085
2026-01-02__SS60,0.7760409379048098,0.7263708885662572,0.7433878987656549,0.7388700439162452,0.7562805051896163,0.7690275565862117,0.7471850724795682,0.7483923057065422
1985-09-19__SXVI,1.1591096201635507,1.533939512426083,1.8823149560850698,1.996922830691728,2.094686776817421,2.1251151552883374,2.1412902062693755,2.0953703248796356
1985-09-21__SXVI,0.7852323647656776,0.8136784501262146,0.9664094312468159,1.1656715088863636,1.2387956753287417,1.2545260841402393,1.2686627420299916,1.280413875198241
1985-09-19__TCYA,1.0741521675773291,1.177709800654667,1.2106930935227789,1.2002420601243091,1.2768888417741657,1.826248253501117,1.995257564564917,1.9290181710753018
1985-09-21__TCYA,0.7573966648915638,0.7584184967509616,0.7864676540636345,0.8802871845526897,1.183066225667104,1.4137659306173684,1.5100189402008377,1.5300179197572077
1989-04-25__TCYA,1.3447051931968508,1.5571514130072073,1.5329980191605106,1.59669765407058,1.6963667219361744,1.7794073356233013,1.7607665260316714,1.7524911297895074
1990-05-31__TCYA,0.8570207053266095,1.0614164641627377,1.1216092052996374,1.1249967440409152,1.1181501498533026,1.1176517734665428,1.1591300658246144,1.1504142914212883
1995-09-14__TCYA,0.9002270004015446,0.894207106223403,0.9123416735714218,0.9508071357179049,1.3461404582364342,1.9658265646939714,2.1803376162075576,2.237481208780772
1995-10-09__TCYA,1.1406687788216892,1.1511607352951398,1.1258669175485565,1.1304156519073116,1.1305495553000036,1.1265010356842933,1.137970395901697,1.1483026925593447
1996-07-15__TCYA,1.0670919782685577,1.0953563933676678,1.0350589470203222,1.103242602313141,1.3116950416848923,1.454227837515095,1.5312518023994341,1.570179195185772
2000-08-09__TCYA,1.053507205241405,1.1132873069232911,1.1072767017423604,1.1241750095360785,1.1922516788798678,1.226515156527172,1.2233467188140064,1.2357981877456878
2003-01-22__TCYA,1.15088826347387,1.1608312091997293,1.1998019355359801,1.209710883343677,1.203315843930122,1.2134643475306957,1.2302153688668134,1.2115023105695641
2018-02-16__TCYA,0.9499074582502369,0.9441496471367286,0.9448276194096777,0.9237344437774173,0.9381236048373841,2.0023019804386077,2.494307588164927,2.5176461614352545
2020-06-23__TCYA,0.8482132668367888,0.9778697866137118,1.367316913334372,1.8673747067110171,2.1531878217763176,2.172281117128086,2.1258505125438774,2.069729376550901
2021-09-08__TCYA,0.6386742391808176,0.5974526444666349,0.6084386913727515,0.6140897032172681,0.6019592072560707,0.5839056551666653,0.5992820928977725,0.6891997803983281
2022-09-19__TCYA,0.9053531588789997,0.9574406977127565,1.0758716712117402,1.306546169154939,1.6680081119166619,1.8201679228674446,1.8996014491167923,1.8990642469324541
2022-09-22__TCYA,1.1157518885584816,1.2576880565290993,1.393496881489266,1.4976213979090771,1.8104043470357818,2.0127941149991773,2.0589931868973537,2.1288866224906866
2022-12-11__TCYA,0.7707595940997914,0.7659454257014678,0.7803685484953771,0.8002980431405986,0.9978765805265079,1.3538427745309543,1.545992766829261,1.6183350074120875
2000-08-09__TH35,1.965799244593403,1.9695407809554737,1.9489011603695998,1.9932985918454378,2.033779125254955,1.9607016850528396,1.961785305583991,1.980899271342809
2003-01-22__TH35,2.1473957650023276,2.1299987255921007,2.101704697650559,2.0774499851123287,2.0439858246557505,2.025318007253583,1.9759032964837684,1.9926222716296396
2014-04-18__TH35,0.7549484368374274,0.7594348199990045,0.8567951187233481,0.8910493530700135,0.8736428756384298,0.8705261192603491,0.8907956176897422,0.8894674070115552
2014-05-08__TH35,2.3391921322620295,2.34387709803681,2.3609339282841586,2.370067818031286,2.339315633205093,2.3048150097555165,2.2051295385491225,2.1524910765975314
2014-05-10__TH35,0.598376114664853,2.044533606244057,2.0455011226583193,2.056529129752405,2.0833712251381558,2.0842579201812543,2.0221335662193645,1.953406570241291
2021-09-08__TH35,0.5243196378723182,0.7324214747729494,1.271673351021832,1.7332640267787365,2.0667544782261302,2.210287214849754,2.1375926673771017,2.0396121603398654
2022-09-19__TH35,1.9514457779353984,1.8374164766049623,1.8651592098471519,1.962000434764129,1.9590020434332178,1.937748774897408,1.9716571669114011,2.055598428004249
2022-09-22__TH35,2.0390228415881024,2.2156849122268727,2.3074054179480052,2.5963413494483087,2.7703329597782274,2.7139198720978173,2.6646153054800834,2.6015644613773126
2022-12-11__TH35,3.398838717987926,3.2391984979556225,3.2176069254646156,3.259605866808647,3.2769869852181643,3.233524792457887,3.2159139067052105,3.2248280182096734
2026-01-02__TH35,0.7993296857442093,1.523932167085576,2.144597089341493,2.2204939910713155,2.4231565818344274,2.7045092083729596,2.6880140928031127,2.6163832054487437
1989-04-25__TH35,1.4979882151020314,1.3835541369222177,1.4017504075162897,1.4753550821714243,1.5409685346072548,1.5172434286404561,1.4871101048558395,1.4932673919759538
1995-09-14__TH35,2.589722974774621,2.5726764156792052,2.430289919755072,2.4051474548641076,2.4066716960789485,2.4310891161217643,2.496255500660072,2.4565958984735627
1996-07-15__TH35,1.3668817479733864,1.3597029576307083,1.2762591125712461,1.2689398896787856,1.3416787803722954,1.341501157147255,1.3427991307140879,1.3199530859067845
1998-02-03__TH35,1.1382811088809919,1.1740272097078979,1.1585428858522544,1.1377234321749679,1.131987750354202,1.1150226821406883,1.1187626241761401,1.1176812517820431
2000-08-09__TL08,2.324143424860351,2.3792103505268956,2.449214717367627,2.4381028462709633,2.4479079755609665,2.4277094516304336,2.3915793653909923,2.3895438954665305
2003-01-22__TL08,2.7729855724212613,2.812559627938301,2.818441436729873,2.7974101369120885,2.8120135570666687,2.8353025825925005,2.847701455888523,2.8343091672782967
2014-04-18__TL08,0.6735481461587319,0.71214408996509,0.651206042904672,0.6532275354658033,0.6768678287224119,0.7208199106651365,0.742444433365033,0.7747392083052088
2014-05-08__TL08,0.566594722766795,0.6017227755116576,0.5934941486330638,0.9576537891509744,2.1884803686137007,2.2830565675443726,2.348596851629991,2.4158587713392867
2018-02-16__TL08,0.5701059347346843,0.755309205365032,1.4364181079061256,1.8645336524394367,2.095132555999397,2.2311945819289103,2.3115063577511523,2.3415201246486292
2020-06-23__TL08,2.1602775534921523,2.2688796911875677,2.3721787844586606,2.40468231966736,2.414691882270073,2.434564613488573,2.4467993966934523,2.4531388793443702
2021-09-08__TL08,0.4638654239135872,0.523997920355633,0.6695544185548619,0.8054417572897206,1.7711880809736262,2.003405153999287,2.1258222383470904,2.4259304684330885
2022-09-19__TL08,2.4331984776970343,2.4710524223967085,2.5487025548957876,2.594898133547502,2.574885960354226,2.5594449092031537,2.582068830694163,2.6113679934195972
2022-09-22__TL08,2.6654104663953473,2.668713351800553,2.716831860547526,2.7152823694965678,2.6708201958858835,2.6706148521353974,2.653362766097673,2.668750313275516
2022-12-11__TL08,3.9239058616570834,3.9870560043200864,4.058499109298998,4.114237111376123,4.101766026940647,4.058409408215152,4.00711161487294,3.9746399648870887
2026-01-02__TL08,0.6441435831857816,0.6580551449611581,0.6364221160712067,0.6748854363005045,1.1261007923989457,1.5557241264136998,1.8921580456284561,2.38508311795319
1989-04-25__TL08,0.9060174992095448,1.0867346873212658,1.6377975120748998,2.145306897644194,2.368780559974445,2.4206684835213523,2.4444418533150043,2.416310848447775
1990-05-31__TL08,1.2046946246900154,1.317397761892473,1.4078981840928364,1.436137796376284,1.4499296122637066,1.4456795083764933,1.484141861206838,1.508928895534562
1993-05-15__TL08,1.1962717408551609,1.2314816179463033,1.2432475807815164,1.2639132390460972,1.288032887718344,1.3120551126859423,1.3228895788740518,1.330601315255167
1995-09-14__TL08,0.7950353311595098,0.9666158197545884,1.3002638970524314,1.8027830445495472,2.1299919466905584,2.239375313197947,2.381960141112044,2.4037355273145917
1995-10-09__TL08,1.4916538961252666,1.4583369145726515,1.462051955598587,1.5189090543964574,1.5224533743462816,1.4853648381012146,1.481044777822595,1.4757552346454716
1996-02-25__TL08,1.0739799091449085,1.1029091731123613,1.0889594186410998,1.0717102019456402,1.0480221562470917,1.0512331654627485,1.0384565908947085,1.0503264246218849
1996-07-15__TL08,1.0341812272214959,1.2027778880792717,1.241749570560048,1.3153476875116994,1.3955849250728263,1.377101644898286,1.355062332656871,1.3497403354107746
1997-07-19__TL08,1.3675106458531123,1.3857115150940265,1.3882529500873144,1.3558687812478316,1.3691185131286574,1.4208506197404969,1.3967213415627775,1.3702108892305793
1998-02-03__TL08,1.5395012630306226,1.5148499568811904,1.553259269539468,1.5673421842040347,1.5251415521302165,1.5160454955354818,1.5781649430588636,1.563766071759153
2000-08-09__TL55,2.0665600720499375,2.0060096403992307,1.9513273491259306,1.9133977712185728,2.0532619819687143,2.1704858840012218,2.2336803516841415,2.24039139757725
2014-04-18__TL55,0.715351887576935,0.7182296737133901,0.7168826616284342,0.7045110565568006,0.7111502734774667,0.7754984759333604,0.7719048330316729,0.8620538161933975
2014-05-08__TL55,1.207595834831753,2.2494916581539255,2.709406007678579,2.962765121118694,3.5585734770603263,3.886972923191496,3.8817214236282185,3.8653145725704263
2014-05-10__TL55,0.7818335611121896,0.8536079412355126,1.050015645639212,1.458085384804583,2.0631179943305877,2.489435039444496,2.6425763245202716,2.6693636074612734
2018-02-16__TL55,0.663615666682801,0.9122940949860275,1.8258802083937926,2.084117258559798,2.4715044796029213,2.663902847621841,2.713450100953991,2.7098067295277155
2021-09-08__TL55,0.8037687021523552,0.8089622069455334,0.7960670210514459,0.9113992999260015,1.816073329289136,2.410255785758814,2.655152913490411,2.852442899784127
2022-09-19__TL55,2.4547909643580335,2.4680220134465207,2.504110294792704,2.503412166850454,2.4317801837552055,2.4152823871236886,2.4321642946310793,2.4522476161307156
2022-09-22__TL55,2.7834459362398025,2.8193194254275546,2.7311815672226807,2.7285923290161143,2.854447404945515,2.8963915414637245,2.8866885225521584,2.8106394942528246
2022-12-11__TL55,1.9980916933551331,2.038987877145674,2.0305731985631708,2.066213789503836,2.134180644110921,2.2091914897546574,2.2043915939899077,2.2111554450180835
2026-01-02__TL55,0.9063130995064568,0.9291882423443316,0.9863471855261015,2.036853932746509,2.7874518708569984,3.1815987724652777,3.377081818035157,3.410601053467738
1989-04-25__TL55,1.8624993978966686,2.1946913725321653,2.369276042300225,2.215856655717045,2.3814343460199208,2.5886070543540276,2.6613399553657495,2.6561829265691475
1990-05-31__TL55,1.8916063396321732,1.9722445286738506,1.961391833267629,1.99309569339273,2.0584328317278007,2.036147694256852,2.0282767031323257,2.0596493094601573
1993-05-15__TL55,2.189778422350664,2.1662043559326407,2.1115912746756367,2.141184536320294,2.2164422531274557,2.271745039570379,2.2653567861267137,2.262198797731187
1995-09-14__TL55,1.0435302570700202,1.5216307952074393,1.597522878574415,1.570929399681644,2.212943599965511,2.717260896329166,3.0849575578156982,3.160237587606001
1995-10-09__TL55,2.058320649416619,2.0824383785251115,2.1288551715369475,2.15879846405652,2.215215360366203,2.220775519452952,2.227388194659979,2.2286872726677225
1996-02-25__TL55,1.4193048544742415,1.4650345591181642,1.6355588166455608,1.6455701210504794,1.6144997074627014,1.570924058618218,1.5801329650090654,1.6756360141499316
1996-07-15__TL55,2.2564720781382963,2.62361415407293,2.64266518398741,2.6296610532864877,2.2124671817470833,2.109846836631092,2.3660448820034468,2.3820574386918296
1997-07-19__TL55,1.4545515713487254,1.456825160081831,1.4869879617303214,1.4962534101687317,1.4944575993500586,1.4945406924675475,1.471926795887863,1.4938345261543764
1998-02-03__TL55,1.6502496583068265,1.6778361750547324,1.6833370897724118,1.6739558883734322,1.6529910631071512,1.53826129715535,1.5788623421855508,1.608822859894825
1989-04-25__TP13,1.1000717253745755,1.300118348038441,1.874986509095311,2.8030727458870524,3.112855659161801,3.108604747363541,3.1051651907778948,3.1054459116517092
1990-05-31__TP13,1.1526612368293052,1.5216867041247972,1.6701398470214726,1.8242754305199511,1.9201127539062308,1.95466537511988,1.9525515749195896,1.9675456181998623
1993-05-15__TP13,1.2663746303889443,1.3108779167534674,1.5659718563607898,1.944978763793111,2.0636946971005745,2.109928122412258,2.143234613618762,2.154341828039951
1995-09-14__TP13,0.7989505355238178,0.7916752722624695,0.7897073313157675,0.8814414248073107,1.602294494303387,2.024340140672957,2.2490117561641427,2.4320926472972655
1996-07-15__TP13,0.9795251079989863,0.9368260357829284,0.979105217956484,1.2800138824671676,1.650575611496518,1.9034389186070544,2.202637794646623,2.4673440745517836
2000-08-09__TP13,1.1816322850036398,1.277702082713992,1.3451831886823178,1.4327503695659407,1.475378614471709,1.4699262649844598,1.5274983637185207,1.5548795709149885
2003-01-22__TP13,1.3901381479140673,1.4096656421731066,1.4362879437188911,1.397307517298873,1.42125121725102,1.4457163515399876,1.4526340150527601,1.5183253749475014
2014-04-18__TP13,1.041292262847146,1.02922755464128,1.0329560530598927,1.0854564679235927,1.094331269850702,1.1032824471646205,1.2462559799399735,1.4572396873131217
2014-05-08__TP13,0.9804132857689953,1.022590611675623,1.0021925268340226,1.3559697341022208,2.616353536733969,3.0191069690514554,3.33213587140385,3.46332948269694
2014-05-10__TP13,0.6939738718652728,0.703712530205023,0.7744749336238982,1.2873904298635162,1.6652213117226826,1.827737642251584,1.889234764662108,1.8915162888544002
2018-02-16__TP13,0.7881114145901404,0.849205940123484,1.2328454546146914,2.3060631889369088,2.9214536777409728,3.033611477685398,3.131406314020741,3.157631347383992
2020-06-23__TP13,2.0080713179619187,2.2175284958728803,2.5122031931136886,2.5632158346323903,2.458539296081508,2.4817620893734103,2.579267840887465,2.5414455751346843
2021-09-08__TP13,0.5742514005641446,0.6816355238065664,0.6898446584523495,0.6736082167314584,0.7109715510931749,0.8470923849708645,1.334968994228276,1.8777165612655278
2022-09-19__TP13,2.007905437880001,2.231600255399734,2.3576729485119046,2.396661977160355,2.3753203979278075,2.4115192821075295,2.3914015918967615,2.3788684396368445
2022-09-22__TP13,3.018516898531957,3.089958920271151,3.037987508981086,3.139761445672274,3.160751562916743,3.234083871752225,3.221898486454104,3.2317367656083613
2026-01-02__TP13,1.0293826681012175,1.0365944760322137,1.0339347674262551,1.0816264533242512,1.146440198922822,1.4613955199678996,2.1761776229827836,2.738683787559603
2000-08-09__UC44,1.5667899700314334,1.5385228954878514,1.5436356897989294,1.5887066549064233,1.5550147960496288,1.5634651580580665,1.5675565940456575,1.5602647419059772
2003-01-22__UC44,1.7121252268229128,1.8424134027176968,1.9002615934033156,1.9193484846741657,2.0071740598694814,1.9561952202932604,1.9344561157113283,1.8692433532582404
2014-04-18__UC44,0.9803486365553734,1.0563973273624476,1.9993860445499296,2.4333669792486643,2.5555276917215752,2.5017298995647543,2.482776448935317,2.5201230098649674
2014-05-08__UC44,1.035716979965871,1.5228010443132518,1.9050654283713433,2.212460515132232,2.1173267409972727,1.8623717152114523,1.7804736347737173,1.801685127634069
2014-05-10__UC44,1.0941377977288156,1.8717084013446061,2.156378400286184,2.099801928292461,1.9539962900303838,1.8709298471750009,1.8681141345168668,1.8181954989959013
2018-02-16__UC44,1.1610608167610377,1.2286127853621367,1.6278458808098346,2.3843145873491967,2.608941820715789,2.73200947751669,2.8415624005287152,2.8806751092506326
2020-06-23__UC44,1.04052413949076,1.6511391264124966,2.0691759204918316,2.2913595580221693,2.356953240332551,2.3955942277598687,2.364245422046436,2.3995587512022847
2021-09-08__UC44,0.9804296048642577,0.9750772364433787,1.0406767239680736,1.380657566766785,2.2369739372396307,3.1105093574981875,3.2256106898359675,3.234447929720477
2022-09-19__UC44,2.2352117609183395,2.389943928453928,2.5611485116834305,2.646836876218101,2.5412814036300757,2.216277918738571,2.199399905723999,2.410281229771676
2022-09-22__UC44,3.2962525211463287,3.4076796070548974,3.3794040626149915,3.3990162856498616,3.4155756664235715,3.47526742364779,3.472913116059467,3.4724544264721913
2022-12-11__UC44,1.8228687027491215,1.8005836113092488,1.696059434334375,1.5366347683257808,1.2676470217274172,1.2438213715800384,1.2375901714403639,1.2577545871870826
2026-01-02__UC44,1.1610193279934762,1.080791521937193,1.132469417328468,1.1858061339107828,1.4731220880657767,1.5528791459458513,1.4490355530681653,1.3145740142985425
1989-04-25__UC44,0.9293253146827409,1.2679964404858337,1.9006076032111143,2.125300080618678,2.228812613011834,2.249933078822142,2.2950430294134487,2.2215803631094038
1990-05-31__UC44,1.2073266259990458,1.1687945887026492,1.1641806219912356,1.1792027741060775,1.1620278407736535,1.0686069844041202,0.8497186417630622,0.7905634214287568
1995-10-09__UC44,1.1488407439823862,1.1691174138887677,1.141147060361016,1.1613772364383492,1.1237036337893562,1.1066770015432295,1.0724725646010107,1.0581678165185044
1998-02-03__UC44,1.3946774579129495,1.4139398770434108,1.417546605062493,1.3829331162044214,1.2606126568896714,1.006009536487893,0.9667028206230561,0.9670838015172156
2021-09-08__UI21,0.6202913597103505,0.6030404047982441,0.6108984245795923,0.6409184013269945,0.8638808440818971,2.1203253883408317,2.1297350323311854,2.1847547169010677
2022-09-19__UI21,1.8760353915540378,2.069335267458993,2.299210473888345,2.283409465485771,2.0733772089853075,2.0719132008753856,2.3404422249839225,2.4742507145763044
2022-09-22__UI21,2.5616913438490467,2.7964533493806694,2.9401711652939406,2.9610010673727474,2.9043712416347227,2.8342849417595746,2.510662814563728,2.6507780125087557
2022-12-11__UI21,0.78661867830696,0.9382154095091235,1.4366230621401477,1.6122276814465568,1.6664988698938028,1.7206136266767629,1.6949337640412916,1.6131733911043133
2026-01-02__UI21,0.882234667621867,0.9012116410259363,1.0366236711786097,1.644128279893686,2.2112092698576595,2.272133092938385,2.261441299218224,2.283492712841899
2000-08-09__VG09,2.109129382387035,2.1542379933424995,2.1415889177878302,2.192961373432961,2.2373267353466497,2.270832590174914,2.2787047891861043,2.3088673285003023
2003-01-22__VG09,1.4112747203619076,1.394119319642388,1.4386199630546372,1.454258892389063,1.3955152518405962,1.3801237118844991,1.4004800321119877,1.3875723775295914
2014-05-08__VG09,1.9032903056968518,2.2828341452021763,2.2854067720954436,2.4428842210672865,2.504521082919227,2.866952454432363,2.8682232673554493,2.8642868443984897
2014-05-10__VG09,0.7094374386967705,1.0251970307774432,1.0377962276345636,1.1432365372977873,1.8118020393850232,2.143689850487039,2.157575362966059,2.2371289245010995
2018-02-16__VG09,0.9049677813129496,1.3302972602330547,1.3903698699041669,1.5156504054604552,1.8350030937732267,2.0340275621659747,2.1154787593370754,2.1394215449331715
2020-06-23__VG09,2.4891208607060307,2.5525397601033077,2.572016287748589,2.5595929805668343,2.528573455691053,2.573399467658933,2.5706085558872953,2.563655243362661
2021-09-08__VG09,0.49713488670108713,0.5556311757573693,0.514909250713258,0.4874325043579173,0.5894625382580373,1.28781827837703,1.8431123279646469,2.1398453386652405
2022-09-19__VG09,3.5771676633086575,3.529598876850689,3.4674579418285694,3.4576428029187434,3.383203437338608,3.3360802698879075,3.2253741335468686,3.1918507713662896
2022-09-22__VG09,2.4586403542005097,2.4566622575181656,2.4610252372167514,2.442061633399659,2.4511612161686336,2.4333685969431444,2.4289219297696465,2.4393717931448298
2022-12-11__VG09,4.416234537461465,4.488989755996962,4.538988524817118,4.504436044859804,4.4290565384861535,4.4710355813246005,4.46050990433343,4.40597260106881
2026-01-02__VG09,0.6815894000544762,1.9838831037601734,2.0184070208688927,2.8280721570886405,2.850835992836753,2.8542289932885017,2.900651053983301,2.905787048777999
1989-04-25__VG09,2.992740031112738,3.3064744436819913,3.481379186821949,3.521942072094922,3.6331200650613877,3.654107978595587,3.6249322331176645,3.5896060780624426
1990-05-31__VG09,1.8443205648159173,2.0097167513674843,1.8952385171569435,1.9020109118200808,2.0064344200875266,1.9983942063994549,1.9960584381022934,2.0664091400237834
1995-10-09__VG09,1.7647996740550715,1.7855433060492711,1.7922875320666674,1.7691657986406413,1.7205470004865646,1.714315158478189,1.691934469775647,1.6642531326981111
1996-07-15__VG09,1.2772693726754774,1.290854533818909,1.3690809418181717,1.4189074468299823,1.437072771331683,1.365967142775491,1.097531007763604,1.0754826999913178
1997-07-19__VG09,1.2408159245067436,1.251448414677834,1.2456514682363455,1.2283829725237918,1.2126428116177987,1.1944255476971888,1.219881752087891,1.2290760595890151
1998-02-03__VG09,1.418884714342222,1.376623091211942,1.3737470977146673,1.3949834248172355,1.4073455851764354,1.4027048018094144,1.4015250480877122,1.3944634782537966
2003-01-22__VM29,2.046449348152844,1.9614772995792378,2.0730416972828705,2.1818859267694046,2.2976446742406007,2.3579534649706333,2.38802059846807,2.435547745645093
2014-04-18__VM29,0.553140804337999,0.5353422547609262,0.5611211155449359,0.7243422093742158,0.6856624450785763,0.5994028956909827,0.845711763837255,1.7392738045867546
2014-05-08__VM29,0.8076143163746858,0.8432168589087469,1.1585202185530123,1.181807818425382,1.231148665280594,1.485079288135684,1.9189943537303928,2.0904344445025007
2014-05-10__VM29,0.6037478856068594,1.070106464303439,1.9572932596065613,2.188019021662729,2.2055814060160808,2.1908359579846506,2.3007426826811015,2.354426601363383
2018-02-16__VM29,0.8769021582041714,1.094722561131531,1.3639330927256288,1.5287632265607072,1.576580709277333,1.670772994326916,1.7480890648884235,1.7754038521525433
2021-09-08__VM29,1.0352224693857723,1.1511689504539948,1.2494025188713402,1.4384736152645077,1.5322006646676192,1.8342175894930235,2.6797443056916768,3.0556050236640164
2022-09-19__VM29,1.7910930853531346,1.9031253266809234,2.0214947987914877,2.0572846885414444,2.1221328728537863,2.1727780785280286,2.191800520996427,2.187049497930567
2022-09-22__VM29,2.631112998790554,2.6614949740059846,2.7453703367060007,2.829140545892307,2.8478117297909793,2.8877116930505218,2.893335460969047,2.8996437517609426
2022-12-11__VM29,1.8540832783117527,1.9651783635050908,2.0120180810537325,2.001183501391806,1.9957937009441142,2.0083870307331892,1.9965815164473542,1.9711342030774084
2026-01-02__VM29,0.8733692665956108,0.9718460899885796,1.3147693962988136,1.4608043286108052,1.5362989296602274,1.7381337853513386,2.1505965828462608,2.423856420475678
1989-04-25__VM29,1.3676466699701704,1.40204823002768,1.474014246118227,1.5911216783797182,1.719645696591519,1.7664789473547957,1.7639541706549036,1.7562431285679954
1990-05-31__VM29,1.935972408627972,1.9351711393568238,1.979873205415326,2.0665460474054376,2.08814315384586,2.0845593453064524,2.1131327973865055,2.0943744111977356
1995-10-09__VM29,2.096752914005597,2.0452573657055324,2.0685780088239083,2.0946036746936754,2.044231383975939,2.0079251995647187,1.9941563011401213,2.016416750470488
1996-07-15__VM29,0.7270947301546731,0.9377465856052275,1.2435727740249278,1.5519113351864693,1.6749620941179912,1.7356779337226442,1.823484441893373,1.81420640044106
1997-07-19__VM29,1.3234077273100078,1.3112766530578894,1.3345915801066799,1.3618488904846768,1.3386614245812707,1.3367701824524956,1.3709876835669408,1.3611245134817156
1998-02-03__VM29,1.6064654843885353,1.5921219956782302,1.5784574305702934,1.5888827480320264,1.549730207575097,1.5591184699357041,1.5812638579061373,1.564680205913177
2000-08-09__XO36,2.1019534051016975,2.152336183287629,2.183642379695048,2.2025491860046484,2.1698401691527454,2.1540351681612986,2.210898188482486,2.234423617656029
2003-01-22__XO36,2.044926268476498,2.0406661625646993,2.0204311244886646,2.0193799231597107,2.0758397216354103,2.1995862552703267,2.300482272641809,2.273044766943703
2014-04-18__XO36,0.3955427997344944,0.41969370603069556,0.5392073210262672,1.2591198912322366,1.8515700227107057,2.102848500985381,2.2516527488552813,2.2534664054109492
2014-05-08__XO36,0.7494563093411523,1.719911564918063,2.3656566570350477,2.4188807131163594,2.5047435927500894,2.5278088760647783,2.5874264157311373,2.6185653367125763
2018-02-16__XO36,0.5263170578286832,0.65849779539526,1.6564690793464654,2.094450905377657,2.2204393572274785,2.247924103618299,2.305933697061775,2.3261678780243837
2021-09-08__XO36,0.4065642335359852,0.503387624720328,1.2711480060404943,1.8506034259966615,1.9138438743809416,2.281990695588436,2.527779632048891,2.5614400115163414
2022-09-19__XO36,2.0450716286256476,2.051145950493674,2.05638934149238,2.0975307401555394,2.131520581002636,2.1898618426358603,2.2513780786399917,2.2796524395872515
2022-09-22__XO36,1.4941920763391692,1.4332788351052579,1.4373725516461402,1.64300489956652,2.154845666626722,2.4553628396013223,2.5458120325117375,2.6417428758926755
2022-12-11__XO36,1.8989945220593762,1.9515302466783793,2.041610377382021,2.0363612322745137,2.021110854897559,2.0263313459349965,2.0522450850159433,2.0518552493983093
2026-01-02__XO36,0.5082667828588868,0.5386700741842755,0.6051748801134073,1.7035906564982952,2.211987738938561,2.2649370761202947,2.519072973214758,2.633514990232831
1990-05-31__XO36,1.376942288465159,1.4415503491612391,1.4137577514742126,1.4444342755157364,1.4477573711117129,1.4334219530289112,1.464129108412497,1.4786923464768573
1996-07-15__XO36,1.4312793618870585,1.5255539816562127,1.5488937990255558,1.5267392138276232,1.5265264144606459,1.5324371846402343,1.5131266946333501,1.4851123515012803
1997-07-19__XO36,1.3611102634093006,1.3719511979488024,1.3817451309892947,1.3779780127720045,1.3542696288221112,1.3593468771918156,1.3681583251815894,1.338394500236261
1998-02-03__XO36,1.6123449194466386,1.5861672172969898,1.5697349696881995,1.5987629230091422,1.589252954005628,1.5714711154178005,1.599524220226053,1.6126589801785705
2003-01-22__XP06,1.7827377277188943,1.7758783326041703,1.7419824896103087,1.7574891259076757,1.7383011941626867,1.69921517840191,1.7085125999745983,1.6652245624359112
2014-04-18__XP06,0.4881611666706447,0.46706488006393104,0.4776516324159817,0.4961884917947364,0.7457600705553222,1.023344970646411,1.0924209977653485,1.127731312298846
2014-05-08__XP06,0.5946869884338596,1.233019812754049,2.000218259097711,2.2526152556742036,2.3389308252449834,2.3631207563270586,2.372558252312896,2.3735062199901362
2014-05-10__XP06,0.653613372440376,0.6442660160054616,0.6526447387121438,0.6379921973407136,0.5453369792997048,0.5597451560865622,0.5848956928281785,0.605987187993433
2018-02-16__XP06,0.45371139574520153,0.485192217056477,0.6104269159919173,1.3468110933922417,1.8894615416193488,2.0059212313780677,2.006069292089715,2.006703005135631
2021-09-08__XP06,0.5449813168697986,0.521740181224506,0.7307998330252418,1.3618855520043731,2.3261637331990945,2.4282764830883705,2.4154849666024862,2.4112148477166686
2022-09-19__XP06,1.8560960698246916,2.0643492484475945,2.032563308824244,2.0103946458039643,2.0730551863979,1.9989570621779555,1.8804051380310556,1.9546395384982984
2022-09-22__XP06,2.235685718249904,2.301360968836539,2.2869211265493337,2.3046420152281275,2.223038636878919,2.211439228638543,2.2196126231356064,2.174314135915043
2022-12-11__XP06,3.7806109687544516,3.9056491705380303,3.917574588567671,3.894392463816533,3.7798655669506,3.6559152756486193,3.4322297145121334,3.22903534126577
2026-01-02__XP06,0.7619672387138974,0.7717248993116287,0.9216873043393438,1.3043560289379268,1.9213359912944683,2.256419321230929,2.42622180099968,2.560486755907278
1989-04-25__XP06,1.162946043212613,1.488506352372732,1.6092921212053088,1.7576979607275383,1.8162734799647438,1.8108001842504258,1.7736717741447736,1.794133385045202
1990-05-31__XP06,1.0378980834116394,1.2059253098076428,1.2905249155547573,1.322666329086847,1.267365570692148,1.2901416048281622,1.2610444941731882,1.2518596286659693
1993-05-15__XP06,1.1894445530662736,1.1531927252103478,1.1641424173055324,1.1499029793378432,1.1943785118417511,1.2088105995230445,1.1962065640140964,1.1828046182736611
1995-10-09__XP06,1.607388591122237,1.6761453974365326,1.6524687870797883,1.6421806592443502,1.6429146569259576,1.648702166343931,1.626239255224545,1.5839247758916122
1997-07-19__XP06,0.9593570465832852,1.217820785801836,1.2370431317854957,1.0723847900706518,0.9520472915497915,1.0393849115155689,1.196527866263871,1.2381028658068787
1998-02-03__XP06,1.2965673349896756,1.3030657781083226,1.3118175212182144,1.3452717059964134,1.3311221791117012,1.3212956422825908,1.3042874537677465,1.3273654321884731
